route,count,mean,median
Columbia → Oklahoma City,39,2330.734615384615,2327.43
Phoenix → Shreveport,39,3507.6184615384614,3554.43
Lexington → Atlanta,39,560.1061538461538,553.63
Fort Wayne → Philadelphia,38,1681.0326315789473,1708.835
Shreveport → Hartford,37,2867.768108108108,2812.52
Fort Wayne → Hartford,37,1938.6572972972974,1725.99
Richmond → Oklahoma City,37,3093.435945945946,3126.49
Richmond → Phoenix,37,5190.1945945945945,5010.88
Lexington → Kansas City,37,1042.4745945945945,1029.8
Lexington → Cincinnati,37,396.6918918918919,377.1
Fort Wayne → Cincinnati,36,871.521111111111,857.1500000000001
Mobile → Phoenix,36,4180.469166666667,3842.0
Richmond → Cincinnati,35,1472.597142857143,1445.43
Oklahoma City → Nashville,35,1737.4571428571428,1744.96
Hartford → Baton Rouge,35,3102.1805714285715,3101.26
Oklahoma City → Atlanta,35,1895.6037142857144,1909.99
Oklahoma City → Columbia,35,2333.6028571428574,2279.32
Bakersfield → Hartford,35,5998.482285714286,5402.59
Oklahoma City → Mobile,35,1517.0431428571428,1644.7
Philadelphia → Lexington,35,1708.1748571428573,1691.69
Columbia → Montgomery,35,837.9188571428572,828.77
Fort Wayne → Lexington,35,947.3425714285713,880.62
Syracuse → Mobile,35,2412.4377142857143,2406.07
Nashville → Baton Rouge,35,1189.6242857142856,1161.24
Nashville → Bakersfield,34,3809.8705882352942,3751.5950000000003
Bakersfield → Kansas City,34,3371.081176470588,3389.895
Bakersfield → Fort Wayne,34,4028.823529411765,4079.5150000000003
Bakersfield → Lexington,34,4091.213529411765,4165.57
Shreveport → Fort Wayne,34,1881.094705882353,1867.495
Grand Rapids → Mobile,34,2030.3902941176473,2028.44
Tucson → Bakersfield,33,797.0933333333334,799.27
Nashville → Cincinnati,33,537.7957575757575,539.46
Atlanta → Nashville,33,405.3251515151515,411.54
Phoenix → Oklahoma City,33,2767.6051515151516,2592.78
Oklahoma City → Fort Wayne,33,2370.7154545454546,2349.25
Fort Wayne → Bakersfield,33,4115.507878787879,4151.22
Mobile → Cincinnati,33,1169.7663636363636,1084.28
Bakersfield → Atlanta,33,4092.049090909091,4014.1
Oklahoma City → Baton Rouge,33,1188.2475757575758,1070.18
Fort Wayne → Tucson,33,3778.3912121212124,3819.58
Richmond → Bakersfield,32,4985.745625,5016.035
Cincinnati → Bakersfield,32,3833.8840625000003,3779.365
Hartford → Milwaukee,32,2120.4375,2069.575
Phoenix → Baton Rouge,32,3282.616875,3292.7200000000003
Hartford → Amarillo,32,4238.3771875,4235.1900000000005
Nashville → Tucson,32,3440.2703125,3429.005
Nashville → Lexington,32,668.5865625,669.1099999999999
Lexington → Fort Wayne,32,856.5890625,848.6099999999999
Bakersfield → Cincinnati,32,3858.7546875,3918.025
Fort Wayne → Richmond,32,1342.185625,1328.02
San Antonio → Fort Wayne,32,2754.4878125,2748.52
Nashville → Mobile,32,773.3675,763.125
Oklahoma City → Cincinnati,31,1964.2293548387097,1945.39
Los Angeles → Baton Rouge,31,3446.2109677419357,3414.94
Shreveport → Nashville,31,974.9435483870968,970.25
Richmond → San Antonio,31,3228.187096774194,3193.71
Richmond → Philadelphia,31,663.7570967741935,655.92
Phoenix → Atlanta,31,4153.724516129032,4123.6
Baton Rouge → Columbia,31,1636.5045161290323,1633.24
Cincinnati → Lexington,31,399.74354838709684,376.82
Kansas City → Los Angeles,31,3665.9748387096774,3831.02
Phoenix → Nashville,31,4358.1325806451605,3930.73
Phoenix → Lexington,31,4395.762580645161,4117.77
Cincinnati → Baton Rouge,30,1560.4606666666666,1539.595
Baton Rouge → Cincinnati,30,1574.6456666666668,1621.405
Baton Rouge → Hartford,30,3062.273,3062.31
Baton Rouge → Memphis,30,1146.683,1154.605
Hartford → Kansas City,30,2388.097,2379.605
Atlanta → Cincinnati,30,563.7090000000001,571.4000000000001
Atlanta → Phoenix,30,4430.9039999999995,4116.0199999999995
Atlanta → Oklahoma City,30,1952.5023333333334,1963.17
Memphis → Richmond,30,1880.155,1863.885
Lexington → Nashville,30,682.2003333333333,677.8299999999999
Lexington → Oklahoma City,30,2258.8836666666666,2243.44
Bakersfield → Richmond,30,5002.021333333334,4962.469999999999
Philadelphia → Cincinnati,30,1952.9993333333334,1949.04
Richmond → Hartford,30,791.1003333333333,793.6600000000001
Oklahoma City → Phoenix,29,2564.182413793104,2544.56
Kansas City → Nashville,29,953.7944827586207,921.09
Hartford → Philadelphia,29,231.71620689655174,219.83
Phoenix → Mobile,29,3865.4724137931034,3797.47
Hartford → Nashville,29,2228.1110344827584,2179.31
Baton Rouge → Lexington,29,1714.6537931034482,1696.75
Richmond → Lexington,29,1218.7441379310346,1204.65
Lexington → Mobile,29,1174.3968965517242,1171.99
Oklahoma City → Lexington,29,2151.068275862069,2172.33
Kansas City → Tucson,29,3289.5720689655172,3310.85
Oklahoma City → Hartford,29,4087.863103448276,3895.99
Fort Wayne → Baton Rouge,29,2120.9868965517244,2098.94
Baton Rouge → Oklahoma City,29,1049.3124137931034,1062.67
Mobile → Columbia,29,1008.4393103448275,1007.0
Los Angeles → Phoenix,29,234.71068965517242,241.02
Baton Rouge → Fort Wayne,29,2355.103448275862,2154.42
Nashville → Atlanta,29,405.4262068965517,406.04
Los Angeles → Lexington,29,4279.609655172414,4276.65
Atlanta → Fort Wayne,29,1242.538275862069,1243.9
Kansas City → Phoenix,29,4028.0506896551724,3611.3
Nashville → Richmond,29,1678.7775862068966,1672.79
Amarillo → Bakersfield,29,1838.5224137931034,1826.64
San Antonio → Lexington,29,2410.4475862068966,2425.2
Shreveport → Syracuse,29,2679.0172413793102,2660.38
El Paso → Kansas City,29,3014.1386206896555,2790.7
Bakersfield → Shreveport,29,3401.3075862068963,3320.98
Bakersfield → San Antonio,29,2787.656551724138,2734.49
Cincinnati → Philadelphia,28,1888.2667857142858,1864.47
Hartford → Atlanta,28,1993.74,2032.575
Philadelphia → Richmond,28,719.6403571428572,667.2850000000001
Phoenix → Syracuse,28,5718.156785714286,4901.344999999999
Bakersfield → Fresno,28,655.6967857142856,602.255
Lexington → Los Angeles,28,4318.381785714286,4268.639999999999
Oklahoma City → Lubbock,28,565.6021428571429,572.41
Fort Wayne → Atlanta,28,1381.2553571428573,1218.63
Memphis → Lexington,28,834.3164285714286,837.235
Mobile → Hartford,28,2523.406785714286,2521.265
Syracuse → Richmond,28,894.9917857142857,900.335
Columbia → Hartford,28,1715.855,1759.76
Columbia → Kansas City,28,1379.815,1429.675
Milwaukee → Mobile,28,1467.4478571428572,1452.725
Nashville → Columbia,28,843.7007142857143,839.8199999999999
Fort Wayne → Mobile,28,1794.0060714285714,1795.22
San Antonio → Tucson,28,2287.0614285714287,2257.83
Lexington → Philadelphia,28,1913.4971428571428,1704.68
Syracuse → Columbia,28,1639.1299999999999,1663.27
Nashville → Kansas City,28,979.5071428571429,983.22
Kansas City → Lexington,28,1157.462857142857,1063.5
Richmond → Fort Wayne,28,1257.3646428571428,1269.435
Oklahoma City → San Antonio,28,603.47,599.9649999999999
Fort Wayne → San Antonio,28,2750.6121428571428,2800.34
Charleston → San Antonio,28,2894.037857142857,2908.21
Oklahoma City → Kansas City,28,1751.8675,1777.095
Kansas City → Shreveport,28,1342.962142857143,1300.88
Kansas City → Cincinnati,28,833.4975000000001,836.875
Oklahoma City → Richmond,28,3134.2114285714283,3109.755
Mobile → Nashville,27,785.9,773.52
Milwaukee → Grand Rapids,27,804.7448148148148,822.33
Columbia → Los Angeles,27,4523.396296296296,4550.03
Montgomery → Lexington,27,1123.424074074074,1088.73
Baton Rouge → Richmond,27,2708.32,2563.44
Mobile → Baton Rouge,27,879.9577777777778,863.19
Syracuse → Oklahoma City,27,3300.538888888889,3356.42
Nashville → Los Angeles,27,3949.0540740740744,3912.44
Bakersfield → Tucson,27,903.4418518518519,808.69
Bakersfield → Syracuse,27,4857.663333333334,4776.48
Shreveport → Mobile,27,789.6281481481482,782.98
Shreveport → Columbia,27,1469.681111111111,1492.31
Shreveport → Lexington,27,1428.7644444444445,1388.56
Fort Wayne → Phoenix,27,4291.221851851852,4477.52
Nashville → Philadelphia,27,2148.5362962962963,2113.37
Bakersfield → Oklahoma City,27,2612.993703703704,2556.39
Nashville → San Antonio,27,1913.4159259259259,1922.36
Lexington → Tucson,27,3919.509259259259,3849.77
Lexington → Richmond,27,1316.1348148148147,1196.5
Fresno → Atlanta,27,4345.798148148148,4305.68
San Antonio → Cincinnati,27,2233.7507407407406,2240.12
Shreveport → Bakersfield,27,3392.293333333333,3385.62
Shreveport → Atlanta,27,1124.0211111111112,1103.1
Phoenix → Fort Wayne,27,4405.257777777778,4426.22
Kansas City → Baton Rouge,27,1603.59,1618.03
Atlanta → Montgomery,27,733.5474074074074,745.68
Hartford → Mobile,27,2903.244074074074,2497.12
Hartford → Grand Rapids,27,1865.3633333333332,1838.78
Cincinnati → Oklahoma City,27,2057.3585185185184,2024.22
Phoenix → Memphis,27,3730.436666666667,3749.73
Cincinnati → Phoenix,27,3976.8814814814814,4046.22
Milwaukee → Atlanta,27,964.8196296296296,968.56
Cincinnati → Kansas City,27,829.7881481481481,844.33
Cincinnati → Hartford,27,2004.178148148148,1951.19
Cincinnati → Fort Wayne,27,876.8422222222223,876.12
Albany → Fort Wayne,26,1853.0149999999999,1839.7199999999998
Baton Rouge → El Paso,26,2617.2173076923073,2607.84
Baton Rouge → Phoenix,26,3230.668846153846,3330.8999999999996
Richmond → El Paso,26,4353.7303846153845,4295.82
Hartford → Fort Wayne,26,1952.6269230769233,1804.73
Cincinnati → Syracuse,26,1554.9111538461539,1583.2849999999999
Mobile → Lexington,26,1164.0376923076924,1141.695
Mobile → Greensboro,26,1198.5469230769231,1186.2350000000001
Memphis → Grand Rapids,26,1612.664230769231,1506.3899999999999
Montgomery → Fort Wayne,26,1758.0734615384617,1750.39
Nashville → Fort Wayne,26,1195.466923076923,1175.65
Shreveport → Green Bay,26,2143.8946153846155,2097.575
Nashville → Montgomery,26,906.5849999999999,893.69
Bakersfield → Phoenix,26,952.2365384615384,942.97
Bakersfield → Philadelphia,26,5352.825000000001,5429.52
Bakersfield → New York,26,5098.652692307693,5171.415
Bakersfield → Nashville,26,3814.182307692308,3776.065
Bakersfield → Jacksonville,26,4243.91,4281.139999999999
Shreveport → Oklahoma City,26,1136.3365384615386,1134.835
Lexington → New York,26,1614.0146153846154,1633.9699999999998
Lexington → Milwaukee,26,826.7488461538462,814.44
New York → Hartford,26,347.4080769230769,351.52
Hartford → Oklahoma City,26,4137.76,3660.73
New York → Bakersfield,26,5210.345,5061.08
Lexington → Grand Rapids,26,1236.7392307692307,1252.21
Lexington → Bakersfield,26,3893.008846153846,4059.375
Kansas City → Syracuse,26,2106.908076923077,1881.175
Richmond → Kansas City,26,1934.4742307692309,1901.365
Kansas City → Montgomery,26,1630.8123076923077,1606.745
Kansas City → Fort Wayne,26,909.9538461538461,918.51
Hartford → Richmond,26,773.8757692307693,784.01
Atlanta → Bakersfield,26,4060.5942307692308,4079.375
Richmond → Atlanta,26,1528.6084615384616,1525.08
Greensboro → Baton Rouge,26,1842.0142307692308,1823.67
Hartford → Phoenix,26,5672.923461538462,5673.344999999999
Cincinnati → Columbia,26,796.4569230769231,797.745
Baton Rouge → Bakersfield,26,3468.913076923077,3447.94
Columbia → Fort Wayne,25,1281.3980000000001,1258.57
Houston → Atlanta,25,1554.5964,1535.6
Phoenix → Charleston,25,5350.8212,4597.89
Phoenix → Cincinnati,25,4022.6079999999997,4016.1
Charleston → Baton Rouge,25,2016.5032,2053.06
Phoenix → Lubbock,25,2426.2956,2380.21
Atlanta → San Antonio,25,2188.1367999999998,2079.12
Milwaukee → Kansas City,25,475.2756,486.72
Milwaukee → Hartford,25,2025.3608,2052.74
Milwaukee → Fort Wayne,25,624.4972,638.26
Philadelphia → Hartford,25,217.87599999999998,218.13
Philadelphia → Oklahoma City,25,3640.1608,3612.88
Richmond → Baton Rouge,25,2548.8084,2511.08
Hartford → Shreveport,25,2854.6,2851.64
Houston → Nashville,25,1489.3228,1481.4
Hartford → Lexington,25,1778.5312,1735.84
Lexington → Green Bay,25,1588.8132,1354.13
San Antonio → Amarillo,25,1271.4948,1270.25
Grand Rapids → Oklahoma City,25,2606.6008,2574.71
Richmond → Nashville,25,1827.3023999999998,1656.21
Grand Rapids → Hartford,25,1900.0367999999999,1880.41
Richmond → Mobile,25,2043.9488000000001,2047.91
Charleston → Los Angeles,25,4855.218400000001,4873.57
Oklahoma City → New York,25,3760.348,3513.59
Philadelphia → Atlanta,25,1937.9344,1913.01
Oklahoma City → Tucson,25,2213.9755999999998,2176.18
Oklahoma City → Bakersfield,25,2686.0492,2691.38
Charleston → Syracuse,25,1611.4563999999998,1601.42
Lexington → Fresno,25,4966.252799999999,4499.82
Oklahoma City → Charleston,25,2810.9948,2768.95
Greensboro → Fort Wayne,25,1071.1008,1076.83
Columbia → New York,25,1647.4136,1644.79
El Paso → Hartford,25,4844.482,4945.19
Atlanta → Columbia,25,584.8056,581.64
Mobile → Bakersfield,25,4242.1108,3920.75
Baton Rouge → Atlanta,25,1344.5448000000001,1329.42
Milwaukee → Lexington,25,811.1064,813.47
Atlanta → Lexington,25,556.2908,550.8
Hartford → Charleston,25,1454.0088,1471.63
Phoenix → Montgomery,25,4262.098,4194.23
Los Angeles → Richmond,25,5565.9352,5184.7
Los Angeles → Oklahoma City,25,2722.9744,2663.37
Shreveport → Montgomery,25,1110.2264,1087.31
Nashville → Grand Rapids,25,1446.4848000000002,1434.06
Los Angeles → Columbia,25,4362.7508,4391.77
Nashville → Hartford,25,2531.1924,2239.59
Fort Wayne → Amarillo,25,2960.6047999999996,2970.8
Montgomery → Richmond,25,1738.8688,1708.45
Montgomery → Oklahoma City,25,2171.9976,1905.96
Bakersfield → Mobile,25,3967.3392,3961.11
Fort Wayne → Syracuse,25,1146.3464,1149.91
Lexington → Phoenix,25,4050.8456,4231.21
Bakersfield → Los Angeles,25,963.8539999999999,943.45
Bakersfield → Lubbock,25,2476.1423999999997,2478.27
Nashville → Oklahoma City,25,1912.1424,1782.56
Chattanooga → Atlanta,25,307.6444,265.12
San Antonio → Richmond,25,3287.8691999999996,3312.75
Hartford → New York,25,335.666,344.01
Albuquerque → Bakersfield,25,1150.4984,1180.24
Mobile → Memphis,25,968.0884,846.0
Shreveport → Phoenix,24,3379.7070833333332,3350.52
Shreveport → Cincinnati,24,1217.07375,1226.405
Bakersfield → Greensboro,24,4373.238333333334,4335.985000000001
Grand Rapids → Columbia,24,1544.245,1579.895
Lexington → Baton Rouge,24,1945.8954166666665,1771.6999999999998
Fresno → Baton Rouge,24,3810.7666666666664,3748.87
Harrisburg → Fort Wayne,24,1085.5758333333333,1085.56
Fresno → Fort Wayne,24,4308.84375,4309.33
San Antonio → Nashville,24,2006.9516666666666,1972.205
Atlanta → Mobile,24,744.7375000000001,736.89
Buffalo → Columbia,24,1378.45,1355.54
New York → Memphis,24,2215.5525000000002,2176.58
Fort Wayne → Shreveport,24,1829.2070833333335,1786.175
New York → Milwaukee,24,1848.1804166666668,1898.56
Memphis → Phoenix,24,3734.48,3714.9049999999997
Reno → Hartford,24,5231.695000000001,5117.25
Raleigh → Columbia,24,1051.6058333333333,953.83
Mobile → Oklahoma City,24,1712.3779166666666,1693.0549999999998
Memphis → Syracuse,24,2049.7720833333333,2014.15
Tucson → Phoenix,24,770.895,684.675
Baton Rouge → Charleston,24,2051.9104166666666,2045.3899999999999
Fort Wayne → Montgomery,24,1809.3550000000002,1842.54
Nashville → Shreveport,24,961.67,1002.865
Shreveport → New York,24,2760.241666666667,2690.205
Mobile → Shreveport,24,788.5833333333334,789.3299999999999
Columbia → Nashville,24,838.0320833333334,834.095
Mobile → Fort Wayne,24,1767.5816666666667,1766.8600000000001
Mobile → Milwaukee,24,1427.006666666667,1425.53
Buffalo → Montgomery,24,2034.6945833333332,2048.375
Memphis → Columbia,24,1034.6170833333333,1005.9849999999999
Baton Rouge → Nashville,24,1222.8366666666668,1193.3049999999998
Toledo → Mobile,24,1984.5037499999999,1829.645
Columbia → Lexington,24,603.2929166666667,617.2049999999999
Grand Rapids → Richmond,24,1600.2104166666668,1588.7800000000002
Kansas City → Hartford,24,2393.87,2369.5699999999997
Philadelphia → Nashville,24,2105.2879166666667,2064.21
Philadelphia → Fort Wayne,24,1626.3029166666665,1641.62
Tucson → Lexington,24,3869.9725,3837.6
Baton Rouge → Montgomery,24,1118.0583333333334,1109.28
Cincinnati → Charleston,24,1233.34125,1226.97
San Antonio → Baton Rouge,24,1091.2804166666667,1076.105
Greensboro → Shreveport,24,1578.4624999999999,1566.78
San Antonio → Mobile,24,1716.2279166666667,1686.3600000000001
Amarillo → Lexington,24,2758.7929166666668,2731.275
San Antonio → Atlanta,24,2098.3945833333332,2065.645
San Antonio → Bakersfield,24,2675.1291666666666,2649.5950000000003
Tucson → Columbia,24,4387.8116666666665,4114.49
Greensboro → Los Angeles,23,4522.146956521739,4455.23
Hartford → Albany,23,840.5808695652174,842.98
Oklahoma City → Montgomery,23,1898.031304347826,1943.11
Fresno → El Paso,23,1452.9965217391305,1440.59
San Antonio → Memphis,23,1878.0852173913042,1749.18
San Antonio → Hartford,23,3785.943043478261,3782.43
Fresno → Syracuse,23,5247.358695652174,5182.0
Columbia → Green Bay,23,1804.2752173913045,1794.65
Charleston → Cincinnati,23,1223.3082608695652,1218.9
Bakersfield → El Paso,23,1062.7695652173913,1013.09
Hartford → Tucson,23,5210.546956521739,5333.68
Richmond → Albany,23,1410.4230434782608,1294.37
Richmond → Columbia,23,1142.0421739130436,1128.7
Baton Rouge → Lubbock,23,1308.0782608695652,1277.45
Columbia → Baton Rouge,23,1882.7417391304348,1751.1
Tucson → Richmond,23,4547.921739130435,4472.86
Tucson → Oklahoma City,23,2156.0630434782606,2186.85
Milwaukee → Memphis,23,871.2330434782609,870.01
Baton Rouge → Chattanooga,23,1261.7182608695653,1270.06
Baton Rouge → Albany,23,3668.0034782608695,3404.44
Baton Rouge → San Antonio,23,1021.3317391304348,1039.77
Mobile → New York,23,2430.8008695652175,2422.06
Richmond → Dayton,23,1280.3839130434783,1296.7
Syracuse → Phoenix,23,4916.348695652174,4958.66
Corpus Christi → Lexington,23,2128.2521739130434,2112.99
Columbia → Richmond,23,1149.0726086956522,1186.89
Milwaukee → Oklahoma City,23,2047.0530434782609,2008.86
Baton Rouge → Syracuse,23,2896.1252173913044,2828.93
Syracuse → Nashville,23,1942.7247826086955,1940.19
Fort Wayne → Corpus Christi,23,2575.9391304347823,2536.21
Montgomery → Philadelphia,23,2286.5034782608695,2297.87
Shreveport → Memphis,23,796.3830434782609,814.11
Nashville → Fresno,23,4142.401739130435,4140.17
Nashville → Greensboro,23,890.1482608695652,892.85
Los Angeles → Buffalo,23,4890.13,4812.02
Nashville → Phoenix,23,3869.992608695652,3828.21
Phoenix → Hartford,23,5658.245217391304,5547.79
Lexington → San Antonio,23,2354.2795652173913,2326.85
Phoenix → Philadelphia,23,5262.573043478261,5216.82
Hartford → Chattanooga,23,2141.2678260869566,2150.65
Atlanta → Hartford,23,2402.2130434782607,2058.58
Chattanooga → Mobile,23,914.4160869565218,782.6
Cincinnati → Nashville,23,563.6391304347826,533.64
Memphis → Hartford,23,2348.262608695652,2315.97
Montgomery → Cincinnati,23,1105.1569565217392,1092.07
Memphis → Bakersfield,23,3610.827826086956,3501.11
Atlanta → Milwaukee,23,1010.9778260869564,989.27
Grand Rapids → Milwaukee,23,854.6591304347826,855.46
Jacksonville → Oklahoma City,23,2488.202608695652,2117.01
Oklahoma City → Fresno,23,3092.777391304348,3075.05
Amarillo → Shreveport,23,1845.182608695652,1824.46
Green Bay → Bakersfield,23,3904.9421739130435,3895.47
Phoenix → Bakersfield,23,929.6347826086956,937.61
Lubbock → Baton Rouge,23,1304.6560869565217,1309.97
Fort Wayne → Oklahoma City,23,2818.0652173913045,2434.39
Cincinnati → Milwaukee,23,640.2065217391304,627.04
Tucson → Hartford,23,5294.17304347826,5308.68
Columbia → Cincinnati,23,759.4373913043479,792.03
Cincinnati → Amarillo,23,2600.373043478261,2584.54
Baton Rouge → Los Angeles,23,3565.144347826087,3594.26
Albany → Columbia,23,2149.56,2152.27
Toledo → Oklahoma City,23,2546.047391304348,2493.96
Columbia → Lubbock,23,2495.1186956521738,2507.17
Atlanta → Richmond,23,1356.4191304347826,1481.77
Lubbock → Los Angeles,23,2507.2221739130437,2540.32
Montgomery → San Antonio,23,2009.3082608695654,1977.16
Fort Wayne → Columbia,23,1260.4130434782608,1246.18
Los Angeles → Bakersfield,23,905.6234782608695,917.38
Los Angeles → Tucson,23,787.01,776.83
Nashville → New York,23,2084.67,2080.38
Mobile → Charleston,22,1378.3545454545454,1382.69
Toledo → Tucson,22,3998.9795454545456,3874.43
Toledo → Shreveport,22,1962.3495454545455,2028.2849999999999
Milwaukee → Bakersfield,22,4433.205909090909,3690.0
Baton Rouge → Milwaukee,22,1805.3968181818184,1795.755
Albany → Philadelphia,22,943.685,946.61
Cincinnati → Jacksonville,22,1087.0618181818181,1068.725
Cincinnati → Albany,22,2621.5736363636365,2300.865
Philadelphia → Greensboro,22,1505.7586363636365,1501.8400000000001
Buffalo → Lexington,22,1310.1545454545455,1185.255
Greensboro → Richmond,22,1006.0881818181817,996.165
San Antonio → Kansas City,22,2055.092727272727,2042.745
Lexington → Memphis,22,959.4254545454546,832.06
Amarillo → Fort Wayne,22,2825.911818181818,2809.85
San Antonio → Los Angeles,22,2689.413181818182,2650.58
Charleston → Tucson,22,4498.388181818183,4457.875
San Antonio → Columbia,22,2528.6413636363636,2337.95
Oklahoma City → Memphis,22,1715.8681818181817,1606.43
Oklahoma City → Los Angeles,22,2752.1981818181816,2732.83
Fresno → Columbia,22,4687.918636363636,4651.995000000001
Fresno → Richmond,22,5241.77,5152.465
Lexington → Columbia,22,608.4136363636363,610.075
Kansas City → San Antonio,22,2041.1686363636363,2004.3400000000001
Richmond → Shreveport,22,2775.970909090909,2329.475
Oklahoma City → Indianapolis,22,1868.3045454545454,1882.715
Grand Rapids → Fort Wayne,22,551.7454545454545,516.4200000000001
Charleston → Memphis,22,1536.0118181818182,1535.3600000000001
Grand Rapids → Shreveport,22,2021.007272727273,2011.5749999999998
Kansas City → Oklahoma City,22,1771.4936363636364,1754.85
Kansas City → Richmond,22,1914.560909090909,1886.885
Kansas City → Buffalo,22,1701.4377272727272,1690.895
Charleston → Lubbock,22,3295.902727272727,2891.115
Philadelphia → Shreveport,22,2754.0072727272727,2721.96
Green Bay → San Antonio,22,2840.6122727272727,2831.975
Phoenix → Columbia,22,4446.25909090909,4368.3099999999995
Phoenix → Jacksonville,22,5094.185909090909,4291.5
Phoenix → Kansas City,22,3646.4350000000004,3602.195
Richmond → Charleston,22,874.6686363636363,892.3299999999999
Richmond → Buffalo,22,792.805909090909,786.05
Greensboro → Cincinnati,22,933.444090909091,780.015
Nashville → Milwaukee,22,863.855909090909,881.845
Mobile → Syracuse,22,2279.4540909090906,2313.3450000000003
Mobile → San Antonio,22,1685.7109090909091,1662.47
Los Angeles → Mobile,22,4668.402272727273,4100.5650000000005
Los Angeles → Philadelphia,22,5459.895,5491.155
Fort Wayne → Milwaukee,22,627.7431818181818,613.4000000000001
Shreveport → Greensboro,22,1574.559090909091,1562.0
Shreveport → Richmond,22,2330.2413636363635,2331.995
Fort Wayne → Charleston,22,1552.476818181818,1517.1399999999999
Shreveport → Baton Rouge,22,546.5786363636363,542.0799999999999
Charleston → Shreveport,22,1840.1972727272725,1864.2399999999998
Buffalo → Hartford,22,1009.0631818181818,992.44
San Antonio → Phoenix,22,2597.5595454545455,2718.87
Lexington → Syracuse,22,1509.221818181818,1518.8899999999999
Memphis → Fort Wayne,22,1262.0595454545455,1245.945
El Paso → Baton Rouge,22,2649.9100000000003,2646.8
El Paso → Columbia,22,3833.222727272727,3561.195
Phoenix → San Antonio,22,2673.472272727273,2592.3900000000003
Mobile → Los Angeles,22,4109.487272727273,4107.09
Chattanooga → Oklahoma City,22,1854.1681818181817,1861.1399999999999
Memphis → Baton Rouge,22,1165.7954545454545,1185.31
Memphis → Kansas City,22,843.2909090909092,831.385
Mobile → Montgomery,22,468.67727272727274,465.82
Milwaukee → Phoenix,22,3969.5227272727275,4009.84
Memphis → San Antonio,22,1781.5577272727276,1742.77
Mobile → Atlanta,22,753.4322727272727,748.845
Milwaukee → Richmond,22,1614.1,1605.795
Cincinnati → Greensboro,22,723.5313636363636,707.06
Milwaukee → Nashville,22,884.6409090909091,875.11
Tulsa → Bakersfield,22,3406.2677272727274,2985.4750000000004
Tulsa → Baton Rouge,22,940.2404545454546,776.395
Cincinnati → Tucson,22,3737.6440909090907,3711.61
Tulsa → Richmond,22,2579.1413636363636,2541.535
Tucson → San Antonio,21,2294.7957142857144,2309.74
Columbia → Bakersfield,21,4691.011904761905,4283.63
Tucson → Fort Wayne,21,3916.0266666666666,3819.18
Columbia → Amarillo,21,2994.174761904762,2929.0
Grand Rapids → Lexington,21,1251.8395238095238,1267.66
Grand Rapids → Nashville,21,1490.4161904761904,1471.04
Charleston → Kansas City,21,1791.6680952380952,1852.74
Fresno → Los Angeles,21,998.3309523809525,1024.98
Amarillo → Milwaukee,21,2441.5895238095236,2393.85
Richmond → Memphis,21,1902.2914285714287,1843.39
Grand Rapids → Chattanooga,21,1495.6442857142856,1469.73
Baton Rouge → Toledo,21,2298.55380952381,2284.9
Baton Rouge → Tulsa,21,810.6457142857143,805.14
Montgomery → Houston,21,1734.5314285714285,1424.18
Montgomery → Atlanta,21,775.0552380952381,776.4
Baton Rouge → Amarillo,21,1929.9338095238095,1915.05
Amarillo → Phoenix,21,1837.7290476190476,1881.9
Amarillo → Montgomery,21,2670.228095238095,2651.28
Memphis → Nashville,21,351.6066666666667,347.25
Mobile → Kansas City,21,1496.5314285714285,1498.22
Mobile → Dayton,21,1526.078095238095,1574.86
Columbia → Houston,21,2044.862380952381,1896.51
Chattanooga → Richmond,21,1602.5014285714285,1592.23
Montgomery → Tucson,21,3775.306666666667,3758.14
Montgomery → Shreveport,21,1082.017619047619,1088.9
Montgomery → Phoenix,21,4112.397619047619,4077.42
Richmond → Amarillo,21,3713.902380952381,3688.26
Greensboro → Mobile,21,1205.1195238095238,1187.08
Greensboro → Columbia,21,440.10809523809525,362.54
Bakersfield → Houston,21,3126.5961904761907,3078.27
New York → Mobile,21,2429.660952380952,2423.77
Lubbock → Montgomery,21,2122.965238095238,2115.84
Lubbock → Lexington,21,2503.557619047619,2568.16
Lubbock → Bakersfield,21,2558.442380952381,2554.77
Bakersfield → Toledo,21,4370.862857142857,4321.78
Los Angeles → Albany,21,5700.4400000000005,5653.26
Montgomery → Albany,21,3201.9504761904764,2806.43
Los Angeles → Fort Wayne,21,4303.389047619047,4307.25
Los Angeles → Green Bay,21,4026.937619047619,4116.3
Syracuse → Hartford,21,923.952380952381,931.5
Kansas City → Atlanta,21,1324.347142857143,1204.23
Houston → Richmond,21,2791.157619047619,2792.41
Jacksonville → Phoenix,21,4325.490476190476,4295.53
Philadelphia → Tucson,21,5008.280476190476,5175.66
Albany → Phoenix,21,5794.950952380952,5789.47
Cincinnati → Atlanta,21,556.187619047619,551.87
Fort Wayne → Los Angeles,21,4203.330952380952,4224.71
Tucson → Amarillo,21,1437.15,1437.98
Cincinnati → Buffalo,21,1380.3933333333332,1367.83
Albany → Kansas City,21,2522.2980952380954,2462.56
Memphis → Oklahoma City,21,1587.1738095238095,1574.67
Tucson → Memphis,21,3313.1142857142854,3290.59
Cincinnati → Memphis,21,610.7338095238096,620.9
Albany → Baton Rouge,21,3819.5290476190476,3449.76
Albany → Lexington,21,2504.75,2217.44
Corpus Christi → Fort Wayne,21,2660.8914285714286,2690.2
Bakersfield → Buffalo,21,5225.964761904762,4687.06
Amarillo → Hartford,21,4369.608571428571,4300.06
Lexington → Houston,21,1852.1042857142859,1796.52
Richmond → Syracuse,21,903.5571428571429,898.06
New York → Atlanta,21,1881.4947619047618,1848.44
Bakersfield → Charleston,21,4826.26,4807.05
New York → Lexington,21,1652.7890476190476,1636.03
Dayton → Baton Rouge,21,1880.1109523809525,1973.93
Columbia → Tucson,21,4735.547619047619,4110.84
Columbia → Syracuse,21,1634.1814285714286,1638.48
Nashville → Houston,21,1414.6899999999998,1398.37
Shreveport → Tucson,21,3003.5757142857146,2945.18
Shreveport → Toledo,21,1954.5123809523811,1942.08
Oklahoma City → Chattanooga,21,1905.4214285714286,1916.03
Oklahoma City → Shreveport,21,1147.1690476190477,1104.67
Phoenix → Los Angeles,21,226.7566666666667,223.11
Syracuse → Bakersfield,21,4891.191904761905,4915.66
Philadelphia → Baton Rouge,21,3134.4738095238095,3107.88
Atlanta → Philadelphia,21,2028.577142857143,2019.43
Phoenix → Albany,21,5738.797142857143,5697.12
Phoenix → Buffalo,21,4990.215714285714,5011.38
Atlanta → Tucson,21,3792.356666666667,3757.57
Phoenix → El Paso,21,1235.9380952380952,1210.95
Bakersfield → Albuquerque,21,1192.6180952380953,1173.97
New York → Richmond,21,617.95,639.55
Fort Wayne → Albany,21,2096.5185714285712,1768.74
Oklahoma City → Jacksonville,21,2093.000952380952,2112.85
Kansas City → Mobile,21,1383.588095238095,1466.16
Kansas City → Grand Rapids,21,1049.0714285714287,1044.0
Albany → Los Angeles,20,5968.4245,5958.745
Columbia → Buffalo,20,1445.7640000000001,1435.04
Amarillo → Kansas City,20,2253.2709999999997,2256.0299999999997
Fresno → Nashville,20,4177.371499999999,4249.535
Grand Rapids → Atlanta,20,1518.701,1539.71
Mobile → Grand Rapids,20,2034.9695,2044.865
Albany → Richmond,20,1238.146,1294.78
Albany → Tucson,20,5335.882,5244.005
Syracuse → Shreveport,20,2679.82,2676.1949999999997
Syracuse → Kansas City,20,1885.3349999999998,1860.185
Baton Rouge → Shreveport,20,536.6805,527.6
Grand Rapids → Phoenix,20,4341.7375,4332.1849999999995
Milwaukee → Los Angeles,20,3973.2905,4023.645
Milwaukee → Albany,20,2163.8455000000004,2207.9049999999997
Syracuse → Tucson,20,4712.834000000001,4647.925
Columbia → Albany,20,2214.2005,2218.21
Lexington → Chattanooga,20,586.6850000000001,586.7
Lubbock → Mobile,20,1907.2415,1906.4850000000001
Atlanta → Los Angeles,20,4874.058,4178.0599999999995
Amarillo → Atlanta,20,2515.0985,2585.255
Fort Wayne → Raleigh,20,1472.8094999999998,1484.25
Charleston → Phoenix,20,5983.0605000000005,5164.07
Fresno → Bakersfield,20,595.3520000000001,587.0699999999999
Amarillo → Cincinnati,20,2536.983,2450.11
San Antonio → Montgomery,20,1977.3,1972.35
Atlanta → Charleston,20,1070.5055,1052.62
New York → El Paso,20,4704.780000000001,4635.795
Boston → Baton Rouge,20,3302.4205,3297.4
New York → Columbia,20,1682.295,1676.1599999999999
Bakersfield → Baton Rouge,20,3673.4824999999996,3409.0249999999996
Corpus Christi → Oklahoma City,20,887.2655000000001,852.815
El Paso → Cincinnati,20,3720.6845000000003,3129.965
Lexington → Buffalo,20,1236.6975,1231.375
New York → Kansas City,20,2196.41,2190.225
Chattanooga → Phoenix,20,4308.581,3968.6400000000003
Nashville → Jacksonville,20,954.2935,952.3599999999999
Mobile → Tucson,20,3552.1555,3506.8450000000003
Raleigh → Lexington,20,1154.7065,1152.185
Los Angeles → Fresno,20,1025.791,1027.76
Mobile → Philadelphia,20,2432.7485,2415.59
Montgomery → Syracuse,20,2286.3615,2295.1899999999996
Nashville → Charleston,20,1240.7655,1289.77
Atlanta → Albany,20,2429.0245,2389.285
Phoenix → Tucson,20,685.4269999999999,685.29
Nashville → Buffalo,20,1696.8345000000002,1711.1100000000001
Amarillo → Syracuse,20,3638.8585,3565.185
Harrisburg → Lexington,20,1158.1765,1148.905
Green Bay → Houston,20,2895.1185,2496.2
Reno → Lexington,20,4092.9435,4123.06
El Paso → San Antonio,20,1965.8505,1943.83
Philadelphia → Montgomery,20,2229.6395,2230.1400000000003
Hartford → Bakersfield,20,5366.659,5302.549999999999
Lexington → Albany,20,2605.6815,2192.6850000000004
Syracuse → Fort Wayne,20,1160.664,1150.9299999999998
Syracuse → Baton Rouge,20,2918.299,2918.805
Syracuse → Charleston,20,1532.5684999999999,1508.3
Kansas City → New York,20,2270.8305,2299.87
Atlanta → Indianapolis,20,878.1674999999999,856.8399999999999
Bakersfield → Amarillo,20,1807.2959999999998,1768.3600000000001
Kansas City → El Paso,20,2782.389,2738.665
Philadelphia → Bakersfield,20,5454.431,5419.33
Oklahoma City → Philadelphia,20,3542.28,3464.8599999999997
New York → Raleigh,20,1014.4190000000001,1035.5149999999999
Oklahoma City → Buffalo,20,3101.7035,3097.38
Indianapolis → Grand Rapids,20,1060.609,1054.525
Houston → Hartford,20,3678.5635,3300.99
Cincinnati → Shreveport,20,1294.838,1254.655
Philadelphia → Raleigh,20,1199.8965,1051.12
San Antonio → Raleigh,20,3201.933,3164.275
Shreveport → Philadelphia,20,2684.4595,2816.87
San Antonio → Syracuse,20,3508.5809999999997,3489.6
Buffalo → Baton Rouge,20,2744.5335,2771.535
Hartford → Toledo,20,1626.0265,1608.5900000000001
Houston → Greensboro,20,2050.2865,2027.8899999999999
Buffalo → Cincinnati,20,1416.526,1429.025
Philadelphia → Grand Rapids,20,1829.538,1860.8200000000002
Cincinnati → Raleigh,20,1426.2395000000001,1406.1550000000002
Cincinnati → Los Angeles,20,3875.4035000000003,4041.285
Baton Rouge → Mobile,20,893.9744999999999,902.81
Toledo → Hartford,20,1660.8805,1659.99
Columbia → Greensboro,20,372.201,367.03
Albany → Hartford,20,868.616,858.59
Cincinnati → Fresno,19,4226.336842105264,4268.29
Tucson → Montgomery,19,4208.372105263158,3898.41
Tucson → Nashville,19,3570.285789473684,3520.42
Columbia → Charleston,19,659.6036842105262,652.12
Columbia → Dayton,19,1044.7978947368422,1043.58
Tucson → Charleston,19,4383.635263157895,4448.15
Memphis → Philadelphia,19,2245.5994736842104,2317.3
Tucson → Los Angeles,19,830.3415789473684,836.0
Tucson → Mobile,19,3484.948947368421,3491.47
Milwaukee → Baton Rouge,19,1760.3210526315788,1778.31
Albany → Atlanta,19,2433.0773684210526,2408.31
Cincinnati → New York,19,1859.344210526316,1778.81
Tucson → Philadelphia,19,5280.370526315789,5145.5
Tucson → Reno,19,1694.6852631578947,1651.52
Tulsa → Tucson,19,2626.2763157894738,2670.22
Fort Wayne → Greensboro,19,1074.0078947368422,1092.52
Fort Wayne → Jacksonville,19,1651.0142105263158,1639.04
Fort Wayne → Lubbock,19,2754.4436842105265,2689.23
Fort Wayne → Nashville,19,1205.3284210526315,1177.81
Chattanooga → Albany,19,2538.136315789474,2557.11
Chattanooga → Charleston,19,1207.6394736842105,1175.8
San Antonio → Tampa,19,1848.126842105263,1821.47
Hartford → Houston,19,3447.6915789473683,3421.17
Buffalo → Fort Wayne,19,954.0463157894737,950.03
Jacksonville → Atlanta,19,712.8536842105262,712.29
Jacksonville → Bakersfield,19,4322.018947368421,4329.54
Jacksonville → Charleston,19,944.0031578947369,934.82
Jacksonville → Mobile,19,702.2273684210526,686.28
Kansas City → Bakersfield,19,3488.4189473684214,3471.3
Kansas City → Columbia,19,1404.8563157894737,1396.59
Houston → Fort Wayne,19,2149.5415789473686,2245.78
Atlanta → Memphis,19,627.8257894736843,628.38
Atlanta → Tulsa,19,1371.612105263158,1369.62
Phoenix → Fresno,19,1051.73,1027.84
Phoenix → Grand Rapids,19,4200.321052631579,4153.92
Hartford → San Antonio,19,3786.7373684210525,3781.83
Harrisburg → Nashville,19,1575.0884210526317,1530.06
Hartford → Columbia,19,1740.3694736842103,1765.83
Phoenix → Milwaukee,19,3811.116842105263,3753.16
Atlanta → Grand Rapids,19,1539.0336842105262,1498.47
Kansas City → Philadelphia,19,2403.6836842105263,2371.78
Syracuse → Cincinnati,19,1633.0694736842106,1603.2
Syracuse → Jacksonville,19,2332.568421052632,2089.43
El Paso → Montgomery,19,3488.9321052631576,3477.31
Indianapolis → Shreveport,19,1264.2405263157896,1246.63
New York → Phoenix,19,5386.972105263158,5322.9
Kansas City → Harrisburg,19,1722.0636842105262,1722.94
Oklahoma City → Syracuse,19,3242.9052631578948,3283.78
Philadelphia → Albany,19,942.4905263157895,919.31
Shreveport → Charleston,19,1880.4642105263158,1879.55
Fort Wayne → Reno,19,3919.4426315789474,3834.32
San Antonio → Dayton,19,2564.2884210526317,2556.82
Amarillo → Baton Rouge,19,1868.6031578947368,1840.77
Amarillo → Greensboro,19,2853.4352631578945,3017.43
Lexington → El Paso,19,3366.2826315789475,3366.99
Lexington → Hartford,19,1754.3426315789475,1739.02
Lexington → Jacksonville,19,1006.7857894736842,963.33
Lexington → Amarillo,19,2723.6189473684212,2637.24
Lexington → Charleston,19,1093.78,1016.79
Oklahoma City → Houston,19,856.9752631578948,771.72
Tampa → Nashville,19,1315.322105263158,1295.85
Toledo → Corpus Christi,19,2687.148947368421,2680.15
Syracuse → Albany,19,846.9026315789473,848.95
Greensboro → Hartford,19,1553.9642105263158,1552.41
Greensboro → Lexington,19,493.61842105263156,498.38
Greensboro → Milwaukee,19,1340.3068421052633,1119.49
Greensboro → Tulsa,19,1868.42,1913.02
Charleston → Amarillo,19,3409.3584210526315,3365.92
Greensboro → Bakersfield,19,4434.231052631579,4411.95
Greensboro → Boston,19,1923.34,1886.55
Montgomery → Los Angeles,19,4137.129473684211,4089.84
Nashville → Raleigh,19,1579.8552631578948,1567.75
Bakersfield → Memphis,19,3474.9694736842102,3482.9
Nashville → Syracuse,19,2275.9015789473683,1954.6
Bakersfield → Reno,19,1235.942105263158,1263.75
Bakersfield → Tulsa,19,3048.814210526316,3033.6
Lubbock → Memphis,19,2174.7999999999997,1950.39
Lubbock → New York,19,3735.623684210527,3763.42
Lubbock → Oklahoma City,19,550.9478947368422,548.21
Mobile → Richmond,19,2014.1610526315787,1965.2
Mobile → Savannah,19,1131.9752631578947,1054.42
Fresno → Cincinnati,19,4429.985789473684,4334.83
Fresno → Phoenix,19,1087.54,1084.2
Grand Rapids → Baton Rouge,19,2292.62,2343.86
Richmond → Green Bay,19,1677.93,1693.15
Amarillo → Mobile,19,2211.0147368421053,2278.54
Amarillo → Oklahoma City,19,1071.9452631578947,1054.99
Richmond → Los Angeles,19,4988.668947368421,5004.7
Columbia → Memphis,19,1042.8405263157895,1068.32
Columbia → Philadelphia,19,1639.1373684210528,1645.35
Columbia → San Antonio,19,2412.834210526316,2508.33
Tampa → Memphis,19,1441.2621052631578,1418.35
Lubbock → Albany,19,4191.494736842105,4191.83
Baton Rouge → Philadelphia,19,3449.18,2846.72
Milwaukee → Shreveport,19,1484.2742105263158,1487.72
Mobile → Buffalo,19,2129.621578947368,2132.38
Montgomery → Baton Rouge,19,1124.5794736842104,1110.47
Memphis → Atlanta,19,749.0547368421053,629.94
Memphis → Charleston,19,1599.7552631578947,1618.76
Baton Rouge → Tampa,19,1107.3426315789475,1113.78
Memphis → Milwaukee,19,832.8442105263158,826.33
Richmond → Milwaukee,19,1848.2447368421053,1565.32
Charleston → Fort Wayne,19,1506.1757894736843,1484.36
Cincinnati → Grand Rapids,19,1190.0978947368421,1186.24
Columbia → Atlanta,19,549.4073684210526,546.25
Tucson → Dayton,19,3720.1126315789475,3700.41
Tucson → Houston,19,3446.4594736842105,2773.82
Cincinnati → Richmond,18,1441.8716666666667,1416.15
Cincinnati → Lubbock,18,2264.5966666666664,2240.33
Milwaukee → El Paso,18,3079.3488888888887,3084.41
Milwaukee → Cincinnati,18,640.4238888888889,646.825
Tucson → Lubbock,18,2020.7622222222224,2032.275
Albany → Oklahoma City,18,3923.406111111111,3776.895
Tucson → Greensboro,18,4034.298333333333,3997.1549999999997
Green Bay → Baton Rouge,18,2470.49,2429.42
Charleston → Jacksonville,18,958.3833333333334,942.01
Grand Rapids → Cincinnati,18,1292.323888888889,1139.8400000000001
Grand Rapids → Charleston,18,1815.6816666666666,1794.66
Grand Rapids → Buffalo,18,1095.3905555555555,1093.2849999999999
Amarillo → Nashville,18,2408.9155555555553,2393.725
Richmond → Grand Rapids,18,1582.2844444444445,1570.375
Fresno → Tucson,18,1168.0977777777778,1178.275
Fresno → Shreveport,18,3765.3500000000004,3779.98
Amarillo → Los Angeles,18,2067.8166666666666,2046.295
Reno → Bakersfield,18,1195.1327777777778,1161.9650000000001
Reno → Albany,18,5218.152777777777,5178.88
Raleigh → Fort Wayne,18,1724.256111111111,1442.725
Reno → Oklahoma City,18,2982.3522222222223,2886.455
Greensboro → Charleston,18,654.5005555555556,676.485
Greensboro → Amarillo,18,2857.3088888888888,2813.09
Green Bay → Tucson,18,3790.9127777777776,3756.575
Buffalo → Syracuse,18,502.2205555555555,402.04
Harrisburg → Baton Rouge,18,2579.1538888888886,2562.125
Greensboro → Raleigh,18,892.661111111111,887.03
Greensboro → Nashville,18,890.2605555555556,877.4200000000001
Greensboro → El Paso,18,3645.0777777777776,3656.74
Reno → Fort Wayne,18,3729.7149999999997,3755.425
Reno → Cincinnati,18,3831.6311111111113,3749.835
Richmond → New York,18,624.5044444444444,622.345
Fort Wayne → Tulsa,18,1905.2050000000002,1880.275
Shreveport → Buffalo,18,2340.8855555555556,2359.675
Hartford → Green Bay,18,2059.98,2064.48
Hartford → El Paso,18,4779.752777777778,4761.205
Atlanta → Kansas City,18,1186.0005555555556,1171.8
Atlanta → Jacksonville,18,712.2366666666667,708.24
Phoenix → New York,18,5484.418888888888,5499.635
Hartford → Corpus Christi,18,3612.4011111111113,3583.795
Hartford → Buffalo,18,1028.605,1024.895
Buffalo → Nashville,18,1697.8516666666665,1716.73
Buffalo → Kansas City,18,1636.0972222222222,1705.9299999999998
Phoenix → Greensboro,18,4539.4766666666665,4450.615
Phoenix → Albuquerque,18,1528.503888888889,1527.6999999999998
Hartford → Memphis,18,2777.9177777777777,2434.21
San Antonio → Tulsa,18,1044.6722222222222,1057.1950000000002
San Antonio → Oklahoma City,18,601.1022222222223,588.59
Shreveport → Reno,18,3646.3088888888888,3677.015
Shreveport → Los Angeles,18,3475.6316666666667,3452.77
Fort Wayne → Memphis,18,1237.4422222222222,1232.17
Philadelphia → San Antonio,18,3841.2694444444446,3759.0299999999997
Philadelphia → Phoenix,18,5584.210555555555,5618.295
Philadelphia → Memphis,18,2293.722222222222,2307.0299999999997
Houston → Kansas City,18,1745.8416666666667,1730.665
Houston → Amarillo,18,1656.4094444444445,1658.8000000000002
Kansas City → Dayton,18,854.4244444444444,854.16
Kansas City → Charleston,18,2020.3288888888887,1849.845
Boston → Syracuse,18,1208.8272222222222,1194.935
Boston → Oklahoma City,18,4025.9394444444447,4010.9849999999997
Kansas City → Albuquerque,18,2491.2011111111115,2489.16
Indianapolis → Columbia,18,1143.701111111111,1129.52
Fort Wayne → Grand Rapids,18,494.00222222222226,488.21000000000004
Fort Wayne → El Paso,18,3310.425,3330.625
Chattanooga → Kansas City,18,988.7211111111111,1067.31
Chattanooga → Grand Rapids,18,1297.5516666666667,1446.92
Syracuse → Greensboro,18,1389.961111111111,1375.225
Syracuse → Grand Rapids,18,1178.3483333333334,1216.5549999999998
Oklahoma City → Tulsa,18,810.8905555555556,801.8299999999999
Oklahoma City → Raleigh,18,3063.5466666666666,3027.75
Kansas City → Green Bay,18,1119.0244444444443,1040.315
Oklahoma City → Albany,18,3978.9738888888887,3967.5299999999997
Oklahoma City → Little Rock,18,1251.3505555555557,1210.4
Oklahoma City → Green Bay,18,2486.0527777777775,2542.5950000000003
Oklahoma City → El Paso,18,1877.4266666666667,1844.195
Oklahoma City → Dayton,18,2315.9855555555555,2239.64
Lexington → Greensboro,18,498.1422222222222,491.17999999999995
Shreveport → Tampa,18,1234.3572222222222,1298.35
El Paso → Fort Wayne,18,3989.841111111111,3542.775
Corpus Christi → Cincinnati,18,2099.9883333333332,2090.965
Toledo → Grand Rapids,18,477.1433333333333,480.78999999999996
Baltimore → Amarillo,18,4179.516111111111,4202.36
Bakersfield → Milwaukee,18,3547.040555555556,3592.05
Los Angeles → Atlanta,18,4068.0533333333337,4021.4049999999997
Lexington → Shreveport,18,1721.8905555555555,1402.935
Lexington → Raleigh,18,1191.0922222222223,1183.95
Lexington → Montgomery,18,1102.558888888889,1077.3850000000002
Los Angeles → Shreveport,18,3632.108333333333,3614.51
Los Angeles → Reno,18,1907.4222222222222,1924.415
Los Angeles → Nashville,18,4524.2572222222225,3810.765
Los Angeles → Memphis,18,3889.942777777778,3828.745
Los Angeles → Jacksonville,18,4504.29,4390.795
Lubbock → Nashville,18,2063.4194444444447,2032.0500000000002
Lubbock → Hartford,18,4063.9161111111116,4003.175
Lubbock → Buffalo,18,3329.7166666666667,3320.16
Tampa → Montgomery,18,693.1772222222222,680.395
Syracuse → Memphis,18,2060.1777777777775,2015.1399999999999
Syracuse → Los Angeles,18,4965.015,5149.285
Chattanooga → Syracuse,18,1851.3188888888888,1826.7649999999999
Chattanooga → Shreveport,18,1032.048888888889,1008.63
Memphis → New York,18,2234.491111111111,2228.26
Lubbock → San Antonio,18,358.72222222222223,366.31
Montgomery → Columbia,18,862.6988888888889,852.925
Baton Rouge → Kansas City,18,1684.8111111111111,1690.47
Baton Rouge → Jacksonville,18,1400.292222222222,1402.305
Milwaukee → Amarillo,18,2415.601666666667,2378.425
Baton Rouge → Boston,18,3431.6294444444447,3410.0950000000003
Mobile → Albany,18,2887.9233333333336,2843.715
Milwaukee → Toledo,18,773.6716666666666,760.7149999999999
Baton Rouge → Reno,18,3758.5744444444445,3724.6949999999997
Tucson → Cincinnati,18,3710.1783333333337,3680.245
Tucson → Atlanta,18,3721.1088888888894,3795.2749999999996
Toledo → Syracuse,18,1021.0127777777777,1013.635
Toledo → Richmond,18,1267.7344444444445,1246.62
Toledo → Philadelphia,18,1548.058888888889,1536.195
Columbia → Grand Rapids,18,1579.168888888889,1537.575
Tulsa → Atlanta,18,1351.1422222222222,1337.3400000000001
Cincinnati → El Paso,18,3247.9455555555555,3200.05
Albany → Fresno,18,5760.332222222222,5708.969999999999
Albany → Amarillo,18,4392.422222222222,4393.49
Charleston → Green Bay,17,1915.9441176470589,1953.28
Greensboro → Fresno,17,4765.830588235294,4711.88
Tucson → Jacksonville,17,3872.92,3767.08
Cincinnati → San Antonio,17,2227.816470588235,2244.62
Tucson → Salt Lake City,17,862.9499999999999,851.85
Greensboro → San Antonio,17,2537.480588235294,2475.13
Grand Rapids → Green Bay,17,307.52882352941174,326.4
Grand Rapids → Kansas City,17,1052.5211764705882,1051.2
Grand Rapids → Los Angeles,17,4385.445294117648,4390.66
Buffalo → Tucson,17,4617.956470588235,4633.79
Buffalo → Oklahoma City,17,3103.5347058823527,3119.9
Hartford → Cincinnati,17,1986.7917647058823,1953.5
Hartford → Los Angeles,17,5891.085882352942,5851.69
Buffalo → Grand Rapids,17,1090.5370588235294,1080.08
Hartford → Louisville,17,2064.0570588235296,2049.36
Hartford → Lubbock,17,4037.1158823529413,4125.05
Hartford → Madison,17,2234.2211764705885,2200.02
Albany → Shreveport,17,3706.8617647058823,3270.79
Hartford → Reno,17,5832.136470588236,5395.2
Fresno → Memphis,17,4558.888235294118,4002.85
Fresno → Milwaukee,17,4231.261764705882,4186.95
Fresno → Oklahoma City,17,3042.5499999999997,2987.32
Buffalo → Atlanta,17,1568.7205882352941,1551.53
Fresno → Jacksonville,17,4848.234117647058,4762.02
Indianapolis → Phoenix,17,4014.041764705882,3979.62
Fort Wayne → Toledo,17,264.59117647058827,265.35
Fresno → Amarillo,17,2327.690588235294,2300.06
Jacksonville → Columbia,17,793.7941176470588,629.17
Chattanooga → Columbia,17,729.6394117647059,731.01
Boston → Philadelphia,17,592.5329411764706,578.45
Boston → Richmond,17,1117.704705882353,1113.01
Kansas City → Fresno,17,3855.1158823529413,3820.91
Kansas City → Lubbock,17,2197.745294117647,2189.92
Chattanooga → Baton Rouge,17,1327.8535294117648,1334.52
Chattanooga → Cincinnati,17,482.89764705882357,487.04
Boston → Milwaukee,17,2340.5329411764706,2415.68
Boston → Nashville,17,3038.4,2602.28
Toledo → Baton Rouge,17,2287.9935294117645,2302.27
Columbia → Mobile,17,1032.755294117647,1013.85
Kansas City → Milwaukee,17,546.6329411764706,493.08
Kansas City → Reno,17,3239.4876470588238,3325.73
Lexington → Boston,17,2084.29,2055.48
Fort Wayne → Houston,17,2264.875882352941,2252.16
Boston → Charleston,17,1681.6929411764704,1659.78
Fort Wayne → Baltimore,17,1776.0723529411764,1735.96
Lexington → Tulsa,17,1636.69,1623.8
Los Angeles → Albuquerque,17,1611.3841176470587,1593.33
Los Angeles → Cincinnati,17,4087.6152941176474,4109.66
Los Angeles → Greensboro,17,4585.544117647059,4469.94
Syracuse → Lexington,17,1467.86,1430.55
Syracuse → Lubbock,17,3693.245294117647,3689.09
Syracuse → San Antonio,17,3410.7876470588235,3304.3
Tampa → Hartford,17,2804.815294117647,2742.84
Columbia → Phoenix,17,4443.9270588235295,4446.76
Los Angeles → Hartford,17,6035.133529411765,5859.59
Chattanooga → Philadelphia,17,2113.0217647058826,2084.64
El Paso → Mobile,17,3002.4047058823526,2972.51
Lubbock → Atlanta,17,2212.0864705882354,2194.87
Lubbock → Fort Wayne,17,2676.846470588235,2628.64
Lubbock → Shreveport,17,1423.7223529411765,1428.57
Madison → Lexington,17,1169.3876470588236,1165.31
El Paso → Amarillo,17,1027.979411764706,1014.42
El Paso → Fresno,17,1493.7564705882353,1466.85
Baton Rouge → Tucson,17,2990.705882352941,3041.23
Birmingham → Bakersfield,17,4095.7558823529416,4092.58
Milwaukee → Buffalo,17,1380.6629411764707,1355.05
Shreveport → Houston,17,764.0770588235293,675.46
Shreveport → Milwaukee,17,1490.2241176470588,1495.46
Columbia → Tulsa,17,1963.4582352941177,1811.81
Syracuse → Atlanta,17,1876.1823529411763,1825.18
Milwaukee → Green Bay,17,938.5394117647058,937.62
Milwaukee → Greensboro,17,1062.92,1103.83
Milwaukee → Raleigh,17,1731.9270588235295,1692.64
Milwaukee → Tucson,17,3519.991176470588,3495.78
Mobile → Amarillo,17,2989.015882352941,2489.4
Mobile → Corpus Christi,17,1433.9476470588236,1436.61
Mobile → Indianapolis,17,1334.3388235294117,1323.33
Mobile → Reno,17,3971.2847058823527,3936.26
Mobile → Toledo,17,1824.6470588235295,1791.83
Montgomery → El Paso,17,4026.383529411765,3293.64
Montgomery → Indianapolis,17,1379.2470588235294,1351.0
Montgomery → Kansas City,17,1857.3264705882352,1620.66
Montgomery → Milwaukee,17,1580.4341176470589,1506.91
Corpus Christi → Columbia,17,2396.291176470588,2070.38
Shreveport → Grand Rapids,17,2163.9782352941174,2179.09
Nashville → Memphis,17,349.0917647058824,346.4
Bakersfield → Montgomery,17,3814.3623529411766,3977.89
New York → Grand Rapids,17,1736.2241176470588,1746.09
Bakersfield → Dayton,17,4009.031176470588,3989.15
Bakersfield → Grand Rapids,17,4048.5911764705884,4114.77
New York → Jacksonville,17,2237.6276470588236,2044.57
New York → Madison,17,2091.013529411765,2101.17
New York → Philadelphia,17,270.1017647058823,270.76
New York → San Antonio,17,3588.5176470588235,3537.12
Oklahoma City → Amarillo,17,1054.060588235294,1021.07
Oklahoma City → Grand Rapids,17,2575.6988235294116,2611.23
Philadelphia → Charleston,17,1430.221176470588,1454.02
Philadelphia → Little Rock,17,2576.957058823529,2593.37
Philadelphia → Los Angeles,17,5678.308235294118,5762.07
Philadelphia → Milwaukee,17,2013.585882352941,1991.2
Philadelphia → Mobile,17,2379.8558823529415,2341.23
San Antonio → Grand Rapids,17,3132.4147058823532,2864.16
San Antonio → Greensboro,17,2529.0317647058823,2544.99
Atlanta → Syracuse,17,1790.6394117647058,1788.06
Phoenix → Houston,17,3234.961764705882,3230.8
Atlanta → Raleigh,17,1330.3435294117646,1307.41
Raleigh → Cincinnati,17,1426.8658823529413,1405.11
Raleigh → Richmond,17,603.6070588235294,592.51
Atlanta → Fresno,17,5110.328235294118,4197.26
Richmond → Fresno,17,5708.051764705882,5234.45
Amarillo → New York,17,4112.870588235294,4119.04
Richmond → Raleigh,17,588.3758823529412,609.87
Richmond → Reno,17,5004.5488235294115,4987.16
Corpus Christi → Nashville,17,1714.245294117647,1704.83
San Antonio → Albany,17,4131.065882352941,4163.27
Green Bay → Fort Wayne,17,712.0582352941176,706.47
Green Bay → New York,17,1833.4464705882353,1826.12
Grand Rapids → Syracuse,17,1257.1000000000001,1255.57
Grand Rapids → Tucson,17,3739.966470588235,3890.59
Tulsa → Nashville,16,1190.314375,1155.48
Los Angeles → Charleston,16,4788.750625,4756.4
Chattanooga → Fresno,16,4409.975625,4406.355
Chattanooga → Fort Wayne,16,1119.449375,1147.255
Fort Wayne → Boston,16,2037.798125,2011.4850000000001
Boston → Bakersfield,16,6737.905,5881.485000000001
Lexington → Dayton,16,651.65375,667.7650000000001
Lexington → Albuquerque,16,3194.37875,3200.895
Richmond → Tulsa,16,2561.70875,2553.5249999999996
Richmond → Tucson,16,4813.311875,4755.6849999999995
Amarillo → Richmond,16,3751.81,3713.27
Amarillo → Memphis,16,2240.3424999999997,2159.29
Green Bay → Philadelphia,16,1922.145625,1975.1
Green Bay → Nashville,16,1628.8600000000001,1643.49
Boston → Fort Wayne,16,2058.194375,2089.6850000000004
Kansas City → Tulsa,16,1289.543125,1286.9
Syracuse → Toledo,16,1053.82375,1026.495
Syracuse → Houston,16,3080.9725,3114.035
El Paso → Philadelphia,16,4853.959375,4740.9
El Paso → Oklahoma City,16,1806.31375,1772.375
Greensboro → Oklahoma City,16,2391.176875,2360.645
Greensboro → New York,16,1396.40375,1378.375
Cincinnati → Savannah,16,990.5475,996.285
Amarillo → San Antonio,16,1287.55875,1279.705
Reno → Memphis,16,4358.343125,3706.085
Atlanta → Dayton,16,1022.450625,1046.085
Reno → Grand Rapids,16,3744.4025,3645.74
Corpus Christi → New York,16,3574.40875,3574.815
El Paso → Indianapolis,16,2841.708125,2951.135
Los Angeles → New York,16,5403.81125,5304.1
Los Angeles → Kansas City,16,3825.214375,3824.1000000000004
Columbia → Fresno,16,4858.31,4780.77
Toledo → Chattanooga,16,1287.62,1259.52
Toledo → Charleston,16,1501.78375,1462.215
Toledo → Bakersfield,16,4050.3693749999998,3985.365
Toledo → Atlanta,16,1345.0375,1361.67
Hartford → Albuquerque,16,4671.030625,4686.465
Raleigh → Tucson,16,4662.215625,4584.77
Raleigh → Chattanooga,16,1469.5731250000001,1453.8000000000002
Providence → Bakersfield,16,6090.151875,6077.23
Phoenix → Toledo,16,4464.976875,4366.965
Phoenix → San Francisco,16,1475.445625,1490.185
Harrisburg → Philadelphia,16,790.664375,791.905
Harrisburg → Fresno,16,5092.704375,5048.485000000001
Buffalo → Shreveport,16,2968.7475,2341.135
Grand Rapids → Fresno,16,4324.841875,4258.885
Boston → Lexington,16,2059.064375,2081.9049999999997
Kansas City → Memphis,16,859.22,857.99
Madison → Baton Rouge,16,2029.22,2042.4650000000001
Madison → Baltimore,16,2275.6306250000002,2236.4449999999997
Lubbock → Tucson,16,2107.066875,2135.435
Lubbock → Richmond,16,3510.9375,3429.63
Chattanooga → Montgomery,16,847.92375,833.47
Chattanooga → Memphis,16,528.729375,486.62
Chattanooga → Lubbock,16,2127.335625,2079.785
Lubbock → Phoenix,16,2476.4425,2484.795
Birmingham → Fort Wayne,16,1433.035625,1423.0900000000001
Lubbock → Kansas City,16,2112.6018750000003,2100.175
Atlanta → Savannah,16,781.998125,798.395
Phoenix → Chattanooga,16,4041.928125,4004.46
Philadelphia → Syracuse,16,874.13,891.815
Hartford → Greensboro,16,1565.750625,1611.665
Hartford → Dayton,16,1854.360625,1902.63
Hartford → Baltimore,16,361.9375,362.525
Buffalo → New York,16,815.353125,828.785
Buffalo → Milwaukee,16,1353.84875,1300.275
Grand Rapids → Bakersfield,16,3806.100625,3814.17
Charleston → Philadelphia,16,1361.603125,1324.72
Buffalo → Los Angeles,16,4979.020625,4979.79
Charleston → New York,16,1364.466875,1361.87
Charleston → Lexington,16,1035.345,1027.095
Fresno → San Antonio,16,3182.87,3177.4700000000003
Hartford → Jacksonville,16,2136.9674999999997,2088.18
San Antonio → Savannah,16,2458.80625,2424.34
Amarillo → Columbia,16,3039.89,3033.9849999999997
San Antonio → Fresno,16,3169.31375,3157.17
San Antonio → Charleston,16,2677.383125,2773.1549999999997
Philadelphia → Lubbock,16,3777.916875,3779.855
Phoenix → Green Bay,16,4333.444375,4292.46
Memphis → Reno,16,3686.14125,3629.895
Memphis → El Paso,16,2933.6075,2916.355
El Paso → Corpus Christi,16,2342.169375,2303.26
Columbia → Toledo,16,1369.93625,1327.1999999999998
Columbia → Shreveport,16,1988.58375,1560.5349999999999
Philadelphia → Albuquerque,16,4581.475,4492.27
Oklahoma City → Reno,16,2966.38375,2986.1000000000004
Dayton → Columbia,16,1194.92875,1087.835
Oklahoma City → Corpus Christi,16,901.38375,876.635
Toledo → Montgomery,16,1920.71125,1894.8049999999998
Toledo → Lexington,16,979.5450000000001,973.215
Toledo → Kansas City,16,1086.43625,1082.595
El Paso → Albany,16,5021.895625,4845.875
Baton Rouge → Houston,16,494.190625,486.3
Memphis → Tulsa,16,1040.088125,1026.67
Chattanooga → Bakersfield,16,3935.9275,3994.8450000000003
Kansas City → Jacksonville,16,1678.885,1688.3899999999999
Kansas City → Boston,16,2630.89875,2761.38
Charleston → Reno,16,4810.98875,4634.105
Fort Wayne → New York,16,1493.69625,1500.03
Tucson → Chattanooga,16,3685.6775000000002,3665.355
Tucson → Buffalo,16,4577.595625,4570.715
New York → Tucson,16,5098.3725,5010.955
New York → Shreveport,16,2816.2375,2704.2799999999997
New York → Oklahoma City,16,3483.278125,3480.475
New York → Lubbock,16,3787.4831249999997,3764.6
Bakersfield → Green Bay,16,3850.445,3698.82
Philadelphia → Columbia,16,1885.784375,1653.345
Mobile → Fresno,16,4177.035625,4149.0650000000005
Milwaukee → San Antonio,16,2283.76375,2253.96
Montgomery → Nashville,16,902.80375,895.645
Montgomery → Chattanooga,16,881.050625,882.485
Montgomery → Charleston,16,1191.091875,1217.51
Montgomery → Bakersfield,16,4250.6275,4189.82
Baltimore → Oklahoma City,16,4739.45,3646.825
Mobile → Lubbock,16,1882.8875,1864.91
Mobile → Houston,16,1117.958125,1128.115
Jacksonville → Lexington,16,1020.26,1029.8249999999998
Fresno → Buffalo,16,4840.27125,4795.0
Fort Wayne → Tampa,16,2327.0475,2339.605
Charleston → Tulsa,16,2282.350625,2230.665
Indianapolis → Mobile,16,1259.88375,1221.29
Indianapolis → Atlanta,16,904.5849999999999,915.145
Houston → Baton Rouge,16,494.85125,454.1
New York → Fort Wayne,16,1582.0475,1576.125
New York → Chattanooga,16,1963.306875,1934.005
Nashville → Lubbock,16,2040.684375,2024.56
Shreveport → El Paso,16,2696.600625,2743.9350000000004
Houston → Bakersfield,16,2978.64375,3056.8100000000004
Hartford → Syracuse,16,1055.380625,924.5250000000001
Houston → Syracuse,16,3057.081875,3088.49
Corpus Christi → Baton Rouge,16,780.1793749999999,766.5699999999999
Nashville → Amarillo,16,2713.735,2395.2799999999997
Montgomery → Raleigh,16,1962.886875,1533.595
Houston → Reno,16,3501.1393749999997,3451.9700000000003
Houston → Oklahoma City,16,794.69375,778.9549999999999
Houston → Milwaukee,16,1869.481875,1890.655
Houston → Memphis,16,1282.8675,1279.5549999999998
Buffalo → Chattanooga,16,1634.89375,1649.19
Tulsa → Milwaukee,16,1524.479375,1522.0
Greensboro → Buffalo,16,1207.11375,1196.44
Charleston → Bakersfield,16,4788.746875,4690.685
Charleston → Atlanta,16,1201.62625,1094.26
Green Bay → Cincinnati,16,1363.116875,1374.98
Albany → Corpus Christi,16,3953.111875,3926.49
Green Bay → Mobile,16,2044.349375,2134.62
Green Bay → Milwaukee,16,1057.898125,941.23
Corpus Christi → Richmond,16,3117.215,3125.51
Cincinnati → Montgomery,16,1139.474375,1120.68
Albany → Memphis,16,2636.913125,2688.61
Greensboro → Kansas City,16,1405.881875,1386.35
Charleston → Houston,16,2289.8575,2300.295
Charleston → Hartford,16,1412.469375,1403.33
Tucson → Fresno,15,1125.5406666666668,1123.34
Tucson → Green Bay,15,3783.688666666667,3787.48
Albany → Mobile,15,2892.4466666666663,2918.42
Tucson → Kansas City,15,3271.2533333333336,3220.1
Tucson → New York,15,5029.542,5062.33
Corpus Christi → Philadelphia,15,3940.8720000000003,3435.44
Corpus Christi → Phoenix,15,3025.444,3041.2
Green Bay → Hartford,15,2113.1666666666665,2086.61
Albany → Chattanooga,15,2553.864,2502.53
Washington → Hartford,15,809.0400000000001,796.1
Charleston → Buffalo,15,1362.6513333333335,1398.23
Greensboro → Atlanta,15,686.1966666666667,685.02
Tucson → Syracuse,15,4647.053333333333,4581.26
Tucson → Toledo,15,3909.8826666666664,3909.33
Tulsa → Chattanooga,15,1289.7853333333333,1290.86
Tulsa → El Paso,15,2301.7093333333332,2275.74
Tulsa → Fort Wayne,15,1937.1680000000001,1950.2
Charleston → El Paso,15,3961.1446666666666,3866.79
Fresno → Greensboro,15,4691.302,4645.48
Houston → Montgomery,15,1438.3333333333333,1427.86
Houston → San Antonio,15,777.6953333333333,770.84
Nashville → Boston,15,2648.994,2622.63
Nashville → Corpus Christi,15,1782.286,1772.88
Albuquerque → Richmond,15,4006.3713333333335,3878.07
Indianapolis → Amarillo,15,2604.44,2453.98
Fresno → Montgomery,15,4731.722666666667,4403.49
Hartford → Tulsa,15,3058.2366666666667,3025.52
Shreveport → Dayton,15,1679.5393333333334,1681.53
Nashville → El Paso,15,3090.910666666667,3040.21
Bakersfield → Salt Lake City,15,673.4286666666667,695.91
Nashville → Tulsa,15,1131.6026666666667,1136.63
New York → Baton Rouge,15,2922.5873333333334,2920.58
Houston → Grand Rapids,15,2520.010666666667,2508.4
Buffalo → Bakersfield,15,4302.952666666667,4469.02
Indianapolis → Baton Rouge,15,1593.9786666666666,1550.66
Indianapolis → Tucson,15,3449.7413333333334,3377.52
Jacksonville → Los Angeles,15,4286.402666666667,4334.76
Montgomery → Amarillo,15,2658.9846666666663,2666.9
Montgomery → Grand Rapids,15,2118.2373333333335,2054.89
Baltimore → Hartford,15,357.8306666666667,353.57
Montgomery → Lubbock,15,2136.3039999999996,2152.83
Syracuse → Chattanooga,15,1857.552,1847.63
Baton Rouge → Fresno,15,3763.3213333333333,3862.1
Baton Rouge → Grand Rapids,15,2867.6173333333336,2480.25
Baton Rouge → Greensboro,15,1843.146,1846.04
Milwaukee → New York,15,2222.58,1954.95
Milwaukee → Syracuse,15,1564.2666666666667,1566.2
Baton Rouge → Albuquerque,15,2637.974666666667,2612.25
Baton Rouge → Baltimore,15,3015.716,2925.66
Jacksonville → Shreveport,15,1563.8899999999999,1314.74
Jacksonville → Tulsa,15,1568.9566666666667,1554.06
Philadelphia → Amarillo,15,4055.2313333333336,4010.87
Philadelphia → El Paso,15,4614.925333333334,4806.64
Bakersfield → Columbia,15,4975.72,4319.05
New York → Montgomery,15,2254.8179999999998,2302.4
Dayton → Milwaukee,15,518.4366666666667,517.1
New York → Syracuse,15,706.2213333333333,697.86
Oklahoma City → Baltimore,15,4738.5526666666665,3778.87
Fresno → Mobile,15,4370.026,4290.58
Boston → Phoenix,15,6420.760666666667,5947.51
Kansas City → Chattanooga,15,1012.934,1008.66
Kansas City → Houston,15,1729.6926666666666,1786.5
Fort Wayne → Kansas City,15,953.1193333333333,952.89
Memphis → Shreveport,15,879.9386666666667,879.33
Milwaukee → Albuquerque,15,2887.7586666666666,2873.19
Shreveport → Raleigh,15,2240.882,2214.17
Shreveport → San Antonio,15,1224.8413333333333,1225.23
Toledo → Harrisburg,15,990.19,1007.76
Toledo → Houston,15,2440.474666666667,2474.42
Toledo → Phoenix,15,4286.026666666667,4307.11
Tucson → Baton Rouge,15,3317.0153333333337,2869.59
Bakersfield → Albany,15,5415.944,5322.35
Oklahoma City → Harrisburg,15,2952.948,2898.12
Oklahoma City → Louisville,15,1991.3139999999999,1945.69
Oklahoma City → St. Louis,15,1774.5726666666667,1764.57
Oklahoma City → Toledo,15,2558.075333333333,2549.6
Shreveport → Tulsa,15,567.1006666666667,568.52
Columbia → Tampa,15,1588.3153333333332,1291.36
Syracuse → Amarillo,15,4296.200666666667,3929.93
Madison → San Antonio,15,2932.85,2379.56
El Paso → Bakersfield,15,1007.034,1000.86
El Paso → Baltimore,15,4700.416666666667,4528.11
Memphis → Amarillo,15,2365.3039999999996,2381.66
Memphis → Cincinnati,15,585.346,595.14
Memphis → Mobile,15,927.124,819.55
Memphis → Montgomery,15,1056.9993333333334,1055.43
Baton Rouge → Raleigh,15,2375.0706666666665,2333.5
Philadelphia → New York,15,285.5373333333334,283.17
San Antonio → Austin,15,327.54,330.94
Corpus Christi → Greensboro,15,2263.239333333333,2231.18
Savannah → Atlanta,15,744.6446666666667,735.82
Savannah → Bakersfield,15,4639.71,4688.25
Charleston → Milwaukee,15,1629.5833333333333,1613.04
Buffalo → Mobile,15,2130.2626666666665,2137.4
Philadelphia → Tampa,15,2626.563333333333,2623.03
Philadelphia → Toledo,15,1534.9333333333334,1503.91
Atlanta → Toledo,15,1339.856,1345.55
Phoenix → Dayton,15,4145.072,4072.83
El Paso → Grand Rapids,15,3427.652,3399.07
Chattanooga → Lexington,15,645.77,588.32
Madison → Kansas City,15,593.118,594.29
Tampa → San Antonio,15,1844.4046666666666,1862.24
Buffalo → Richmond,15,781.3946666666667,779.9
Buffalo → San Antonio,15,3067.3066666666664,3174.53
Providence → Oklahoma City,15,4121.602666666667,4168.72
Raleigh → Syracuse,15,1349.4540000000002,1314.12
Reno → Amarillo,15,2189.688,2214.03
Harrisburg → Tucson,15,4455.395333333333,4442.0
Toledo → Amarillo,15,2840.463333333333,2788.14
Albuquerque → Baton Rouge,15,2668.634,2599.39
Columbia → El Paso,15,3747.002,3775.65
Toledo → Dayton,15,641.6493333333333,501.52
Los Angeles → Houston,15,3264.112,3267.33
Los Angeles → San Antonio,15,2747.2826666666665,2732.8
El Paso → Lubbock,15,1760.6046666666666,1853.27
Lubbock → Columbia,15,2566.2426666666665,2527.16
Reno → Baton Rouge,15,3713.811333333333,3749.6
Atlanta → Baton Rouge,15,1284.8220000000001,1327.71
Atlanta → Boston,15,2335.5793333333336,2265.2
Reno → Philadelphia,15,6555.731333333333,5480.87
Richmond → Baltimore,15,829.3593333333333,661.55
Richmond → Corpus Christi,15,2968.638,2911.84
Amarillo → Tucson,15,1479.6480000000001,1458.8
Greensboro → Philadelphia,15,1534.8326666666667,1520.78
Lubbock → Greensboro,15,2686.9293333333335,2699.51
El Paso → Richmond,15,4323.054,4114.72
Los Angeles → El Paso,15,1331.8886666666667,1330.95
Los Angeles → Grand Rapids,15,4494.938,4485.08
Albuquerque → Fort Wayne,15,3233.424666666667,3252.4
Tampa → Baton Rouge,15,1083.5406666666668,1099.55
Tampa → Mobile,15,1021.9853333333333,806.89
Kansas City → Raleigh,15,2057.8986666666665,2005.93
Kansas City → Toledo,15,1104.2926666666667,1102.71
Boston → Columbia,15,2103.1966666666667,2075.93
Grand Rapids → Toledo,15,466.04466666666667,474.27
Green Bay → Shreveport,15,2461.7953333333335,2095.96
Richmond → Greensboro,15,1064.5773333333334,1055.99
Richmond → Jacksonville,15,1535.9333333333334,1562.25
Amarillo → Philadelphia,15,4090.076,4090.75
Richmond → Little Rock,15,2187.161333333333,2170.96
Richmond → Lubbock,15,3329.7293333333337,3285.59
Richmond → Madison,15,1841.96,1844.32
Richmond → Montgomery,15,1648.3266666666668,1733.46
Corpus Christi → Montgomery,15,1685.214,1652.47
Boston → Grand Rapids,15,2133.2166666666667,2084.14
Lexington → Corpus Christi,15,2174.462,2202.19
Fort Wayne → Buffalo,15,971.0086666666666,958.53
Fort Wayne → Fresno,15,4383.998666666666,4339.91
Lexington → Lubbock,15,3071.7233333333334,2459.62
Lexington → San Francisco,15,4615.508,4512.42
Lexington → Toledo,15,959.9546666666668,929.25
Little Rock → Buffalo,15,3011.934,2247.35
Los Angeles → Corpus Christi,15,3036.586666666667,3026.87
Tulsa → Phoenix,15,3109.1226666666666,3098.93
Albany → Green Bay,15,2151.7453333333333,1937.55
Cincinnati → Little Rock,15,1022.66,1036.96
Cincinnati → Mobile,15,1372.1606666666667,1064.86
Tulsa → Toledo,15,2075.578666666667,2094.41
Albany → Dayton,14,1960.6228571428571,1909.4050000000002
Tulsa → Memphis,14,1022.4642857142857,1005.6800000000001
Tulsa → Lexington,14,1971.575,1669.5
Tulsa → Cincinnati,14,1409.570714285714,1374.855
Charleston → Dayton,14,1330.2764285714286,1310.74
Greensboro → Chattanooga,14,859.842857142857,767.845
Charleston → Boston,14,1648.4071428571428,1635.67
Charleston → Albuquerque,14,3993.098571428571,3937.285
Albany → Cincinnati,14,2171.5885714285714,2104.45
Albany → Bakersfield,14,5528.043571428571,5474.33
Albany → Albuquerque,14,5332.525000000001,4668.995000000001
Los Angeles → Austin,14,2604.5800000000004,2576.955
Los Angeles → Amarillo,14,2036.5207142857143,2043.2150000000001
Little Rock → Oklahoma City,14,1127.7807142857143,1172.31
Little Rock → Nashville,14,877.7828571428571,804.0799999999999
Lexington → Tampa,14,1620.7335714285714,1617.635
El Paso → Tucson,14,767.8107142857143,736.495
Lexington → Salt Lake City,14,3706.9900000000002,3677.765
Lexington → Providence,14,1995.2807142857143,2068.4849999999997
Lexington → Little Rock,14,1247.6650000000002,1232.525
Lexington → Dallas,14,1665.6107142857143,1659.3000000000002
Boston → Hartford,14,502.04857142857145,506.995
Chattanooga → Raleigh,14,1497.327857142857,1495.62
Columbia → Raleigh,14,956.5557142857143,971.2049999999999
Tampa → Lexington,14,1562.8971428571429,1544.315
Syracuse → Montgomery,14,2189.797857142857,2161.2349999999997
Albuquerque → Lexington,14,3629.3014285714285,3213.72
El Paso → Savannah,14,4330.358571428572,3978.25
Lubbock → Grand Rapids,14,2869.964285714286,2830.6549999999997
Lubbock → Amarillo,14,1108.49,1080.29
El Paso → Nashville,14,3073.222142857143,2969.385
El Paso → Memphis,14,2765.722142857143,2693.82
El Paso → Los Angeles,14,1361.3685714285714,1340.655
Los Angeles → Toledo,14,4518.773571428572,4585.65
Los Angeles → Little Rock,14,4031.537857142857,3563.9449999999997
Tampa → Phoenix,14,4058.3064285714286,4030.95
Toledo → Fort Wayne,14,270.9407142857143,270.47
Cincinnati → Boston,14,2238.375,2265.615
Tampa → Tucson,14,3757.9664285714284,3731.23
Tampa → Shreveport,14,1229.7657142857145,1219.3249999999998
Chattanooga → Nashville,14,248.92857142857142,246.97500000000002
Birmingham → Grand Rapids,14,1787.6299999999999,1784.91
Lubbock → Jacksonville,14,2342.2564285714284,2333.855
Memphis → Greensboro,14,1072.1307142857142,1065.395
Memphis → Corpus Christi,14,1704.0400000000002,1725.57
El Paso → Charleston,14,4508.3435714285715,3953.2200000000003
El Paso → Atlanta,14,3340.8685714285716,3253.33
Madison → Richmond,14,1794.212142857143,1735.595
Shreveport → Savannah,14,1533.347857142857,1541.3000000000002
Albuquerque → Phoenix,14,1580.8442857142857,1564.3049999999998
Albuquerque → Mobile,14,3023.453571428571,2988.57
Shreveport → Jacksonville,14,1286.3135714285713,1289.01
Chattanooga → Amarillo,14,2475.0485714285714,2448.84
Jacksonville → Reno,14,4321.417857142857,4393.0599999999995
Jacksonville → New York,14,2023.952857142857,2043.96
Jacksonville → Memphis,14,1128.537142857143,1108.0
Jacksonville → Lubbock,14,2334.8092857142856,2333.81
Milwaukee → San Francisco,14,4225.9742857142855,4165.79
Milwaukee → Reno,14,3771.3657142857146,3774.38
Milwaukee → Philadelphia,14,1975.9214285714284,1926.715
Baton Rouge → Harrisburg,14,2524.0550000000003,2502.785
Milwaukee → Fresno,14,4668.826428571429,4052.515
Milwaukee → Columbia,14,1219.222142857143,1166.2399999999998
Montgomery → Hartford,14,2332.9114285714286,2321.94
Baltimore → Los Angeles,14,5699.706428571429,5626.225
Baltimore → Lexington,14,1787.9157142857143,1758.955
Baltimore → Richmond,14,705.3207142857143,705.8499999999999
Baltimore → Phoenix,14,5526.838571428571,5437.245
Jacksonville → Baton Rouge,14,1552.5814285714284,1340.47
Jacksonville → Amarillo,14,2848.7214285714285,2799.995
Indianapolis → San Antonio,14,2112.882857142857,2060.805
Indianapolis → Bakersfield,14,3588.312142857143,3520.985
Houston → Shreveport,14,647.6850000000001,626.62
Shreveport → Chattanooga,14,1037.1835714285714,1027.365
Shreveport → Boston,14,3216.194285714286,3170.665
Shreveport → Baltimore,14,3597.835714285714,3061.955
Shreveport → Albuquerque,14,2457.5371428571425,2445.8050000000003
Shreveport → Albany,14,3297.953571428571,3327.3199999999997
Savannah → Syracuse,14,1726.4850000000001,1710.7199999999998
Savannah → Reno,14,4368.698571428571,4558.4400000000005
Savannah → Lexington,14,878.1528571428571,865.635
Savannah → Columbia,14,349.84142857142854,346.375
Savannah → Cincinnati,14,988.2378571428571,996.745
Houston → Mobile,14,1168.0485714285714,1174.855
Fresno → Kansas City,14,3756.200714285714,3705.675
Fresno → Houston,14,3570.9435714285714,3504.28
Buffalo → Charleston,14,1330.167857142857,1330.07
Houston → Jacksonville,14,1580.6278571428572,1560.0900000000001
Dayton → San Antonio,14,2485.875,2462.37
New York → Amarillo,14,4015.792857142857,3939.33
New Orleans → San Antonio,14,1217.8264285714286,1188.5149999999999
New Orleans → Hartford,14,2959.7392857142854,2904.74
New Orleans → Baton Rouge,14,599.3164285714286,529.79
Bakersfield → Harrisburg,14,4795.700714285714,4832.78
Baltimore → Baton Rouge,14,2967.3564285714283,2943.4849999999997
Hartford → Tampa,14,2753.575714285714,2730.955
Fresno → Raleigh,14,5242.989285714286,5209.0650000000005
Fresno → New York,14,5670.416428571429,5724.4
Fresno → Lubbock,14,2879.6042857142857,2844.1099999999997
Hartford → Savannah,14,1849.2107142857144,1685.6799999999998
Hartford → Raleigh,14,1126.2842857142857,1100.1399999999999
Albany → Toledo,14,1758.6007142857143,1744.17
Albany → Reno,14,4843.439285714286,5086.98
Columbia → Boston,14,2047.2885714285715,2012.185
Oklahoma City → Austin,14,650.2328571428571,637.735
Dayton → Philadelphia,14,1714.2407142857141,1695.435
Dayton → New York,14,1612.277142857143,1573.255
New York → Los Angeles,14,5207.3721428571425,5433.145
Bakersfield → Chattanooga,14,3935.8214285714284,3913.875
New York → Greensboro,14,1372.17,1409.16
Dayton → Charleston,14,1332.5207142857143,1394.605
Philadelphia → Jacksonville,14,2008.9435714285714,1993.89
Philadelphia → Buffalo,14,921.3564285714285,904.02
Dayton → Grand Rapids,14,747.1285714285714,744.675
Cincinnati → Harrisburg,14,1296.0485714285714,1291.05
Toledo → Reno,14,3871.3342857142857,3774.485
Toledo → Los Angeles,14,4485.918571428571,4410.09
Buffalo → Greensboro,14,1199.917857142857,1211.755
Savannah → Boston,14,2000.8892857142857,2025.4450000000002
San Francisco → Memphis,14,4042.7442857142855,4117.125
San Antonio → Shreveport,14,1219.4378571428572,1192.79
Amarillo → Chattanooga,14,2431.1507142857145,2352.565
Amarillo → Jacksonville,14,2936.7635714285716,2905.99
Amarillo → Fresno,14,2541.7328571428575,2307.33
Atlanta → Lubbock,14,2318.929285714286,2303.2749999999996
Atlanta → Houston,14,1547.6492857142857,1575.2849999999999
Phoenix → Little Rock,14,3527.5642857142857,3587.125
Atlanta → New York,14,1955.2464285714286,1941.69
Phoenix → Harrisburg,14,4990.178571428572,4931.15
Atlanta → Shreveport,14,1185.4142857142856,1186.5900000000001
Phoenix → Boston,14,5834.686428571428,5612.875
Austin → Columbia,14,2735.5521428571433,2573.785
Hartford → Indianapolis,14,2138.9635714285714,2134.775
Hartford → Fresno,14,5829.751428571429,5730.969999999999
Grand Rapids → Dayton,14,738.4792857142858,737.965
Fresno → Tulsa,14,3548.2642857142855,3588.415
Charleston → Oklahoma City,14,2782.6378571428572,2802.74
Reno → Atlanta,14,4170.370714285715,4098.005
Raleigh → Phoenix,14,5088.189285714286,5022.59
Raleigh → Philadelphia,14,1041.0142857142857,1031.75
Raleigh → Oklahoma City,14,3096.671428571429,3099.5649999999996
Raleigh → Mobile,14,1752.952857142857,1737.7
Raleigh → El Paso,14,4353.660714285715,4360.0
Raleigh → Baton Rouge,14,2357.496428571428,2347.9449999999997
Raleigh → Atlanta,14,1365.6964285714287,1340.8600000000001
Harrisburg → Richmond,14,449.98,449.185
Buffalo → Phoenix,14,4844.657857142857,4846.17
Grand Rapids → Lubbock,14,3679.94,2941.79
Harrisburg → Albany,14,1228.1764285714287,1224.275
Greensboro → Tucson,14,4103.065,4061.0150000000003
Cincinnati → Green Bay,14,1481.895,1335.01
Atlanta → Amarillo,14,2721.6335714285715,2693.04
Amarillo → Toledo,14,3051.550714285714,3052.7349999999997
Reno → San Antonio,14,3300.424285714286,3251.075
Reno → Richmond,14,4985.274285714286,5029.88
Reno → Buffalo,14,4291.175,4210.665
Richmond → Toledo,14,1268.5085714285713,1244.085
Richmond → Tampa,14,2164.1,2148.42
Corpus Christi → Toledo,14,2628.800714285714,2592.255
Charleston → Albany,14,1937.8364285714285,1943.705
Grand Rapids → Philadelphia,14,1866.0492857142856,1835.475
Green Bay → Los Angeles,14,4278.2814285714285,4281.985000000001
Green Bay → Greensboro,14,1601.675,1579.4
Green Bay → Grand Rapids,14,308.2864285714286,310.32
San Antonio → Albuquerque,14,1995.5149999999999,1980.2
Tucson → Milwaukee,14,3544.3292857142856,3484.88
Albany → New York,14,867.4978571428571,858.6
Albany → Nashville,14,2531.503571428572,2510.23
Tucson → Indianapolis,14,3488.9928571428572,3424.84
Greensboro → Indianapolis,14,1056.372142857143,1041.635
Albany → Houston,13,3751.276923076923,3723.41
Albany → Boston,13,944.0815384615385,931.92
Albany → Harrisburg,13,1180.7123076923076,1167.24
Tulsa → Oklahoma City,13,950.493076923077,815.43
Tulsa → Los Angeles,13,3186.1284615384616,3211.44
Tulsa → Hartford,13,3173.8653846153848,3166.44
Chattanooga → Hartford,13,2145.3753846153845,2153.83
Oklahoma City → Savannah,13,2394.2446153846154,2358.73
Oklahoma City → New Orleans,13,1120.406923076923,1116.97
Oklahoma City → Milwaukee,13,2088.07,2097.76
Dayton → Kansas City,13,876.0307692307692,875.08
Dayton → Hartford,13,1777.9923076923078,1760.29
Indianapolis → Memphis,13,677.0315384615385,671.8
Austin → Bakersfield,13,2653.6423076923074,2660.47
Atlanta → Tampa,13,1261.8161538461538,1204.0
Los Angeles → Montgomery,13,4431.587692307692,4486.54
Tucson → Grand Rapids,13,3715.3176923076926,3672.26
Tucson → El Paso,13,689.6453846153846,741.9
Albuquerque → Albany,13,4619.515384615384,4632.8
Albany → Tulsa,13,3460.9476923076923,3380.18
Albany → San Antonio,13,4227.87,4203.77
Cincinnati → Baltimore,13,1946.2315384615383,1895.57
Cincinnati → Houston,13,1705.6238461538462,1680.19
Cincinnati → Toledo,13,1011.9276923076923,1034.33
Lubbock → Houston,13,983.2015384615383,984.87
Green Bay → Albany,13,1830.2053846153844,1854.99
Grand Rapids → San Antonio,13,2721.7153846153847,2682.48
Tucson → Boston,13,5764.942307692308,5802.66
Tucson → Baltimore,13,5219.891538461538,5218.42
Toledo → Jacksonville,13,1675.966153846154,1733.26
Greensboro → Albany,13,1983.616923076923,1955.39
El Paso → Jacksonville,13,3649.2084615384615,3692.68
Phoenix → Amarillo,13,1874.7392307692307,1831.73
Philadelphia → Madison,13,2203.547692307692,2166.86
Indianapolis → Greensboro,13,1085.383076923077,1109.59
Oklahoma City → Boston,13,3974.8061538461534,3936.08
Oklahoma City → Albuquerque,13,1847.6853846153847,1854.11
New York → Houston,13,3080.223076923077,2981.88
Fresno → Hartford,13,5950.61076923077,6012.08
Fresno → Harrisburg,13,5173.693846153847,4997.51
Fresno → Corpus Christi,13,3462.31,3446.93
New York → Dayton,13,1580.6176923076923,1553.72
New York → Cincinnati,13,1783.3292307692307,1747.26
Dayton → Tucson,13,3895.5561538461534,3891.99
Dayton → Richmond,13,1281.5169230769231,1275.97
Green Bay → Toledo,13,664.3930769230769,671.24
Toledo → Columbia,13,1322.1299999999999,1281.27
Columbia → Milwaukee,13,1188.5976923076923,1207.4
Columbia → Indianapolis,13,1146.8792307692308,1143.76
Albuquerque → Amarillo,13,1013.0876923076922,1003.44
Greensboro → Grand Rapids,13,1363.3923076923077,1416.39
Greensboro → Dayton,13,894.853076923077,885.94
Madison → Bakersfield,13,3523.527692307692,3512.86
Lubbock → Syracuse,13,3620.7569230769227,3704.81
Chattanooga → Milwaukee,13,1089.4338461538462,914.69
Lubbock → Philadelphia,13,4147.954615384615,4208.89
Lubbock → Milwaukee,13,2313.9061538461538,2257.62
Tampa → Albany,13,3224.270769230769,3154.14
Syracuse → Reno,13,4581.58,4485.36
Syracuse → Philadelphia,13,900.4376923076924,890.15
Greensboro → Salt Lake City,13,3947.5146153846154,3939.96
Greensboro → Montgomery,13,1070.6592307692308,1039.6
Baton Rouge → New York,13,2912.3184615384616,2936.61
Madison → Oklahoma City,13,2133.920769230769,2113.95
Madison → New York,13,1977.9546153846154,2008.56
Boston → Montgomery,13,2656.3,2646.65
Providence → Grand Rapids,13,2468.75,2485.07
Providence → El Paso,13,5297.517692307692,5279.51
Phoenix → Tampa,13,4562.456153846154,4163.58
Phoenix → Richmond,13,5118.931538461538,5089.21
Phoenix → Providence,13,6086.619230769231,5868.16
Atlanta → Madison,13,1400.4992307692305,1375.57
New Orleans → Bakersfield,13,3188.0415384615385,3294.71
Nashville → Savannah,13,1009.6846153846153,991.81
Bakersfield → San Francisco,13,916.426923076923,915.66
Bakersfield → Tampa,13,4078.704615384616,4117.46
Greensboro → Memphis,13,1079.7115384615386,1068.78
Greensboro → Lubbock,13,3323.9615384615386,2741.53
Syracuse → Little Rock,13,2370.2215384615383,2361.76
Albuquerque → Fresno,13,1547.6638461538462,1538.29
Syracuse → El Paso,13,4328.6876923076925,4279.95
Syracuse → Dayton,13,1300.5715384615385,1314.1
Tampa → Columbia,13,1348.7153846153847,1358.82
Tampa → Atlanta,13,1236.9723076923076,1209.75
Nashville → Dayton,13,1236.5315384615385,989.5
Nashville → Dallas,13,1342.5992307692309,1183.32
Raleigh → Toledo,13,1501.8684615384616,1486.82
Raleigh → Greensboro,13,1156.1407692307691,891.18
Boston → Tucson,13,5355.385384615384,5386.79
Houston → Lexington,13,1901.8053846153848,1906.79
Houston → Indianapolis,13,1724.6999999999998,1720.43
Nashville → Chattanooga,13,255.50307692307692,256.13
Baltimore → Grand Rapids,13,1853.0838461538463,1834.15
Nashville → Albany,13,2934.4853846153846,2495.14
Montgomery → Toledo,13,1844.0215384615383,1855.47
Columbia → Reno,13,3998.6015384615384,4241.09
Albuquerque → Montgomery,13,3261.133076923077,3185.75
Buffalo → Philadelphia,13,936.2384615384616,939.41
Grand Rapids → Memphis,13,1369.2430769230768,1413.4
Kansas City → Indianapolis,13,488.31,482.94
Kansas City → Greensboro,13,1401.136923076923,1430.26
Kansas City → Corpus Christi,13,2058.873076923077,2038.63
Boston → Shreveport,13,3425.486923076923,3425.84
Baton Rouge → Salt Lake City,13,3616.240769230769,2937.38
Milwaukee → Corpus Christi,13,2290.566153846154,2281.6
Albuquerque → Lubbock,13,1794.0684615384614,1750.72
Shreveport → Kansas City,13,1363.1223076923077,1360.67
Amarillo → Albany,13,4289.885384615385,4249.82
Harrisburg → Atlanta,13,1450.8276923076924,1432.89
Greensboro → Toledo,13,1162.8223076923077,1186.51
Greensboro → Syracuse,13,1382.0046153846151,1420.06
Corpus Christi → Atlanta,13,2543.726153846154,2013.83
Montgomery → Providence,13,2335.476923076923,2440.93
Jacksonville → Kansas City,13,1725.3384615384616,1727.0
Atlanta → Corpus Christi,13,1920.3792307692308,1922.75
Atlanta → Chattanooga,13,266.7661538461538,266.46
Houston → Columbia,13,1844.6007692307694,1845.58
Houston → Cincinnati,13,1710.5776923076924,1679.46
Houston → Chattanooga,13,1492.7553846153846,1487.91
Houston → Charleston,13,2287.6523076923077,2265.29
Charleston → Montgomery,13,1245.7523076923078,1243.46
Charleston → Mobile,13,1401.1692307692308,1412.73
Savannah → New York,13,1631.3738461538462,1624.97
Savannah → Hartford,13,1770.1076923076923,1779.27
Charleston → Richmond,13,1139.2430769230768,892.88
Milwaukee → Montgomery,13,1584.386923076923,1614.89
Milwaukee → Lubbock,13,2316.173846153846,2244.75
Fresno → Tampa,13,4288.515384615384,4550.71
Reno → Toledo,13,4407.824615384616,4165.97
Reno → Shreveport,13,3524.828461538462,3538.04
Reno → Phoenix,13,1707.1276923076923,1758.23
Reno → Nashville,13,3867.683076923077,3836.12
Hartford → Salt Lake City,13,4981.691538461539,4875.4
Salt Lake City → Richmond,13,4423.516153846153,4413.94
Richmond → Louisville,13,1460.436923076923,1547.03
Harrisburg → Hartford,13,921.1746153846154,913.0
Savannah → Baton Rouge,13,1675.1684615384615,1665.7
Corpus Christi → Mobile,13,1439.4053846153847,1415.91
Harrisburg → San Antonio,13,3265.7915384615385,3254.82
San Francisco → Mobile,13,4531.526923076923,4440.66
San Francisco → Kansas City,13,3898.432307692308,3801.88
Albuquerque → Tucson,13,1072.6915384615384,1054.4
Albuquerque → Syracuse,13,4023.466923076923,3834.28
Richmond → Houston,13,2838.796923076923,2875.14
Montgomery → Greensboro,13,1091.32,1052.15
Montgomery → Buffalo,13,2072.912307692308,2054.33
Kansas City → Albany,13,2581.773846153846,2584.5
Jacksonville → San Antonio,13,2132.7153846153847,2120.51
Mobile → Tulsa,13,1176.0161538461539,1143.13
Amarillo → Boston,13,4667.6861538461535,4711.52
San Antonio → Boston,13,3871.600769230769,4138.77
Hartford → Harrisburg,13,907.0907692307693,914.61
Amarillo → Grand Rapids,13,2909.4700000000003,2916.47
San Francisco → Grand Rapids,13,4170.03,4301.81
San Antonio → Providence,13,4279.666923076923,4310.19
San Antonio → New York,13,3613.89,3633.88
San Antonio → Milwaukee,13,2197.683076923077,2152.23
Buffalo → Lubbock,13,3360.963846153846,3322.99
Mobile → Little Rock,13,872.8169230769231,856.5
Mobile → Jacksonville,13,718.0207692307692,701.1
Mobile → Chattanooga,13,762.14,761.96
Mobile → Boston,13,3193.583846153846,2720.36
Baton Rouge → Buffalo,13,2272.646923076923,2478.99
Kansas City → Austin,13,2174.563076923077,2147.82
Charleston → Savannah,13,521.9392307692308,515.58
Tulsa → Columbia,13,1705.6684615384615,1692.07
Chattanooga → Greensboro,13,766.9907692307692,765.83
Fort Wayne → Austin,13,2776.5476923076926,2726.09
Lexington → Reno,13,4061.416153846154,4055.95
El Paso → Syracuse,13,4242.202307692308,4247.36
Los Angeles → Chattanooga,13,4054.506153846154,4007.13
Little Rock → Richmond,13,2552.8046153846153,2195.23
Little Rock → Lexington,13,1221.2546153846154,1194.64
Cincinnati → Madison,12,990.0324999999999,958.605
Little Rock → Bakersfield,12,3487.224166666667,3417.08
Little Rock → El Paso,12,2611.210833333333,2616.965
Las Vegas → Lexington,12,4013.59,4054.265
Little Rock → Mobile,12,865.5816666666666,852.9100000000001
Little Rock → Syracuse,12,2467.9225,2501.49
Los Angeles → Boston,12,5994.389166666667,5962.01
El Paso → Shreveport,12,3318.7616666666668,2681.21
Albany → Montgomery,12,2845.9150000000004,2751.2250000000004
Tucson → New Orleans,12,2969.3191666666667,2929.115
Green Bay → Memphis,12,1630.7308333333333,1605.13
Green Bay → Reno,12,3620.375,3561.38
Chattanooga → Houston,12,1419.5283333333334,1460.185
Fort Wayne → Chattanooga,12,1176.845,1172.96
Fort Wayne → Green Bay,12,707.9175,717.155
Boston → Buffalo,12,1364.9791666666667,1396.135
El Paso → Tulsa,12,2701.8516666666665,2254.63
Fort Wayne → Albuquerque,12,3256.206666666667,3315.87
Tucson → Washington,12,4778.518333333333,4699.6849999999995
Tulsa → Austin,12,1190.4558333333332,1196.255
Tulsa → Fresno,12,3306.771666666667,3295.8050000000003
Tulsa → Grand Rapids,12,2119.3658333333333,2096.2799999999997
Tulsa → Greensboro,12,1916.325,1918.935
Lexington → Baltimore,12,1747.4708333333335,1673.5900000000001
Mobile → Baltimore,12,2327.9741666666664,2255.4300000000003
Mobile → Green Bay,12,2123.3908333333334,2111.11
Baltimore → Nashville,12,2103.695,2117.9350000000004
Baltimore → Shreveport,12,2925.5933333333337,2951.51
Mobile → St. Louis,12,1348.6083333333333,1337.1599999999999
Amarillo → El Paso,12,1038.5841666666668,1038.58
San Antonio → Philadelphia,12,3714.5316666666663,3672.69
San Antonio → Reno,12,3226.0608333333334,3188.615
San Francisco → Baton Rouge,12,3751.1891666666666,3876.495
San Francisco → Fort Wayne,12,4238.1725,4205.835
Corpus Christi → San Antonio,12,582.7175,585.245
Buffalo → Memphis,12,1819.9541666666667,1752.1399999999999
Amarillo → Little Rock,12,2542.0891666666666,1943.5300000000002
Amarillo → Lubbock,12,1444.4183333333333,1079.81
San Antonio → Chattanooga,12,2035.63,2058.815
Fresno → Toledo,12,4665.425,4723.195
Jacksonville → Providence,12,2293.891666666667,2292.915
Jacksonville → Richmond,12,1568.2191666666668,1554.5749999999998
Jacksonville → Tampa,12,896.1716666666666,890.69
Detroit → Greensboro,12,1380.9666666666665,1375.77
Montgomery → Austin,12,2072.6366666666668,2045.875
Baltimore → Mobile,12,2477.1633333333334,2460.54
Montgomery → Green Bay,12,2172.515,2147.825
Montgomery → Jacksonville,12,424.5208333333333,427.96
Richmond → Harrisburg,12,480.125,483.19
Amarillo → Raleigh,12,4058.5633333333335,3684.825
Shreveport → Amarillo,12,1846.6091666666669,1815.79
San Francisco → Nashville,12,4323.56,4353.175
Harrisburg → Shreveport,12,2289.409166666667,2249.6899999999996
San Francisco → Shreveport,12,4682.412499999999,3910.82
San Francisco → Syracuse,12,5127.155,5007.225
Harrisburg → Kansas City,12,2061.789166666667,1757.325
Harrisburg → Los Angeles,12,5088.425833333334,4981.135
Harrisburg → Milwaukee,12,1421.0666666666666,1444.085
Corpus Christi → Syracuse,12,3220.7875,3394.09
Corpus Christi → Tucson,12,2597.1633333333334,2582.21
Dallas → Bakersfield,12,3134.8841666666667,3060.26
Richmond → New Orleans,12,2347.1516666666666,2359.185
Richmond → Savannah,12,1426.8483333333334,1161.695
Salt Lake City → Fort Wayne,12,3467.4275,3410.4049999999997
Fresno → Philadelphia,12,5744.219166666667,5667.43
Richmond → Chattanooga,12,1575.6525,1566.795
Milwaukee → Dayton,12,527.86,525.585
Milwaukee → Harrisburg,12,1298.6316666666667,1373.1599999999999
Milwaukee → Houston,12,1922.5791666666667,1875.585
Baton Rouge → Corpus Christi,12,783.1966666666667,792.285
Baton Rouge → Green Bay,12,2501.64,2413.115
Harrisburg → New York,12,667.445,660.8050000000001
Savannah → Kansas City,12,1638.7541666666666,1610.2
Savannah → Los Angeles,12,4678.955833333333,4538.445
Savannah → Mobile,12,1065.25,1057.46
Savannah → Nashville,12,1016.8191666666667,1014.9449999999999
Savannah → St. Louis,12,1484.1175,1505.99
Reno → Boston,12,5520.373333333333,5596.96
Reno → Jacksonville,12,4031.8016666666667,4204.99
Atlanta → Birmingham,12,388.7558333333333,375.85
Atlanta → Buffalo,12,1562.2691666666667,1520.65
Reno → Los Angeles,12,1956.7358333333334,2006.91
Hartford → Montgomery,12,2388.400833333333,2423.64
Columbia → San Francisco,12,4852.878333333333,4860.505
Syracuse → Albuquerque,12,4018.1749999999997,3966.5249999999996
Corpus Christi → Bakersfield,12,3135.226666666667,3087.375
Buffalo → San Francisco,12,5119.3275,5035.8099999999995
Harrisburg → Dayton,12,1125.5983333333334,1101.72
Shreveport → Corpus Christi,12,1034.9841666666666,1001.995
Harrisburg → Columbia,12,1270.1841666666667,1274.365
Grand Rapids → El Paso,12,3275.7066666666665,3276.19
Baton Rouge → Providence,12,3423.1749999999997,3410.77
Memphis → Savannah,12,1406.8908333333331,1242.48
Baton Rouge → Louisville,12,1546.7258333333332,1517.7350000000001
Milwaukee → Baltimore,12,2600.1891666666666,2150.245
Milwaukee → Charleston,12,1608.6383333333333,1580.1100000000001
Albuquerque → Philadelphia,12,4488.6975,4375.115
Albuquerque → Reno,12,1485.7124999999999,1479.1950000000002
Nashville → Baltimore,12,2167.355,2076.12
Baltimore → Green Bay,12,2124.0358333333334,2144.5249999999996
Raleigh → Bakersfield,12,4828.591666666666,4778.42
Raleigh → Memphis,12,1797.22,1878.1550000000002
Raleigh → Montgomery,12,1487.8325000000002,1461.65
Tampa → Dayton,12,2029.0325,2003.915
Tampa → Philadelphia,12,2631.0808333333334,2595.94
Syracuse → Fresno,12,5145.909166666666,5190.575
Syracuse → Green Bay,12,1351.5933333333332,1341.0300000000002
Albuquerque → Green Bay,12,3043.665833333333,2996.26
Albuquerque → Hartford,12,4438.01,4326.07
Syracuse → Milwaukee,12,1591.1716666666669,1595.585
Greensboro → Houston,12,1975.6966666666667,1925.315
Bakersfield → Washington,12,4893.5625,4888.395
Nashville → Toledo,12,1325.7725,1306.03
Phoenix → Reno,12,1881.1408333333331,1867.305
Providence → Cincinnati,12,2296.250833333333,2307.075
Providence → Phoenix,12,6859.190833333333,6300.575000000001
Providence → Richmond,12,1129.47,1136.13
Madison → Columbia,12,1605.0125,1595.175
Madison → Hartford,12,2193.568333333333,2169.63
Madison → Lubbock,12,2486.695833333333,2411.52
Memphis → Albany,12,2561.806666666667,2695.9
Memphis → Fresno,12,3917.1891666666666,3843.21
Greensboro → Phoenix,12,5431.278333333333,4393.120000000001
Greensboro → Reno,12,4301.320833333333,4238.105
Madison → Atlanta,12,1386.4833333333333,1371.315
Albuquerque → Columbia,12,3621.2016666666664,3692.74
Columbia → Harrisburg,12,1221.1641666666667,1244.2849999999999
Toledo → Cincinnati,12,985.2083333333334,965.855
New Orleans → Harrisburg,12,2307.340833333333,2346.1899999999996
New Orleans → Phoenix,12,3603.681666666667,3555.995
Fort Wayne → Washington,12,1227.6225000000002,1208.325
New York → Fresno,12,5543.260833333334,5368.09
Phoenix → Dallas,12,3095.486666666666,3081.7
Houston → Raleigh,12,2608.4583333333335,2606.17
Atlanta → Reno,12,3811.226666666667,4046.56
Fresno → Green Bay,12,4186.984166666666,4153.985
Indianapolis → Nashville,12,736.8975,722.655
Indianapolis → Richmond,12,1492.0516666666665,1548.045
Dayton → Memphis,12,1080.6608333333334,1094.21
Dayton → Oklahoma City,12,2208.9533333333334,2135.12
New York → Tampa,12,2690.6974999999998,2682.685
New York → Tulsa,12,3237.8025,3043.5249999999996
Austin → Nashville,12,2089.9016666666666,2062.275
Oklahoma City → Washington,12,3088.2250000000004,3125.8500000000004
Philadelphia → Boston,12,588.55,581.31
Philadelphia → Fresno,12,5679.1016666666665,5718.825
Philadelphia → Houston,12,2997.2316666666666,3127.31
Los Angeles → Syracuse,12,6374.636666666666,5099.91
El Paso → Madison,12,2904.9308333333333,2818.965
Charleston → Columbia,12,655.9408333333333,651.48
Toledo → Milwaukee,12,809.0441666666667,795.38
Tucson → Albany,12,5470.420833333334,5368.525
Grand Rapids → Tampa,12,2444.396666666667,2362.1000000000004
Lubbock → Cincinnati,12,2260.5033333333336,2187.29
Lubbock → El Paso,12,1810.345,1776.67
Cincinnati → Tulsa,12,1470.5725,1470.045
Tucson → Shreveport,12,3063.1808333333333,3032.605
Green Bay → Columbia,12,1754.5158333333331,1732.595
Cincinnati → Austin,12,2416.1150000000002,2387.24
Albany → Savannah,12,2214.2966666666666,2217.885
Los Angeles → Indianapolis,12,4020.995833333333,3993.92
Los Angeles → Lubbock,12,2591.3158333333336,2603.38
Atlanta → San Francisco,12,4434.716666666666,4424.455
Indianapolis → Hartford,12,2167.1675,2189.235
Indianapolis → Lexington,12,776.3266666666667,769.9100000000001
Dayton → Fresno,12,4528.4591666666665,4484.545
Austin → San Antonio,12,336.945,329.11
Oklahoma City → San Francisco,12,3121.8391666666666,3125.545
Oklahoma City → Tampa,12,1883.7375,1890.525
Green Bay → Amarillo,12,3579.0141666666664,2942.365
Tulsa → Lubbock,12,1338.0966666666666,1164.3
Albany → Dallas,12,3329.710833333333,3506.935
Tulsa → Shreveport,12,565.3383333333333,557.0799999999999
Washington → Bakersfield,12,4534.319166666667,4783.17
Albany → Jacksonville,11,2619.177272727273,2621.53
Tulsa → Houston,11,621.5127272727273,660.55
Tulsa → Albany,11,3389.0054545454545,3328.76
Green Bay → El Paso,11,3054.968181818182,3197.15
Lexington → Indianapolis,11,720.6363636363636,700.11
Boston → Atlanta,11,2318.630909090909,2304.89
Lexington → Harrisburg,11,1093.5236363636363,1072.17
Fort Wayne → Indianapolis,11,790.329090909091,783.33
Chattanooga → Jacksonville,11,851.6372727272727,831.5
Lexington → Birmingham,11,781.4709090909091,772.29
Austin → Phoenix,11,2439.458181818182,2390.06
Dayton → Jacksonville,11,1476.42,1460.18
Dayton → Harrisburg,11,1408.7163636363637,1036.6
Dayton → Fort Wayne,11,378.9418181818182,372.9
Philadelphia → Tulsa,11,2733.7227272727273,2821.82
Austin → El Paso,11,1804.8572727272729,1782.97
Philadelphia → Savannah,11,1526.3954545454544,1550.7
Dayton → Atlanta,11,1013.6727272727272,975.83
Philadelphia → Harrisburg,11,761.949090909091,807.9
Indianapolis → Fort Wayne,11,815.9245454545454,841.16
Indianapolis → Buffalo,11,1813.192727272727,1554.33
Austin → New York,11,3814.7190909090914,3867.57
Oklahoma City → Dallas,11,820.5554545454546,820.48
Bakersfield → Austin,11,2675.318181818182,2661.22
Dayton → Los Angeles,11,4358.238181818182,4381.12
Indianapolis → Oklahoma City,11,1838.6045454545456,1807.03
Houston → Lubbock,11,953.4281818181818,944.04
Fresno → Lexington,11,4366.821818181818,4291.28
Fresno → Indianapolis,11,4027.0109090909086,3913.76
Phoenix → Madison,11,3738.3081818181818,3974.36
Dallas → Syracuse,11,2926.7045454545455,2785.51
Houston → Tulsa,11,656.7009090909091,646.48
Houston → Tucson,11,3338.115454545455,2754.2
Houston → Toledo,11,2327.918181818182,2313.82
Houston → Philadelphia,11,3318.802727272727,3328.7
Bakersfield → Boston,11,5820.597272727273,5762.63
New York → Corpus Christi,11,3497.5154545454543,3417.7
Dayton → Toledo,11,530.8181818181819,516.9
New York → Charleston,11,1436.889090909091,1471.38
New York → Buffalo,11,794.039090909091,779.84
New York → Albuquerque,11,4465.512727272727,4511.83
Charleston → Tampa,11,1525.5854545454545,1468.95
New Orleans → Oklahoma City,11,1092.049090909091,1079.93
Houston → Fresno,11,3395.5672727272727,3426.8
Providence → Philadelphia,11,680.3745454545455,668.73
Providence → Atlanta,11,2314.66,2294.66
Phoenix → Washington,11,5013.9345454545455,4980.31
Atlanta → Little Rock,11,990.3772727272727,983.41
Atlanta → Greensboro,11,678.3363636363637,681.48
New Orleans → Fort Wayne,11,1830.557272727273,1814.85
New Orleans → Cincinnati,11,1178.8627272727272,1243.08
Bakersfield → Providence,11,5860.58,5846.36
Nashville → Indianapolis,11,711.0363636363636,704.78
Baltimore → Albany,11,1125.010909090909,1121.82
Jacksonville → Fort Wayne,11,1724.4536363636362,1707.29
Jacksonville → Corpus Christi,11,2274.0918181818183,1840.58
Jacksonville → Cincinnati,11,1069.040909090909,1074.93
Raleigh → Tulsa,11,2580.008181818182,2568.09
Raleigh → Kansas City,11,2004.6354545454544,1987.47
Raleigh → Jacksonville,11,1281.32,1278.06
Raleigh → Hartford,11,1086.8209090909093,1078.23
Raleigh → Buffalo,11,1127.749090909091,1126.8
Raleigh → Amarillo,11,3648.759090909091,3622.66
Houston → Los Angeles,11,3270.0036363636364,3223.34
Houston → Harrisburg,11,2682.7690909090907,2653.41
Baltimore → Fort Wayne,11,1730.8263636363636,1683.04
Baltimore → El Paso,11,4615.400000000001,4748.61
Nashville → Austin,11,2076.469090909091,2065.65
Montgomery → Washington,11,2150.6154545454547,1848.26
Montgomery → Reno,11,4469.995454545454,4593.73
Jacksonville → Hartford,11,2095.367272727273,2009.89
Montgomery → New York,11,2250.947272727273,2219.81
Montgomery → Mobile,11,488.54545454545456,475.77
Atlanta → El Paso,11,3191.8,3238.85
Reno → Kansas City,11,3357.879090909091,3364.79
Reno → Greensboro,11,4356.407272727273,4381.87
Reno → Columbia,11,4073.100909090909,4333.35
Fresno → Savannah,11,5467.419999999999,4968.69
Amarillo → Savannah,11,2969.1045454545456,3004.7
Reno → New York,11,4886.416363636364,4936.57
Reno → Mobile,11,3981.090909090909,4043.89
Reno → Milwaukee,11,3619.708181818182,3705.9
Fresno → Louisville,11,4216.010909090909,4178.53
Salt Lake City → Phoenix,11,1229.8145454545454,1232.09
Salt Lake City → Mobile,11,3113.3218181818183,3326.07
Salt Lake City → Green Bay,11,3172.289090909091,3428.99
Richmond → Indianapolis,11,1583.51,1609.32
Charleston → Nashville,11,1514.8136363636365,1270.61
Montgomery → Harrisburg,11,1830.230909090909,1855.82
Montgomery → Fresno,11,6095.699090909091,4616.45
Montgomery → Corpus Christi,11,1546.7972727272727,1681.79
Amarillo → Charleston,11,3376.228181818182,3312.14
Amarillo → Buffalo,11,3440.7972727272722,3339.63
San Antonio → Jacksonville,11,2222.718181818182,2211.81
San Antonio → Corpus Christi,11,588.7645454545454,588.46
Hartford → Austin,11,3832.1454545454544,3793.32
Salt Lake City → Syracuse,11,4406.217272727273,4348.76
San Francisco → Columbia,11,4906.213636363636,4826.49
San Francisco → Cincinnati,11,4242.166363636364,4207.18
San Francisco → Amarillo,11,2526.4218181818183,2509.41
San Antonio → St. Louis,11,2032.0936363636363,2007.92
Grand Rapids → Baltimore,11,1849.7390909090907,1979.6
Grand Rapids → Amarillo,11,2947.820909090909,2947.83
Mobile → Raleigh,11,1751.447272727273,1708.67
Mobile → El Paso,11,3182.205454545455,3109.03
Baton Rouge → Austin,11,1241.3909090909092,1212.39
Baltimore → Tucson,11,5084.085454545455,5012.22
Harrisburg → Montgomery,11,1853.0336363636363,1870.05
Harrisburg → Mobile,11,1952.209090909091,1896.98
Harrisburg → Lubbock,11,3205.043636363637,3193.54
Albuquerque → Shreveport,11,2495.5499999999997,2446.79
Shreveport → Austin,11,1422.7554545454548,1434.45
Savannah → Richmond,11,1173.530909090909,1170.49
Savannah → Phoenix,11,4651.030909090909,4700.02
Savannah → Milwaukee,11,1379.5318181818182,1383.71
Mobile → Albuquerque,11,3099.064545454545,3100.03
Milwaukee → Tulsa,11,1541.84,1533.26
Milwaukee → Tampa,11,1955.270909090909,1984.46
Milwaukee → Savannah,11,1447.1745454545455,1403.05
Baton Rouge → Detroit,11,3019.526363636364,2493.21
Milwaukee → Jacksonville,11,1524.3890909090908,1515.94
Milwaukee → Chattanooga,11,922.1372727272727,929.57
Grand Rapids → Jacksonville,11,1864.79,1828.97
Grand Rapids → Indianapolis,11,1034.9727272727273,1035.33
Grand Rapids → Harrisburg,11,1300.02,1267.79
Shreveport → Lubbock,11,1388.0690909090908,1371.32
Shreveport → Louisville,11,1239.7372727272727,1227.52
Shreveport → Indianapolis,11,1311.1254545454544,1320.2
Buffalo → Reno,11,4581.61,4516.61
Corpus Christi → Amarillo,11,1604.7645454545454,1601.44
St. Louis → Phoenix,11,3875.8327272727274,3849.45
Albuquerque → New York,11,4338.47,4344.78
Albuquerque → Memphis,11,2728.5554545454547,2721.04
Milwaukee → Boston,11,2506.7536363636364,2466.68
Milwaukee → Birmingham,11,1241.6781818181817,1247.78
Baton Rouge → Indianapolis,11,1615.55,1581.6
Memphis → Toledo,11,1302.898181818182,1383.7
Boston → Jacksonville,11,3221.703636363636,2472.19
Fort Wayne → Madison,11,695.4445454545454,690.05
Greensboro → Jacksonville,11,805.9045454545455,839.25
Albuquerque → Greensboro,11,3476.0354545454543,3588.74
Syracuse → Buffalo,11,389.5181818181818,380.65
Syracuse → Boston,11,1266.6909090909091,1311.04
Charleston → Fresno,11,5219.59,5178.88
Grand Rapids → Montgomery,11,2057.9463636363635,2043.47
Tampa → San Francisco,11,4714.402727272727,4853.35
Tampa → Los Angeles,11,4095.63,4045.17
Syracuse → Tampa,11,2610.749090909091,2598.65
Memphis → Indianapolis,11,672.0063636363636,669.53
Memphis → Chattanooga,11,558.7572727272727,449.07
Memphis → Buffalo,11,1891.9154545454546,1855.05
Madison → Philadelphia,11,2178.4745454545455,2195.41
Madison → Mobile,11,1830.5354545454545,1856.04
Boston → Lubbock,11,4184.799090909091,4115.45
Madison → Cincinnati,11,993.5727272727272,969.15
Green Bay → Tulsa,11,2152.6581818181817,2093.86
Columbia → Little Rock,11,1340.5345454545454,1352.99
Columbia → Las Vegas,11,4118.349090909091,3956.11
Cincinnati → Chattanooga,11,475.8781818181818,472.95
Albuquerque → Chattanooga,11,3049.090909090909,2970.23
Charleston → Harrisburg,11,1067.06,1048.64
Madison → Chattanooga,11,1122.7927272727272,1190.1
Lubbock → Tulsa,11,1164.5572727272727,1150.48
Chattanooga → Los Angeles,11,4065.939090909091,4099.55
El Paso → Greensboro,11,4360.069090909091,3522.89
Kansas City → Washington,11,1841.9263636363635,1822.65
Birmingham → Columbia,11,676.4272727272727,669.91
Lubbock → Fresno,11,2796.939090909091,2766.8
Tucson → Austin,11,2032.3745454545453,2032.16
Tucson → Albuquerque,11,1419.7345454545455,1016.38
Toledo → Providence,11,2098.3445454545454,2062.62
Toledo → New York,11,1360.2418181818182,1402.0
Toledo → Madison,11,1031.7981818181818,764.68
Toledo → Fresno,11,4398.177272727273,4374.08
Lubbock → Charleston,11,2971.6072727272726,2894.43
Lubbock → Boston,11,4159.650000000001,4105.28
Lubbock → Baltimore,11,3888.868181818182,3793.81
Louisville → Richmond,11,1566.3527272727274,1553.2
Louisville → Amarillo,11,2509.8845454545453,2481.79
Los Angeles → Salt Lake City,11,1313.1945454545455,1299.89
Birmingham → Los Angeles,11,4036.829090909091,4081.96
Los Angeles → Milwaukee,11,4040.618181818182,3968.27
Los Angeles → Madison,11,4104.162727272727,4058.51
El Paso → Toledo,11,3479.02,3572.24
Albany → Madison,11,2291.718181818182,2249.86
Tucson → Harrisburg,11,4596.847272727273,4553.24
Tucson → Corpus Christi,11,2594.9218181818183,2567.42
Albany → Salt Lake City,11,5025.046363636364,5006.34
Cincinnati → Albuquerque,11,3090.2,3108.67
Columbia → Chattanooga,11,732.8363636363637,740.77
Cincinnati → Indianapolis,11,529.6663636363636,542.56
Green Bay → Dayton,11,934.2299999999999,970.39
Green Bay → Chattanooga,11,1564.6554545454544,1530.36
Tucson → Tulsa,11,2644.6418181818185,2597.51
Cincinnati → Dayton,11,653.2418181818182,669.78
Cincinnati → Tampa,11,1653.0145454545454,1623.43
Cincinnati → Reno,11,3704.524545454545,3626.2
Green Bay → Lexington,11,1388.6709090909092,1378.22
Cincinnati → New Orleans,11,1240.0881818181817,1243.84
El Paso → Raleigh,11,4299.099090909091,4259.95
Birmingham → Shreveport,11,1023.2790909090909,1009.07
Little Rock → Philadelphia,11,2694.0672727272727,2714.49
Little Rock → Boston,11,3117.490909090909,3160.75
Little Rock → Baton Rouge,11,826.3063636363637,833.45
Washington → Mobile,11,2034.9463636363637,2001.73
Las Vegas → Tucson,11,655.3236363636363,651.21
Washington → Richmond,11,286.55727272727273,232.12
Tulsa → San Antonio,11,1086.9781818181818,1085.4
Green Bay → Atlanta,11,2025.9936363636364,1755.06
Washington → Nashville,10,1698.4560000000001,1663.15
Fresno → Albany,10,5834.803,5896.75
Albany → Grand Rapids,10,1874.7900000000002,1817.96
Tulsa → Philadelphia,10,3235.579,3269.245
Fresno → Boston,10,6160.404,6167.35
Boston → Fresno,10,6389.587,6458.450000000001
Milwaukee → Las Vegas,10,3644.597,3625.835
Raleigh → Savannah,10,907.5619999999999,909.5899999999999
Houston → Albuquerque,10,2500.9880000000003,2537.32
Houston → Baltimore,10,3229.02,3060.3
Houston → Boston,10,3748.4080000000004,3732.745
Reno → Dayton,10,4856.072,3926.625
Reno → Harrisburg,10,4681.09,4741.16
Atlanta → Baltimore,10,2663.808,1905.82
Green Bay → Oklahoma City,10,2675.469,2664.795
Green Bay → Phoenix,10,4141.285,4073.3900000000003
Green Bay → Providence,10,2475.952,2442.81
Boston → Cincinnati,10,2994.826,2280.73
Boston → Corpus Christi,10,3822.364,3786.01
Bakersfield → Savannah,10,4462.437,4373.26
Cincinnati → San Francisco,10,4402.942,4462.35
Tucson → Tampa,10,3796.903,3765.425
Green Bay → Charleston,10,1963.586,1900.895
Lexington → Washington,10,1216.2649999999999,1199.165
Albany → Washington,10,1236.559,1253.21
Boston → Chattanooga,10,2405.318,2430.355
Tucson → Madison,10,3410.489,3375.81
Cincinnati → Providence,10,2360.44,2320.345
Hartford → New Orleans,10,2874.904,2897.08
Hartford → San Francisco,10,6059.5,6104.955
Houston → Dayton,10,2052.938,2041.645
Reno → Charleston,10,4963.523,5156.215
Raleigh → Houston,10,2529.584,2535.325
Raleigh → Los Angeles,10,5265.963,5226.68
Raleigh → New York,10,1023.5020000000001,1026.665
Chattanooga → Buffalo,10,1726.3849999999998,1729.915
Memphis → St. Louis,10,665.699,647.415
Memphis → Madison,10,1172.993,1178.635
Memphis → Providence,10,2715.861,2628.51
Salt Lake City → Baton Rouge,10,3026.172,2992.085
Madison → Tucson,10,3432.0910000000003,3272.325
Fort Wayne → Louisville,10,877.3530000000001,828.69
Richmond → Austin,10,3255.109,3240.665
Richmond → Boston,10,1130.8139999999999,1128.12
Amarillo → Tampa,10,2775.59,2723.3450000000003
Buffalo → Green Bay,10,1285.02,1267.2600000000002
Fresno → San Francisco,10,607.14,587.92
New York → Nashville,10,2548.312,2149.92
Indianapolis → Milwaukee,10,326.457,325.32
Nashville → Reno,10,4042.3370000000004,4137.08
Bakersfield → Little Rock,10,3384.393,3389.105
New Orleans → Tucson,10,2900.598,2868.59
New York → Albany,10,840.028,843.98
New York → Boston,10,738.0930000000001,743.37
Fort Wayne → Dayton,10,365.66700000000003,368.24
Toledo → San Francisco,10,4475.0830000000005,4385.1849999999995
Toledo → Tulsa,10,2064.9900000000002,2065.71
Lexington → Louisville,10,493.49300000000005,489.78999999999996
Lexington → St. Louis,10,830.61,823.645
Little Rock → Houston,10,923.844,917.065
Columbia → Austin,10,2554.949,2537.99
Columbia → Birmingham,10,700.155,711.285
Atlanta → Albuquerque,10,3039.185,3042.4049999999997
Boston → Toledo,10,1955.225,1938.9099999999999
Detroit → Philadelphia,10,1654.654,1653.75
Mobile → Austin,10,1979.812,2054.29
Baltimore → Syracuse,10,1039.647,1035.5500000000002
Fort Wayne → Savannah,10,1428.673,1423.75
Providence → Shreveport,10,3163.939,3130.25
Buffalo → Albany,10,1085.331,1073.42
Albuquerque → Atlanta,10,2967.107,3191.235
Little Rock → Montgomery,10,1139.433,1126.045
Little Rock → Phoenix,10,3405.125,3404.99
Albuquerque → Cincinnati,10,2987.395,2935.665
Columbia → Jacksonville,10,628.844,638.435
Columbia → Madison,10,1571.282,1542.335
Columbia → Corpus Christi,10,2148.666,2094.885
Greensboro → Albuquerque,10,3606.793,3589.815
Toledo → Greensboro,10,1161.953,1169.185
Corpus Christi → Tampa,10,1484.72,1532.1599999999999
Hartford → Boston,10,495.73999999999995,502.20000000000005
Madison → Tulsa,10,1707.548,1692.8200000000002
Memphis → Boston,10,2726.812,2685.46
Memphis → Green Bay,10,1630.1860000000001,1572.95
Memphis → Houston,10,1286.447,1267.275
Salt Lake City → Chattanooga,10,3631.799,3677.02
Salt Lake City → Hartford,10,4649.668,4893.674999999999
El Paso → Buffalo,10,4173.579,4064.3199999999997
San Antonio → Buffalo,10,3303.8010000000004,3198.955
San Antonio → El Paso,10,2045.145,2002.745
Madison → Harrisburg,10,1616.676,1598.65
Madison → Shreveport,10,1638.4,1633.835
Salt Lake City → Lexington,10,3655.1339999999996,3645.93
Salt Lake City → Milwaukee,10,3298.7400000000002,3271.6549999999997
Birmingham → Reno,10,4055.79,4109.47
Tampa → Syracuse,10,2725.593,2717.7650000000003
Toledo → Albany,10,1658.9330000000002,1634.48
Toledo → Baltimore,10,2113.7889999999998,1707.42
Grand Rapids → New York,10,1699.7869999999998,1668.255
Charleston → Grand Rapids,10,1816.4739999999997,1833.54
Jacksonville → Grand Rapids,10,2009.693,1994.115
Nashville → Green Bay,10,1625.385,1609.1799999999998
Dayton → Shreveport,10,1647.0819999999999,1651.7649999999999
Little Rock → Cincinnati,10,1013.933,996.98
Chattanooga → Tucson,10,3587.958,3512.08
Chattanooga → Tulsa,10,1235.059,1224.4499999999998
Jacksonville → Madison,10,1872.952,1843.585
Jacksonville → Milwaukee,10,1481.23,1455.8649999999998
Jacksonville → Montgomery,10,393.684,393.655
Indianapolis → Philadelphia,10,1924.529,2030.485
Detroit → Cincinnati,10,1314.569,1297.895
Jacksonville → Boston,10,2351.317,2410.795
Dayton → Mobile,10,1432.95,1491.495
New York → Salt Lake City,10,4872.043,4739.965
Buffalo → Amarillo,10,3533.8840000000005,3422.385
Charleston → Providence,10,1609.12,1639.56
Charleston → Raleigh,10,521.758,502.025
Kansas City → Amarillo,10,2105.784,2108.4049999999997
Baton Rouge → Birmingham,10,1190.7,1214.17
Providence → Milwaukee,10,2436.2599999999998,2378.015
Buffalo → Corpus Christi,10,2833.366,3062.9700000000003
Tampa → Grand Rapids,10,2443.369,2447.13
El Paso → Tampa,10,3312.4730000000004,3278.3149999999996
Greensboro → Detroit,10,1370.007,1347.58
Greensboro → Green Bay,10,1619.9879999999998,1607.585
Chattanooga → Reno,10,4058.7409999999995,4046.635
Chattanooga → San Antonio,10,2004.479,2013.17
Amarillo → Louisville,10,2499.943,2485.18
Mobile → Madison,10,1806.539,1787.1950000000002
Mobile → New Orleans,10,753.39,740.565
Providence → Albany,10,1194.1209999999999,1194.685
Madison → Indianapolis,10,730.8399999999999,732.56
Madison → Jacksonville,10,1695.659,1757.535
San Antonio → Houston,10,784.145,770.3299999999999
San Antonio → Indianapolis,10,2082.562,2069.88
Amarillo → Corpus Christi,10,1606.05,1626.47
San Francisco → Phoenix,10,1525.9940000000001,1511.115
Madison → Boston,10,2595.088,2574.235
Dayton → Greensboro,10,894.7630000000001,905.235
Syracuse → New York,10,718.03,716.81
Los Angeles → New Orleans,10,3488.744,3505.315
Syracuse → Raleigh,10,1222.114,1267.54
Syracuse → San Francisco,10,5264.308,5177.46
Little Rock → Toledo,10,1711.273,1698.31
Tampa → Charleston,10,1510.807,1505.03
Tampa → El Paso,10,3352.6639999999998,3274.19
San Francisco → Albany,10,5678.102,5552.365
Providence → Greensboro,10,1901.247,1855.115
Providence → Lexington,10,2136.538,2120.865
Mobile → Tampa,10,1103.6680000000001,797.865
Jacksonville → Syracuse,10,2023.034,1961.01
Buffalo → Boston,10,1916.1979999999999,1254.6599999999999
Atlanta → Green Bay,10,1747.096,1798.515
Albuquerque → El Paso,10,557.14,551.345
Albuquerque → Houston,10,2352.1220000000003,2331.9849999999997
Baltimore → Montgomery,10,2160.788,2197.96
Oklahoma City → Greensboro,10,2247.744,2342.115
Austin → Mobile,10,1784.1970000000001,1755.67
Austin → Oklahoma City,10,629.0179999999999,625.3699999999999
Dayton → El Paso,10,3265.8360000000002,3319.355
Dayton → Green Bay,10,908.033,893.5699999999999
Corpus Christi → Hartford,10,3564.822,3558.8500000000004
Corpus Christi → Jacksonville,10,1890.955,1845.8850000000002
Lubbock → Raleigh,10,3464.432,3469.435
El Paso → Green Bay,10,3343.079,3318.3500000000004
Chattanooga → Madison,10,1290.664,1264.115
Phoenix → Raleigh,10,4907.076999999999,4722.385
Phoenix → Corpus Christi,10,2996.4790000000003,2885.49
Detroit → Houston,10,2432.243,2542.59
Albuquerque → Kansas City,10,2418.212,2541.8999999999996
Albuquerque → Los Angeles,10,1603.025,1599.355
St. Louis → Mobile,10,1334.475,1318.7350000000001
Louisville → Boston,10,2434.096,2397.355
Greensboro → Savannah,10,569.411,568.895
Syracuse → Savannah,10,1695.8260000000002,1690.56
Syracuse → Tulsa,10,2510.3599999999997,2703.625
Los Angeles → Tampa,10,4269.289,4219.155
Harrisburg → Albuquerque,10,4020.4610000000002,3978.7650000000003
Syracuse → Corpus Christi,10,3283.493,3321.84
Montgomery → Albuquerque,10,3303.1160000000004,3280.4300000000003
Houston → New York,10,3998.732,3184.315
Houston → Phoenix,10,3133.2,3175.88
Lubbock → Albuquerque,10,1815.318,1752.865
Lubbock → Chattanooga,10,2113.4849999999997,2088.4399999999996
Harrisburg → Oklahoma City,10,3466.2879999999996,3010.94
San Francisco → San Antonio,10,3363.1169999999997,3321.745
Mobile → Providence,10,2780.157,2749.545
Dayton → Bakersfield,10,4165.872,4191.16
Montgomery → Boston,10,2643.912,2641.55
Montgomery → Dayton,10,1532.035,1513.49
Shreveport → San Francisco,10,4062.2339999999995,4093.1800000000003
St. Louis → Bakersfield,10,3636.942,3645.66
St. Louis → El Paso,10,2943.2380000000003,2890.585
Dayton → Albany,10,1907.641,1888.9650000000001
Montgomery → Tulsa,10,1498.925,1449.99
Oklahoma City → Madison,10,2086.335,2062.975
Oklahoma City → Salt Lake City,10,2172.422,2161.4449999999997
Austin → Indianapolis,10,2164.568,2189.71
Harrisburg → Grand Rapids,10,1277.173,1294.755
Shreveport → Fresno,10,3856.843,3864.09
Grand Rapids → Greensboro,10,1350.764,1422.885
Grand Rapids → Little Rock,10,1814.4419999999998,1829.38
Albuquerque → Raleigh,10,4096.286,4035.51
Shreveport → Providence,10,3039.802,3223.16
Louisville → Hartford,10,2144.257,2119.745
Philadelphia → Reno,10,5299.721,5406.28
Albuquerque → San Antonio,10,2062.552,2057.465
Albuquerque → Savannah,10,3683.082,3581.83
Corpus Christi → Lubbock,10,837.5889999999999,838.05
Corpus Christi → Milwaukee,10,2073.733,2198.11
Kansas City → St. Louis,10,368.755,369.54499999999996
Las Vegas → Bakersfield,10,371.565,327.995
Savannah → Charleston,10,496.976,523.1600000000001
Savannah → Fresno,10,4986.726,4978.295
Louisville → Mobile,10,1079.061,1047.6
Louisville → Nashville,10,534.8050000000001,534.265
Lubbock → Dayton,10,2608.6510000000003,2583.5699999999997
Corpus Christi → Grand Rapids,10,2768.134,2744.66
Amarillo → Albuquerque,10,1375.087,1020.905
Buffalo → St. Louis,10,1668.768,1657.895
Atlanta → St. Louis,10,939.0,949.56
Montgomery → Memphis,10,1268.585,1065.97
Jacksonville → Houston,10,1707.0279999999998,1644.505
Lubbock → Green Bay,10,2917.491,2894.175
Savannah → Memphis,10,1204.146,1156.915
Savannah → Montgomery,10,853.146,843.5550000000001
Savannah → Shreveport,10,1650.9189999999999,1656.975
Albuquerque → Milwaukee,10,3973.612,2906.505
Albuquerque → Oklahoma City,10,1862.221,1877.67
Albuquerque → Toledo,10,3233.054,3250.175
Albuquerque → Tulsa,10,2183.551,2189.255
Corpus Christi → Chattanooga,10,2149.841,1753.475
Corpus Christi → Fresno,10,3466.959,3440.395
Tulsa → Reno,10,3278.579,3205.855
Fresno → Charleston,10,5263.852000000001,5138.155000000001
Bakersfield → Madison,10,3386.011,3364.065
Nashville → Little Rock,10,763.787,758.1600000000001
Boston → Houston,10,3572.058,3518.715
Tulsa → Dayton,10,1750.2459999999999,1729.255
Tulsa → Jacksonville,10,1728.852,1796.975
Tulsa → Mobile,10,1193.353,1193.185
Green Bay → Corpus Christi,10,2929.981,2980.51
Jacksonville → Detroit,10,1842.816,1986.585
Albany → Buffalo,10,1061.3780000000002,1089.4099999999999
Albany → Charleston,10,1909.896,1849.0900000000001
Washington → El Paso,10,4230.656,4274.52
Washington → Fort Wayne,10,1215.399,1192.28
Washington → Atlanta,10,1714.194,1559.955
New Orleans → Lexington,10,1455.258,1458.585
Boston → Green Bay,10,2319.328,2293.635
Tulsa → Raleigh,9,2453.854444444444,2397.45
Boston → Greensboro,9,1892.6822222222222,1854.36
New Orleans → Grand Rapids,9,2124.748888888889,2148.45
Tulsa → Syracuse,9,2699.9611111111108,2614.31
Green Bay → Baltimore,9,2185.773333333333,2240.87
Jacksonville → Dayton,9,1451.621111111111,1458.82
Jacksonville → Chattanooga,9,829.9722222222222,823.57
Tulsa → Kansas City,9,1313.4066666666668,1361.04
Tulsa → Indianapolis,9,1342.607777777778,1307.44
Tulsa → Green Bay,9,2072.6366666666668,2051.73
Las Vegas → Shreveport,9,3257.8888888888887,3210.97
Lexington → Austin,9,2401.0055555555555,2297.89
New Orleans → Nashville,9,958.671111111111,968.65
Bakersfield → New Orleans,9,3421.192222222222,3352.96
New Orleans → Albany,9,3182.2388888888886,3038.18
Corpus Christi → Charleston,9,2464.038888888889,2434.6
Savannah → Tucson,9,4028.9622222222224,3975.36
Savannah → Philadelphia,9,1652.158888888889,1645.67
Savannah → New Orleans,9,1558.0944444444444,1576.9
Lubbock → Indianapolis,9,2221.408888888889,2272.14
Lubbock → Harrisburg,9,3541.9166666666665,3405.4
St. Louis → Memphis,9,651.1755555555555,646.5
Philadelphia → Indianapolis,9,2103.1877777777777,2111.5
Philadelphia → Dayton,9,1730.2077777777777,1737.62
Philadelphia → Corpus Christi,9,3638.4455555555555,3764.84
Philadelphia → Chattanooga,9,2089.587777777778,2071.58
Indianapolis → Cincinnati,9,484.7811111111111,506.9
Jacksonville → Harrisburg,9,1723.6944444444443,1692.67
Atlanta → Washington,9,1544.6799999999998,1521.53
Phoenix → Birmingham,9,4203.171111111111,4098.28
Buffalo → Salt Lake City,9,4179.141111111111,4162.33
Lubbock → Detroit,9,3055.273333333333,2952.96
Louisville → Montgomery,9,1203.78,1199.59
Harrisburg → Memphis,9,1742.088888888889,1734.72
Austin → Grand Rapids,9,2883.6877777777777,2835.15
Los Angeles → Savannah,9,4701.018888888889,4735.59
Los Angeles → Raleigh,9,5235.335555555556,5389.49
Birmingham → Mobile,9,547.8411111111111,541.2
Harrisburg → Cincinnati,9,1351.0766666666668,1354.84
Harrisburg → Chattanooga,9,1971.23,1573.73
Shreveport → Madison,9,1704.5844444444444,1678.61
Shreveport → Detroit,9,2189.62,2147.36
Harrisburg → Green Bay,9,1386.8522222222223,1355.23
Louisville → New York,9,1954.2988888888892,1985.3
Austin → Lexington,9,2956.087777777778,2403.25
Austin → Kansas City,9,2107.144444444444,2044.24
Nashville → Albuquerque,9,2901.9344444444446,2958.24
Montgomery → San Francisco,9,4548.872222222222,4530.68
Jacksonville → Philadelphia,9,2015.3700000000001,2032.97
Jacksonville → Nashville,9,968.0133333333332,954.67
Philadelphia → Kansas City,9,2456.347777777778,2455.82
St. Louis → Greensboro,9,1155.1555555555556,1159.62
San Francisco → Toledo,9,4678.9366666666665,4893.15
Harrisburg → Syracuse,9,665.4122222222222,654.24
Birmingham → Hartford,9,2220.3044444444445,2172.57
Harrisburg → San Francisco,9,5354.179999999999,5380.28
Houston → New Orleans,9,681.1877777777778,690.34
Harrisburg → Charleston,9,1096.5955555555556,1109.0
Harrisburg → Amarillo,9,3488.3566666666666,3489.69
Birmingham → Memphis,9,719.1355555555556,699.99
Columbia → Savannah,9,364.4822222222222,366.28
Louisville → Columbia,9,891.6455555555556,878.61
Louisville → Baton Rouge,9,1470.6155555555556,1446.05
Detroit → Grand Rapids,9,368.9222222222222,365.2
Detroit → Fresno,9,4478.702222222222,4542.99
Chattanooga → Corpus Christi,9,1752.3000000000002,1721.55
Jacksonville → Tucson,9,4949.635555555556,4114.55
Atlanta → Harrisburg,9,1456.8655555555556,1419.2
San Francisco → Lexington,9,4431.308888888889,4340.88
San Francisco → Hartford,9,5662.7844444444445,5760.01
Lubbock → Toledo,9,2583.9277777777775,2729.15
Indianapolis → Madison,9,612.7755555555556,657.26
Indianapolis → Kansas City,9,486.8855555555556,471.47
Bakersfield → Baltimore,9,5101.904444444444,5417.05
Austin → Tucson,9,2150.4777777777776,2128.7
Indianapolis → Baltimore,9,2154.3688888888887,2140.85
Philadelphia → Baltimore,9,295.19444444444446,302.41
Albuquerque → Indianapolis,9,3838.968888888889,2803.99
Syracuse → Harrisburg,9,672.3933333333333,644.95
Fresno → Grand Rapids,9,4240.001111111112,4242.07
Jacksonville → San Francisco,9,5056.425555555556,5121.15
Jacksonville → Salt Lake City,9,3843.6000000000004,3918.02
Mobile → San Francisco,9,4375.6322222222225,4454.89
Providence → Hartford,9,672.2044444444444,671.59
San Antonio → Toledo,9,2711.9133333333334,2676.11
San Antonio → San Francisco,9,3476.4622222222224,3590.15
San Antonio → Lubbock,9,374.9144444444444,373.96
San Antonio → Louisville,9,2230.6600000000003,2187.34
Tampa → New York,9,2495.538888888889,2448.42
Greensboro → Madison,9,1315.8177777777778,1375.18
Greensboro → Louisville,9,834.18,807.53
Birmingham → Lexington,9,812.6077777777778,820.91
Birmingham → Jacksonville,9,569.6088888888888,547.82
Syracuse → Indianapolis,9,2482.387777777778,1726.66
Tampa → Lubbock,9,2106.7322222222224,2065.8
Tampa → Kansas City,9,2115.956666666667,2103.99
Grand Rapids → Boston,9,3074.548888888889,2144.64
Grand Rapids → Austin,9,2911.5555555555557,2902.67
Madison → El Paso,9,3122.2322222222224,3125.04
San Francisco → Montgomery,9,4542.591111111111,4522.03
San Francisco → Los Angeles,9,1444.5088888888888,1455.51
Amarillo → Dayton,9,2744.8855555555556,2723.05
San Antonio → Harrisburg,9,3176.2033333333334,3079.84
San Antonio → Green Bay,9,2878.543333333333,2787.96
Boston → New York,9,710.0444444444444,670.67
Boston → Memphis,9,2729.2344444444443,2736.43
Boston → Los Angeles,9,6215.11,6371.06
San Francisco → Charleston,9,5129.291111111111,5041.15
Providence → Columbia,9,1824.7133333333331,1868.58
Providence → Charleston,9,1617.6944444444443,1650.86
Providence → Amarillo,9,4709.787777777778,4710.06
Phoenix → Tulsa,9,3094.6388888888887,3092.36
Baltimore → Savannah,9,1568.9244444444444,1528.02
Detroit → Mobile,9,2208.011111111111,2255.41
Amarillo → Houston,9,1678.6477777777777,1693.11
Amarillo → Harrisburg,9,3747.733333333333,3818.44
Madison → Nashville,9,1267.6566666666668,1265.11
Los Angeles → Birmingham,9,4269.745555555555,4263.76
Los Angeles → Baltimore,9,5699.115555555556,5592.89
Columbia → Providence,9,1980.1699999999998,1956.23
Toledo → Boston,9,1932.6777777777777,1864.77
Tampa → Harrisburg,9,2236.9622222222224,2273.26
Tampa → Greensboro,9,1614.2033333333334,1623.13
Los Angeles → Louisville,9,4082.658888888889,3998.82
Los Angeles → Harrisburg,9,5089.7266666666665,5037.03
El Paso → Reno,9,1611.5377777777778,1593.97
Tampa → Fort Wayne,9,2189.541111111111,2140.29
Buffalo → Dallas,9,2676.943333333333,2708.64
Fresno → Washington,9,5349.3422222222225,5176.02
Providence → Mobile,9,2719.067777777778,2724.56
Providence → Los Angeles,9,5905.877777777778,5749.81
Mobile → Detroit,9,2148.428888888889,2156.71
Mobile → Birmingham,9,500.0588888888889,509.58
Charleston → San Francisco,9,4865.888888888889,5133.96
Raleigh → Charleston,9,552.2744444444445,542.58
Raleigh → Albuquerque,9,4117.9077777777775,4082.08
Charleston → Austin,9,2989.9733333333334,3016.28
Buffalo → Washington,9,676.3877777777777,687.07
New York → Savannah,9,1684.59,1737.3
New York → New Orleans,9,2727.4044444444444,2746.1
Dayton → Nashville,9,961.5955555555556,952.96
Detroit → Baton Rouge,9,2457.5855555555554,2409.45
Jacksonville → Fresno,9,4943.682222222222,4956.74
Austin → Shreveport,9,1409.9855555555557,1384.52
Oklahoma City → Birmingham,9,2133.29,1979.4
New York → Toledo,9,1453.87,1464.31
Charleston → Greensboro,9,763.23,695.19
Charleston → Chattanooga,9,1214.4288888888889,1220.05
Corpus Christi → Shreveport,9,1072.427777777778,1059.7
Corpus Christi → Raleigh,9,2591.1511111111113,2768.22
Salt Lake City → Lubbock,9,2144.262222222222,2168.46
Salt Lake City → Kansas City,9,3055.125555555556,2989.33
Salt Lake City → Fresno,9,1128.02,1098.24
Memphis → Jacksonville,9,1105.9744444444445,1067.92
Memphis → Harrisburg,9,1741.581111111111,1778.44
Hartford → Detroit,9,1648.4988888888888,1611.43
Salt Lake City → Bakersfield,9,740.0788888888889,720.47
Salt Lake City → Amarillo,9,1410.3555555555556,1362.67
Richmond → San Francisco,9,5399.611111111111,5372.09
Birmingham → Charleston,9,1156.2955555555554,1130.15
Birmingham → Baton Rouge,9,1180.35,1200.36
Memphis → Los Angeles,9,3693.068888888889,3711.17
Memphis → Little Rock,9,603.6333333333333,592.37
Amarillo → Reno,9,2343.9955555555553,2302.76
Dallas → Atlanta,9,1677.1544444444444,1418.77
Toledo → Little Rock,9,1731.191111111111,1712.03
Chattanooga → Dayton,9,957.188888888889,956.31
Fort Wayne → Birmingham,9,1415.8277777777778,1401.37
Cincinnati → Corpus Christi,9,2727.9377777777777,2145.78
Little Rock → San Antonio,9,1391.5466666666666,1342.82
Little Rock → Milwaukee,9,1153.4544444444446,1161.43
Little Rock → Memphis,9,580.4266666666667,575.78
Madison → Savannah,9,1797.8444444444444,1764.02
El Paso → Dayton,9,3009.1966666666667,3280.97
Houston → Green Bay,9,2566.658888888889,2532.98
Fort Wayne → San Francisco,9,4426.700000000001,4457.73
Fort Wayne → Salt Lake City,9,3418.4033333333336,3453.76
Fort Wayne → Providence,9,2186.1422222222222,2206.81
Detroit → Montgomery,9,2060.98,2023.69
Amarillo → Tulsa,9,1557.1977777777777,1524.04
Columbia → Albuquerque,9,3401.45,3336.06
Green Bay → Syracuse,9,1644.7966666666666,1344.32
Grand Rapids → Savannah,9,1793.04,1778.52
Little Rock → Hartford,9,2908.917777777778,2904.7
Little Rock → Harrisburg,9,2120.6844444444446,2110.66
Little Rock → Grand Rapids,9,1926.981111111111,1897.96
Toledo → San Antonio,9,2726.0144444444445,2652.85
Toledo → Memphis,9,1406.1,1401.79
Las Vegas → Kansas City,9,3296.6644444444446,3248.29
Chattanooga → El Paso,9,3172.7511111111107,3109.93
Fort Wayne → Dallas,9,2107.7155555555555,2046.33
Dayton → Raleigh,9,1295.4455555555555,1363.62
Dayton → Phoenix,9,4105.707777777778,4108.07
Indianapolis → Toledo,9,911.3688888888888,902.06
Indianapolis → Tampa,9,1797.7366666666667,1791.61
Bakersfield → Las Vegas,9,324.5855555555556,313.07
Dayton → Lexington,9,677.0188888888889,671.06
Richmond → Albuquerque,9,4200.522222222223,4155.93
Chattanooga → Austin,9,2225.2511111111107,2143.17
Salt Lake City → Buffalo,9,4242.885555555556,4174.16
Memphis → Tucson,9,3295.121111111111,3317.04
Memphis → San Francisco,9,4182.8133333333335,4145.32
Dallas → Columbia,9,1817.2633333333333,1815.43
Raleigh → New Orleans,9,2198.367777777778,2168.46
Raleigh → Lubbock,9,3187.374444444444,3087.95
Hartford → Washington,9,811.1677777777778,820.3
Hartford → St. Louis,9,2271.2655555555557,2239.01
Fresno → Reno,9,1226.1788888888889,1188.61
Buffalo → Jacksonville,9,1852.5077777777778,1869.49
Reno → Little Rock,9,3582.7144444444443,3468.84
Green Bay → Little Rock,9,1778.278888888889,1767.36
El Paso → Washington,9,3982.531111111111,3922.75
Tulsa → Boston,9,3462.5155555555557,3456.86
Green Bay → Kansas City,9,1089.1622222222222,1130.06
Green Bay → Indianapolis,9,1122.5044444444443,1112.23
Boston → Amarillo,9,4265.2266666666665,4738.84
Albany → Milwaukee,9,2607.5766666666664,2166.34
Albany → Little Rock,9,2941.4955555555553,2952.81
Albany → Tampa,9,3236.0488888888885,3150.87
Albany → Raleigh,9,1669.7077777777777,1607.62
Chattanooga → Green Bay,9,1630.357777777778,1606.51
Green Bay → Buffalo,9,1302.2311111111112,1290.03
Tucson → Savannah,9,4186.1,4203.74
Cincinnati → Detroit,9,1312.7777777777778,1292.92
Cincinnati → Washington,9,1377.2744444444443,1366.36
Green Bay → Richmond,9,2245.052222222222,1745.48
Birmingham → Toledo,9,1598.9822222222222,1597.46
Bakersfield → Raleigh,9,4927.997777777778,4879.13
Reno → Fresno,9,1125.541111111111,1102.76
Detroit → Tucson,9,4071.1166666666663,3994.47
Fort Wayne → Little Rock,9,1577.1566666666668,1561.33
Raleigh → Shreveport,9,2256.817777777778,2253.22
Kansas City → Dallas,9,1458.221111111111,1442.89
Dallas → Buffalo,9,2658.3333333333335,2567.8
Reno → Raleigh,9,5037.254444444445,5134.58
Tulsa → Salt Lake City,9,2543.8811111111113,2475.5
Albany → Indianapolis,9,2398.33,2395.25
Washington → Oklahoma City,9,3108.4666666666667,3210.74
Washington → Cincinnati,9,1689.191111111111,1419.07
Fresno → Albuquerque,8,1632.20125,1627.9299999999998
Fresno → Baltimore,8,5826.215,5918.59
New Orleans → Amarillo,8,1901.44375,1904.955
New Orleans → Charleston,8,1925.4875000000002,1912.0500000000002
Nashville → Louisville,8,510.51874999999995,504.69
Nashville → Madison,8,1258.04625,1245.805
New Orleans → New York,8,2747.345,2683.255
Charleston → Toledo,8,1431.99875,1427.55
Tulsa → Buffalo,8,2452.74,2432.16
Tulsa → Charleston,8,2292.72375,2293.615
Tulsa → New York,8,3101.10625,3099.825
Reno → Lubbock,8,2932.285,2939.34
Milwaukee → Detroit,8,970.3575,946.665
Raleigh → Reno,8,4454.62875,4867.535
Raleigh → San Antonio,8,3150.84,3133.3450000000003
Houston → Austin,8,976.46,960.05
Houston → Corpus Christi,8,605.17875,597.145
Houston → Dallas,8,346.155,341.62
Baton Rouge → San Francisco,8,4182.2787499999995,4184.22
Kansas City → Little Rock,8,1099.4675,1106.885
Detroit → Tulsa,8,2329.88,2338.61
Reno → Baltimore,8,5178.33125,5110.03
Raleigh → Corpus Christi,8,2800.06875,2821.615
Milwaukee → Louisville,8,531.925,524.875
Milwaukee → New Orleans,8,1446.58875,1380.605
Milwaukee → St. Louis,8,443.02625,429.325
Detroit → Lexington,8,1235.4825,1210.55
Detroit → Los Angeles,8,4357.62875,4260.02
Dallas → Nashville,8,1326.66125,1352.12
Raleigh → Milwaukee,8,1548.395,1656.495
Atlanta → Austin,8,2219.98375,2226.3999999999996
Richmond → Detroit,8,1356.09375,1354.67
Amarillo → Madison,8,2493.24625,2492.8450000000003
Dallas → Chattanooga,8,1295.795,1282.885
Dallas → Greensboro,8,1940.805,1880.745
Chattanooga → Birmingham,8,483.01875,472.58
Boston → Kansas City,8,2753.165,2747.02
Memphis → Raleigh,8,1739.15875,1699.675
Baton Rouge → New Orleans,8,531.3075,543.49
Chattanooga → Albuquerque,8,3036.6375,3005.8050000000003
Reno → Tampa,8,4151.43375,4262.889999999999
Charleston → Madison,8,1846.19125,1843.5700000000002
Boston → Tampa,8,2866.475,2831.995
Kansas City → Birmingham,8,1349.3575,1351.52
Detroit → Phoenix,8,4329.4375,4449.99
Buffalo → Albuquerque,8,4182.65625,4155.5599999999995
El Paso → Chattanooga,8,3162.605,3136.995
Amarillo → Providence,8,4535.43875,4483.15
Richmond → Salt Lake City,8,4688.7225,4598.16
Salt Lake City → Albany,8,4862.188749999999,4836.969999999999
Hartford → Dallas,8,3226.1175,3178.635
Memphis → Albuquerque,8,2723.74125,2722.98
Salt Lake City → Columbia,8,4030.8424999999997,4019.54
El Paso → Albuquerque,8,522.95875,511.90999999999997
Madison → Syracuse,8,1659.575,1635.3200000000002
Salt Lake City → Jacksonville,8,3810.1875,3715.69
Salt Lake City → Little Rock,8,2982.8025,2974.605
Salt Lake City → Los Angeles,8,1365.135,1344.97
Salt Lake City → Oklahoma City,8,2226.02625,2178.86
Salt Lake City → Tucson,8,882.27,837.72
Boston → Reno,8,5448.34375,5459.785
Baltimore → Washington,8,736.90125,736.025
Providence → Memphis,8,2479.72375,2699.545
Grand Rapids → Albany,8,1800.25875,1802.47
Madison → Albany,8,2163.60375,2153.8
Hartford → Las Vegas,8,5258.45375,5223.255
Hartford → Little Rock,8,3530.03125,2660.895
Kansas City → San Francisco,8,3743.675,3679.99
Buffalo → El Paso,8,3981.79125,3986.2
Amarillo → Indianapolis,8,2391.9625,2317.85
Amarillo → Las Vegas,8,2073.8475,1769.44
San Antonio → Baltimore,8,3833.685,3918.74
Providence → Montgomery,8,2600.645,2593.23
Providence → San Antonio,8,4060.4525,4003.005
Mobile → Louisville,8,1111.905,1103.675
Phoenix → Salt Lake City,8,1231.7,1236.08
Phoenix → Savannah,8,4629.48875,4539.4349999999995
Phoenix → St. Louis,8,3810.4275,3723.775
Providence → Fort Wayne,8,2265.6825,2232.645
San Francisco → Bakersfield,8,959.75625,962.105
San Francisco → Fresno,8,610.93625,603.375
Madison → Houston,8,2063.965,2009.02
San Antonio → Little Rock,8,1410.13625,1382.175
Madison → Austin,8,2494.6324999999997,2481.225
Madison → Grand Rapids,8,593.91125,642.905
Grand Rapids → Corpus Christi,8,2858.82375,2957.145
San Francisco → Atlanta,8,5646.405,4533.73
Mobile → Salt Lake City,8,3499.85875,3409.0
Detroit → El Paso,8,3656.4162499999998,3633.45
Jacksonville → Toledo,8,1753.14875,1734.875
Fresno → Chattanooga,8,4223.41375,4079.9750000000004
Fresno → Dayton,8,4459.24,4436.8099999999995
Corpus Christi → Kansas City,8,2015.0037499999999,2006.98
Lubbock → Reno,8,2975.96625,2958.92
El Paso → Harrisburg,8,4187.99875,4190.115
Lubbock → Salt Lake City,8,2351.415,2377.745
Lubbock → San Francisco,8,3316.78875,3288.75
Lubbock → Tampa,8,2035.92625,1956.055
San Francisco → Greensboro,8,4528.72625,4972.889999999999
San Francisco → Indianapolis,8,4152.875,4137.675
Mobile → Harrisburg,8,3288.92,2104.4700000000003
Austin → Albany,8,4202.785,4156.24
Detroit → Kansas City,8,1232.185,1225.445
Dallas → Oklahoma City,8,835.1725,843.47
Louisville → Tucson,8,3488.1525,3424.4049999999997
San Francisco → Raleigh,8,5515.46125,5406.045
Harrisburg → Phoenix,8,4978.695,4989.42
Harrisburg → Raleigh,8,901.985,884.335
Lubbock → New Orleans,8,1252.07,1400.395
Harrisburg → Tulsa,8,3081.295,2509.9300000000003
San Francisco → Richmond,8,5526.0512499999995,5383.155
San Francisco → Tampa,8,4434.50625,4433.575
Houston → Tampa,8,1365.17375,1349.795
Dallas → Richmond,8,2693.94,2632.3
Dayton → Amarillo,8,2764.0525,2665.415
Montgomery → Baltimore,8,2202.3424999999997,2235.825
Philadelphia → New Orleans,8,2749.54625,2702.385
Philadelphia → St. Louis,8,2257.70375,2249.88
Austin → Baton Rouge,8,1264.43,1267.0
Austin → Cincinnati,8,2368.81,2277.88
Austin → Corpus Christi,8,766.005,758.7950000000001
Philadelphia → Washington,8,682.035,689.205
Albuquerque → San Francisco,8,1777.535,1766.0149999999999
Corpus Christi → Los Angeles,8,3025.6425,2982.96
Corpus Christi → Memphis,8,2089.275,1643.725
Kansas City → Tampa,8,2015.09125,2024.81
Las Vegas → Albany,8,5210.3475,5179.43
Las Vegas → Amarillo,8,1697.23875,1648.9450000000002
Savannah → Green Bay,8,1992.835,1983.55
Lubbock → Dallas,8,1085.7037500000001,1065.585
Savannah → Oklahoma City,8,2361.31625,2382.19
Grand Rapids → Madison,8,730.825,727.995
Corpus Christi → Buffalo,8,3092.23,3106.1000000000004
El Paso → Lexington,8,3461.145,3411.465
El Paso → New Orleans,8,2654.50625,2675.465
Louisville → San Antonio,8,2686.6025,2068.79
Jacksonville → Green Bay,8,2077.79625,2012.55
Jacksonville → Greensboro,8,898.83875,902.72
Jacksonville → Little Rock,8,1176.5475000000001,1312.25
Indianapolis → El Paso,8,3286.0950000000003,3355.885
Philadelphia → Green Bay,8,2004.7,1995.365
St. Louis → Houston,8,1769.09875,1805.135
St. Louis → Indianapolis,8,262.8425,263.09000000000003
Louisville → Raleigh,8,1538.47125,1554.315
Harrisburg → Greensboro,8,1035.94375,1037.385
Albuquerque → Madison,8,3873.83,2722.315
Louisville → Fort Wayne,8,885.61875,871.365
Louisville → Lexington,8,491.095,487.995
Shreveport → Salt Lake City,8,3016.86625,3106.935
St. Louis → Albany,8,2409.52875,2406.265
St. Louis → Atlanta,8,935.87125,918.94
St. Louis → Columbia,8,1274.88125,1202.245
Philadelphia → Las Vegas,8,5386.88625,5268.01
Montgomery → Savannah,8,829.2425,811.1099999999999
Oklahoma City → Providence,8,3990.73625,4018.785
Austin → Greensboro,8,2684.57125,2623.725
Albuquerque → Jacksonville,8,3563.315,3478.495
St. Louis → Oklahoma City,8,1844.135,1837.23
St. Louis → Tucson,8,3468.86125,3535.27
Louisville → Atlanta,8,617.53,601.185
Louisville → Charleston,8,1332.6525,1293.335
Columbia → Salt Lake City,8,3988.01625,3932.865
Columbia → Washington,8,1547.96625,1231.255
Tampa → Albuquerque,8,3400.605,3362.8
Harrisburg → Austin,8,3366.25875,3360.005
Harrisburg → Bakersfield,8,4731.18125,4619.975
Syracuse → Dallas,8,2800.44375,2823.96
Syracuse → Detroit,8,956.2162500000001,941.7850000000001
Austin → Montgomery,8,2201.44125,2178.88
Indianapolis → Jacksonville,8,1425.01875,1430.0
Austin → Philadelphia,8,3912.9725,3880.505
Tampa → Jacksonville,8,878.1500000000001,840.6400000000001
Greensboro → Harrisburg,8,1032.48875,1047.655
Greensboro → Little Rock,8,1986.9475,1528.21
Greensboro → San Francisco,8,4957.52375,4889.6849999999995
Syracuse → Providence,8,1386.6675,1362.42
Birmingham → Philadelphia,8,2041.21,1996.58
Tampa → Chattanooga,8,1204.9625,1308.775
Tampa → Houston,8,1364.485,1367.095
Tampa → Indianapolis,8,1802.10375,1770.64
Columbia → New Orleans,8,1412.7725,1418.245
Chattanooga → Providence,8,2460.40875,2448.845
Los Angeles → Dallas,8,3059.92875,2982.575
El Paso → Phoenix,8,1290.90375,1285.83
Chattanooga → San Francisco,8,4505.66,4356.335
Chattanooga → Toledo,8,1358.7037500000001,1385.225
Jacksonville → Albuquerque,8,3653.76375,3622.43
Jacksonville → Buffalo,8,1763.2649999999999,1754.28
Dayton → Montgomery,8,1603.90375,1628.8400000000001
New York → San Francisco,8,5723.27375,5835.485
Birmingham → Raleigh,8,1401.57,1367.2849999999999
Tampa → Richmond,8,2216.32,2256.575
Tampa → Savannah,8,1289.155,1254.37
Tampa → Toledo,8,2204.2975,2122.08
Toledo → Austin,8,3595.6175,3141.54
Charleston → Indianapolis,8,1597.345,1569.2649999999999
Baltimore → Albuquerque,8,4778.1,4779.41
Baltimore → Atlanta,8,1954.38875,1938.62
Baltimore → Bakersfield,8,5703.89875,5687.81
Nashville → Harrisburg,8,1652.54875,1610.35
Dayton → Savannah,8,1227.4725,1189.5
Dayton → Syracuse,8,1298.88625,1299.6100000000001
New York → Green Bay,8,1798.4025000000001,1741.3400000000001
Bakersfield → Corpus Christi,8,2938.64,2897.635
New York → Little Rock,8,2689.6,2679.375
Grand Rapids → Reno,8,4637.5925,3799.29
Little Rock → Fort Wayne,8,1676.785,1641.575
Toledo → Buffalo,8,820.425,811.075
Las Vegas → Oklahoma City,8,2495.1862499999997,2485.0550000000003
Little Rock → New York,8,2666.77375,2677.085
Greensboro → Austin,8,2660.095,2713.435
Greensboro → Baltimore,8,1575.725,1572.295
Little Rock → Los Angeles,8,3581.18375,3613.985
Toledo → Nashville,8,1345.115,1329.275
Toledo → St. Louis,8,1030.86875,1015.0
Lexington → New Orleans,8,1408.3225,1377.51
Little Rock → Indianapolis,8,970.285,965.315
Grand Rapids → San Francisco,8,4317.265,4230.67
Grand Rapids → Tulsa,8,2119.27875,2067.125
Cincinnati → Las Vegas,8,3906.19875,3939.665
Nashville → Salt Lake City,8,3366.39,3407.92
Nashville → San Francisco,8,4341.68625,4289.165
Jacksonville → Albany,8,2713.6662499999998,2719.9750000000004
Fort Wayne → Detroit,8,546.145,546.9449999999999
Little Rock → Albany,8,3055.18125,2973.985
Albany → Syracuse,8,863.67125,875.98
Albany → Lubbock,8,4157.0775,4116.11
Tucson → Las Vegas,8,623.69875,613.25
Tucson → Raleigh,8,7184.45875,5056.15
Green Bay → Montgomery,8,2260.84875,2212.02
Chattanooga → Indianapolis,8,743.23375,740.29
Nashville → New Orleans,8,943.55125,924.1199999999999
Fort Wayne → Harrisburg,8,1102.03,1090.9
Cincinnati → Salt Lake City,8,3360.3525,3325.1800000000003
Green Bay → Fresno,8,4196.335,4059.21
Washington → Memphis,8,1873.86125,1858.77
Washington → Los Angeles,8,5231.64125,5267.889999999999
Washington → Grand Rapids,8,1432.57125,1377.1950000000002
New Orleans → Milwaukee,8,1439.76875,1415.32
Albany → El Paso,8,4708.63,4678.305
Washington → Toledo,8,1161.435,1134.26
Albany → Baltimore,8,1078.7125,1067.95
Green Bay → Albuquerque,7,2963.047142857143,2934.77
Washington → Providence,7,1169.9757142857143,1179.88
Albany → Birmingham,7,2561.6185714285716,2611.73
Amarillo → Salt Lake City,7,1429.1357142857144,1416.74
Memphis → Las Vegas,7,3443.2057142857147,3459.65
Baton Rouge → Washington,7,2567.0157142857142,2533.96
Reno → Salt Lake City,7,1106.6399999999999,1094.56
Reno → Savannah,7,3960.468571428571,4273.9
Kansas City → Madison,7,586.8057142857143,585.34
Memphis → Lubbock,7,1897.9557142857143,1913.27
Richmond → Providence,7,1073.5128571428572,1062.89
Salt Lake City → Boston,7,5522.99,5476.71
Memphis → Baltimore,7,2371.7371428571428,2387.39
Cincinnati → St. Louis,7,751.0942857142857,608.99
Green Bay → Boston,7,2339.96,2301.37
New Orleans → Lubbock,7,1445.0128571428572,1444.01
New Orleans → Mobile,7,786.2128571428572,771.61
New Orleans → Richmond,7,2405.9514285714286,2390.47
Green Bay → Jacksonville,7,2481.804285714286,2050.24
Boston → Indianapolis,7,2555.2085714285713,2529.72
Tucson → Little Rock,7,3156.718571428571,3073.46
Green Bay → Lubbock,7,3618.5485714285714,2930.55
Green Bay → New Orleans,7,2260.4742857142855,2234.9
New Orleans → Tampa,7,1231.9757142857143,1219.06
Nashville → Tampa,7,1985.972857142857,1288.49
Birmingham → Tucson,7,3697.88,3667.64
Green Bay → Raleigh,7,2051.3957142857143,2039.25
Memphis → Detroit,7,1606.78,1566.99
Salt Lake City → Charleston,7,4346.162857142857,4253.1
Salt Lake City → El Paso,7,643.2785714285714,636.77
Dallas → Fort Wayne,7,1913.5628571428572,2192.15
El Paso → Birmingham,7,3300.9842857142858,3370.45
Madison → San Francisco,7,3636.457142857143,3914.01
Madison → Tampa,7,2155.6428571428573,2120.76
Salt Lake City → Memphis,7,3047.3771428571426,3057.03
Salt Lake City → Nashville,7,3353.0342857142855,3326.24
Reno → Indianapolis,7,3694.5714285714284,3721.12
Fresno → Little Rock,7,3887.3985714285714,3825.29
Salt Lake City → Reno,7,1031.4471428571428,1157.69
Salt Lake City → Shreveport,7,2998.7057142857143,2923.05
Corpus Christi → Providence,7,3856.5514285714285,3806.23
Corpus Christi → Salt Lake City,7,2655.3342857142857,2550.35
Corpus Christi → Savannah,7,2437.38,2409.03
Green Bay → Tampa,7,2667.2242857142855,2734.39
Bakersfield → Indianapolis,7,3624.5514285714285,3504.91
New York → Austin,7,3465.078571428571,3737.58
Nashville → Detroit,7,1593.0114285714285,1552.35
Little Rock → Atlanta,7,1006.222857142857,992.4
Little Rock → Charleston,7,1880.5585714285714,1899.26
Tucson → Dallas,7,2817.3942857142856,2836.0
Lexington → Las Vegas,7,3899.1157142857146,3933.17
Reno → Chattanooga,7,3676.9157142857143,3583.8
Reno → Corpus Christi,7,3489.405714285714,3315.24
Reno → Detroit,7,4003.7714285714287,3950.76
Reno → El Paso,7,1553.945714285714,1510.77
Detroit → Richmond,7,1245.9114285714284,1330.65
Detroit → Shreveport,7,2157.6014285714286,2191.74
Kansas City → Providence,7,2732.345714285714,2749.08
Kansas City → Salt Lake City,7,3096.867142857143,3186.96
Kansas City → Savannah,7,1598.0742857142857,1611.25
Grand Rapids → Salt Lake City,7,3505.2771428571427,3475.77
Little Rock → Columbia,7,1424.43,1408.45
Little Rock → Corpus Christi,7,1291.0728571428572,1266.47
Little Rock → Dayton,7,1415.0442857142857,1398.98
Bakersfield → St. Louis,7,3736.574285714286,3698.14
Dayton → Salt Lake City,7,3414.16,3378.6
Little Rock → Fresno,7,3881.9985714285713,3830.83
Grand Rapids → St. Louis,7,1087.3428571428572,1080.16
Green Bay → Savannah,7,2037.7185714285713,2090.75
Indianapolis → Montgomery,7,1379.9271428571428,1376.06
Detroit → Charleston,7,1826.402857142857,1870.73
Toledo → Raleigh,7,1539.4171428571428,1525.42
Toledo → Salt Lake City,7,3657.652857142857,3574.44
Toledo → Savannah,7,1482.9600000000003,1457.18
Toledo → Washington,7,1162.09,1181.25
Tucson → Birmingham,7,3285.252857142857,3597.23
Grand Rapids → Raleigh,7,1867.2585714285713,1913.74
Boston → St. Louis,7,2584.464285714286,2475.36
Kansas City → Baltimore,7,2365.222857142857,2366.1
Raleigh → Salt Lake City,7,4528.2757142857145,4603.77
Reno → Albuquerque,7,1520.6614285714284,1520.95
Houston → Buffalo,7,2866.3514285714286,2855.05
Madison → Phoenix,7,3676.671428571429,3670.72
Buffalo → Fresno,7,5022.207142857143,5035.19
Amarillo → Green Bay,7,2759.9485714285715,2777.53
San Antonio → Birmingham,7,1994.797142857143,1975.7
Jacksonville → Baltimore,7,2666.787142857143,1886.99
Indianapolis → Salt Lake City,7,4644.567142857143,3565.01
Indianapolis → San Francisco,7,4152.7300000000005,4070.73
Indianapolis → Savannah,7,1287.5157142857145,1315.76
Dayton → Lubbock,7,2654.7757142857145,2537.26
Dayton → Madison,7,784.1485714285715,780.67
Dayton → New Orleans,7,1671.892857142857,1605.29
Columbia → Louisville,7,842.3257142857143,907.34
Charleston → Birmingham,7,1124.662857142857,1096.02
Greensboro → Birmingham,7,820.2028571428572,805.38
Toledo → El Paso,7,3520.77,3516.42
Boston → Little Rock,7,3039.4728571428573,3038.35
Dallas → Los Angeles,7,3321.6042857142857,3292.44
Dallas → Montgomery,7,1396.0142857142857,1393.6
Boston → San Antonio,7,4086.8485714285716,3969.34
Boston → San Francisco,7,6266.332857142857,6306.69
Boston → Savannah,7,1985.83,1976.79
Buffalo → Louisville,7,1283.75,1389.82
Madison → Albuquerque,7,2820.3328571428574,2875.23
Dallas → Kansas City,7,1590.9514285714286,1576.58
Little Rock → Tucson,7,2942.901428571429,2915.02
Birmingham → Oklahoma City,7,1764.7414285714287,1734.08
Birmingham → Richmond,7,1672.2142857142858,1676.39
Toledo → Albuquerque,7,4528.651428571428,3399.79
Grand Rapids → New Orleans,7,1848.5385714285715,2039.41
Dayton → Dallas,7,1877.4614285714285,1893.84
Albuquerque → Boston,7,4967.487142857143,4914.29
Albuquerque → Buffalo,7,3949.43,4030.59
Albuquerque → Charleston,7,3845.9114285714286,3900.59
Las Vegas → Nashville,7,3677.2485714285717,3692.21
Jacksonville → Austin,7,2315.3,2309.46
Baltimore → Chattanooga,7,2109.557142857143,2090.34
Baltimore → Columbia,7,1638.42,1606.77
Baltimore → Fresno,7,5864.347142857143,5680.52
Detroit → Albany,7,1656.9471428571428,1633.0
El Paso → New York,7,4442.821428571428,4955.88
El Paso → Providence,7,5127.441428571428,5174.53
Chattanooga → Tampa,7,1330.0257142857142,1306.33
Tampa → Milwaukee,7,1790.4471428571428,1969.26
Tampa → Oklahoma City,7,1976.5042857142855,1989.84
Little Rock → Tampa,7,1423.3071428571427,1463.87
Dallas → Lexington,7,1803.8999999999999,1898.3
Baton Rouge → Dallas,7,618.8242857142858,512.3
Baton Rouge → Dayton,7,1914.9071428571428,1930.18
Milwaukee → Providence,7,2510.2685714285717,2559.59
Milwaukee → Salt Lake City,7,3217.371428571428,3214.39
Madison → Fort Wayne,7,737.9485714285713,749.72
Madison → Fresno,7,3999.425714285714,3962.92
Grand Rapids → Detroit,7,391.1114285714286,388.05
Buffalo → Madison,7,1519.5185714285712,1516.48
San Antonio → Madison,7,2334.907142857143,2292.18
San Francisco → Boston,7,6571.74,6620.55
Montgomery → Salt Lake City,7,3464.61,3461.72
Montgomery → St. Louis,7,1456.387142857143,1454.67
Tampa → Cincinnati,7,1700.2328571428573,1704.0
Tampa → Corpus Christi,7,1510.3128571428572,1481.46
Tampa → Dallas,7,1393.7585714285713,1365.34
El Paso → Salt Lake City,7,684.1142857142858,665.14
El Paso → San Francisco,7,1810.2342857142855,1926.94
Las Vegas → Fort Wayne,7,3937.921428571429,3905.53
Chattanooga → New Orleans,7,1016.51,1004.11
Chattanooga → New York,7,2102.7657142857142,2033.38
Raleigh → Austin,7,3277.2871428571425,3218.43
Raleigh → Boston,7,1285.34,1262.28
Raleigh → Fresno,7,5356.910000000001,5049.0
Raleigh → Grand Rapids,7,1718.5814285714284,1718.44
Raleigh → Harrisburg,7,890.3000000000001,891.36
Lubbock → Washington,7,3390.2657142857142,3311.93
San Francisco → Lubbock,7,3154.16,3102.36
Austin → Green Bay,7,2998.46,2951.06
Austin → Houston,7,968.5142857142857,964.4
Austin → Jacksonville,7,2214.5914285714284,2215.78
Greensboro → Providence,7,1845.48,1839.3
Tampa → Amarillo,7,2759.5242857142853,2716.73
Tampa → Bakersfield,7,4220.948571428571,4222.73
Tampa → Boston,7,2952.6,2947.73
Tampa → Buffalo,7,2185.235714285714,2446.14
Detroit → Bakersfield,7,4092.347142857143,4210.88
Las Vegas → Hartford,7,5341.61,5197.41
Philadelphia → Austin,7,3920.6485714285714,3868.48
Indianapolis → Albuquerque,7,2839.6885714285713,2738.34
Baltimore → Milwaukee,7,2140.7114285714283,2121.09
Montgomery → Louisville,7,1131.49,1134.64
Montgomery → Madison,7,1842.3314285714284,1835.97
Austin → San Francisco,7,3234.902857142857,3138.53
Oklahoma City → Las Vegas,7,2447.8642857142854,2475.38
San Francisco → Oklahoma City,7,3166.804285714286,3188.57
Providence → Tucson,7,5601.75,5619.76
Providence → Tulsa,7,3477.5457142857144,3454.31
Las Vegas → Chattanooga,7,3622.5285714285715,3608.55
Lubbock → Louisville,7,2217.4328571428573,2173.12
Lubbock → Providence,7,4141.981428571428,4028.28
San Francisco → St. Louis,7,4100.478571428571,4052.8
Corpus Christi → Houston,7,584.8185714285714,582.62
Detroit → Oklahoma City,7,2855.422857142857,2791.01
Milwaukee → Washington,7,1610.3942857142858,1636.98
Corpus Christi → Madison,7,2187.8714285714286,2413.43
Savannah → Albany,7,2241.692857142857,2154.84
Birmingham → Corpus Christi,7,1719.24,1684.92
Las Vegas → Baton Rouge,7,4132.9,3017.03
Philadelphia → Birmingham,7,2125.5057142857145,2127.89
Philadelphia → Detroit,7,1598.3157142857144,1571.57
Albuquerque → Little Rock,7,2424.5071428571428,2443.58
Syracuse → Las Vegas,7,4808.534285714285,4894.35
Syracuse → Madison,7,1699.2328571428573,1703.6
Las Vegas → Harrisburg,7,4640.13,4625.88
Providence → Fresno,7,6144.51,5929.17
Providence → Indianapolis,7,2491.0185714285717,2517.88
Charleston → Salt Lake City,7,4150.335714285715,4188.51
Savannah → Grand Rapids,7,1761.3,1792.36
Savannah → Greensboro,7,553.7642857142857,617.99
Philadelphia → Louisville,7,2294.672857142857,1907.65
Baltimore → Houston,7,3264.3300000000004,3288.75
St. Louis → Tulsa,7,1253.94,1244.28
Corpus Christi → Austin,7,780.7057142857142,784.54
Syracuse → Austin,7,3556.8185714285714,3521.41
Syracuse → Birmingham,7,2039.48,2017.06
Birmingham → Montgomery,7,531.1142857142858,542.47
Harrisburg → Little Rock,7,2156.4842857142858,2140.67
Savannah → Houston,7,2022.2057142857143,2025.05
Baltimore → Raleigh,7,943.7785714285714,934.02
Baltimore → Reno,7,7061.231428571429,5305.08
Baltimore → San Francisco,7,5903.232857142857,5850.95
Providence → Baton Rouge,7,4220.464285714285,3527.99
Lubbock → Corpus Christi,7,858.1942857142857,822.28
Lubbock → Las Vegas,7,2435.807142857143,2446.9
Savannah → Madison,7,1750.2614285714285,1794.04
Savannah → San Antonio,7,2452.9700000000003,2388.92
St. Louis → Los Angeles,7,3920.808571428571,3838.53
Philadelphia → Providence,7,724.0485714285714,725.36
Philadelphia → San Francisco,7,6028.24,5919.08
Austin → Chattanooga,7,1994.69,2000.39
Louisville → Albuquerque,7,3092.2257142857147,3173.1
Louisville → Cincinnati,7,206.51285714285714,221.73
Dayton → Buffalo,7,1047.6742857142858,1043.07
Atlanta → Las Vegas,7,3890.0057142857145,3830.83
Atlanta → Louisville,7,617.1371428571429,614.86
Baltimore → New York,7,465.7785714285714,464.85
El Paso → Little Rock,7,2509.2114285714283,2463.99
El Paso → Milwaukee,7,3046.617142857143,3064.15
Corpus Christi → El Paso,7,2320.9914285714285,2319.9
Buffalo → Savannah,7,1453.4757142857143,1394.92
Buffalo → Tampa,7,2470.907142857143,2427.31
Buffalo → Toledo,7,769.1985714285714,760.15
Atlanta → Providence,7,2197.1885714285713,2449.64
Mobile → Washington,7,1953.7457142857145,1954.13
Detroit → Dayton,7,757.9228571428572,741.68
Harrisburg → El Paso,7,4247.448571428571,4140.64
Austin → Fort Wayne,7,2642.9700000000003,2573.08
Phoenix → Baltimore,7,7026.094285714285,5347.64
Austin → Atlanta,7,2160.3314285714287,2042.92
Fort Wayne → New Orleans,7,1804.7042857142858,1809.32
Detroit → Hartford,7,1700.0885714285712,1719.87
Louisville → Houston,7,1780.2142857142858,1810.98
Louisville → Kansas City,7,782.8171428571429,781.81
Shreveport → St. Louis,7,1210.1514285714286,1170.72
St. Louis → Buffalo,7,1667.0842857142857,1724.06
St. Louis → Fort Wayne,7,901.7685714285715,911.99
St. Louis → Fresno,7,3969.9585714285713,4072.03
Phoenix → Detroit,7,4436.112857142857,4247.68
Phoenix → Indianapolis,7,3803.3142857142857,3802.73
Atlanta → New Orleans,7,1155.4685714285713,1171.94
Houston → Madison,7,1988.1200000000001,2008.51
Houston → Providence,7,3677.1342857142854,3561.41
Grand Rapids → Houston,7,2498.878571428572,2458.42
Grand Rapids → Louisville,7,1159.0342857142857,1154.81
Albuquerque → Providence,7,4963.067142857143,4993.37
Shreveport → New Orleans,7,221.81,218.9
Baton Rouge → Savannah,7,1660.4914285714287,1617.64
Fort Wayne → Las Vegas,7,3852.592857142857,3795.57
Reno → Tucson,7,1680.8985714285716,1608.46
Richmond → Dallas,7,2690.9485714285715,2749.59
Charleston → Little Rock,7,1791.705714285714,1797.62
Buffalo → Harrisburg,7,452.7128571428571,438.64
Buffalo → Houston,7,2751.0257142857145,2729.31
Buffalo → Indianapolis,7,1514.4328571428573,1484.14
Tulsa → Detroit,7,2319.82,2242.32
New Orleans → Jacksonville,7,1249.2085714285715,1252.89
New Orleans → Los Angeles,7,3590.1357142857146,3527.16
Washington → Milwaukee,7,1608.4157142857143,1537.48
Washington → Montgomery,7,1889.9157142857143,1944.9
Washington → Phoenix,7,4939.534285714285,4887.45
Washington → Chattanooga,7,1355.1442857142858,1503.64
Washington → San Francisco,7,5188.642857142857,5213.56
Washington → Lexington,7,1221.6928571428573,1201.42
Washington → Lubbock,7,4855.681428571428,3273.81
Washington → Syracuse,6,814.2616666666667,798.865
Washington → San Antonio,6,4316.126666666666,3338.235
New Orleans → Houston,6,888.8016666666667,696.33
Tulsa → Montgomery,6,1479.993333333333,1491.77
Tulsa → Dallas,6,566.2683333333333,443.46
Las Vegas → Richmond,6,4654.13,4539.28
Richmond → Las Vegas,6,4925.753333333333,4888.6900000000005
Fresno → St. Louis,6,3966.126666666667,4021.82
Amarillo → St. Louis,6,2208.298333333333,2172.96
Amarillo → San Francisco,6,2466.1783333333333,2462.44
Richmond → Birmingham,6,1572.4983333333332,1541.8600000000001
Reno → Tulsa,6,3241.1316666666667,3201.37
Reno → St. Louis,6,3548.0933333333337,3539.895
Washington → Greensboro,6,1031.2416666666666,1053.395
Albuquerque → New Orleans,6,2545.0383333333334,2502.3900000000003
Albuquerque → Nashville,6,2807.025,2815.1949999999997
Harrisburg → Corpus Christi,6,3023.94,3001.085
Houston → Savannah,6,1712.118333333333,1865.335
Albuquerque → Louisville,6,2770.1566666666663,2728.8500000000004
Shreveport → Little Rock,6,484.4433333333333,488.84000000000003
Shreveport → Harrisburg,6,2303.116666666667,2300.2799999999997
St. Louis → Corpus Christi,6,1690.055,1933.335
St. Louis → Baton Rouge,6,1619.0199999999998,1599.0300000000002
St. Louis → Amarillo,6,2094.2116666666666,2082.4449999999997
Detroit → Jacksonville,6,2000.5600000000002,2025.67
Louisville → Grand Rapids,6,1152.5883333333334,1144.27
Shreveport → Dallas,6,492.8666666666666,479.675
Louisville → Phoenix,6,3975.2666666666664,3908.385
Louisville → Philadelphia,6,2001.7466666666667,1953.905
Jacksonville → Raleigh,6,1285.565,1299.085
Atlanta → Salt Lake City,6,3476.5266666666666,3461.04
Louisville → Lubbock,6,2362.945,2327.515
Louisville → Los Angeles,6,4124.113333333334,4022.44
Harrisburg → Dallas,6,2554.241666666667,2599.535
Amarillo → Austin,6,1126.5766666666666,1121.575
Corpus Christi → Green Bay,6,2889.4249999999997,2959.9750000000004
Louisville → Toledo,6,994.3733333333333,963.655
Louisville → Syracuse,6,2316.6083333333336,1550.275
Louisville → Shreveport,6,1648.835,1311.85
El Paso → Louisville,6,3122.8283333333334,3127.77
Corpus Christi → Boston,6,4050.5733333333333,4065.06
Albuquerque → Tampa,6,3544.6783333333333,3543.125
Phoenix → New Orleans,6,3463.153333333333,3410.085
Phoenix → Louisville,6,3962.1966666666667,3915.5950000000003
Jacksonville → Savannah,6,920.5483333333333,603.755
Dayton → Baltimore,6,2313.3566666666666,1784.045
St. Louis → Syracuse,6,1785.5266666666666,1806.4650000000001
Austin → Boston,6,4336.47,4191.235000000001
Philadelphia → Salt Lake City,6,4948.474999999999,4891.77
Baltimore → Lubbock,6,3835.5750000000003,3780.8100000000004
St. Louis → Reno,6,5370.6883333333335,3536.0699999999997
St. Louis → Philadelphia,6,2303.8250000000003,2266.58
St. Louis → New York,6,1813.2583333333334,2064.66
St. Louis → Nashville,6,706.2083333333334,704.72
Providence → Chattanooga,6,2521.818333333333,2489.175
Providence → Baltimore,6,601.62,595.21
Providence → Austin,6,4279.44,4292.9349999999995
Louisville → Tulsa,6,1422.11,1392.88
Savannah → Little Rock,6,1533.4399999999998,1542.355
Harrisburg → Indianapolis,6,1519.8433333333332,1494.27
Los Angeles → Tulsa,6,3206.735,3135.165
Birmingham → Nashville,6,525.8483333333334,525.935
Birmingham → Lubbock,6,2195.555,2236.54
Syracuse → Baltimore,6,1062.4466666666667,1052.4299999999998
Corpus Christi → Albuquerque,6,2328.7983333333336,2345.1549999999997
Columbia → St. Louis,6,1264.7333333333333,1252.7350000000001
Chattanooga → Washington,6,1582.2700000000002,1644.6100000000001
Baltimore → Kansas City,6,2302.7549999999997,2251.34
Baltimore → Jacksonville,6,1951.4083333333335,1961.105
Savannah → Fort Wayne,6,1536.8549999999998,1528.9899999999998
Savannah → El Paso,6,3886.1150000000002,3913.19
Savannah → Chattanooga,6,925.7683333333333,928.02
Savannah → Buffalo,6,1493.9333333333334,1508.94
Savannah → Amarillo,6,3206.2966666666666,3152.2749999999996
Baltimore → Tulsa,6,2962.581666666667,2911.865
Baltimore → Toledo,6,1691.8733333333332,1682.73
Baltimore → Tampa,6,2528.095,2454.045
Boston → Raleigh,6,1350.9666666666667,1360.065
Boston → Providence,6,501.59833333333336,507.11
Providence → Jacksonville,6,2237.5099999999998,2206.12
Las Vegas → Grand Rapids,6,3197.7933333333335,3575.885
Syracuse → New Orleans,6,2482.016666666667,2484.32
Syracuse → Louisville,6,1734.6783333333333,1705.18
Indianapolis → Corpus Christi,6,2040.6633333333332,1959.83
Indianapolis → Chattanooga,6,769.1333333333333,762.74
Montgomery → New Orleans,6,1048.7216666666666,1057.475
Albuquerque → Grand Rapids,6,3225.86,3294.185
Harrisburg → Buffalo,6,439.5733333333333,426.95
Greensboro → Washington,6,1086.4716666666666,1081.295
Los Angeles → Washington,6,5134.671666666666,5122.37
Las Vegas → Albuquerque,6,1062.24,1089.9850000000001
Corpus Christi → Little Rock,6,1341.3933333333332,1390.3400000000001
Detroit → New York,6,1499.2166666666665,1493.555
Providence → Lubbock,6,4503.698333333334,4481.925
Corpus Christi → Harrisburg,6,3102.4500000000003,3105.42
San Francisco → Tucson,6,2124.1716666666666,1624.06
San Francisco → Savannah,6,5097.643333333333,4978.025
Harrisburg → Toledo,6,1039.985,1039.41
Lubbock → Little Rock,6,1557.9033333333334,1535.99
Birmingham → Houston,6,1405.8166666666666,1379.4499999999998
Birmingham → Greensboro,6,949.1700000000001,937.39
Birmingham → Fresno,6,4204.3983333333335,4174.085
Harrisburg → St. Louis,6,1603.3549999999998,1613.945
Harrisburg → Reno,6,4417.048333333333,4349.23
Boston → Tulsa,6,3445.9016666666666,3505.85
San Francisco → New York,6,5201.996666666667,5134.635
San Francisco → Milwaukee,6,4208.701666666667,4177.205
San Francisco → Madison,6,4087.6366666666668,4021.6
Austin → Richmond,6,3350.2983333333336,3321.325
Baltimore → Buffalo,6,1158.86,1140.795
Baltimore → Boston,6,591.1966666666666,589.2049999999999
Montgomery → Tampa,6,720.7783333333333,697.3199999999999
Montgomery → Little Rock,6,1191.2533333333333,1185.645
Indianapolis → Albany,6,2317.265,2301.365
Austin → Memphis,6,1954.3183333333334,1938.975
Austin → Madison,6,2556.0933333333332,2521.42
Indianapolis → Louisville,6,409.72499999999997,415.865
Indianapolis → Los Angeles,6,4056.271666666666,3996.075
Syracuse → Washington,6,768.4316666666667,783.005
Greensboro → New Orleans,6,1597.055,1612.65
Birmingham → Kansas City,6,1284.41,1285.02
Austin → Los Angeles,6,2577.375,2525.87
Austin → Hartford,6,4041.7533333333336,4128.66
San Francisco → Little Rock,6,4150.113333333334,4158.32
San Francisco → Jacksonville,6,4708.336666666667,4698.62
San Francisco → Harrisburg,6,5272.383333333334,5293.735000000001
San Francisco → Green Bay,6,3886.633333333333,4236.115
Raleigh → Louisville,6,1584.545,1538.38
Raleigh → Green Bay,6,1942.2749999999999,1943.0749999999998
Lubbock → Savannah,6,2661.585,2735.855
Birmingham → San Antonio,6,1932.2266666666667,1963.285
Tampa → Las Vegas,6,3960.3483333333334,3862.125
Las Vegas → Dayton,6,3844.476666666667,3753.7
Las Vegas → Cincinnati,6,3876.98,3835.49
Tampa → Fresno,6,4075.3016666666667,4482.264999999999
Austin → Reno,6,3042.633333333333,3036.55
Dayton → Indianapolis,6,634.585,637.395
Dayton → Houston,6,2009.1049999999998,2025.145
Chattanooga → Louisville,6,529.76,552.645
San Antonio → Washington,6,3273.4483333333333,3222.035
Grand Rapids → Albuquerque,6,3177.23,3201.07
Madison → Corpus Christi,6,2407.2133333333336,2377.915
Detroit → Little Rock,6,1916.9266666666665,1894.03
Little Rock → Shreveport,6,474.105,471.615
Chattanooga → Savannah,6,894.585,911.415
Baltimore → Cincinnati,6,1871.8149999999998,1877.24
Los Angeles → Detroit,6,4626.973333333333,4687.155
Little Rock → Washington,6,2098.735,2095.6800000000003
Birmingham → Tampa,6,1063.6699999999998,1075.885
Little Rock → Reno,6,3511.5833333333335,3526.71
Charleston → Detroit,6,1831.795,1821.01
Indianapolis → Fresno,6,3943.2933333333335,3998.24
Oklahoma City → Detroit,6,2689.3016666666667,2718.495
Austin → Syracuse,6,3673.1200000000003,3593.885
Buffalo → Las Vegas,6,4654.631666666667,4662.549999999999
Boston → Mobile,6,2860.4449999999997,2857.4449999999997
Raleigh → Providence,6,1282.9966666666667,1279.04
Raleigh → Nashville,6,1626.7883333333332,1580.77
Dallas → Mobile,6,1099.3266666666666,1093.0300000000002
Dallas → Milwaukee,6,1745.6616666666666,1664.42
Detroit → Milwaukee,6,982.93,978.175
Toledo → Green Bay,6,676.76,655.79
Greensboro → Corpus Christi,6,2255.79,2259.915
Green Bay → Washington,6,1530.7266666666667,1667.07
Charleston → Baltimore,6,1300.625,1274.52
Albuquerque → Corpus Christi,6,2392.7966666666666,2365.8199999999997
Madison → Greensboro,6,1430.2233333333334,1403.18
San Antonio → Detroit,6,4734.948333333333,2956.04
San Antonio → Dallas,6,909.6616666666667,880.855
Houston → Albany,6,3550.34,3477.8
Raleigh → Tampa,6,1901.4966666666667,1925.875
Milwaukee → Little Rock,6,1213.8783333333333,1219.7649999999999
Kansas City → Las Vegas,6,3270.558333333333,3257.0950000000003
Las Vegas → Mobile,6,3398.866666666667,3733.9300000000003
Detroit → Buffalo,6,889.7800000000001,872.865
Indianapolis → Raleigh,6,1683.7066666666667,1690.72
Indianapolis → Providence,6,2453.6183333333333,2505.2
Las Vegas → Los Angeles,6,960.7599999999999,968.99
Little Rock → Lubbock,6,1483.545,1466.135
Little Rock → Kansas City,6,1025.195,1010.215
Toledo → Louisville,6,1029.8733333333332,1033.275
Little Rock → Jacksonville,6,1315.815,1329.6399999999999
Little Rock → Greensboro,6,1429.9216666666669,1401.97
Bakersfield → Detroit,6,4161.886666666666,4091.2200000000003
Bakersfield → Dallas,6,3060.851666666667,3006.5299999999997
Bakersfield → Birmingham,6,3948.523333333333,3950.62
Dayton → Tulsa,6,1751.5916666666665,1706.51
Baltimore → Birmingham,6,2116.035,2025.9250000000002
Madison → Memphis,6,1012.9083333333333,1171.2649999999999
Madison → Louisville,6,916.89,907.745
Madison → Los Angeles,6,4103.643333333333,4020.9049999999997
Kansas City → New Orleans,6,1357.84,1343.4250000000002
Detroit → San Antonio,6,2903.685,2875.785
Reno → Birmingham,6,4124.495,4160.33
Houston → El Paso,6,2338.896666666667,2310.96
Lexington → Madison,6,1154.8700000000001,1104.62
Boston → Albany,6,931.0333333333333,941.31
Albany → Providence,6,1201.6983333333335,1201.56
Jacksonville → El Paso,6,3443.7183333333337,3471.165
New York → Baltimore,6,520.07,522.03
Nashville → Providence,6,2525.4233333333336,2521.0550000000003
Little Rock → Amarillo,6,1939.8866666666665,1960.5900000000001
Columbia → Baltimore,6,1629.5649999999998,1650.865
Corpus Christi → San Francisco,6,3729.47,3756.38
Salt Lake City → Savannah,6,4370.46,4361.0
Salt Lake City → Philadelphia,6,4856.045,4847.32
Reno → Louisville,6,3755.056666666667,3701.6800000000003
Atlanta → Detroit,6,1531.33,1527.635
Reno → Las Vegas,6,1288.9383333333333,1272.105
Reno → Houston,6,3526.806666666667,3492.0
Salt Lake City → Montgomery,6,3810.4016666666666,3876.9750000000004
El Paso → Detroit,6,3229.985,3718.3450000000003
El Paso → Austin,6,1739.5416666666667,1729.26
Dallas → Cincinnati,6,2120.625,1596.115
Dallas → Charleston,6,2177.568333333333,2122.055
Reno → Montgomery,6,4547.133333333333,4479.13
Fresno → Providence,6,6054.633333333334,6132.504999999999
Fresno → New Orleans,6,3811.6583333333333,3734.99
Salt Lake City → Houston,6,2725.0716666666667,2696.62
Grand Rapids → Providence,6,2344.4966666666664,2337.8050000000003
Lexington → Detroit,6,1181.4133333333334,1175.5300000000002
Boston → Dayton,6,2085.388333333333,2041.19
New Orleans → Buffalo,6,3770.815,2521.1800000000003
New Orleans → Boston,6,3240.3033333333333,3174.875
New Orleans → Atlanta,6,1143.305,1162.29
Nashville → St. Louis,6,797.7666666666668,805.69
Indianapolis → Syracuse,6,1733.7283333333332,1716.095
Tucson → Louisville,6,3693.9266666666667,3668.64
Las Vegas → Phoenix,6,950.8650000000001,957.0450000000001
Chattanooga → Harrisburg,6,1468.4566666666667,1447.755
Tulsa → Corpus Christi,6,1066.5683333333334,1068.9099999999999
Tulsa → Amarillo,6,1493.0200000000002,1461.875
Green Bay → Las Vegas,6,4006.0466666666666,4104.245
Green Bay → Harrisburg,6,1485.4283333333333,1520.2649999999999
New Orleans → Savannah,6,1579.5716666666667,1581.3449999999998
New Orleans → Reno,6,3644.8716666666664,3652.23
New Orleans → Montgomery,6,1098.13,1094.2150000000001
Richmond → St. Louis,6,1803.255,1818.095
Birmingham → Buffalo,6,1870.3633333333335,1871.7
Baton Rouge → Las Vegas,6,3281.8583333333336,3270.505
Memphis → Tampa,6,1409.4033333333334,1388.595
Baton Rouge → St. Louis,6,1548.625,1544.19
Dallas → Albany,6,3396.1283333333336,3318.975
Cincinnati → Louisville,6,225.89666666666668,226.335
Washington → Tampa,6,2261.1316666666667,2262.395
Boston → Harrisburg,6,1037.575,1155.2150000000001
Green Bay → Austin,6,2803.56,2778.415
Albany → Austin,6,4281.258333333334,4420.530000000001
Washington → Buffalo,6,645.965,645.27
New Orleans → Greensboro,5,1583.0439999999999,1574.59
Tulsa → Savannah,5,2023.0759999999998,2009.25
Washington → New York,5,586.274,572.29
Washington → Green Bay,5,1520.444,1643.71
Washington → Amarillo,5,3661.136,3797.45
St. Louis → Kansas City,5,362.13800000000003,361.91
St. Louis → San Francisco,5,4081.34,3963.23
Baltimore → Memphis,5,2240.516,2220.69
Baltimore → Little Rock,5,2637.4579999999996,2622.75
Baltimore → Greensboro,5,1448.208,1412.23
Dallas → Hartford,5,3332.9979999999996,3293.76
Birmingham → Boston,5,2551.552,2566.65
Detroit → Raleigh,5,1633.606,1638.1
Birmingham → Atlanta,5,418.52,427.78
Birmingham → Albuquerque,5,3008.388,2952.25
Dallas → Boston,5,3392.7520000000004,3432.84
Dallas → Baton Rouge,5,481.988,474.35
Indianapolis → Harrisburg,5,1561.4180000000001,1519.74
Indianapolis → New York,5,1997.5019999999997,2088.72
Indianapolis → New Orleans,5,1119.002,1305.44
Las Vegas → Memphis,5,3620.6220000000003,3638.02
St. Louis → Raleigh,5,1979.3799999999999,2016.54
Louisville → Fresno,5,4471.104,4603.42
St. Louis → Dayton,5,761.99,753.67
St. Louis → Cincinnati,5,651.712,642.37
Las Vegas → Toledo,5,3854.4300000000003,3861.67
Salt Lake City → Harrisburg,5,4213.864,4222.33
Salt Lake City → Greensboro,5,3697.3599999999997,3595.36
Dallas → Austin,5,1055.42,1029.13
Salt Lake City → Atlanta,5,3808.0620000000004,3949.76
Memphis → Washington,5,1839.136,1819.58
Chattanooga → Baltimore,5,2072.264,1971.93
Reno → San Francisco,5,964.97,937.53
St. Louis → Chattanooga,5,778.188,806.58
St. Louis → Baltimore,5,2348.864,2262.34
St. Louis → Austin,5,2094.2,2032.63
Toledo → Tampa,5,2257.904,2274.56
Toledo → New Orleans,5,2019.6860000000001,1996.46
Baltimore → Austin,5,4056.8940000000002,4062.97
Detroit → Indianapolis,5,1252.374,1240.54
Detroit → Harrisburg,5,1070.308,1106.93
Detroit → Fort Wayne,5,1055.784,552.05
Jacksonville → Washington,5,1584.91,1592.93
Memphis → Birmingham,5,700.638,695.52
Madison → Toledo,5,806.82,830.84
El Paso → Dallas,5,2360.0260000000003,2337.65
El Paso → Boston,5,5167.826,5002.23
Fresno → Madison,5,3809.5739999999996,3836.26
Tulsa → Louisville,5,1419.636,1383.85
Tulsa → Harrisburg,5,2390.014,2347.88
Las Vegas → San Antonio,5,2525.892,2487.91
Las Vegas → Raleigh,5,4687.574,4666.03
Salt Lake City → New York,5,4701.818,4582.06
Salt Lake City → Madison,5,3061.186,2967.72
New York → Washington,5,604.55,607.66
New York → St. Louis,5,1865.9559999999997,2121.19
Baltimore → Corpus Christi,5,3515.55,3544.08
Salt Lake City → Cincinnati,5,3441.504,3430.42
Austin → Albuquerque,5,3072.2580000000003,1925.13
Phoenix → Austin,5,2374.1220000000003,2286.03
Louisville → Greensboro,5,877.6700000000001,896.69
Dallas → Shreveport,5,493.032,470.3
Houston → Washington,5,2769.018,2774.89
Dallas → Philadelphia,5,3013.6760000000004,2969.15
Shreveport → Birmingham,5,1002.064,1005.4
Green Bay → San Francisco,5,4335.102000000001,4377.17
Grand Rapids → Washington,5,1458.1,1490.26
Little Rock → Green Bay,5,1989.9419999999998,2067.28
New Orleans → Philadelphia,5,2907.2400000000002,2939.92
Tucson → St. Louis,5,3366.9839999999995,3252.85
Salt Lake City → Tulsa,5,2603.634,2573.49
Salt Lake City → Raleigh,5,4313.334000000001,4249.3
Salt Lake City → Providence,5,5595.544,5494.02
Boston → Salt Lake City,5,5640.126,5602.35
Baton Rouge → Little Rock,5,893.5459999999999,905.31
Detroit → Toledo,5,399.856,384.81
New York → Detroit,5,1292.202,1475.65
New York → Birmingham,5,2118.564,2072.24
New Orleans → Washington,5,2309.136,2236.33
Indianapolis → Tulsa,5,1317.9959999999999,1264.94
Bakersfield → Louisville,5,3751.75,3750.28
Chattanooga → Detroit,5,1635.534,1669.02
Louisville → Providence,5,2430.962,2398.68
Phoenix → Las Vegas,5,868.982,863.26
Birmingham → Syracuse,5,2022.6,1981.46
Tampa → Little Rock,5,2459.572,1477.63
Las Vegas → Columbia,5,3984.968,4045.19
Los Angeles → Las Vegas,5,1549.15,956.45
El Paso → St. Louis,5,2937.222,2874.02
Austin → Tulsa,5,1210.726,1151.52
Tulsa → Albuquerque,5,2198.2419999999997,2292.39
Green Bay → Detroit,5,548.588,546.27
New Orleans → Shreveport,5,210.892,210.14
New Orleans → Raleigh,5,2226.236,2197.2
Dallas → St. Louis,5,2587.006,1445.85
Montgomery → Dallas,5,1378.0819999999999,1303.3
Dayton → Cincinnati,5,639.24,617.18
Dayton → Chattanooga,5,994.676,1023.48
Dayton → Boston,5,2175.918,2241.31
Louisville → Chattanooga,5,482.354,476.2
Louisville → Baltimore,5,2056.916,1964.02
Louisville → Bakersfield,5,3831.786,3849.78
Louisville → Albany,5,2217.818,2172.52
Savannah → Tulsa,5,1882.792,1890.08
Savannah → Toledo,5,1474.196,1440.31
Dallas → San Antonio,5,918.284,926.34
Boston → Madison,5,2525.284,2571.15
Dallas → New York,5,3080.56,3111.21
Boston → El Paso,5,4934.366,4900.51
Corpus Christi → Reno,5,3435.954,3500.98
Madison → Raleigh,5,1998.548,1978.98
Raleigh → Washington,5,733.476,733.96
Milwaukee → Dallas,5,2240.1240000000003,1730.44
Kansas City → Detroit,5,1287.6979999999999,1309.27
Buffalo → Raleigh,5,1133.836,1165.49
Buffalo → Providence,5,1467.9720000000002,1513.68
Corpus Christi → Detroit,5,2849.504,2882.95
Louisville → Savannah,5,1100.1039999999998,1110.55
El Paso → Houston,5,2330.648,2311.97
Little Rock → Chattanooga,5,885.122,876.87
Dayton → Providence,5,2140.31,2116.95
Baltimore → San Antonio,5,3817.418,3764.81
Corpus Christi → Baltimore,5,3515.082,3429.46
Baltimore → Providence,5,606.414,606.39
New Orleans → Birmingham,5,1286.0,1034.65
New Orleans → Baltimore,5,2853.244,2698.4
Nashville → Washington,5,1736.502,1655.43
Detroit → Lubbock,5,2916.576,2863.32
Milwaukee → Madison,5,575.484,575.66
Madison → Milwaukee,5,542.738,529.64
Amarillo → Birmingham,5,2619.184,2725.03
San Antonio → Las Vegas,5,2585.514,2503.3
Boston → New Orleans,5,3420.094,3439.65
San Francisco → Buffalo,5,5051.992,4977.95
Austin → Lubbock,5,229.118,227.6
Las Vegas → Indianapolis,5,3397.6440000000002,3389.74
Syracuse → Salt Lake City,5,4549.026,4554.74
Birmingham → Little Rock,5,984.836,1003.47
Mobile → Las Vegas,5,3801.3379999999997,3780.03
Fresno → Las Vegas,5,777.2760000000001,740.48
Buffalo → Birmingham,5,1807.212,1815.94
Buffalo → Baltimore,5,1063.368,1056.33
Harrisburg → Las Vegas,5,4498.83,4401.81
Harrisburg → Jacksonville,5,1688.884,1726.53
Harrisburg → Houston,5,2747.09,2669.68
Savannah → Raleigh,5,920.042,909.81
Lubbock → Birmingham,5,2076.772,2087.61
Providence → Corpus Christi,5,3975.66,3921.81
San Francisco → New Orleans,5,4255.772,4208.77
San Francisco → Houston,5,3631.9900000000002,3661.81
Raleigh → Little Rock,5,2020.5,1982.96
Madison → Buffalo,5,1467.1680000000001,1500.18
Madison → Amarillo,5,2414.6639999999998,2385.98
Buffalo → Little Rock,5,2265.71,2227.05
San Francisco → El Paso,5,1684.6380000000001,1665.73
San Francisco → Detroit,5,4527.602000000001,4503.97
Toledo → Indianapolis,5,920.458,917.41
Toledo → Detroit,5,380.204,379.54
Columbia → Detroit,5,1617.822,1619.2
Harrisburg → Baltimore,5,888.47,857.81
Los Angeles → Providence,5,6192.038,6527.78
Greensboro → Tampa,5,1583.0700000000002,1556.12
Boston → Albuquerque,5,5113.616,5094.91
Albany → Louisville,5,2437.18,2473.74
Indianapolis → St. Louis,5,268.738,268.78
Jacksonville → Birmingham,5,574.1859999999999,546.05
Nashville → Birmingham,5,581.874,574.0
Little Rock → Raleigh,5,2189.388,2146.76
Little Rock → Madison,5,1445.17,1458.43
Las Vegas → Philadelphia,5,5291.174,5079.33
Indianapolis → Charleston,5,1551.426,1557.54
San Antonio → Salt Lake City,5,2442.37,2542.99
Albany → San Francisco,5,5904.588,6056.34
Lubbock → Austin,5,228.536,235.09
Savannah → Las Vegas,5,4321.452,4272.51
Savannah → Jacksonville,5,581.14,577.9
Harrisburg → New Orleans,5,2117.852,2076.55
Harrisburg → Louisville,5,1323.522,1331.22
Providence → Houston,5,3787.1800000000003,3746.1
Providence → Harrisburg,5,1296.566,1289.13
Providence → Green Bay,5,2452.5860000000002,2473.61
Corpus Christi → Indianapolis,5,2137.9559999999997,2167.42
San Francisco → Salt Lake City,5,1271.176,1249.07
Harrisburg → Washington,5,298.244,310.13
Lubbock → Madison,5,2687.136,2686.94
Birmingham → Green Bay,5,1882.266,1837.35
Raleigh → Dayton,5,1477.7540000000001,1447.73
Lubbock → St. Louis,5,2185.316,2166.32
Las Vegas → Atlanta,5,3720.2659999999996,3547.01
Lexington → Savannah,5,840.05,824.73
Louisville → Corpus Christi,5,2044.1739999999998,2049.08
Philadelphia → Dallas,5,4276.364,3132.63
Indianapolis → Dayton,5,583.726,694.14
Albuquerque → Harrisburg,5,3744.6040000000003,3681.38
Albuquerque → Dayton,5,2973.67,2964.52
Harrisburg → Savannah,5,1749.7900000000002,1349.89
Birmingham → Cincinnati,5,816.432,832.12
Providence → Reno,5,5711.894,5653.85
Providence → Nashville,5,2603.636,2681.07
Providence → Madison,5,2784.1279999999997,2756.18
Fort Wayne → St. Louis,5,831.156,801.41
San Francisco → Providence,5,6437.206,6482.04
New Orleans → Fresno,5,3916.8480000000004,4123.86
New Orleans → Corpus Christi,5,1053.3799999999999,1027.55
Amarillo → New Orleans,5,1851.8760000000002,1829.38
Charleston → New Orleans,5,1808.466,1752.49
Reno → Washington,5,4562.76,4613.83
Reno → Syracuse,5,4801.562,4901.87
Washington → Baltimore,5,717.5200000000001,716.74
Washington → Corpus Christi,5,3047.216,3023.94
Indianapolis → Green Bay,5,1115.9959999999999,1140.94
Los Angeles → Dayton,5,4499.082,4526.12
Little Rock → Tulsa,5,605.1659999999999,590.3
Charleston → Corpus Christi,5,2528.982,2464.66
Greensboro → Dallas,5,1957.5220000000002,2003.76
Tampa → Tulsa,5,1514.056,1514.86
Birmingham → Phoenix,5,3994.618,3889.7
Little Rock → Savannah,5,1504.212,1485.61
Tampa → Providence,5,2971.3540000000003,2965.16
Washington → Albany,5,1260.324,1211.18
Tulsa → Washington,5,2576.3,2562.63
Washington → Tucson,4,4844.7675,4870.86
Washington → Raleigh,4,750.2725,738.1
Tulsa → San Francisco,4,3685.565,3717.335
Tampa → Raleigh,4,1961.5525,1952.04
Tampa → Reno,4,4719.71,4743.424999999999
Washington → Dayton,4,2441.76,1299.58
Washington → Salt Lake City,4,4650.4325,4621.96
Washington → St. Louis,4,1468.65,1753.345
Charleston → Las Vegas,4,4761.7575,4682.72
Charleston → Louisville,4,1287.3425,1287.935
Amarillo → Washington,4,3812.405,3774.48
New Orleans → Dayton,4,1601.6950000000002,1603.825
New Orleans → Green Bay,4,2137.2250000000004,2172.035
Providence → San Francisco,4,6253.0575,6204.21
Providence → St. Louis,4,2659.6425,2694.225
Providence → Syracuse,4,1357.2375,1328.2350000000001
Providence → Tampa,4,2925.1025,2900.84
Providence → Louisville,4,2370.9275,2377.825
Providence → New York,4,1530.28,789.675
Providence → Raleigh,4,1295.8625,1283.24
Providence → Salt Lake City,4,5319.965,5213.905
Detroit → Nashville,4,1540.0149999999999,1534.34
Detroit → New Orleans,4,2237.44,2178.99
Corpus Christi → Las Vegas,4,5156.9575,3163.42
Savannah → Albuquerque,4,3702.2825000000003,3730.585
Las Vegas → Boston,4,5713.36,5728.44
Jacksonville → Las Vegas,4,4068.3824999999997,4053.085
Dallas → Tucson,4,2568.0474999999997,2567.415
Dayton → Albuquerque,4,3142.135,3109.4700000000003
Boston → Baltimore,4,593.1925,577.65
Tucson → Providence,4,5903.4974999999995,5879.615
Charleston → St. Louis,4,1610.705,1605.25
Providence → Toledo,4,1983.62,2001.545
Raleigh → Albany,4,1731.48,1788.745
Houston → Louisville,4,1738.08,1703.6100000000001
Raleigh → Baltimore,4,926.1075,947.04
Raleigh → Dallas,4,2644.0375,2712.755
Raleigh → Indianapolis,4,1621.9,1637.455
San Francisco → Reno,4,947.8275,945.925
Mobile → Dallas,4,980.62,985.0250000000001
Las Vegas → Baltimore,4,5209.612499999999,5175.235
Providence → Kansas City,4,2762.5175,2761.98
Louisville → Washington,4,1551.7475,1555.83
Columbia → Dallas,4,1838.795,1868.555
Cincinnati → Birmingham,4,791.885,789.5699999999999
Albany → St. Louis,4,2587.04,2605.37
Tucson → Detroit,4,4177.105,4281.13
Grand Rapids → Birmingham,4,1772.05,1756.04
Amarillo → Detroit,4,3070.815,2972.76
San Francisco → Austin,4,3635.4025,3721.3450000000003
Montgomery → Las Vegas,4,3867.6675,3735.505
Baltimore → Charleston,4,1210.9775,1190.955
Austin → Salt Lake City,4,2345.4700000000003,2353.5150000000003
Austin → Little Rock,4,1612.5825,1564.65
Indianapolis → Reno,4,3683.645,3635.9700000000003
Albany → New Orleans,4,3292.2675,3238.1949999999997
Los Angeles → San Francisco,4,1367.5825,1334.6100000000001
Los Angeles → St. Louis,4,3929.41,3968.17
Harrisburg → Boston,4,1201.9025000000001,1162.495
Cincinnati → Dallas,4,1529.0549999999998,1497.76
Buffalo → Tulsa,4,2493.0175,2489.585
Toledo → Las Vegas,4,4165.3475,4204.139999999999
Providence → Boston,4,463.275,462.185
Amarillo → Dallas,4,1631.9325,1645.72
Madison → Birmingham,4,1689.6925,1685.22
Dallas → Houston,4,367.5325,362.83500000000004
Dallas → Little Rock,4,711.9475,700.6500000000001
Raleigh → Las Vegas,4,3881.0475,4649.695
San Francisco → Louisville,4,4521.1325,4541.635
Madison → Dayton,4,658.0175,749.51
Madison → Green Bay,4,668.94,671.765
Providence → Dallas,4,3385.41,3345.17
Savannah → Providence,4,1993.8200000000002,1983.42
Savannah → Salt Lake City,4,3983.0825000000004,4002.085
Savannah → Dayton,4,1860.1999999999998,1329.005
Albuquerque → St. Louis,4,2656.2775,2617.535
Baltimore → Philadelphia,4,291.185,290.08
New Orleans → Chattanooga,4,1031.5475000000001,1023.475
Las Vegas → Syracuse,4,4806.84,4703.57
Tampa → Austin,4,1955.185,1938.3
Tampa → Birmingham,4,998.11,993.375
Austin → Raleigh,4,3309.1675,3333.96
Jacksonville → New Orleans,4,1372.475,1376.685
Las Vegas → Greensboro,4,4279.21,4217.01
Birmingham → Indianapolis,4,1092.425,1065.865
Indianapolis → Boston,4,2577.1725,2628.13
San Francisco → Chattanooga,4,4326.1,4441.195
San Francisco → Corpus Christi,4,3654.0675,3625.4049999999997
Amarillo → Baltimore,4,4176.1325,4118.9
Hartford → Birmingham,4,2318.935,2309.37
Green Bay → Madison,4,667.0699999999999,673.515
New Orleans → Toledo,4,1950.7075,1952.56
Fresno → Birmingham,4,4343.83,4286.735000000001
New Orleans → Albuquerque,4,2707.0675,2767.06
New Orleans → Austin,4,1430.14,1409.73
Baltimore → St. Louis,4,2369.435,2419.87
Providence → Albuquerque,4,5201.7699999999995,5217.219999999999
Providence → Birmingham,4,2441.78,2445.545
Little Rock → Austin,4,1601.3975,1605.0149999999999
Louisville → San Francisco,4,4232.7525000000005,4090.14
Louisville → Tampa,4,1746.485,1757.2350000000001
Madison → New Orleans,4,1689.0775,1698.475
Raleigh → San Francisco,4,5768.485000000001,5804.05
Madison → Providence,4,2633.7425000000003,2648.4300000000003
Corpus Christi → New Orleans,4,1110.34,1103.925
Houston → Detroit,4,2457.855,2413.785
Buffalo → Detroit,4,884.4425,881.81
Madison → Little Rock,4,1498.535,1538.67
Boston → Las Vegas,4,5729.075000000001,5767.16
Dayton → Austin,4,2652.6025,2591.895
Montgomery → Birmingham,4,1025.915,552.675
Montgomery → Detroit,4,1973.5375,1973.3899999999999
Baltimore → Harrisburg,4,896.9300000000001,891.6
Dayton → Corpus Christi,4,2419.905,2431.3900000000003
Dayton → Detroit,4,810.9875,786.985
Charleston → Dallas,4,2225.225,2211.38
Albuquerque → Austin,4,1899.075,1946.0700000000002
Tampa → Green Bay,4,2694.74,2657.06
Madison → Montgomery,4,1884.8825,1890.255
Dallas → Tampa,4,1450.2675,1444.725
Dallas → Toledo,4,3783.3,2214.675
Louisville → Memphis,4,546.8975,566.62
Louisville → Reno,4,3959.6925,3927.5299999999997
Nashville → Las Vegas,4,3475.7975,3417.52
Indianapolis → Washington,4,1768.29,1780.15
Dayton → Tampa,4,1862.7125,1855.74
New York → Indianapolis,4,2076.5975,2081.61
Detroit → Syracuse,4,944.7049999999999,914.25
Baton Rouge → Madison,4,2165.0025,2158.185
Reno → Green Bay,4,3795.5125,3702.65
Atlanta → Dallas,4,1440.21,1439.3899999999999
Hartford → Providence,4,526.1800000000001,598.575
Salt Lake City → San Antonio,4,2277.0175,2200.925
Salt Lake City → Toledo,4,3680.1675,3642.58
Tucson → San Francisco,4,1627.795,1627.1950000000002
Chattanooga → Dallas,4,1342.4125,1332.67
Dallas → Phoenix,4,3320.3525,3301.2
Houston → Salt Lake City,4,2715.42,2753.5600000000004
Grand Rapids → Las Vegas,4,3862.1075,3872.37
Louisville → El Paso,4,2976.3575,2976.7799999999997
Louisville → Green Bay,4,1258.54,1243.06
Indianapolis → Houston,4,1654.5225,1671.96
Baltimore → Dayton,4,1605.5175,1598.44
Dayton → Washington,4,1188.13,1184.3600000000001
Detroit → Amarillo,4,3008.6549999999997,2989.7
Detroit → Atlanta,4,1580.9075,1560.61
Chattanooga → Salt Lake City,4,3363.5775,3354.4049999999997
Chattanooga → St. Louis,4,858.835,861.575
Austin → Tampa,4,2063.935,2105.99
Austin → Toledo,4,2804.9,2859.615
Tulsa → Baltimore,4,3035.585,2938.1800000000003
Tulsa → Madison,4,1743.335,1740.77
Tulsa → New Orleans,4,608.94,607.115
Reno → Madison,4,3333.46,3258.3100000000004
Reno → New Orleans,4,3704.1175000000003,3660.56
Dallas → Dayton,4,1922.4,1917.695
Dallas → El Paso,4,2307.175,2298.27
Memphis → Dayton,4,1054.4675,1040.025
Austin → Amarillo,4,1107.96,1104.505
Louisville → Indianapolis,4,422.03499999999997,423.58500000000004
Louisville → Jacksonville,4,1173.5725,1185.615
Dayton → Reno,4,3949.6825,3912.625
Shreveport → Washington,4,2389.145,2482.13
St. Louis → Charleston,4,1724.58,1727.315
Chattanooga → Boston,4,2321.0074999999997,2339.7799999999997
Milwaukee → Austin,4,2521.13,2580.065
Richmond → Washington,4,240.715,240.97500000000002
Corpus Christi → Tulsa,4,1067.7575,1055.3000000000002
Salt Lake City → Corpus Christi,4,2753.245,2768.0649999999996
Salt Lake City → Dayton,4,3645.7175,3680.74
Salt Lake City → Grand Rapids,4,3220.86,3159.795
Las Vegas → Tampa,4,3960.5525000000002,3982.2799999999997
St. Louis → Grand Rapids,4,1087.545,1079.415
St. Louis → Harrisburg,4,1651.0825,1651.0
St. Louis → Louisville,4,524.345,537.395
St. Louis → Lubbock,4,2167.4025,2155.48
St. Louis → Madison,4,715.9475,710.27
New York → Las Vegas,4,4952.5375,4917.8099999999995
New York → Louisville,4,1891.94,1935.17
Dayton → Las Vegas,4,3880.1275,3886.01
Detroit → Columbia,4,1609.78,1630.71
Dallas → Baltimore,4,5647.1325,3197.215
Memphis → Louisville,4,621.6775,625.7049999999999
Birmingham → Albany,4,2693.1625,2660.0150000000003
Birmingham → Amarillo,4,2476.435,2508.3599999999997
Birmingham → Baltimore,4,2090.5025,2125.625
Washington → Fresno,4,5414.71,5360.225
Memphis → New Orleans,4,870.8775,857.74
Charleston → Washington,4,1033.6975,1057.43
Baltimore → Madison,4,2385.6975,2415.9300000000003
Austin → Buffalo,4,3525.8925,3519.3050000000003
Austin → Dallas,4,1069.7525,1086.9850000000001
Austin → Dayton,4,2646.9674999999997,2599.17
St. Louis → Hartford,4,2329.3725,2298.495
St. Louis → Lexington,4,850.2925,856.085
Washington → Shreveport,4,2373.35,2378.115
Washington → Columbia,4,1139.3925,1129.8200000000002
Washington → Tulsa,4,2678.62,2649.81
New Orleans → Indianapolis,4,1242.5275,1232.42
New Orleans → Kansas City,4,1402.6525000000001,1420.91
New Orleans → El Paso,3,2543.99,2535.23
Albany → Greensboro,3,1999.8766666666668,1971.11
Washington → Louisville,3,1441.26,1470.0
Washington → Reno,3,4569.36,4556.57
Washington → Indianapolis,3,1635.0,1639.49
Washington → Houston,3,2759.4466666666667,2733.32
Tulsa → Providence,3,3579.7666666666664,3515.93
Albany → Las Vegas,3,5762.233333333334,5823.64
St. Louis → Las Vegas,3,3536.153333333333,3536.58
St. Louis → Jacksonville,3,1468.4166666666667,1512.57
St. Louis → Savannah,3,1420.5166666666667,1356.73
St. Louis → San Antonio,3,2000.5633333333333,1952.11
Austin → Charleston,3,3333.7233333333334,3199.44
Austin → Birmingham,3,2039.86,1956.8
Detroit → Birmingham,3,1758.9166666666667,1754.84
St. Louis → Richmond,3,1722.7366666666667,1733.9
St. Louis → Montgomery,3,1416.4833333333333,1355.43
St. Louis → Milwaukee,3,423.6066666666666,445.58
St. Louis → Detroit,3,1270.2366666666667,1203.56
St. Louis → Albuquerque,3,2592.97,2503.32
Las Vegas → Montgomery,3,3727.2000000000003,3686.34
Las Vegas → Milwaukee,3,3511.4300000000003,3541.85
Dayton → San Francisco,3,4507.06,4117.4
Little Rock → Dallas,3,727.7433333333333,761.23
Louisville → Harrisburg,3,1316.9766666666667,1305.73
Houston → San Francisco,3,4111.7266666666665,4057.65
Louisville → Milwaukee,3,513.5766666666667,523.03
Detroit → Corpus Christi,3,2923.133333333333,2847.89
Louisville → Buffalo,3,1374.4566666666667,1347.15
Louisville → Austin,3,2246.0466666666666,2251.28
Las Vegas → Lubbock,3,2419.956666666667,2389.83
Las Vegas → Jacksonville,3,4475.863333333334,4601.72
Corpus Christi → Dayton,3,2489.8866666666668,2403.04
Corpus Christi → Birmingham,3,1832.6133333333335,1837.71
Jacksonville → Dallas,3,1583.3066666666666,1587.91
Fresno → Detroit,3,4615.956666666666,4439.53
Jacksonville → St. Louis,3,1462.3666666666668,1484.4
Albuquerque → Salt Lake City,3,630.4233333333333,625.27
Savannah → Washington,3,1214.1833333333334,1239.75
Savannah → Harrisburg,3,1269.3566666666668,1265.91
Savannah → Dallas,3,1944.9099999999999,1984.19
Savannah → Tampa,3,1282.8999999999999,1272.45
Savannah → San Francisco,3,4968.41,4936.5
Birmingham → Chattanooga,3,465.05999999999995,452.28
Little Rock → Louisville,3,936.3433333333332,914.16
Little Rock → Las Vegas,3,3419.3633333333332,3328.54
Toledo → Lubbock,3,2934.6133333333332,2841.45
St. Louis → Washington,3,1677.0366666666666,1687.8
Birmingham → Tulsa,3,1425.6066666666666,1396.45
Savannah → Lubbock,3,2573.23,2427.66
Savannah → Birmingham,3,726.0966666666667,709.2
Savannah → Baltimore,3,1656.6766666666665,1571.25
Providence → Las Vegas,3,5821.393333333333,5939.71
Providence → Detroit,3,2004.25,1956.67
Birmingham → Dayton,3,1193.34,1165.59
Boston → Birmingham,3,2539.6366666666668,2552.75
Boston → Austin,3,4357.656666666667,4225.34
Baltimore → Indianapolis,3,2043.8466666666666,2020.66
Las Vegas → Fresno,3,859.9266666666666,881.27
Albuquerque → Las Vegas,3,1043.3666666666666,1078.55
Indianapolis → Dallas,3,1551.2866666666669,1493.13
Jacksonville → Indianapolis,3,1324.6666666666667,1278.57
Little Rock → Salt Lake City,3,2816.4733333333334,2760.4
New York → Reno,3,5434.349999999999,5472.38
New York → Providence,3,850.0166666666668,852.46
Las Vegas → Buffalo,3,4694.483333333334,4901.18
Birmingham → Dallas,3,1332.8366666666668,1271.55
San Francisco → Washington,3,5063.973333333333,5187.81
Harrisburg → Tampa,3,1710.89,2027.96
Las Vegas → Charleston,3,4185.22,4192.09
Raleigh → Detroit,3,1650.67,1643.08
Chattanooga → Little Rock,3,1678.64,878.93
Harrisburg → Salt Lake City,3,3995.9266666666663,3946.2
Harrisburg → Providence,3,1198.1666666666667,1187.48
Boston → Washington,3,1046.78,1037.91
Houston → Little Rock,3,924.5933333333332,905.93
Houston → Las Vegas,3,2965.0033333333336,2890.03
Providence → Washington,3,1127.2866666666666,1129.75
Little Rock → New Orleans,3,438.4766666666667,450.29
Las Vegas → New York,3,5489.706666666666,5454.33
Austin → Harrisburg,3,3616.713333333333,3773.57
San Francisco → Birmingham,3,4627.196666666667,4781.72
San Francisco → Albuquerque,3,1712.9566666666667,1727.24
San Antonio → New Orleans,3,1315.1766666666665,1247.38
San Francisco → Philadelphia,3,5353.07,5228.93
San Francisco → Las Vegas,3,1151.0566666666666,1177.76
Dallas → Jacksonville,3,1591.26,1634.14
Raleigh → Madison,3,2063.8733333333334,2122.65
Madison → Charleston,3,1967.14,1945.36
San Francisco → Dayton,3,4667.64,4619.36
Indianapolis → Birmingham,3,1074.25,1077.39
Indianapolis → Austin,3,2373.2033333333334,2451.04
Indianapolis → Little Rock,3,1011.0133333333333,1044.13
Detroit → Austin,3,3160.133333333333,3025.7
Syracuse → St. Louis,3,1793.38,1695.78
Boston → Dallas,3,3282.1866666666665,3352.24
Fresno → Austin,3,3073.66,2971.5
Detroit → Memphis,3,1548.1466666666665,1534.37
Detroit → Madison,3,878.3433333333332,866.69
Buffalo → New Orleans,3,2438.32,2453.03
Dallas → Lubbock,3,1163.6466666666668,1176.01
Green Bay → Salt Lake City,3,3434.5466666666666,3393.34
Chattanooga → Las Vegas,3,3661.4600000000005,3530.35
Reno → Austin,3,3141.83,2995.71
Buffalo → Dayton,3,997.6566666666666,983.68
Madison → Reno,3,3299.786666666667,3254.18
Houston → Birmingham,3,1571.0866666666668,1555.16
Milwaukee → Indianapolis,3,363.62000000000006,371.98
Birmingham → San Francisco,3,4532.083333333333,4515.31
Tampa → Louisville,3,1569.4166666666667,1585.94
Las Vegas → El Paso,3,833.94,815.96
Las Vegas → Dallas,3,2975.9,3001.89
Austin → Milwaukee,3,2493.6033333333335,2523.88
New Orleans → Syracuse,3,2502.3933333333334,2477.46
New Orleans → San Francisco,3,3992.776666666667,3872.28
New Orleans → Memphis,3,855.7166666666667,832.44
Corpus Christi → St. Louis,3,1933.2566666666664,1799.09
Detroit → St. Louis,3,1249.4833333333333,1227.42
Detroit → San Francisco,3,4523.136666666666,4340.63
Reno → Dallas,3,3194.75,3170.71
Detroit → Tampa,3,2528.2766666666666,2488.57
Salt Lake City → New Orleans,3,3014.786666666667,2981.56
Austin → Savannah,3,2702.3566666666666,2738.53
Tampa → New Orleans,3,1300.8433333333332,1275.57
Detroit → Albuquerque,3,3365.16,3236.78
Baltimore → Detroit,3,1770.9833333333333,1713.43
Memphis → Dallas,3,910.5833333333334,1193.53
Memphis → Austin,3,2000.1033333333335,2000.69
Salt Lake City → Louisville,3,3321.33,3297.51
Salt Lake City → Las Vegas,3,587.4566666666666,620.41
Fresno → Salt Lake City,3,1234.72,1259.15
Tulsa → Little Rock,3,576.1133333333333,595.69
Tulsa → Las Vegas,3,2832.48,2876.13
Las Vegas → San Francisco,3,1112.9133333333332,1077.4
Corpus Christi → Washington,3,3083.3133333333335,3105.03
Salt Lake City → Albuquerque,3,686.54,688.77
Detroit → Providence,3,2089.286666666667,2116.65
Dallas → Green Bay,3,2479.35,2563.03
Albany → Detroit,3,1612.1733333333332,1560.85
Memphis → Salt Lake City,3,3334.5433333333335,3262.87
Washington → Kansas City,3,1327.6866666666667,1643.25
Washington → Jacksonville,3,1704.55,1657.56
Birmingham → Providence,3,2596.306666666667,2592.17
Birmingham → New York,3,2085.9166666666665,2100.32
Washington → Little Rock,3,2188.89,2197.55
New Orleans → Las Vegas,3,3172.7566666666667,3116.69
Green Bay → Birmingham,3,1819.6633333333332,1873.92
Tulsa → Tampa,3,1531.6533333333334,1558.19
Tulsa → St. Louis,3,1218.7133333333334,1167.38
Washington → Boston,3,1074.09,1068.07
Washington → Albuquerque,2,4317.415,4317.415
Washington → Austin,2,3265.61,3265.61
Washington → Savannah,2,1198.93,1198.93
Washington → Philadelphia,2,660.85,660.85
Washington → Baton Rouge,2,2558.615,2558.615
Little Rock → St. Louis,2,553.005,553.005
Austin → New Orleans,2,1392.47,1392.47
Austin → St. Louis,2,2082.5299999999997,2082.5299999999997
Toledo → Birmingham,2,1481.42,1481.42
Tampa → St. Louis,2,1811.7150000000001,1811.7150000000001
Tampa → Salt Lake City,2,3711.2650000000003,3711.2650000000003
Birmingham → Savannah,2,743.87,743.87
Tampa → Madison,2,2433.79,2433.79
Las Vegas → Corpus Christi,2,2779.455,2779.455
Albuquerque → Baltimore,2,4770.155000000001,4770.155000000001
Austin → Washington,2,3528.635,3528.635
Indianapolis → Detroit,2,1270.78,1270.78
Dallas → Washington,2,2493.295,2493.295
Dallas → Tulsa,2,413.24,413.24
Austin → Louisville,2,2367.25,2367.25
Dayton → Louisville,2,662.82,662.82
Indianapolis → Lubbock,2,2534.6,2534.6
Indianapolis → Las Vegas,2,3202.54,3202.54
Detroit → Baltimore,2,1788.92,1788.92
Tampa → Baltimore,2,2593.325,2593.325
Birmingham → Louisville,2,810.53,810.53
Birmingham → Las Vegas,2,3906.2349999999997,3906.2349999999997
Dayton → Birmingham,2,1228.78,1228.78
Las Vegas → Louisville,2,3719.0950000000003,3719.0950000000003
Albuquerque → Detroit,2,3254.8149999999996,3254.8149999999996
Harrisburg → Birmingham,2,1717.24,1717.24
Birmingham → Milwaukee,2,1170.97,1170.97
Toledo → Dallas,2,2138.5299999999997,2138.5299999999997
Las Vegas → Green Bay,2,3491.935,3491.935
Greensboro → Las Vegas,2,4507.125,4507.125
Birmingham → New Orleans,2,937.2049999999999,937.2049999999999
Louisville → Dallas,2,1584.625,1584.625
Jacksonville → Louisville,2,1195.9050000000002,1195.9050000000002
Shreveport → Las Vegas,2,3126.9,3126.9
Green Bay → St. Louis,2,1139.715,1139.715
Dallas → Providence,2,3352.955,3352.955
Houston → St. Louis,2,1609.59,1609.59
Louisville → Dayton,2,607.3,607.3
St. Louis → Green Bay,2,1272.385,1272.385
Austin → Fresno,2,2962.33,2962.33
New York → Dallas,2,2910.835,2910.835
Dayton → St. Louis,2,736.3050000000001,736.3050000000001
New York → Harrisburg,2,634.125,634.125
Detroit → Chattanooga,2,1481.745,1481.745
St. Louis → Boston,2,2717.835,2717.835
Louisville → Las Vegas,2,3857.69,3857.69
St. Louis → Salt Lake City,2,3100.74,3100.74
Dayton → Little Rock,2,1363.5349999999999,1363.5349999999999
Detroit → Boston,2,2063.33,2063.33
St. Louis → Providence,2,2680.35,2680.35
St. Louis → Toledo,2,1065.225,1065.225
St. Louis → Little Rock,2,847.5799999999999,847.5799999999999
St. Louis → Shreveport,2,1285.935,1285.935
Austin → Detroit,2,2901.605,2901.605
Washington → New Orleans,2,2288.9300000000003,2288.9300000000003
Washington → Madison,2,1640.545,1640.545
Washington → Charleston,2,1064.44,1064.44
New Orleans → Louisville,2,1160.83,1160.83
Dallas → Amarillo,2,1612.5149999999999,1612.5149999999999
Dallas → Birmingham,2,1266.6399999999999,1266.6399999999999
Birmingham → Austin,2,2006.9499999999998,2006.9499999999998
Salt Lake City → Austin,2,2442.605,2442.605
Kansas City → Louisville,2,715.275,715.275
New Orleans → Detroit,2,2087.16,2087.16
New Orleans → Little Rock,2,517.18,517.18
Washington → Las Vegas,2,4751.855,4751.855
Dallas → Fresno,2,3822.6099999999997,3822.6099999999997
Salt Lake City → Birmingham,2,3811.1400000000003,3811.1400000000003
Madison → Washington,2,1775.355,1775.355
Reno → Providence,2,5607.605,5607.605
Las Vegas → St. Louis,2,3577.565,3577.565
Las Vegas → Salt Lake City,2,560.2950000000001,560.2950000000001
Boston → Louisville,2,3881.1800000000003,3881.1800000000003
Raleigh → St. Louis,2,1845.725,1845.725
Madison → Dallas,2,1793.81,1793.81
Detroit → Las Vegas,2,4083.985,4083.985
Green Bay → Louisville,2,1286.545,1286.545
Savannah → Louisville,2,1046.2,1046.2
New Orleans → Columbia,2,1516.37,1516.37
New Orleans → Tulsa,2,538.7149999999999,538.7149999999999
Little Rock → Birmingham,2,949.9300000000001,949.9300000000001
Corpus Christi → Dallas,2,841.76,841.76
El Paso → Las Vegas,2,823.02,823.02
Louisville → New Orleans,2,1296.8899999999999,1296.8899999999999
Little Rock → Albuquerque,2,2643.59,2643.59
Louisville → Oklahoma City,2,2021.585,2021.585
Baltimore → Salt Lake City,2,4811.325,4811.325
Providence → Buffalo,2,1513.4,1513.4
Providence → Dayton,2,1953.31,1953.31
Las Vegas → Austin,2,2658.1,2658.1
Savannah → Detroit,2,3048.46,3048.46
Fresno → Dallas,2,3729.91,3729.91
Dallas → Grand Rapids,2,6943.305,6943.305
Salt Lake City → Indianapolis,2,2904.3199999999997,2904.3199999999997
Detroit → Savannah,2,1688.2649999999999,1688.2649999999999
Detroit → Reno,2,4006.28,4006.28
Salt Lake City → St. Louis,2,3121.875,3121.875
Salt Lake City → San Francisco,2,1227.69,1227.69
New Orleans → Salt Lake City,2,2959.185,2959.185
New Orleans → Madison,2,1632.1100000000001,1632.1100000000001
Green Bay → Dallas,2,2338.23,2338.23
New Orleans → St. Louis,2,1231.68,1231.68
Dallas → Memphis,2,1167.795,1167.795
Dallas → New Orleans,2,558.86,558.86
Buffalo → Austin,2,3359.1,3359.1
Providence → Savannah,2,1956.48,1956.48
Birmingham → Harrisburg,2,1606.3000000000002,1606.3000000000002
Detroit → Louisville,2,1185.8899999999999,1185.8899999999999
Dallas → Louisville,2,1486.92,1486.92
Dallas → Madison,2,1698.795,1698.795
Raleigh → Birmingham,2,1628.865,1628.865
San Francisco → Baltimore,2,5722.29,5722.29
Corpus Christi → Louisville,2,2143.5299999999997,2143.5299999999997
Providence → Little Rock,2,3315.855,3315.855
San Francisco → Tulsa,2,3550.475,3550.475
Washington → Harrisburg,1,379.75,379.75
Washington → Birmingham,1,1776.07,1776.07
Washington → Dallas,1,2693.57,2693.57
Louisville → Birmingham,1,819.45,819.45
Las Vegas → Madison,1,3613.42,3613.42
Las Vegas → Little Rock,1,3448.67,3448.67
Greensboro → St. Louis,1,1206.8,1206.8
Birmingham → Madison,1,1571.03,1571.03
Corpus Christi → Albany,1,3944.24,3944.24
Little Rock → Providence,1,3123.01,3123.01
Austin → Las Vegas,1,2594.65,2594.65
Las Vegas → Houston,1,2978.27,2978.27
Austin → Providence,1,3861.58,3861.58
Baltimore → Dallas,1,3436.73,3436.73
Birmingham → Salt Lake City,1,3141.28,3141.28
Tampa → Detroit,1,605.83,605.83
Albuquerque → Birmingham,1,2985.02,2985.02
Las Vegas → Detroit,1,4395.48,4395.48
Birmingham → St. Louis,1,1125.61,1125.61
Little Rock → San Francisco,1,4553.07,4553.07
Washington → Detroit,1,1335.54,1335.54
St. Louis → Dallas,1,1375.71,1375.71
St. Louis → Birmingham,1,1142.17,1142.17
Little Rock → Detroit,1,1811.32,1811.32
Detroit → Green Bay,1,576.43,576.43
Baltimore → Las Vegas,1,5124.21,5124.21
St. Louis → New Orleans,1,1201.74,1201.74
Dallas → Reno,1,3325.39,3325.39
Dallas → Raleigh,1,2371.1,2371.1
St. Louis → Tampa,1,1945.54,1945.54
Austin → Baltimore,1,3878.76,3878.76
Louisville → Detroit,1,1171.55,1171.55
Little Rock → Baltimore,1,2634.01,2634.01
Louisville → Salt Lake City,1,3292.14,3292.14
Louisville → St. Louis,1,489.93,489.93
Savannah → Corpus Christi,1,2312.54,2312.54
Las Vegas → Birmingham,1,3462.39,3462.39
Birmingham → Washington,1,1658.47,1658.47
Birmingham → Detroit,1,1840.38,1840.38
Baltimore → New Orleans,1,2617.18,2617.18
Dallas → Salt Lake City,1,2594.17,2594.17
Louisville → Little Rock,1,1014.38,1014.38
Savannah → Indianapolis,1,1251.72,1251.72
Harrisburg → Detroit,1,1046.98,1046.98
Dallas → San Francisco,1,4028.53,4028.53
Dallas → Savannah,1,2180.16,2180.16
Detroit → Dallas,1,2315.82,2315.82
Providence → New Orleans,1,3163.37,3163.37
Birmingham → El Paso,1,3701.13,3701.13
Madison → Las Vegas,1,3343.47,3343.47
Boston → Detroit,1,1816.68,1816.68
Detroit → Washington,1,1331.15,1331.15
New Orleans → Providence,1,3710.64,3710.64
Salt Lake City → Washington,1,4945.76,4945.76
Salt Lake City → Tampa,1,3831.28,3831.28
Dallas → Detroit,1,2356.04,2356.04
Dallas → Corpus Christi,1,851.41,851.41
Madison → Salt Lake City,1,2800.28,2800.28
Madison → St. Louis,1,705.08,705.08
Las Vegas → Reno,1,1187.35,1187.35
Salt Lake City → Dallas,1,2589.11,2589.11
Salt Lake City → Detroit,1,3424.0,3424.0
Las Vegas → Tulsa,1,2858.94,2858.94
Salt Lake City → Baltimore,1,5108.7,5108.7
Dallas → Harrisburg,1,2682.67,2682.67
Dallas → Albuquerque,1,2423.62,2423.62
New Orleans → Dallas,1,592.09,592.09
