date,pickup,delivery,equipment,distance,posted_rate,predicted_rate,absolute_error,percentage_error
2025-09-01,Savannah,Columbia,Dry Van,126.8,323.23,342.30402,19.074016113281232,5.901066148959326
2025-09-01,El Paso,Phoenix,Flatbed,540.2,1264.2,1281.9031,17.703076171874955,1.4003382512161804
2025-09-01,Nashville,Madison,Dry Van,549.3,1203.42,1216.249,12.829023437499927,1.0660470523591037
2025-09-01,Tampa,Charleston,Dry Van,689.3,1478.3,1476.2744,2.0255859374999545,0.1370213040316549
2025-09-01,Columbia,San Antonio,Dry Van,1103.7,2311.83,2217.2703,94.55973632812493,4.090254747456557
2025-09-01,St. Louis,Fresno,Dry Van,1955.5,3527.11,3521.7861,5.323867187500127,0.15094134255807523
2025-09-01,Montgomery,Greensboro,Dry Van,437.4,1052.15,1056.3408,4.190820312499909,0.39831015658412855
2025-09-01,Cincinnati,Kansas City,Reefer,339.9,907.09,944.1784,37.08840576171872,4.088723915126251
2025-09-01,Philadelphia,Hartford,Dry Van,71.4,187.49,226.2386,38.7486016845703,20.66702313967161
2025-09-01,Raleigh,Cincinnati,Dry Van,633.8,1347.42,1352.1117,4.691694335937427,0.34819835952690525
2025-09-01,Cincinnati,Fresno,Dry Van,2178.1,3913.63,3913.8582,0.22815429687489086,0.005829735996373976
2025-09-01,Shreveport,Jacksonville,Flatbed,549.8,1308.86,1304.2427,4.6173242187499,0.35277449221077123
2025-09-01,El Paso,Indianapolis,Dry Van,1521.2,2843.97,2513.4387,330.5312792968748,11.622178830890439
2025-09-01,Los Angeles,Baton Rouge,Dry Van,1702.1,3182.84,3072.5781,110.26187500000015,3.4642606917092955
2025-09-01,San Francisco,Boston,Dry Van,3387.5,6146.13,5677.5117,468.6182812500001,7.624607374884686
2025-09-01,Nashville,Syracuse,Dry Van,906.5,1846.46,1908.5232,62.063193359374964,3.3611989081472093
2025-09-01,Green Bay,Fort Wayne,Dry Van,291.4,645.51,657.1738,11.663828125000009,1.8069167208873618
2025-09-01,Memphis,Shreveport,Reefer,356.5,956.77,1000.08026,43.31026123046877,4.5267160582448
2025-09-01,Green Bay,Amarillo,Dry Van,1403.9,2570.31,2985.0168,414.70684570312505,16.134506954535645
2025-09-01,Green Bay,Corpus Christi,Flatbed,1336.6,2800.31,2916.1978,115.88775390625005,4.138390174882426
2025-09-01,Lubbock,Buffalo,Reefer,1682.4,3540.56,3649.4482,108.88824218750005,3.0754525325795936
2025-09-01,Oklahoma City,Corpus Christi,Reefer,339.8,940.89,945.78827,4.898269042968764,0.5205995433014236
2025-09-01,Green Bay,New York,Reefer,878.3,1965.28,1893.543,71.73703124999997,3.650219370776682
2025-09-01,Richmond,Baltimore,Dry Van,261.8,640.92,652.4384,11.518415527343791,1.7971689957161257
2025-09-01,Lubbock,Buffalo,Dry Van,1660.3,3084.4,3148.8826,64.48256835937491,2.0906033056469626
2025-09-01,Baltimore,Savannah,Dry Van,728.9,1518.53,1488.7664,29.763642578124973,1.9600299354062796
2025-09-01,Chattanooga,Shreveport,Dry Van,428.0,952.96,968.80286,15.842856445312464,1.6624891333647227
2025-09-01,Mobile,Atlanta,Dry Van,306.7,753.12,769.31134,16.191340332031245,2.1499017861736838
2025-09-01,Kansas City,Richmond,Dry Van,940.1,1760.57,1780.691,20.121040039062564,1.142870777024632
2025-09-01,Albuquerque,Shreveport,Dry Van,1168.8,2324.24,2424.5469,100.30687500000022,4.315684912057285
2025-09-01,Richmond,Buffalo,Dry Van,317.6,697.99,685.04443,12.945566406250009,1.854692245769998
2025-09-01,Washington,El Paso,Flatbed,2180.6,4320.99,4347.828,26.83812500000022,0.6211105556828462
2025-09-01,Hartford,Nashville,Dry Van,1085.7,2179.31,2204.6125,25.302548828125055,1.161034860947963
2025-09-01,Memphis,Charleston,Dry Van,652.6,1477.25,1452.5658,24.6842041015625,1.6709564462049415
2025-09-01,Philadelphia,Mobile,Dry Van,1178.6,2308.35,2341.1584,32.80844726562509,1.4212943126313207
2025-09-01,Tucson,Corpus Christi,Reefer,1217.1,2753.14,2653.9155,99.22447265624987,3.6040474751102334
2025-09-01,Albany,Amarillo,Reefer,2318.8,4438.04,4295.5605,142.47945312499996,3.210413901744914
2025-09-01,Philadelphia,Amarillo,Dry Van,2104.4,3801.75,3624.5168,177.233154296875,4.66188345622082
2025-09-01,Bakersfield,San Francisco,Dry Van,389.3,870.8,909.18835,38.388354492187545,4.408400837412442
2025-09-01,Toledo,Raleigh,Flatbed,707.4,1525.42,1445.9341,79.48591796875007,5.21075624868889
2025-09-01,Phoenix,Cincinnati,Dry Van,2043.7,3819.07,3574.3489,244.72112304687516,6.407872153348201
2025-09-01,Lexington,Chattanooga,Dry Van,207.3,533.1,544.00275,10.902746582031227,2.045159741517769
2025-09-01,Corpus Christi,Houston,Dry Van,215.2,572.08,602.19257,30.11256591796871,5.263698419446355
2025-09-01,Las Vegas,Dayton,Dry Van,1999.7,3762.42,3636.8467,125.57332031250007,3.3375678502798745
2025-09-01,Nashville,Tampa,Dry Van,551.6,1246.71,1465.9984,219.28841308593746,17.58936826414623
2025-09-01,Indianapolis,Las Vegas,Dry Van,1718.1,3167.45,3254.746,87.29609375000018,2.756036993480566
2025-09-01,Dayton,Raleigh,Reefer,627.1,1453.26,1302.9388,150.3211572265625,10.343720822603148
2025-09-01,San Antonio,Los Angeles,Dry Van,1283.6,2493.1,2542.8125,49.71250000000009,1.9940034495206809
2025-09-01,Columbia,Montgomery,Flatbed,336.3,890.4,943.8129,53.41292724609377,5.998756429255814
2025-09-01,Columbia,Lubbock,Reefer,1205.2,2813.6,2858.7744,45.17441406250009,1.6055734312802137
2025-09-01,Providence,Montgomery,Reefer,1190.4,2631.8,2598.589,33.21088867187518,1.2619077692786373
2025-09-01,Oklahoma City,Los Angeles,Flatbed,1262.1,2767.04,2871.9487,104.90873046875004,3.7913702175881103
2025-09-01,Grand Rapids,Buffalo,Dry Van,508.7,1076.48,1072.7177,3.762348632812518,0.3495047407116266
2025-09-01,Charleston,Corpus Christi,Dry Van,1215.0,2464.66,2476.6028,11.942783203125146,0.48456108360281525
2025-09-01,Cincinnati,Providence,Dry Van,1109.8,2139.93,2124.673,15.256904296874836,0.7129627743372371
2025-09-01,New York,Albany,Dry Van,374.8,803.35,818.2539,14.903906249999977,1.8552195493869394
2025-09-01,Boston,Phoenix,Dry Van,3234.6,5609.77,5436.8296,172.94041015625044,3.0828431496523105
2025-09-01,Montgomery,Amarillo,Dry Van,1277.5,2462.59,2572.062,109.47201171874985,4.445401456139668
2025-09-01,Cincinnati,Little Rock,Dry Van,432.8,996.39,996.5146,0.12458740234376364,0.012503879238427086
2025-09-01,Hartford,Memphis,Dry Van,1183.7,2365.84,2440.6838,74.84383789062485,3.163520689929363
2025-09-01,Baton Rouge,Jacksonville,Dry Van,589.4,1244.22,1266.5404,22.320405273437473,1.7939275428330577
2025-09-01,Las Vegas,Baltimore,Dry Van,2762.3,4972.2,4846.038,126.16191406249982,2.537345924590721
2025-09-01,Charleston,Raleigh,Dry Van,179.8,462.1,526.48566,64.38565673828123,13.933273477230301
2025-09-01,Memphis,Richmond,Dry Van,858.6,1752.1,1756.4047,4.304663085937591,0.24568592465827244
2025-09-01,Phoenix,San Francisco,Reefer,659.2,1532.71,1497.5868,35.123208007812536,2.291575575797935
2025-09-01,St. Louis,Memphis,Dry Van,248.5,599.05,609.754,10.704028320312545,1.7868338736854263
2025-09-01,San Antonio,Nashville,Dry Van,859.6,1884.4,1812.6118,71.78818359375009,3.809604308732227
2025-09-01,Oklahoma City,Lexington,Dry Van,1022.5,2099.41,2076.557,22.853115234374854,1.0885494131386846
2025-09-01,Greensboro,Columbia,Dry Van,134.8,362.54,391.79453,29.254525146484355,8.069323425410811
2025-09-01,Grand Rapids,Fresno,Flatbed,2248.2,4425.96,4417.0957,8.864296875000036,0.20027964272157986
2025-09-01,Boston,Charleston,Reefer,780.5,1674.34,1635.4426,38.89737304687492,2.3231466157933824
2025-09-01,Syracuse,Raleigh,Dry Van,613.4,1217.27,1200.9191,16.350932617187482,1.343246167012042
2025-09-01,San Antonio,Salt Lake City,Dry Van,1125.7,2215.87,2251.7593,35.88927734375011,1.6196472421103274
2025-09-01,San Francisco,Las Vegas,Dry Van,473.7,1081.85,1082.2184,0.36838378906259095,0.034051281514312616
2025-09-01,Dayton,Lubbock,Dry Van,1247.5,2539.08,2532.8467,6.233320312499927,0.24549523104825086
2025-09-01,Lexington,Chattanooga,Flatbed,228.0,631.3,628.24304,3.0569580078124545,0.48423222046767855
2025-09-01,Mobile,Indianapolis,Dry Van,566.7,1240.32,1237.0509,3.2690966796874363,0.2635688112493096
2025-09-01,Columbia,Fort Wayne,Dry Van,578.3,1195.21,1181.8958,13.314248046875036,1.113967256538603
2025-09-01,El Paso,Albuquerque,Flatbed,171.2,505.53,570.785,65.25497314453128,12.908229609426005
2025-09-01,Phoenix,Louisville,Dry Van,2061.1,3821.49,3701.5422,119.94776367187478,3.1387695289500894
2025-09-01,Shreveport,El Paso,Reefer,1233.8,2931.77,2976.6208,44.85084960937502,1.529821562038462
2025-09-01,Reno,Richmond,Dry Van,2575.7,4389.73,4234.9673,154.76271484374956,3.5255634137805645
2025-09-01,Madison,Kansas City,Flatbed,212.9,572.82,550.5764,22.24358398437505,3.883171674238862
2025-09-01,Los Angeles,Syracuse,Dry Van,2846.6,4825.78,4869.647,43.866972656250255,0.9090131057829046
2025-09-01,San Francisco,Montgomery,Dry Van,2430.3,4468.22,4437.1934,31.026640625000255,0.6943848025612045
2025-09-01,Milwaukee,Boston,Dry Van,1187.3,2185.71,2237.523,51.812949218749964,2.370531736540985
2025-09-01,Fort Wayne,Oklahoma City,Dry Van,1163.6,2180.78,2264.2837,83.5036914062498,3.8290745240808244
2025-09-01,Memphis,Atlanta,Reefer,238.6,676.22,690.4773,14.257294921874973,2.108381136593856
2025-09-01,Fort Wayne,Shreveport,Reefer,862.1,1951.88,1889.2072,62.67284667968761,3.210896503867431
2025-09-01,New York,Lubbock,Dry Van,1896.1,3434.23,3490.567,56.33689453124998,1.6404519945155096
2025-09-01,Detroit,El Paso,Dry Van,1816.8,3250.49,3197.2415,53.24854492187478,1.6381697812291312
2025-09-01,Tucson,Albuquerque,Dry Van,463.7,985.7,1065.6382,79.93818359374995,8.109788332530176
2025-09-01,Grand Rapids,Kansas City,Dry Van,442.6,977.59,993.2712,15.681179199218718,1.6040650169517607
2025-09-01,Philadelphia,Shreveport,Reefer,1341.7,2811.5,2813.627,2.126953125,0.07565189845278322
2025-09-01,Harrisburg,Baton Rouge,Dry Van,1173.7,2379.08,2384.2349,5.154863281250073,0.21667465075785905
2025-09-01,Salt Lake City,Chattanooga,Reefer,1672.3,3669.98,3634.5784,35.40163085937502,0.9646273510857012
2025-09-01,Cincinnati,Charleston,Flatbed,533.8,1300.57,1298.2554,2.3146289062499363,0.17797034425289962
2025-09-01,Philadelphia,Albuquerque,Dry Van,2420.0,4301.88,4139.589,162.2911328125001,3.772562991354945
2025-09-01,Milwaukee,New York,Reefer,909.5,1931.02,2142.1746,211.15456054687502,10.934871754144183
2025-09-01,Baton Rouge,Fort Wayne,Reefer,987.5,2258.98,2314.2986,55.31858398437498,2.4488301793010554
2025-09-01,Madison,Oklahoma City,Dry Van,1013.8,1985.68,2027.6361,41.956108398437436,2.1129340275591955
2025-09-01,Washington,San Antonio,Dry Van,1578.1,2990.87,2899.8325,91.03748046874989,3.0438461206521814
2025-09-01,Jacksonville,Baton Rouge,Dry Van,586.7,1255.91,1290.9198,35.00979980468742,2.7876041917563694
2025-09-01,Phoenix,Chattanooga,Dry Van,2051.4,3678.91,3433.2043,245.70565429687485,6.678762304510707
2025-09-01,San Antonio,Tampa,Reefer,828.5,1959.31,1989.6086,30.298642578125055,1.5463935047606074
2025-09-01,Shreveport,Hartford,Reefer,1444.1,3101.21,3114.9685,13.758505859374964,0.4436496031992339
2025-09-01,New York,El Paso,Flatbed,2426.8,4804.71,4697.1973,107.51273437500004,2.2376529358691792
2025-09-01,Oklahoma City,El Paso,Dry Van,816.2,1797.48,1764.036,33.44398925781252,1.8606042491606314
2025-09-01,Mobile,Phoenix,Dry Van,2006.2,3816.99,3821.475,4.485097656250218,0.11750352126283323
2025-09-01,Nashville,Syracuse,Dry Van,945.9,1758.12,1826.6505,68.53051269531261,3.8979428420877196
2025-09-01,Lexington,Boston,Dry Van,980.1,1932.73,1991.6742,58.94419433593748,3.0497893826834312
2025-09-01,New Orleans,New York,Dry Van,1369.8,2559.65,2565.9333,6.283349609374909,0.24547690541186917
2025-09-01,Fresno,Philadelphia,Flatbed,3029.1,5774.35,5534.7554,239.59462890625036,4.149291762817466
2025-09-01,Greensboro,Jacksonville,Flatbed,365.7,170.36,960.8989,790.53892578125,464.04022410263553
2025-09-01,Dayton,Kansas City,Flatbed,368.0,903.41,922.9938,19.583774414062532,2.1677615273311712
2025-09-01,Philadelphia,San Antonio,Reefer,1852.2,4025.92,4014.3552,11.564775390625073,0.2872579532287048
2025-09-01,Baton Rouge,Syracuse,Reefer,1435.3,2995.32,2996.2551,0.9351269531248363,0.031219601015078063
2025-09-01,Houston,Shreveport,Dry Van,233.7,625.19,617.49554,7.694455566406305,1.2307387460462105
2025-09-01,Raleigh,Indianapolis,Dry Van,769.8,1603.62,1573.4135,30.20654785156239,1.883647488280415
2025-09-01,Shreveport,Richmond,Dry Van,1088.7,2282.16,2315.8127,33.652744140625146,1.4746005600231862
2025-09-01,Charleston,Tulsa,Dry Van,1026.5,2156.07,2069.7563,86.31365234375016,4.003286180121711
2025-09-01,Reno,Toledo,Reefer,2093.5,4271.25,4245.4473,25.802734375,0.6041026485220954
2025-09-01,Shreveport,Atlanta,Reefer,462.2,1208.44,1219.6155,11.175478515624945,0.9247855512582291
2025-09-01,Lubbock,Baton Rouge,Flatbed,520.0,1359.2,1353.0708,6.1291992187500455,0.4509416729510039
2025-09-01,Buffalo,San Francisco,Dry Van,2670.9,4943.0,4589.5586,353.44140625,7.150342024074449
2025-09-01,Montgomery,Little Rock,Reefer,474.7,1211.88,1207.4923,4.387690429687609,0.36205650969465697
2025-09-01,Lubbock,Providence,Dry Van,2164.1,4176.25,4079.9614,96.28857421875,2.3056228486979946
2025-09-01,Cincinnati,Syracuse,Reefer,781.7,1783.92,1754.7035,29.216508789062573,1.6377701236077051
2025-09-01,Mobile,Phoenix,Flatbed,1971.5,4093.8,4053.8875,39.91254882812518,0.9749511170092623
2025-09-01,Charleston,Harrisburg,Flatbed,493.1,1170.43,1167.5472,2.8827587890625637,0.24629911990145192
2025-09-01,Tampa,Charleston,Dry Van,702.8,1531.76,1485.6971,46.06285644531249,3.007184966660083
2025-09-01,El Paso,St. Louis,Reefer,1416.9,3029.69,3068.4802,38.790224609374945,1.2803364241679822
2025-09-01,Green Bay,Philadelphia,Dry Van,973.7,1823.43,1842.2281,18.798149414062436,1.0309224600923772
2025-09-01,Tucson,Memphis,Reefer,1625.7,3550.19,3493.6516,56.538388671875055,1.5925454319874446
2025-09-01,Houston,Bakersfield,Flatbed,1476.1,3088.61,3009.2717,79.33827148437513,2.5687371174857017
2025-09-01,Lubbock,Bakersfield,Reefer,1173.0,2651.65,2684.0532,32.40322265624991,1.2220022497784362
2025-09-01,Tucson,Phoenix,Flatbed,282.2,697.21,795.4705,98.26052001953121,14.093389368989431
2025-09-01,Fort Wayne,San Francisco,Flatbed,2328.5,4672.93,4352.9243,320.0056835937503,6.848073555429897
2025-09-01,Bakersfield,Savannah,Dry Van,2320.1,4100.58,3952.2463,148.33366210937493,3.617382470513316
2025-09-01,Albuquerque,Milwaukee,Dry Van,1416.2,2638.3,2947.8838,309.5837890624998,11.734214799776362
2025-09-01,Atlanta,Bakersfield,Dry Van,1972.8,3906.01,3705.612,200.39793945312522,5.130502468071644
2025-09-01,Grand Rapids,New York,Flatbed,799.3,1650.6,1547.7411,102.85891113281241,6.2316073629475595
2025-09-01,Columbia,Hartford,Dry Van,818.9,1660.7,1653.4745,7.2255126953125455,0.4350883781123951
2025-09-01,Jacksonville,Memphis,Dry Van,473.2,1080.36,1120.4823,40.1222998046876,3.7137898297500462
2025-09-01,Montgomery,Phoenix,Reefer,2035.9,4108.95,3955.988,152.96196289062482,3.7226533029271422
2025-09-01,New Orleans,Toledo,Dry Van,916.7,1846.81,1850.166,3.3560156250000546,0.18171959351530773
2025-09-01,New Orleans,Grand Rapids,Flatbed,945.5,2020.1,2005.7109,14.389062499999909,0.7122945646255091
2025-09-01,Amarillo,Lexington,Dry Van,1356.3,2581.57,2583.165,1.5950390624998363,0.06178562124985324
2025-09-01,Fort Wayne,Richmond,Flatbed,612.1,1384.61,1270.1248,114.4852441406249,8.268410898420848
2025-09-01,Nashville,Mobile,Flatbed,296.8,831.27,872.53,41.26002929687502,4.963493124601516
2025-09-01,Atlanta,New Orleans,Flatbed,453.6,1132.05,1170.964,38.913989257812545,3.437479727733982
2025-09-01,Buffalo,Montgomery,Reefer,969.4,2231.06,2226.8733,4.186708984374945,0.1876555979836914
2025-09-01,Albany,Amarillo,Reefer,2204.0,4629.23,4490.6484,138.58156249999956,2.9936201592921408
2025-09-01,Baltimore,Albuquerque,Reefer,2419.3,5099.24,4814.1973,285.0427343749998,5.589906228673288
2025-09-01,Phoenix,Hartford,Dry Van,2923.7,4975.45,5013.19,37.73994140625018,0.7585231769236991
2025-09-01,Oklahoma City,Baton Rouge,Dry Van,459.7,1064.92,1072.6295,7.709516601562427,0.723952653867185
2025-09-01,Atlanta,Cincinnati,Reefer,200.4,597.28,614.0208,16.740812988281277,2.80284171381618
2025-09-02,Jacksonville,Phoenix,Reefer,2211.2,4595.4,4480.79,114.60996093749964,2.494014904850495
2025-09-02,Philadelphia,San Antonio,Dry Van,1864.5,3621.16,3556.7979,64.36214843749985,1.7773903510891496
2025-09-02,Madison,Los Angeles,Dry Van,2064.0,3845.42,3708.6003,136.81965820312507,3.5579899777690107
2025-09-02,Louisville,Mobile,Dry Van,465.3,1036.45,1035.9642,0.4857666015625455,0.04686831024772497
2025-09-02,Shreveport,Baton Rouge,Dry Van,190.5,537.66,524.41693,13.243068847656218,2.463093562410486
2025-09-02,Columbia,San Antonio,Dry Van,1112.2,2250.41,2182.7627,67.64730468749985,3.005999115161231
2025-09-02,Jacksonville,Richmond,Dry Van,711.5,1496.94,1447.4375,49.502500000000055,3.3069127687148487
2025-09-02,Tulsa,Buffalo,Dry Van,1218.9,2435.72,2424.7332,10.9868457031248,0.451071785883632
2025-09-02,Phoenix,Boston,Flatbed,3119.2,6323.82,6167.4883,156.3317187499997,2.4721089270409298
2025-09-02,Albany,Toledo,Flatbed,835.3,1820.96,1753.2809,67.67911621093754,3.7166723163022546
2025-09-02,Shreveport,Dayton,Flatbed,740.1,1755.11,1744.5261,10.5838769531249,0.6030321149742695
2025-09-02,Charleston,Lexington,Reefer,422.1,1069.87,1094.7539,24.88390625000011,2.325881298662465
2025-09-02,Kansas City,Boston,Flatbed,1350.3,2949.22,2887.1858,62.0342089843748,2.103410697892148
2025-09-02,Columbia,Lubbock,Dry Van,1220.8,2536.23,2548.5527,12.322734374999982,0.48586817343064237
2025-09-02,Washington,Mobile,Dry Van,918.8,1919.59,1842.1729,77.41714843749992,4.0330043622596445
2025-09-02,Phoenix,Syracuse,Dry Van,2801.3,4617.91,4988.8613,370.95132812500015,8.032883449980623
2025-09-02,Columbia,Fort Wayne,Dry Van,571.0,1258.57,1221.3617,37.208305664062436,2.956395406219951
2025-09-02,Baton Rouge,Lubbock,Reefer,528.7,1433.77,1426.4225,7.347514648437482,0.5124611791596617
2025-09-02,Reno,Cincinnati,Dry Van,2055.1,3736.23,3660.857,75.37306640625002,2.0173561693538677
2025-09-02,Fort Wayne,Hartford,Flatbed,835.5,1727.75,1685.0332,42.716796875,2.472394552163218
2025-09-02,Richmond,Baltimore,Dry Van,276.0,624.33,604.9748,19.35520751953129,3.1001565709690855
2025-09-02,Los Angeles,El Paso,Dry Van,616.2,1272.52,1297.7456,25.225605468750018,1.982334695623646
2025-09-02,Tucson,Lubbock,Dry Van,924.6,2012.09,1869.4158,142.67422851562492,7.09084725413003
2025-09-02,Atlanta,Montgomery,Dry Van,287.2,707.77,679.83026,27.939738769531232,3.9475731903769913
2025-09-02,Houston,Hartford,Flatbed,1698.2,3591.23,3395.7527,195.47731445312502,5.443185606411314
2025-09-02,Green Bay,Detroit,Dry Van,237.2,555.34,567.1851,11.845119628906218,2.132949117460694
2025-09-02,Nashville,Fort Wayne,Reefer,540.7,1352.42,1387.6315,35.21146972656243,2.6035898409194203
2025-09-02,Shreveport,El Paso,Dry Van,1217.9,2666.14,2498.4973,167.64268554687487,6.287842556912798
2025-09-02,Albany,Atlanta,Reefer,1174.8,2476.54,2535.8933,59.353310546875036,2.3966223257801222
2025-09-02,El Paso,Amarillo,Flatbed,427.7,1058.7,1039.9047,18.795336914062545,1.7753222739267538
2025-09-02,Raleigh,Mobile,Flatbed,818.5,1824.73,1864.999,40.26902343749998,2.2068483248206574
2025-09-02,Cincinnati,El Paso,Reefer,1572.7,3424.84,3432.0515,7.2115136718748545,0.21056498031659446
2025-09-02,Bakersfield,Albany,Dry Van,2902.1,5041.13,5041.257,0.12683593749989086,0.002516021953409074
2025-09-02,Nashville,Houston,Dry Van,629.1,1331.36,1400.76,69.4000097656251,5.212715551438011
2025-09-02,Providence,Albany,Reefer,556.4,1309.45,1284.9955,24.454516601562545,1.8675410746162544
2025-09-02,San Antonio,Amarillo,Flatbed,508.7,1223.28,1243.1256,19.845610351562527,1.622327705150295
2025-09-02,Salt Lake City,San Antonio,Dry Van,1100.5,2249.04,2274.6533,25.613320312500036,1.1388557034334665
2025-09-02,Mobile,Albuquerque,Reefer,1485.1,3292.86,3199.4778,93.38221679687513,2.8359000017272256
2025-09-02,New York,Dayton,Dry Van,755.1,1464.17,1410.1107,54.05928222656257,3.692145189872936
2025-09-02,Birmingham,Fort Wayne,Dry Van,645.9,1328.24,1295.9001,32.33985351562501,2.4347899111324014
2025-09-02,Austin,Greensboro,Dry Van,1245.7,2566.52,2550.1155,16.404521484374982,0.639173724902786
2025-09-02,Oklahoma City,Atlanta,Reefer,859.5,2064.9,2067.6138,2.713769531249909,0.1314237750617419
2025-09-02,Bakersfield,Tucson,Dry Van,323.2,748.11,731.56244,16.547561035156264,2.2119154984101623
2025-09-02,Philadelphia,Fort Wayne,Reefer,788.7,1697.16,1636.0974,61.06258789062508,3.5979275902463574
2025-09-02,Mobile,Milwaukee,Dry Van,630.4,1408.45,1409.2935,0.8434570312499545,0.05988547916148635
2025-09-02,Atlanta,Mobile,Dry Van,299.4,733.24,707.4232,25.81678222656251,3.520918420512044
2025-09-02,Fort Wayne,Amarillo,Reefer,1414.4,3208.32,3039.2537,169.06633789062516,5.269622041773426
2025-09-02,Dayton,New York,Flatbed,721.7,1629.6,1557.0608,72.53920898437491,4.4513505758698395
2025-09-02,Fresno,Columbia,Dry Van,2432.9,4484.01,4500.5117,16.50171874999978,0.3680125323092451
2025-09-02,Kansas City,Albany,Dry Van,1256.8,2440.1,2355.7212,84.37880859374991,3.458006171622061
2025-09-02,Hartford,Syracuse,Reefer,403.9,971.68,973.9514,2.27141601562505,0.2337617338655782
2025-09-02,Albany,Mobile,Dry Van,1485.9,2932.54,2846.8455,85.69454101562496,2.9221951283060066
2025-09-02,Cincinnati,Bakersfield,Reefer,1952.9,4163.72,4144.575,19.144804687500255,0.4598004834018679
2025-09-02,Baton Rouge,San Antonio,Dry Van,423.3,971.1,911.0326,60.06740722656252,6.185501722434612
2025-09-02,Raleigh,Chattanooga,Dry Van,641.0,1426.2,1403.9626,22.237353515625045,1.5592030231121192
2025-09-02,Bakersfield,Memphis,Flatbed,1819.9,3818.1,3825.9287,7.828710937500091,0.2050420611691703
2025-09-02,Louisville,El Paso,Dry Van,1535.7,2983.74,2946.8293,36.91065429687478,1.2370600084750945
2025-09-02,New York,Madison,Reefer,997.6,2106.36,2152.937,46.57701171874987,2.2112559922686468
2025-09-02,Montgomery,Albuquerque,Dry Van,1637.1,3245.38,3175.365,70.01500976562511,2.1573747840199022
2025-09-02,Montgomery,Atlanta,Dry Van,303.4,716.13,693.38824,22.741755371093745,3.175646233378541
2025-09-02,Baton Rouge,Austin,Dry Van,515.8,1193.79,1168.1152,25.674765624999964,2.150693641679019
2025-09-02,Fort Wayne,Boston,Dry Van,1029.0,2066.21,2023.5098,42.700234375000036,2.066597024261814
2025-09-02,Atlanta,Baton Rouge,Dry Van,564.4,1278.23,1161.9907,116.23927734375002,9.093768519261012
2025-09-02,New York,Milwaukee,Flatbed,908.5,1949.92,1912.0903,37.82966796875007,1.9400625650667758
2025-09-02,Green Bay,Greensboro,Dry Van,755.1,1593.01,1541.6656,51.34435058593749,3.2231028421627923
2025-09-02,Detroit,Birmingham,Flatbed,832.1,1798.74,1716.0227,82.71729492187501,4.598624310454818
2025-09-02,Tucson,Cincinnati,Dry Van,1893.5,3556.26,3506.2854,49.97459960937522,1.405257197431437
2025-09-02,Atlanta,Boston,Dry Van,1153.5,2136.24,2188.3813,52.14134765625022,2.4408000812759907
2025-09-02,Los Angeles,Reno,Reefer,884.2,2000.26,1978.9606,21.29942871093749,1.064833007255931
2025-09-02,Cincinnati,Lubbock,Dry Van,1055.0,2167.17,2228.615,61.44499023437493,2.8352639725713686
2025-09-02,Atlanta,Lexington,Reefer,206.1,607.3,606.6206,0.6793945312499545,0.11187132080519588
2025-09-02,Raleigh,Greensboro,Dry Van,383.3,889.82,972.09174,82.2717358398437,9.245885217217381
2025-09-02,Toledo,Charleston,Dry Van,709.2,1406.42,1406.4161,0.0038623046875727596,0.0002746195793271398
2025-09-02,Charleston,Tampa,Dry Van,712.8,1436.54,1422.2155,14.324545898437464,0.9971560762970375
2025-09-02,Reno,Atlanta,Flatbed,2038.3,4129.04,4095.75,33.289999999999964,0.8062406757987319
2025-09-02,Hartford,Richmond,Reefer,334.8,309.15,873.15125,564.0012451171875,182.43611357502428
2025-09-02,San Antonio,Reno,Reefer,1546.9,3408.34,3462.708,54.368007812499854,1.5951462533814071
2025-09-02,Bakersfield,Jacksonville,Flatbed,2168.1,4460.9,4262.226,198.67392578124964,4.453673603560933
2025-09-02,Montgomery,El Paso,Dry Van,1632.0,3214.87,3228.433,13.56310546875011,0.4218865916429003
2025-09-02,Bakersfield,Philadelphia,Flatbed,2837.4,5681.04,5615.505,65.53511718749996,1.153576056276667
2025-09-02,Richmond,Columbia,Reefer,529.8,1206.46,1209.2604,2.8003759765624636,0.23211511169557744
2025-09-02,Dallas,Chattanooga,Flatbed,575.9,1346.17,1703.7083,357.5382519531249,26.55966571481499
2025-09-02,San Francisco,Fort Wayne,Flatbed,2305.3,4389.4,4283.412,105.98789062499964,2.4146327658677644
2025-09-02,Memphis,Louisville,Reefer,206.4,596.38,617.17535,20.795354003906255,3.4869301458644246
2025-09-02,Amarillo,Austin,Reefer,445.9,1179.97,1146.8744,33.09561035156253,2.8047840497269023
2025-09-02,Reno,Kansas City,Flatbed,1725.3,3426.51,3553.827,127.31690429687478,3.715643739457196
2025-09-02,Chattanooga,Richmond,Dry Van,728.6,1540.25,1423.1108,117.13916015625,7.605204360087649
2025-09-02,Atlanta,Greensboro,Dry Van,266.0,685.55,699.4403,13.890307617187545,2.026155293879009
2025-09-02,San Antonio,Savannah,Flatbed,1151.5,2445.9,2439.7666,6.133398437500091,0.25076243662864756
2025-09-02,Lexington,Amarillo,Reefer,1321.2,2989.15,2921.5957,67.55429687500009,2.259983502835257
2025-09-02,Austin,Madison,Dry Van,1207.9,2450.2,2425.89,24.310107421874818,0.9921682891957726
2025-09-02,Hartford,New Orleans,Dry Van,1439.1,2853.25,2796.3174,56.9326171875,1.9953602799439234
2025-09-02,Syracuse,Atlanta,Flatbed,902.8,1874.72,1836.9684,37.75161621093753,2.0137202468068582
2025-09-02,Harrisburg,Toledo,Flatbed,450.7,1070.88,1050.2438,20.63622558593761,1.927034362948006
2025-09-02,Green Bay,Bakersfield,Flatbed,2017.1,4071.21,4069.851,1.3589257812500364,0.03337891637252897
2025-09-02,Columbia,Nashville,Flatbed,349.1,926.33,1001.13715,74.80714599609371,8.075647554985125
2025-09-02,El Paso,Kansas City,Dry Van,1381.5,2760.09,2660.8545,99.23550781250015,3.595372173099433
2025-09-02,Richmond,Tulsa,Dry Van,1238.3,2307.59,2398.7588,91.16878906249985,3.9508226791804373
2025-09-02,Tucson,Baton Rouge,Reefer,1444.4,3145.59,3397.1558,251.56576171874985,7.997411033184548
2025-09-02,Atlanta,Bakersfield,Flatbed,2007.3,4096.04,4045.7942,50.245810546874964,1.2266923796367946
2025-09-02,Las Vegas,Albany,Dry Van,2806.0,5060.03,5082.132,22.101835937500255,0.43679258695107054
2025-09-02,Kansas City,Washington,Dry Van,901.3,1780.41,1819.2092,38.79922851562492,2.1792299816123766
2025-09-02,Montgomery,Memphis,Reefer,424.7,1130.16,1206.8177,76.65774902343742,6.7829111827915884
2025-09-02,Montgomery,Syracuse,Flatbed,1101.4,2245.46,2267.7742,22.314169921874964,0.9937460441012071
2025-09-02,Jacksonville,New York,Dry Van,973.1,1889.19,1851.4844,37.705625000000055,1.9958619831779785
2025-09-02,Columbia,Savannah,Dry Van,126.1,361.07,366.04175,4.971748046875007,1.3769485271207818
2025-09-02,Harrisburg,Shreveport,Dry Van,1086.0,2153.71,2133.646,20.064003906250036,0.9316019290549812
2025-09-02,Albany,Milwaukee,Dry Van,1130.1,2173.75,2365.304,191.553955078125,8.812142844307074
2025-09-02,New York,Hartford,Dry Van,120.7,329.42,345.07562,15.655622558593734,4.7524808932650515
2025-09-02,San Francisco,Charleston,Dry Van,2680.7,4928.27,4898.4097,29.860332031250437,0.6058988657531027
2025-09-02,Dayton,Shreveport,Dry Van,738.9,1506.14,1446.6449,59.4951025390626,3.950170803448723
2025-09-02,Louisville,St. Louis,Dry Van,197.2,489.93,486.30234,3.627662353515632,0.7404450336814712
2025-09-02,Lexington,Milwaukee,Reefer,314.9,857.48,880.98,23.499980468749982,2.7405864240273803
2025-09-02,San Francisco,Phoenix,Dry Van,684.7,1450.53,1443.0997,7.430268554687473,0.5122450797079325
2025-09-02,Phoenix,San Antonio,Dry Van,1244.4,2548.51,2591.3228,42.81275390624978,1.6799131220301184
2025-09-02,Milwaukee,Houston,Flatbed,813.3,1842.42,1779.2379,63.18208496093757,3.4292986919886657
2025-09-02,Syracuse,Providence,Dry Van,634.0,1355.34,1182.9866,172.35342773437492,12.7166192788802
2025-09-02,Bakersfield,Jacksonville,Dry Van,2160.0,4107.15,4077.6619,29.488134765624636,0.7179707282574204
2025-09-02,Grand Rapids,Birmingham,Dry Van,801.6,1658.81,1599.4916,59.318422851562445,3.575962458121331
2025-09-02,Madison,Lubbock,Dry Van,1129.8,2344.9,2313.2842,31.61582031250009,1.3482801105590894
2025-09-02,Tulsa,Cincinnati,Reefer,590.5,1471.43,1522.3152,50.885185546874936,3.4582131359884554
2025-09-02,Reno,Greensboro,Flatbed,2244.6,4262.27,4227.424,34.84617187500044,0.8175496126477307
2025-09-02,Memphis,Bakersfield,Reefer,1806.5,3974.2,3972.9604,1.239550781249818,0.031189944674395308
2025-09-02,Washington,Baltimore,Dry Van,310.7,722.95,709.6888,13.261218261718795,1.8343202519840647
2025-09-02,Charleston,Salt Lake City,Dry Van,2220.9,4274.76,4217.3784,57.38158203125022,1.3423345879359359
2025-09-02,Fort Wayne,Baton Rouge,Dry Van,997.9,2024.78,2020.6226,4.157441406249973,0.20532805570234658
2025-09-02,Tulsa,Green Bay,Dry Van,1007.3,1951.68,1979.1107,27.430717773437436,1.4054925896375141
2025-09-02,Birmingham,Toledo,Flatbed,730.8,1592.58,1501.5723,91.00773437499993,5.714484319469033
2025-09-02,New York,Providence,Dry Van,358.8,824.12,813.032,11.088017578125005,1.345437263763166
2025-09-02,Los Angeles,Kansas City,Dry Van,1926.8,3466.51,3362.7139,103.79613281250022,2.9942545330173638
2025-09-02,Shreveport,Kansas City,Dry Van,569.0,1313.46,1254.4414,59.018593750000036,4.493368184033015
2025-09-02,Memphis,Dayton,Dry Van,436.0,1023.67,1003.50964,20.16035644531246,1.969419485313867
2025-09-02,Green Bay,Baton Rouge,Dry Van,1141.1,2309.25,2312.3784,3.12841796875,0.13547333414528526
2025-09-02,Toledo,Chattanooga,Reefer,570.4,1352.59,1331.8853,20.704746093749918,1.5307481272040988
2025-09-02,Toledo,Milwaukee,Dry Van,323.8,768.48,771.2127,2.732707519531232,0.3555990422042515
2025-09-02,Greensboro,Lexington,Reefer,172.1,511.2,528.8086,17.60859375000001,3.4445605927230067
2025-09-02,Atlanta,Mobile,Dry Van,285.2,709.94,739.8496,29.909609374999945,4.212977064963228
2025-09-02,Houston,New York,Reefer,1543.2,11377.49,3414.489,7963.000986328125,69.98908358810357
2025-09-02,Raleigh,Austin,Flatbed,1583.9,3197.82,3197.7935,0.02654296875016371,0.0008300332335829943
2025-09-02,Tucson,Greensboro,Dry Van,2071.3,4027.32,3827.5603,199.75969726562516,4.960114847234021
2025-09-02,Salt Lake City,Montgomery,Dry Van,1863.2,3581.43,3521.487,59.942939453124836,1.6737152325502616
2025-09-02,Albuquerque,Atlanta,Dry Van,1526.3,3052.83,2700.5508,352.2792187499999,11.539431240848653
2025-09-02,Albany,Columbia,Dry Van,1097.0,2180.09,2209.8604,29.770351562499854,1.3655560808269316
2025-09-02,Dayton,Charleston,Reefer,603.7,1427.22,1422.1855,5.034453125000027,0.35274541591345604
2025-09-02,Tucson,Los Angeles,Reefer,328.6,921.05,888.03644,33.013562011718705,3.5843398308146903
2025-09-02,Los Angeles,Green Bay,Dry Van,2210.4,4116.3,4183.174,66.87382812499982,1.6246101626460612
2025-09-02,Oklahoma City,Hartford,Dry Van,1846.9,3626.27,3525.9106,100.35935546874998,2.7675643421132454
2025-09-02,Las Vegas,Toledo,Dry Van,2047.1,3614.41,3458.7463,155.66366210937485,4.306751644372799
2025-09-02,Buffalo,Greensboro,Reefer,540.7,1300.9,1292.686,8.213964843750091,0.6314063220655001
2025-09-02,Oklahoma City,Grand Rapids,Flatbed,1206.2,2673.39,2730.6655,57.27552734375013,2.1424306720587016
2025-09-02,Columbia,Hartford,Dry Van,831.0,1624.66,1611.9182,12.741787109375082,0.7842740702285451
2025-09-02,Milwaukee,Atlanta,Dry Van,419.8,918.03,892.4388,25.591218261718723,2.787623308793691
2025-09-02,Mobile,Dayton,Reefer,686.3,1607.67,1601.8026,5.867387695312573,0.36496219344222214
2025-09-03,Lexington,Corpus Christi,Dry Van,984.0,2102.38,2082.7817,19.59826171875011,0.9321940714214417
2025-09-03,San Francisco,Richmond,Reefer,2935.3,5768.28,5807.1035,38.823515625000255,0.6730518564459468
2025-09-03,Phoenix,San Antonio,Dry Van,1234.1,2568.2,2626.2588,58.05878906250018,2.260680206467572
2025-09-03,Charleston,Boston,Flatbed,804.0,1837.9,1755.2821,82.61789550781259,4.495233446205592
2025-09-03,San Antonio,Hartford,Dry Van,1952.3,3673.71,3646.066,27.644082031250036,0.7524840564783295
2025-09-03,Amarillo,Milwaukee,Dry Van,1132.0,2317.84,2328.991,11.150966796874854,0.4810930347597269
2025-09-03,Boston,Houston,Dry Van,1758.2,3469.94,3462.6685,7.271542968750055,0.20955817589785572
2025-09-03,Fresno,Corpus Christi,Dry Van,1673.0,3365.78,3314.4165,51.3634960937502,1.5260503091036905
2025-09-03,Chattanooga,Greensboro,Dry Van,304.5,714.78,707.3212,7.458771972656223,1.043505970040603
2025-09-03,Montgomery,Atlanta,Dry Van,288.2,689.93,656.0675,33.86249511718745,4.908105911786334
2025-09-03,Lexington,Albuquerque,Dry Van,1609.1,3144.44,3098.3896,46.050351562500055,1.46450088290761
2025-09-03,Little Rock,Grand Rapids,Flatbed,822.9,1841.62,1755.4086,86.21143066406239,4.681282276694562
2025-09-03,Syracuse,Detroit,Flatbed,429.7,1007.46,979.4662,27.993813476562536,2.7786525992657314
2025-09-03,San Antonio,Green Bay,Dry Van,1371.7,2787.96,2776.0244,11.935585937500036,0.42811180710985947
2025-09-03,Providence,Grand Rapids,Reefer,1188.3,2484.83,2539.2998,54.46980468750007,2.192093812755805
2025-09-03,Columbia,Milwaukee,Flatbed,527.4,486.09,1235.9392,749.8492089843751,154.26139377160095
2025-09-03,Las Vegas,Cincinnati,Dry Van,1871.9,3665.65,3785.9312,120.28115234374991,3.281304880273619
2025-09-03,Memphis,Phoenix,Dry Van,1820.7,3329.54,3336.095,6.554970703125036,0.196873162752964
2025-09-03,Las Vegas,Mobile,Reefer,1878.9,4243.19,4437.8364,194.6464257812504,4.5872663204157815
2025-09-03,Atlanta,Tampa,Reefer,534.3,1384.46,1414.1915,29.731528320312464,2.1475180446031277
2025-09-03,Memphis,Richmond,Dry Van,873.6,1782.17,1703.4847,78.68525878906257,4.415137657409931
2025-09-03,Atlanta,Lubbock,Flatbed,1022.5,2329.64,2197.9148,131.72520507812487,5.6543159062398
2025-09-03,Baton Rouge,San Antonio,Dry Van,422.2,1025.98,971.13544,54.84456298828127,5.345578177769671
2025-09-03,Baltimore,Montgomery,Flatbed,1050.3,2262.13,2266.8894,4.759404296874891,0.21039481801995866
2025-09-03,Oklahoma City,Memphis,Dry Van,706.5,1653.13,1615.1309,37.99914062500011,2.2986178113639038
2025-09-03,New York,Milwaukee,Dry Van,936.8,1809.32,1810.5651,1.2450634765625637,0.0688138901113437
2025-09-03,Hartford,Austin,Flatbed,2011.8,4192.29,4138.1475,54.142539062499964,1.2914788591080284
2025-09-03,Baton Rouge,Jacksonville,Dry Van,595.5,1311.58,1302.493,9.086958007812427,0.6928252952783992
2025-09-03,Charleston,Oklahoma City,Reefer,1312.2,2941.49,2870.3354,71.15455078124978,2.418996861497057
2025-09-03,Tulsa,Cincinnati,Flatbed,624.2,1438.42,1467.8203,29.400312499999927,2.043931014585443
2025-09-03,Atlanta,Albany,Dry Van,1225.2,2279.18,2292.473,13.292900390625164,0.5832317057286026
2025-09-03,Indianapolis,Jacksonville,Reefer,616.2,1501.31,1512.208,10.898007812500055,0.7258999015859519
2025-09-03,Buffalo,San Francisco,Reefer,2704.5,5645.59,5215.0015,430.58853515625015,7.626989121708274
2025-09-03,Fort Wayne,El Paso,Dry Van,1690.6,3301.88,3271.1658,30.71422851562511,0.9302042628934155
2025-09-03,Phoenix,El Paso,Dry Van,550.5,1177.46,1215.5817,38.121665039062464,3.2376186910011775
2025-09-03,New York,Hartford,Reefer,116.9,353.31,419.47708,66.16708129882812,18.727769182538882
2025-09-03,Shreveport,Dayton,Dry Van,756.1,1588.32,1520.599,67.72100097656244,4.2636874796364985
2025-09-03,Shreveport,Little Rock,Reefer,153.5,508.45,525.87006,17.42005615234376,3.426109971942917
2025-09-03,Fort Wayne,Columbia,Flatbed,600.6,1418.54,1373.5951,44.944907226562464,3.1683919541614944
2025-09-03,Lubbock,Harrisburg,Reefer,1616.7,3545.47,3394.0654,151.4045703124998,4.270366702087447
2025-09-03,Bakersfield,Lexington,Dry Van,2131.0,3947.82,3856.9407,90.87932617187516,2.3020129127436193
2025-09-03,Syracuse,Providence,Dry Van,655.5,1314.47,1245.5211,68.94888183593753,5.245375081663144
2025-09-03,Louisville,Mobile,Dry Van,475.4,1045.11,1032.9672,12.1428369140624,1.1618716607880895
2025-09-03,Indianapolis,Houston,Dry Van,763.6,1658.81,1602.0356,56.774355468749945,3.422595443043504
2025-09-03,Lexington,St. Louis,Reefer,365.0,950.23,985.98773,35.75773193359373,3.7630607256762816
2025-09-03,Oklahoma City,Columbia,Dry Van,1069.0,2122.98,2163.4841,40.50413085937498,1.9078903644582135
2025-09-03,St. Louis,Atlanta,Dry Van,381.0,914.67,893.37994,21.29005615234371,2.3276215632243007
2025-09-03,Greensboro,Louisville,Reefer,326.3,856.83,798.82764,58.00236328125004,6.7694132186373075
2025-09-03,Buffalo,Montgomery,Dry Van,974.9,2005.14,1961.9062,43.2337500000001,2.1561462042550694
2025-09-03,Montgomery,Toledo,Dry Van,881.0,1740.1,1733.7294,6.370629882812409,0.3661071135459117
2025-09-03,Fort Wayne,Hartford,Dry Van,858.3,4931.28,1732.6321,3198.6479199218747,64.86445547447873
2025-09-03,Columbia,Madison,Dry Van,719.4,1509.11,1505.136,3.9740136718749,0.26333492401977987
2025-09-03,Cincinnati,Washington,Dry Van,662.6,1366.36,1368.061,1.7010351562501,0.1244939222642715
2025-09-03,Toledo,Green Bay,Dry Van,277.4,643.59,673.62555,30.035549316406218,4.666876321323548
2025-09-03,Milwaukee,San Francisco,Dry Van,2155.0,4159.14,4168.0938,8.953749999999673,0.2152788797684058
2025-09-03,Montgomery,Green Bay,Dry Van,1077.4,2019.72,2004.0707,15.649321289062527,0.7748262773583728
2025-09-03,San Francisco,Kansas City,Dry Van,1956.8,3574.04,3541.3123,32.727744140624964,0.9157072707811038
2025-09-03,Syracuse,Green Bay,Reefer,653.8,1405.61,1402.2266,3.3834374999999,0.2407095495905621
2025-09-03,Greensboro,Mobile,Flatbed,486.8,1190.88,1204.3989,13.51892578124989,1.1352047041893296
2025-09-03,New York,Savannah,Dry Van,769.6,1552.07,1503.4923,48.577690429687436,3.129864660078955
2025-09-03,Bakersfield,Green Bay,Flatbed,2008.1,3967.87,3989.884,22.01403320312511,0.5548073198750239
2025-09-03,Richmond,Little Rock,Dry Van,1051.7,2152.14,2096.668,55.47203124999987,2.577528936314546
2025-09-03,Atlanta,Bakersfield,Flatbed,2032.3,4376.41,4248.5747,127.83529296874985,2.9210081543719593
2025-09-03,Nashville,Tampa,Reefer,584.8,1509.58,1719.6511,210.07112304687507,13.9158655418643
2025-09-03,Cincinnati,Oklahoma City,Flatbed,891.7,2125.38,2074.1223,51.25768554687511,2.411695110844889
2025-09-03,Syracuse,Tulsa,Dry Van,1372.7,2774.52,2304.9675,469.552470703125,16.92373710418829
2025-09-03,Syracuse,Fort Wayne,Dry Van,525.4,1137.04,1105.8644,31.175620117187464,2.7418226374786694
2025-09-03,Baton Rouge,Amarillo,Dry Van,825.5,1778.32,1772.0802,6.239799804687436,0.35088172008904117
2025-09-03,Oklahoma City,Shreveport,Dry Van,440.2,1096.27,1103.9027,7.632709960937518,0.6962436225507875
2025-09-03,Tucson,Richmond,Dry Van,2550.2,4400.76,4374.1187,26.64134765625022,0.6053806082642592
2025-09-03,Houston,Columbia,Dry Van,840.8,1838.06,1854.8362,16.776181640625055,0.9127113174012303
2025-09-03,Shreveport,Indianapolis,Dry Van,541.6,1196.71,1202.9525,6.242514648437464,0.5216397162585308
2025-09-03,Richmond,Providence,Dry Van,481.3,1062.89,1030.236,32.6540380859376,3.0721935558653857
2025-09-03,Oklahoma City,Tulsa,Dry Van,294.1,756.61,755.24365,1.3663476562500136,0.18058810434041495
2025-09-03,Columbia,Green Bay,Dry Van,856.5,1790.45,1757.9657,32.484301757812545,1.8143093500411933
2025-09-03,Dayton,Jacksonville,Dry Van,654.1,1368.54,1330.9114,37.628623046874964,2.7495449929760887
2025-09-03,Oklahoma City,Nashville,Reefer,777.8,1933.62,1967.3228,33.70275390625011,1.7429874487360553
2025-09-03,Savannah,Mobile,Reefer,447.0,1143.89,1130.5574,13.3326269531251,1.1655514912382396
2025-09-03,El Paso,Salt Lake City,Dry Van,253.0,634.01,647.6768,13.666818847656259,2.1556156602665983
2025-09-03,Dayton,Kansas City,Dry Van,365.7,833.33,773.529,59.80100830078129,7.176149700692558
2025-09-03,Tulsa,Hartford,Dry Van,1540.5,2896.96,2727.1067,169.85331054687504,5.863156914381801
2025-09-03,Albany,Raleigh,Reefer,803.0,1804.39,1743.8546,60.5353857421876,3.354894770098903
2025-09-03,Greensboro,Fresno,Reefer,2530.5,5502.7,5552.374,49.67402343750018,0.9027209085994182
2025-09-03,Richmond,Boston,Flatbed,491.2,1177.76,1170.4579,7.302114257812491,0.6200001917039542
2025-09-03,Kansas City,Houston,Reefer,737.6,1790.91,1743.56,47.34994140625008,2.6439040156261386
2025-09-03,Baltimore,Little Rock,Dry Van,1287.2,2419.58,2440.714,21.134111328125073,0.8734619780344139
2025-09-03,Dayton,Green Bay,Dry Van,381.7,824.38,782.8854,41.494624023437495,5.033434098769681
2025-09-03,Phoenix,Grand Rapids,Dry Van,2230.8,4138.03,4455.3926,317.36257812500025,7.669412211245455
2025-09-03,Cincinnati,Grand Rapids,Reefer,504.5,1264.58,1298.5529,33.97285644531257,2.6864932582606538
2025-09-03,Richmond,Indianapolis,Dry Van,798.1,1609.32,1465.2501,144.06987792968744,8.952220685114671
2025-09-03,Jacksonville,Nashville,Flatbed,382.0,948.67,949.11646,0.4464550781250409,0.0470611570013852
2025-09-03,Philadelphia,Little Rock,Dry Van,1293.8,2408.22,2390.031,18.1889941406248,0.7552878948196096
2025-09-03,Washington,El Paso,Dry Van,2225.6,4037.25,3992.8196,44.430419921875,1.100511980230974
2025-09-03,Boston,Fresno,Dry Van,3195.4,5870.15,5710.234,159.91611328124964,2.7242253312308824
2025-09-03,Montgomery,Las Vegas,Flatbed,1995.9,4332.21,4158.729,173.48099609375004,4.004445677696834
2025-09-03,Toledo,Charleston,Dry Van,709.0,1429.26,1425.955,3.305043945312491,0.23124161771213714
2025-09-03,St. Louis,El Paso,Dry Van,1418.2,2736.58,2735.5688,1.0111523437499272,0.03694948964583265
2025-09-03,Hartford,Harrisburg,Flatbed,373.9,920.82,897.4269,23.39312011718755,2.5404661190229954
2025-09-03,Dayton,Charleston,Flatbed,613.0,1344.11,1335.6787,8.4312890624999,0.6272767156333857
2025-09-03,New York,Atlanta,Dry Van,910.5,1846.08,1785.3885,60.69145019531243,3.2875850556483157
2025-09-03,Dallas,Shreveport,Dry Van,162.5,454.76,467.82697,13.066965332031259,2.8733761395090287
2025-09-03,Milwaukee,Albany,Flatbed,1108.8,2334.05,2297.3228,36.72724609375018,1.573541530547768
2025-09-03,Lexington,Mobile,Dry Van,477.4,1120.7,1111.9225,8.777514648437545,0.783217154317618
2025-09-03,Salt Lake City,Baton Rouge,Dry Van,1434.1,2885.45,2924.2434,38.79340820312518,1.3444491570855563
2025-09-03,Shreveport,Tampa,Reefer,518.3,1412.11,1409.3324,2.7776025390624,0.1966987372840926
2025-09-03,Los Angeles,Fort Wayne,Dry Van,2296.6,4126.36,4207.4253,81.06529296875033,1.964571510211187
2025-09-03,Green Bay,Los Angeles,Reefer,2234.8,4536.4,4681.8184,145.41835937500036,3.2055894404153156
2025-09-03,Fort Wayne,Lexington,Flatbed,380.2,988.98,957.8952,31.084797363281268,3.1431168843941504
2025-09-03,El Paso,Tampa,Reefer,1674.6,3696.76,3642.9578,53.80223632812522,1.455388944051689
2025-09-03,Harrisburg,Reno,Flatbed,2476.5,4929.32,4738.762,190.5577929687497,3.8658028484405498
2025-09-03,Mobile,Montgomery,Dry Van,169.0,445.85,455.13092,9.280920410156227,2.081623956522648
2025-09-03,Salt Lake City,Green Bay,Flatbed,1761.2,3456.36,3213.8677,242.49232421875013,7.0158294916834505
2025-09-03,Austin,El Paso,Dry Van,809.9,1799.05,1774.7675,24.282543945312455,1.3497425833252248
2025-09-03,Montgomery,Oklahoma City,Dry Van,852.9,1899.77,1841.9408,57.82920410156248,3.0440108066535676
2025-09-03,Jacksonville,Shreveport,Dry Van,544.9,1246.44,1324.3978,77.95782714843745,6.254438813616174
2025-09-03,Greensboro,Memphis,Dry Van,463.5,1034.94,1022.8579,12.082089843750055,1.167419352208829
2025-09-03,Shreveport,Indianapolis,Dry Van,543.5,1244.67,1231.2466,13.423417968750073,1.0784720422883232
2025-09-03,Baton Rouge,Bakersfield,Dry Van,1695.4,3381.01,3299.0005,82.00951171875022,2.4255921076468336
2025-09-03,Baton Rouge,Memphis,Dry Van,491.5,1186.89,1169.863,17.0269628906251,1.434586430977184
2025-09-03,Memphis,Oklahoma City,Dry Van,695.6,1574.67,1521.3486,53.32136718750007,3.386193119034469
2025-09-03,Tampa,Houston,Dry Van,606.5,1412.04,1374.0107,38.029257812499964,2.693213918338005
2025-09-03,Corpus Christi,Montgomery,Dry Van,733.1,1618.75,1580.9221,37.827880859375,2.3368575048262548
2025-09-03,Hartford,Fort Wayne,Dry Van,830.1,1711.45,1626.4554,84.99455566406255,4.966230720386955
2025-09-03,Atlanta,Kansas City,Dry Van,492.6,1058.96,1061.7013,2.7412939453124636,0.25886661869310107
2025-09-03,Columbia,Boston,Reefer,979.9,2342.99,2360.2205,17.23045898437522,0.7354047172363185
2025-09-03,Fresno,Mobile,Reefer,2167.3,4769.86,4758.38,11.480117187499673,0.24068038029417368
2025-09-03,San Antonio,Fort Wayne,Dry Van,1320.6,2749.61,2705.6982,43.91175781250013,1.597017679325436
2025-09-03,Mobile,Montgomery,Flatbed,175.3,478.51,543.19275,64.68274902343751,13.517533389780256
2025-09-03,Bakersfield,Nashville,Reefer,1874.4,4031.4,4092.2783,60.87832031249991,1.5101036938160417
2025-09-03,Charleston,Buffalo,Flatbed,603.1,1398.6,1379.2831,19.31691894531241,1.3811610857509231
2025-09-03,Oklahoma City,Montgomery,Flatbed,870.3,2035.61,1780.4854,255.1246484374999,12.533080916162717
2025-09-03,St. Louis,Milwaukee,Dry Van,146.0,379.08,363.93185,15.148145751953109,3.996028741150446
2025-09-03,Fort Wayne,Montgomery,Flatbed,810.0,1762.2,1664.7142,97.48576660156255,5.532048950264587
2025-09-03,Greensboro,Lexington,Flatbed,178.4,490.18,500.38885,10.208854980468743,2.082674727746694
2025-09-03,Hartford,Grand Rapids,Dry Van,932.6,1833.07,1814.7777,18.292290039062436,0.997904610247423
2025-09-03,Lexington,Buffalo,Dry Van,569.6,1228.28,1196.818,31.462006835937473,2.5614686257154293
2025-09-03,Jacksonville,Montgomery,Dry Van,149.7,390.61,428.95914,38.34913696289061,9.817756064332867
2025-09-03,St. Louis,San Antonio,Reefer,902.4,2120.23,2014.1127,106.11732910156252,5.004991397233438
2025-09-03,New Orleans,Indianapolis,Flatbed,516.8,1281.36,1315.5824,34.2223974609376,2.670787090352251
2025-09-03,Albany,Fort Wayne,Dry Van,881.0,1811.89,1733.401,78.4889990234376,4.331885435839792
2025-09-03,Oklahoma City,Kansas City,Dry Van,807.2,1657.1,1650.3934,6.706567382812409,0.4047171192331428
2025-09-03,Phoenix,Montgomery,Reefer,2066.9,4494.52,4515.4155,20.895527343749563,0.46491121062426155
2025-09-03,Cincinnati,San Francisco,Flatbed,2334.8,4903.95,4589.204,314.7458984374998,6.418211817769345
2025-09-03,Los Angeles,Nashville,Dry Van,2000.6,3719.11,3952.9778,233.86778320312487,6.288272818043157
2025-09-03,Hartford,Oklahoma City,Dry Van,1801.1,3395.51,3423.6445,28.13453124999978,0.8285804267989133
2025-09-03,Dayton,Lubbock,Dry Van,1236.7,2534.45,2527.0974,7.352587890624818,0.2901058569166809
2025-09-03,Lubbock,Green Bay,Flatbed,1418.0,2884.07,2871.9543,12.115654296875164,0.42008877374249454
2025-09-03,Lubbock,San Francisco,Reefer,1541.4,3287.09,3158.1274,128.96255859375015,3.92330476481478
2025-09-04,Birmingham,Baltimore,Dry Van,1008.1,2103.52,2095.97,7.550029296874982,0.35892358032607163
2025-09-04,Tulsa,Austin,Dry Van,481.1,1119.29,1080.885,38.404990234374964,3.431192115928398
2025-09-04,Charleston,El Paso,Dry Van,2055.0,3831.98,3754.7197,77.26027343750002,2.0161971992938383
2025-09-04,Milwaukee,Fort Wayne,Dry Van,248.2,611.13,590.5263,20.603693847656245,3.371409331509866
2025-09-04,Grand Rapids,Oklahoma City,Reefer,1238.8,2807.36,2746.5964,60.76356445312513,2.1644379222160723
2025-09-04,Green Bay,Mobile,Dry Van,1036.1,2071.96,1986.4559,85.50406738281254,4.126723845190666
2025-09-04,Mobile,Grand Rapids,Reefer,995.4,2339.95,2329.9722,9.977832031249818,0.4264121896301125
2025-09-04,Los Angeles,Grand Rapids,Reefer,2365.9,4874.27,4780.3853,93.88474609375044,1.9261293710391592
2025-09-04,St. Louis,Buffalo,Reefer,776.7,1768.91,1772.3821,3.472080078124918,0.19628359148429925
2025-09-04,Phoenix,Greensboro,Dry Van,2288.4,4304.74,4391.037,86.29710937500022,2.0046996885990844
2025-09-04,Buffalo,Austin,Reefer,1698.0,3572.95,3411.3733,161.57670898437482,4.522221385252378
2025-09-04,Tucson,Madison,Reefer,1731.5,3764.61,3748.4497,16.160292968750127,0.42926871492000834
2025-09-04,Kansas City,Fort Wayne,Dry Van,387.7,870.61,832.7488,37.861220703125014,4.348815279301296
2025-09-04,Indianapolis,Louisville,Dry Van,144.7,413.09,383.49234,29.59765991210935,7.164942243121198
2025-09-04,San Antonio,Greensboro,Dry Van,1206.7,2544.99,2487.9302,57.05982421874978,2.2420451246861397
2025-09-04,Indianapolis,Syracuse,Dry Van,825.3,1660.37,1632.9202,27.44983398437489,1.6532359645365127
2025-09-04,Madison,Lexington,Flatbed,496.5,1092.96,1086.3025,6.657509765625036,0.6091265705629699
2025-09-04,Phoenix,New York,Flatbed,2915.7,5716.18,5505.49,210.6897656250003,3.6858490394809174
2025-09-04,Salt Lake City,Grand Rapids,Dry Van,1792.0,3141.19,3250.7122,109.52215820312495,3.4866454497539134
2025-09-04,Fresno,Philadelphia,Flatbed,3020.8,6185.0,6079.1973,105.802734375,1.7106343472109944
2025-09-04,Fresno,Nashville,Reefer,2072.0,4636.85,4536.501,100.34902343750036,2.164163676580013
2025-09-04,Green Bay,Bakersfield,Dry Van,2029.1,3625.04,3524.115,100.92500976562496,2.7841074792450557
2025-09-04,Mobile,Buffalo,Dry Van,1016.7,1954.2,2075.0952,120.89521484374995,6.186429988934088
2025-09-04,Richmond,San Antonio,Reefer,1586.3,3415.8,3313.8252,101.97480468750018,2.9853856984454645
2025-09-04,Milwaukee,Memphis,Dry Van,368.5,819.65,804.054,15.595983886718727,1.9027614087377207
2025-09-04,Nashville,Montgomery,Dry Van,361.0,835.18,864.0529,28.8729174804688,3.4570891880156136
2025-09-04,Milwaukee,Louisville,Dry Van,214.3,517.61,521.7622,4.152207031249986,0.8021883331562347
2025-09-04,Mobile,Columbia,Dry Van,414.6,958.93,972.26575,13.33574707031255,1.3906903601214426
2025-09-04,Fort Wayne,Memphis,Dry Van,545.6,1197.57,1178.0845,19.485527343749936,1.6270888001327637
2025-09-04,Mobile,Oklahoma City,Dry Van,739.6,1674.76,1583.7285,91.03148437499999,5.435494302168668
2025-09-04,Los Angeles,Richmond,Flatbed,2767.7,5233.71,5000.677,233.03324218750004,4.452544030668494
2025-09-04,Washington,Las Vegas,Dry Van,2519.2,4807.93,4704.7305,103.19953125000029,2.1464441298022283
2025-09-04,Raleigh,Grand Rapids,Dry Van,847.2,1614.61,1678.1317,63.5217138671876,3.9341831072015907
2025-09-04,Los Angeles,Philadelphia,Reefer,2976.6,5839.12,5309.935,529.1849414062499,9.062751603088307
2025-09-04,Columbia,Corpus Christi,Reefer,1033.0,2360.93,2368.7341,7.804130859375164,0.33055325059934704
2025-09-04,Bakersfield,Mobile,Reefer,1927.8,4100.64,4038.0981,62.54185546875033,1.5251730332033615
2025-09-04,Albuquerque,Corpus Christi,Flatbed,1082.2,2338.31,2342.1794,3.8694433593750546,0.16548034090326152
2025-09-04,Philadelphia,Harrisburg,Dry Van,328.6,777.59,692.08026,85.50973876953128,10.99676420344028
2025-09-04,Tucson,Little Rock,Reefer,1435.5,3240.89,3220.9148,19.975205078124873,0.616349369405468
2025-09-04,Indianapolis,Salt Lake City,Reefer,1578.5,3635.79,3678.672,42.882119140625036,1.1794443337108313
2025-09-04,St. Louis,Greensboro,Dry Van,507.7,1166.61,1138.2333,28.3767236328124,2.432408742665707
2025-09-04,Columbia,San Francisco,Reefer,2534.0,5181.47,4792.3604,389.10964843750025,7.5096381613229495
2025-09-04,Fort Wayne,Tucson,Reefer,2007.8,4170.51,4231.4585,60.94849609374978,1.4614158962273147
2025-09-04,Montgomery,Amarillo,Flatbed,1276.4,2723.28,2638.7046,84.5754101562502,3.1056450367296127
2025-09-04,Buffalo,Toledo,Dry Van,388.3,830.68,842.78754,12.1075366210938,1.4575452185069824
2025-09-04,Bakersfield,Savannah,Flatbed,2291.3,4731.45,4538.5566,192.89335937499982,4.07683393832757
2025-09-04,Baton Rouge,Mobile,Flatbed,354.6,946.26,1021.12524,74.86524414062501,7.911699125042272
2025-09-04,St. Louis,Dayton,Dry Van,306.3,711.59,673.0943,38.49570068359378,5.409814736518751
2025-09-04,Charleston,Lexington,Flatbed,419.3,1082.09,1088.9114,6.821376953125082,0.6303890575760872
2025-09-04,Fort Wayne,Boston,Dry Van,998.5,2041.64,2030.6216,11.0184179687501,0.53968466373847
2025-09-04,Cincinnati,Austin,Flatbed,1092.1,2599.43,2472.4807,126.94928710937484,4.883735553924316
2025-09-04,Albuquerque,Tampa,Flatbed,1690.2,3685.54,3409.984,275.55611328124996,7.476682203455938
2025-09-04,Tampa,Nashville,Flatbed,569.9,1417.52,1394.6241,22.895854492187482,1.6152050406475733
2025-09-04,Phoenix,Harrisburg,Dry Van,2634.7,4591.38,4447.418,143.9620312500001,3.1354850012414595
2025-09-04,Syracuse,San Francisco,Dry Van,2783.6,5144.4,5153.6235,9.223535156250364,0.17929272910835792
2025-09-04,Mobile,Fresno,Dry Van,2205.7,4160.37,4115.041,45.32898437499989,1.0895421410836028
2025-09-04,Baton Rouge,Richmond,Flatbed,1219.1,2771.41,2754.1257,17.284267578124854,0.6236633186040628
2025-09-04,Little Rock,Mobile,Dry Van,334.8,812.49,790.5727,21.91730712890626,2.6975479241475293
2025-09-04,Nashville,Savannah,Dry Van,430.0,989.2,985.0996,4.1003906250000455,0.41451583350182425
2025-09-04,Los Angeles,Phoenix,Dry Van,92.8,251.45,213.31664,38.13336486816405,15.165386704380216
2025-09-04,Chattanooga,Memphis,Flatbed,165.3,498.55,511.53473,12.984729003906239,2.6044988474388204
2025-09-04,St. Louis,Oklahoma City,Dry Van,762.1,1607.21,1601.5259,5.684121093750036,0.35366387054274406
2025-09-04,Phoenix,Los Angeles,Dry Van,70.0,196.37,197.08426,0.7142590332031205,0.36373123858182027
2025-09-04,Nashville,Bakersfield,Dry Van,1930.8,3701.75,3714.786,13.035888671875,0.35215475577429595
2025-09-04,Philadelphia,Hartford,Reefer,70.5,236.37,249.30348,12.933482055664058,5.471710477498861
2025-09-04,Columbia,Greensboro,Dry Van,120.1,345.86,347.27222,1.4122167968749864,0.4083203599360974
2025-09-04,Baton Rouge,Toledo,Dry Van,1055.2,2077.33,2126.9185,49.58845703125007,2.387124675966268
2025-09-04,Phoenix,New York,Flatbed,2832.1,5633.17,5432.2676,200.90242187500007,3.5664185862489517
2025-09-04,Columbia,Houston,Dry Van,846.0,1878.85,1846.4359,32.41408691406241,1.7252088731970305
2025-09-04,Atlanta,Savannah,Dry Van,305.0,742.41,738.17456,4.235439453124968,0.5704987073348915
2025-09-04,Syracuse,Memphis,Dry Van,994.0,1934.15,1966.7316,32.58156738281241,1.6845419115793712
2025-09-04,San Francisco,Toledo,Dry Van,2408.2,4583.28,4463.636,119.64376953124975,2.6104398930732957
2025-09-04,Syracuse,Toledo,Reefer,470.1,1155.21,1164.2594,9.049399414062464,0.7833553565206727
2025-09-04,Atlanta,Boston,Dry Van,1169.7,2265.2,2316.2104,51.01044921875018,2.251918118433259
2025-09-04,Birmingham,Milwaukee,Dry Van,523.0,1152.28,1150.4948,1.7852490234374727,0.1549318762312522
2025-09-04,Phoenix,Baton Rouge,Reefer,1664.6,3524.5,3438.032,86.468017578125,2.4533413981593135
2025-09-04,Grand Rapids,Harrisburg,Reefer,574.5,1333.02,1297.1469,35.87314941406248,2.691118618930135
2025-09-04,Austin,Jacksonville,Dry Van,1077.3,2290.51,2337.585,47.07496093749978,2.055217437928661
2025-09-04,Philadelphia,Baton Rouge,Dry Van,1479.6,2815.63,2791.7485,23.88146484375011,0.8481748256606908
2025-09-04,Cincinnati,Bakersfield,Dry Van,1948.1,3706.5,3835.0125,128.512451171875,3.4672184317246733
2025-09-04,Washington,Madison,Dry Van,822.3,1625.36,1582.0276,43.3324121093749,2.6660193501362714
2025-09-04,Dallas,Dayton,Flatbed,865.8,2034.63,2037.839,3.208989257812391,0.15771856592168554
2025-09-04,Houston,Charleston,Dry Van,1066.6,2154.52,2188.9055,34.38551757812502,1.5959711480109267
2025-09-04,Harrisburg,Dayton,Dry Van,488.4,1086.45,1050.9067,35.543261718750045,3.2715045992682628
2025-09-04,Detroit,Hartford,Flatbed,767.2,1719.87,1623.335,96.53503906249989,5.61292650389273
2025-09-04,Shreveport,Richmond,Dry Van,1130.4,2197.15,2184.9995,12.150488281250091,0.5530113229069518
2025-09-04,Chattanooga,Fresno,Flatbed,2203.0,4716.82,4514.0503,202.7697070312497,4.298864638278538
2025-09-04,Detroit,Houston,Reefer,1245.7,2940.08,2721.7263,218.35368164062493,7.426793884541405
2025-09-04,Dayton,Dallas,Dry Van,876.5,1864.87,1746.2383,118.63171874999989,6.361393488554157
2025-09-04,St. Louis,Los Angeles,Dry Van,1942.3,3495.24,3584.367,89.12694335937522,2.549952030743961
2025-09-04,Columbia,Atlanta,Dry Van,217.7,544.25,508.07724,36.172760009765625,6.646350024761713
2025-09-04,Syracuse,Oklahoma City,Dry Van,1614.0,3230.31,3084.9285,145.38153320312495,4.500544319372597
2025-09-04,Memphis,Las Vegas,Dry Van,1784.6,3459.65,3510.2512,50.60122070312491,1.4626109780794272
2025-09-04,Las Vegas,Los Angeles,Reefer,416.8,1036.49,1067.1764,30.68639160156249,2.9606066244307705
2025-09-04,Charleston,New York,Flatbed,636.9,1434.39,1384.2738,50.1161962890626,3.4939030730179796
2025-09-04,Atlanta,Corpus Christi,Reefer,834.4,2102.58,2063.413,39.16691406249993,1.8628025598312516
2025-09-04,Corpus Christi,Phoenix,Reefer,1424.4,3041.2,2948.3718,92.82817382812482,3.052353473238354
2025-09-04,Las Vegas,Amarillo,Reefer,769.8,1922.11,1919.5422,2.5677636718749,0.13359088043217612
2025-09-04,Syracuse,Mobile,Flatbed,1135.7,2411.56,2389.7598,21.800234374999945,0.903988885824941
2025-09-04,Fort Wayne,Washington,Dry Van,564.9,1202.71,1173.8069,28.903115234375036,2.403165786796072
2025-09-04,San Antonio,Shreveport,Flatbed,515.3,1342.71,1454.9923,112.28230957031246,8.362364886707663
2025-09-04,Greensboro,Houston,Dry Van,928.1,1951.86,1969.7299,17.8698583984376,0.9155297202892422
2025-09-04,Little Rock,Dayton,Flatbed,615.6,1492.67,1439.6478,53.02217285156257,3.55216979316008
2025-09-04,Hartford,Milwaukee,Reefer,1029.3,2293.08,2191.5667,101.51334960937493,4.426943220880865
2025-09-04,Atlanta,Lexington,Reefer,195.2,579.89,623.3025,43.412490234375014,7.486331930948113
2025-09-04,Washington,El Paso,Dry Van,2214.6,4312.53,4245.9536,66.57638671874975,1.5437895323336823
2025-09-04,Cincinnati,Oklahoma City,Dry Van,896.6,1993.26,1825.9447,167.3152978515625,8.394052850684933
2025-09-04,Fort Wayne,Baltimore,Reefer,839.1,1803.31,1773.9827,29.327333984374945,1.6263057369157243
2025-09-04,Montgomery,Fort Wayne,Flatbed,816.2,1870.98,1820.1659,50.81410644531252,2.7159085850897666
2025-09-04,Grand Rapids,Indianapolis,Flatbed,438.6,1035.33,995.7876,39.54240234374993,3.8193042164092543
2025-09-04,Amarillo,Mobile,Dry Van,1107.9,2346.17,2314.8132,31.356767578125073,1.336508760154851
2025-09-04,Tampa,Syracuse,Dry Van,1328.6,2565.6,2514.0479,51.55214843749991,2.009360322634078
2025-09-04,Albuquerque,Shreveport,Dry Van,1192.2,2561.74,2501.14,60.60010742187478,2.36558383840182
2025-09-04,San Antonio,Syracuse,Dry Van,1761.1,3226.05,3179.3662,46.68378906250018,1.4470882057779693
2025-09-04,Los Angeles,Memphis,Dry Van,1888.9,3600.54,3685.9539,85.41385742187504,2.3722513129107035
2025-09-04,Chattanooga,Atlanta,Dry Van,75.2,224.92,262.13046,37.21046264648439,16.54386566178392
2025-09-04,Memphis,Jacksonville,Dry Van,462.1,1038.92,1003.3942,35.52577392578132,3.4194908102434565
2025-09-04,Fresno,Atlanta,Dry Van,2224.3,4309.6,4399.246,89.64609374999964,2.0801488247169027
2025-09-04,Lexington,Montgomery,Dry Van,478.6,1073.55,1074.4321,0.8821289062500455,0.08216933596479395
2025-09-04,Lubbock,Grand Rapids,Dry Van,1370.6,2717.74,2707.706,10.033945312499782,0.3692018115235373
2025-09-04,Nashville,Cincinnati,Flatbed,187.6,545.79,572.1162,26.326210937500036,4.823505549295524
2025-09-04,Philadelphia,Lexington,Dry Van,781.6,1635.9,1621.7394,14.160620117187591,0.8656164873884461
2025-09-04,Jacksonville,Syracuse,Flatbed,1017.2,2223.7,2266.5933,42.89326171875018,1.9289140495008401
2025-09-04,Grand Rapids,Dayton,Dry Van,311.0,706.43,679.9001,26.5299145507812,3.7554909263170027
2025-09-04,Madison,Houston,Dry Van,950.4,1993.08,1976.8026,16.277387695312427,0.8166951499845679
2025-09-04,Milwaukee,St. Louis,Dry Van,150.7,419.81,411.51776,8.292238769531252,1.9752361233727762
2025-09-04,Fresno,Montgomery,Reefer,2310.4,4728.81,4661.7383,67.0717187500004,1.4183635787862146
2025-09-04,Hartford,Columbia,Dry Van,832.5,1619.87,1597.2738,22.59619628906239,1.3949388709626322
2025-09-04,Detroit,Buffalo,Dry Van,370.2,829.81,817.5245,12.285524902343695,1.4805226379946852
2025-09-04,Columbia,Charleston,Reefer,253.5,675.2,625.54694,49.653063964843795,7.353830563513594
2025-09-04,Cincinnati,Dayton,Reefer,249.9,669.78,617.94867,51.83133056640622,7.7385605073914165
2025-09-04,Oklahoma City,Chattanooga,Dry Van,804.8,1777.59,1762.5504,15.039584960937418,0.8460660197760687
2025-09-04,Boston,Amarillo,Dry Van,2329.5,4479.42,4007.3767,472.0432910156251,10.5380449034836
2025-09-04,Harrisburg,Philadelphia,Reefer,348.7,882.08,896.73315,14.653154296874959,1.6612046862954561
2025-09-04,Bakersfield,Tulsa,Flatbed,1495.8,3210.13,3237.2134,27.08337890624989,0.8436848011217579
2025-09-04,Oklahoma City,Chattanooga,Reefer,823.0,2080.39,2065.3374,15.052597656249873,0.7235469145809139
2025-09-04,Richmond,Dayton,Reefer,584.8,1442.01,1432.0769,9.933095703124991,0.6888368113345255
2025-09-04,Baton Rouge,San Antonio,Dry Van,414.3,995.5,940.76154,54.73846435546875,5.498590090956178
2025-09-04,Atlanta,Lexington,Flatbed,196.2,557.08,570.23395,13.153947753906209,2.361231376805164
2025-09-04,Washington,Oklahoma City,Dry Van,1526.0,2895.45,2824.251,71.19902343749982,2.458996820442412
2025-09-04,Boston,Kansas City,Dry Van,1368.1,2750.9,2741.1648,9.735205078125091,0.35389163830473996
2025-09-04,Lexington,Greensboro,Dry Van,186.1,497.6,477.16882,20.431176757812523,4.10594388219705
2025-09-04,Fresno,Washington,Reefer,2783.0,5931.57,5749.102,182.4679492187497,3.0762167388861585
2025-09-04,Fresno,Buffalo,Dry Van,2660.4,4678.42,4543.473,134.94685546875007,2.884453628976237
2025-09-04,Oklahoma City,Nashville,Dry Van,775.2,1735.69,1701.9955,33.694516601562555,1.941275031921746
2025-09-04,El Paso,Los Angeles,Reefer,606.9,1491.48,1539.0359,47.55588867187498,3.188503276736864
2025-09-04,Raleigh,Baton Rouge,Dry Van,1134.0,2227.63,2246.3936,18.76355468749989,0.8423101990680628
2025-09-04,San Antonio,Los Angeles,Dry Van,1308.3,2606.74,2579.5498,27.19019531249978,1.0430727772044692
2025-09-04,Bakersfield,Baltimore,Dry Van,2725.0,5037.89,5067.039,29.149062499999673,0.5785966446270099
2025-09-04,Phoenix,Buffalo,Reefer,2660.5,5580.78,5542.146,38.634003906249745,0.6922688926323873
2025-09-04,Madison,Nashville,Flatbed,540.4,1339.97,1206.3323,133.63772460937503,9.973187803411646
2025-09-04,Savannah,Phoenix,Reefer,2301.8,4731.22,4710.02,21.199980468750255,0.4480869726782998
2025-09-04,Bakersfield,New Orleans,Dry Van,1617.7,3136.86,3076.7168,60.14320312500013,1.9173059404946389
2025-09-04,Phoenix,Fort Wayne,Reefer,2243.7,4776.59,4843.5054,66.91537109374985,1.4009025495960477
2025-09-04,Atlanta,New York,Reefer,932.2,2207.44,2180.6768,26.763242187500055,1.2124108554479422
2025-09-04,Greensboro,Dayton,Dry Van,375.0,873.34,861.81146,11.528537597656282,1.3200514802546868
2025-09-05,Mobile,Detroit,Dry Van,1001.3,1990.86,2029.7799,38.9199072265626,1.9549293886341883
2025-09-05,Kansas City,Greensboro,Dry Van,622.5,1383.52,1347.8567,35.66331054687498,2.5777228046486482
2025-09-05,Albany,Fresno,Flatbed,3098.1,5939.13,5854.5107,84.61925781250011,1.424775309052001
2025-09-05,Baltimore,Savannah,Reefer,720.2,1602.12,1583.9136,18.20642578124989,1.1363958867781372
2025-09-05,Memphis,Syracuse,Dry Van,959.3,1943.74,1909.3154,34.42457031250001,1.7710480986397363
2025-09-05,Kansas City,Hartford,Reefer,1176.5,2558.28,2487.9846,70.2953808593752,2.747759465710368
2025-09-05,Oklahoma City,St. Louis,Reefer,802.7,1898.24,1852.6693,45.57068847656251,2.400681077027273
2025-09-05,Buffalo,Richmond,Flatbed,333.6,833.5,854.1586,20.65863037109375,2.478539936543941
2025-09-05,Savannah,Houston,Reefer,880.8,2025.05,1978.3102,46.739819335937455,2.308082236781188
2025-09-05,Richmond,Little Rock,Dry Van,1049.8,2231.66,2040.7898,190.87020507812485,8.552835336840058
2025-09-05,Green Bay,Lexington,Reefer,634.6,1574.91,1501.664,73.24605957031258,4.650809225308912
2025-09-05,Los Angeles,Fresno,Dry Van,422.4,992.27,963.64014,28.629863281249982,2.885289616863352
2025-09-05,Bakersfield,Detroit,Dry Van,2177.4,3972.75,3852.7964,119.95361328125,3.0194100630860237
2025-09-05,Greensboro,Buffalo,Dry Van,520.6,1104.17,1072.924,31.246049804687573,2.8298223828475297
2025-09-05,Lexington,Phoenix,Reefer,2212.2,4521.64,4597.599,75.95912109374967,1.6799020066557635
2025-09-05,Cincinnati,Tampa,Dry Van,764.0,1668.8,1575.0209,93.77912597656245,5.619554528796888
2025-09-05,Shreveport,Hartford,Dry Van,1470.1,2740.42,2626.7275,113.69246093750007,4.148723952441599
2025-09-05,Hartford,Kansas City,Flatbed,1167.6,2446.6,2452.0562,5.456152343750091,0.22300957834341908
2025-09-05,Houston,Nashville,Dry Van,620.2,1368.65,1321.3834,47.26657714843759,3.4535182222217213
2025-09-05,Tulsa,Philadelphia,Reefer,1494.9,3261.55,3179.8909,81.65913085937518,2.5036909095177196
2025-09-05,Richmond,Philadelphia,Dry Van,287.9,640.63,566.47736,74.15264404296875,11.574956533875833
2025-09-05,Detroit,Dayton,Reefer,329.6,857.79,841.5633,16.226706542968714,1.891687539254213
2025-09-05,Toledo,Kansas City,Reefer,461.1,1076.26,1062.8993,13.360708007812491,1.2414015208046838
2025-09-05,Grand Rapids,Harrisburg,Dry Van,577.6,1153.1,1146.0936,7.006372070312409,0.6076118350804275
2025-09-05,Bakersfield,Albany,Dry Van,2941.7,5027.1,4984.994,42.105859375000364,0.8375775173559381
2025-09-05,Austin,Green Bay,Dry Van,1436.2,2671.85,2713.4714,41.62143554687509,1.5577759060903529
2025-09-05,Memphis,Madison,Reefer,489.5,1254.71,1231.909,22.800942382812536,1.8172280752375078
2025-09-05,Memphis,New Orleans,Reefer,324.2,965.6,935.904,29.696008300781273,3.075394397346859
2025-09-05,Greensboro,Mobile,Reefer,505.9,1290.97,1337.9803,47.01034667968747,3.641474757716095
2025-09-05,Madison,Fort Wayne,Reefer,292.6,791.06,647.5942,143.4658227539062,18.13589648748593
2025-09-05,Kansas City,Atlanta,Reefer,485.8,1227.54,1217.9596,9.580405273437464,0.7804556489757941
2025-09-05,Indianapolis,Milwaukee,Reefer,113.8,341.56,338.04175,3.5182519531250023,1.0300538567528406
2025-09-05,Jacksonville,Savannah,Reefer,206.4,581.85,652.7585,70.90848388671873,12.186729206276313
2025-09-05,Richmond,Raleigh,Dry Van,238.9,578.63,534.4187,44.211298828124995,7.64068555521231
2025-09-05,Phoenix,Cincinnati,Dry Van,2077.8,3915.16,3833.4727,81.68734374999985,2.086436920841035
2025-09-05,Oklahoma City,Toledo,Dry Van,1213.9,2473.31,2436.1753,37.134707031249945,1.5014174135571339
2025-09-05,Fort Wayne,Chattanooga,Dry Van,495.8,1056.11,1029.1852,26.9248193359374,2.549433234789691
2025-09-05,Buffalo,Memphis,Dry Van,863.1,1683.15,1645.2257,37.92429199218759,2.253173632307732
2025-09-05,Greensboro,Cincinnati,Flatbed,294.4,788.94,844.3852,55.445192871093695,7.027808562259956
2025-09-05,Tampa,San Antonio,Flatbed,822.4,1950.21,1973.5131,23.303061523437464,1.1949001145229212
2025-09-05,Greensboro,Harrisburg,Reefer,456.4,1155.37,1164.1755,8.80553710937511,0.7621400165639675
2025-09-05,Buffalo,Richmond,Flatbed,320.1,785.6,830.7403,45.14029541015623,5.745964283370192
2025-09-05,Montgomery,Los Angeles,Dry Van,2145.3,4124.89,4108.977,15.912949218750327,0.3857787533425213
2025-09-05,Los Angeles,Tulsa,Dry Van,1556.7,3112.26,3057.6829,54.57713867187522,1.7536175856732796
2025-09-05,Los Angeles,Lexington,Dry Van,2229.9,4107.05,4229.6704,122.62041015624982,2.9856079218964906
2025-09-05,St. Louis,Lubbock,Flatbed,988.5,2265.1,2253.8894,11.210595703124909,0.4949271865756439
2025-09-05,Green Bay,Cincinnati,Reefer,582.4,1455.36,1376.6549,78.7050927734374,5.407946678034122
2025-09-05,Dayton,Lexington,Flatbed,256.6,689.69,679.21924,10.470761718750055,1.5181837809378205
2025-09-05,Boston,Milwaukee,Flatbed,1173.7,2395.68,2504.362,108.68206054687516,4.536585042529685
2025-09-05,Bakersfield,Richmond,Dry Van,2663.8,4954.29,4858.8315,95.45845703124996,1.9267837981072962
2025-09-05,Green Bay,Chattanooga,Dry Van,749.0,1474.97,1454.5953,20.374663085937527,1.381361186053786
2025-09-05,Green Bay,San Antonio,Dry Van,1375.6,2664.11,2663.167,0.9430078125001273,0.035396729583242706
2025-09-05,Fresno,Mobile,Flatbed,2120.8,4592.34,4316.4634,275.87662109375015,6.007321345844387
2025-09-05,Corpus Christi,Charleston,Dry Van,1212.5,2469.17,2452.557,16.613115234375073,0.67282184840959
2025-09-05,Buffalo,Fort Wayne,Reefer,421.2,1028.4,1036.5052,8.105249023437409,0.7881416786695263
2025-09-05,Mobile,Bakersfield,Reefer,1945.3,4251.39,4376.623,125.23304687499967,2.9456965104354027
2025-09-05,Louisville,Philadelphia,Reefer,927.2,2009.23,2132.374,123.14402343749998,6.128916223503531
2025-09-05,Philadelphia,Chattanooga,Reefer,972.9,2139.57,2135.899,3.6710742187501637,0.17158000059592177
2025-09-05,Memphis,Syracuse,Reefer,985.7,2307.9,2339.3196,31.41958007812491,1.3613926113837214
2025-09-05,Buffalo,Syracuse,Dry Van,142.4,361.96,391.35275,29.392752685546895,8.120442227192754
2025-09-05,Green Bay,Tucson,Reefer,1988.8,4078.17,4173.3057,95.13566406249993,2.332802802788994
2025-09-05,Grand Rapids,Baton Rouge,Dry Van,1107.1,2118.24,1968.6542,149.58582519531228,7.061797775290443
2025-09-05,San Antonio,Bakersfield,Dry Van,1312.8,2511.37,2554.178,42.80797851562511,1.7045667709507206
2025-09-05,Green Bay,Little Rock,Dry Van,870.7,1714.1,1689.1569,24.94313964843741,1.4551741233555457
2025-09-05,Bakersfield,Charleston,Reefer,2470.3,5335.02,5118.5024,216.51755859375044,4.058420748071242
2025-09-05,Shreveport,Montgomery,Reefer,449.2,1169.68,1175.0518,5.371757812499936,0.45925020625298674
2025-09-05,Baton Rouge,Providence,Dry Van,1625.6,3081.04,2877.1702,203.86983398437496,6.616916170655848
2025-09-05,Indianapolis,Columbia,Flatbed,501.0,1187.65,1227.0286,39.37856445312491,3.315670816581055
2025-09-05,Indianapolis,Atlanta,Flatbed,342.0,927.17,929.6179,2.447919921875041,0.26402061346625116
2025-09-05,Albuquerque,Lexington,Dry Van,1611.6,3278.97,3241.5984,37.3716113281248,1.1397362991465247
2025-09-05,Los Angeles,Fort Wayne,Reefer,2287.1,4844.98,4763.548,81.43214843749956,1.6807530358742364
2025-09-05,Oklahoma City,Mobile,Dry Van,698.2,1538.53,895.29254,643.2374584960937,41.80857432068883
2025-09-05,Amarillo,Houston,Dry Van,689.7,1556.98,1544.3131,12.666889648437518,0.8135550648330433
2025-09-05,Washington,Indianapolis,Flatbed,769.1,1639.49,1464.772,174.71802734375,10.65685227380161
2025-09-05,El Paso,Providence,Dry Van,2672.0,4829.59,4672.69,156.90005859375015,3.248724189708653
2025-09-05,Phoenix,Baton Rouge,Reefer,1663.6,3605.8,3584.6267,21.173291015625182,0.5872009267187637
2025-09-05,Lubbock,Indianapolis,Reefer,988.6,2372.36,2413.4207,41.06065429687487,1.7307935682980182
2025-09-05,Oklahoma City,Kansas City,Flatbed,784.8,1848.35,1808.8789,39.47109374999991,2.135477249979707
2025-09-05,Dayton,Raleigh,Reefer,649.3,1545.64,1185.505,360.1349951171876,23.300056618435573
2025-09-05,Las Vegas,Oklahoma City,Dry Van,1143.5,2236.81,2267.0852,30.275205078125055,1.353499183127984
2025-09-05,Bakersfield,Greensboro,Reefer,2235.2,4856.02,4819.5454,36.47458984375044,0.7511210794797063
2025-09-05,Mobile,Albany,Reefer,1443.3,2963.57,2966.8655,3.2954785156248363,0.11119961788062492
2025-09-05,Amarillo,Hartford,Dry Van,2093.3,3804.05,3735.5671,68.48286132812518,1.8002618611249899
2025-09-05,Oklahoma City,Phoenix,Dry Van,1213.2,2504.29,2501.7234,2.5666113281249636,0.10248858271705606
2025-09-05,Nashville,Baton Rouge,Dry Van,516.2,1161.24,1139.6498,21.59021972656251,1.8592383767836544
2025-09-05,Fresno,Raleigh,Dry Van,2754.5,5084.27,5016.6147,67.65525390625044,1.3306778339122516
2025-09-05,Nashville,Green Bay,Dry Van,742.3,1551.07,1527.2123,23.857719726562436,1.5381459074421167
2025-09-05,Tucson,Lexington,Flatbed,1947.6,3925.06,3998.0793,73.01934570312505,1.8603370573475324
2025-09-05,Houston,Milwaukee,Flatbed,829.8,1940.07,1915.6147,24.455253906249936,1.2605346150525463
2025-09-05,San Antonio,Madison,Flatbed,1111.2,2458.96,2418.2078,40.752236328125036,1.657295617989924
2025-09-05,Los Angeles,Shreveport,Reefer,1667.3,3749.01,3696.3306,52.67943359375022,1.4051558569795817
2025-09-05,New Orleans,Reno,Dry Van,1810.9,3545.25,3452.1965,93.053466796875,2.6247363880368098
2025-09-05,Little Rock,Dallas,Flatbed,267.3,770.47,787.5701,17.100129394531223,2.21944130135258
2025-09-05,Oklahoma City,Lexington,Flatbed,982.8,2194.96,2220.1165,25.156455078124964,1.1461008436657143
2025-09-05,Baltimore,Madison,Reefer,1114.7,2501.52,2409.1038,92.41624023437498,3.694403412100442
2025-09-05,Hartford,El Paso,Dry Van,2486.7,4472.64,4375.2285,97.41148437500033,2.1779415373247195
2025-09-05,Savannah,Fort Wayne,Reefer,646.7,1597.1,1566.9816,30.11843261718741,1.8858200874827757
2025-09-05,Greensboro,Milwaukee,Reefer,480.1,1233.95,1275.2769,41.326855468749955,3.3491515433161756
2025-09-05,Madison,Hartford,Reefer,1092.7,2445.17,2269.9595,175.21052734375007,7.165576517941495
2025-09-05,Reno,Oklahoma City,Reefer,1446.4,3131.14,3089.0986,42.04136718749987,1.342685641252064
2025-09-05,Syracuse,Shreveport,Reefer,1279.0,2965.22,2879.8794,85.3406054687498,2.8780530776384152
2025-09-05,Corpus Christi,Nashville,Flatbed,735.2,1744.51,1856.7362,112.22620605468751,6.433107637943464
2025-09-05,Toledo,Richmond,Dry Van,568.7,1126.29,1118.7451,7.544882812499964,0.6698881116319921
2025-09-05,Harrisburg,Lexington,Dry Van,494.0,1086.72,1102.8969,16.176850585937473,1.4885941719980744
2025-09-05,Fort Wayne,Montgomery,Dry Van,814.3,1638.54,1587.203,51.336997070312464,3.133093917164821
2025-09-05,New York,Dayton,Dry Van,750.9,1528.0,1512.7319,15.26806640625,0.9992190056446335
2025-09-05,Memphis,Greensboro,Dry Van,454.3,1023.08,995.4806,27.59940917968754,2.6976784982296143
2025-09-05,Cincinnati,Nashville,Reefer,184.5,555.88,583.7399,27.859929199218755,5.01186032942699
2025-09-05,Baton Rouge,Hartford,Dry Van,1546.5,3039.5,3069.2793,29.779296875,0.9797432760322421
2025-09-05,Kansas City,Dayton,Dry Van,331.0,796.76,766.66504,30.09496093749999,3.7771676461544246
2025-09-05,Syracuse,Bakersfield,Flatbed,2675.6,5059.84,4642.0273,417.81265625000015,8.25742822401499
2025-09-05,Los Angeles,Milwaukee,Dry Van,2098.9,3827.69,3692.8906,134.79937500000005,3.521689974893475
2025-09-05,Baton Rouge,Milwaukee,Dry Van,809.0,1725.56,1693.5266,32.033388671874945,1.8564053798114784
2025-09-05,Jacksonville,Atlanta,Reefer,276.0,806.04,805.8984,0.14162353515621362,0.01757028623346405
2025-09-05,Memphis,Savannah,Reefer,521.7,1340.8,1406.0437,65.24370117187505,4.8660278320312536
2025-09-05,Salt Lake City,Richmond,Reefer,2410.3,4949.75,4746.0996,203.650390625,4.114357101368756
2025-09-05,Philadelphia,Albuquerque,Dry Van,2369.8,4428.74,4402.7305,26.00953124999978,0.5872896410717221
2025-09-05,Madison,Providence,Dry Van,1348.9,2715.57,2649.53,66.03997070312516,2.4319008791202275
2025-09-05,Lubbock,St. Louis,Dry Van,969.3,2048.31,2000.8912,47.418764648437445,2.315018949692061
2025-09-05,Dallas,New York,Dry Van,1521.2,3028.91,2975.0112,53.898769531249854,1.7794774203013577
2025-09-05,Tucson,San Antonio,Dry Van,1024.4,2167.26,2080.0908,87.16917968750022,4.022091474373181
2025-09-05,Toledo,Chattanooga,Dry Van,589.5,1241.89,1228.7162,13.1738134765626,1.0607874672122812
2025-09-05,Atlanta,Charleston,Dry Van,438.5,1036.02,1023.4884,12.531596679687482,1.2095902279577113
2025-09-05,Bakersfield,Cincinnati,Dry Van,2020.1,3925.28,3766.4863,158.7936718750002,4.045410056734811
2025-09-05,Buffalo,Los Angeles,Dry Van,2731.8,4953.28,4857.2793,96.00070312499975,1.9381238921482282
2025-09-05,Boston,Raleigh,Dry Van,586.1,1273.52,1236.3362,37.18381835937498,2.9197671304239416
2025-09-05,Memphis,Baton Rouge,Flatbed,464.6,1118.18,1098.8171,19.362861328125064,1.7316408206304048
2025-09-05,Columbia,Cincinnati,Dry Van,338.9,823.81,755.665,68.1450219726562,8.271934301921098
2025-09-05,Charleston,Toledo,Dry Van,708.9,1408.04,1408.2528,0.21280761718753638,0.015113747989228743
2025-09-05,Milwaukee,Tulsa,Dry Van,659.7,1432.23,1403.2681,28.961933593750018,2.022156608488163
2025-09-05,Milwaukee,Greensboro,Flatbed,461.6,1137.48,1149.5859,12.105937499999982,1.0642769543200743
2025-09-05,Buffalo,San Antonio,Dry Van,1628.4,3174.53,3021.7512,152.7787792968752,4.812642479260716
2025-09-05,Austin,New York,Reefer,1910.8,4107.89,3988.495,119.39488281250033,2.906477116293287
2025-09-05,St. Louis,Reno,Flatbed,1746.3,3376.19,3735.0432,358.85321289062495,10.628940103804139
2025-09-05,Austin,Montgomery,Reefer,968.8,2297.51,2321.3386,23.82862304687478,1.0371499165128675
2025-09-05,Fort Wayne,New Orleans,Flatbed,817.4,1884.83,1840.1946,44.63541992187493,2.368140358646399
2025-09-05,Nashville,Chattanooga,Reefer,76.6,258.05,245.88734,12.162655639648449,4.713294183161577
2025-09-05,Savannah,Phoenix,Flatbed,2385.7,4859.34,4713.1074,146.23257812500015,3.0093094561195586
2025-09-05,Milwaukee,Fort Wayne,Reefer,259.6,683.15,554.63086,128.51914062499998,18.812726432701453
2025-09-05,Bakersfield,Fort Wayne,Dry Van,2125.6,4073.23,3968.6199,104.61012695312502,2.5682352077620223
2025-09-05,Grand Rapids,Columbia,Dry Van,742.6,1592.93,1411.2537,181.67633789062506,11.405167702951482
2025-09-05,Nashville,Atlanta,Dry Van,145.5,405.5,384.96387,20.5361328125,5.064397734278668
2025-09-05,Lexington,Mobile,Dry Van,473.9,1084.65,1097.981,13.330957031249909,1.2290561039275256
2025-09-05,Tucson,Shreveport,Reefer,1429.5,3092.79,3066.5342,26.255820312499964,0.84893640733771
2025-09-05,Montgomery,Fort Wayne,Dry Van,811.4,1672.09,1622.2897,49.80032714843742,2.9783281491090445
2025-09-05,Montgomery,Nashville,Dry Van,367.8,893.28,879.1117,14.168305664062473,1.5860990578611938
2025-09-05,Detroit,Cincinnati,Dry Van,556.2,1240.53,1181.4757,59.05429199218747,4.760408211989027
2025-09-05,Charleston,Shreveport,Flatbed,877.0,2059.35,1968.2504,91.09963378906241,4.423708150098935
2025-09-05,Los Angeles,Grand Rapids,Flatbed,2282.1,4666.64,4628.374,38.26597656250033,0.8199898977101368
2025-09-05,Kansas City,Nashville,Dry Van,406.1,883.17,818.67316,64.49684326171871,7.3028797696614145
2025-09-06,Phoenix,Baton Rouge,Flatbed,1608.9,3389.96,3244.8997,145.06034179687504,4.279116620752901
2025-09-06,Milwaukee,Albuquerque,Dry Van,1373.7,2719.01,2709.622,9.387929687500218,0.34527014198183226
2025-09-06,Greensboro,Amarillo,Dry Van,1453.8,2808.78,2849.2651,40.4851367187498,1.4413779903997392
2025-09-06,Little Rock,Indianapolis,Dry Van,415.5,929.65,901.3829,28.267126464843727,3.0406202834231943
2025-09-06,Dayton,Chattanooga,Flatbed,392.7,1023.48,1033.93,10.450053710937482,1.0210315502928715
2025-09-06,Nashville,Oklahoma City,Dry Van,780.9,1735.32,1695.7898,39.530205078124936,2.277977841442785
2025-09-06,El Paso,Baltimore,Dry Van,2434.7,4370.43,4270.3203,100.10968750000029,2.2906141386545555
2025-09-06,Richmond,Nashville,Dry Van,782.2,1546.16,1619.5209,73.36087402343742,4.744714261359588
2025-09-06,Providence,Savannah,Flatbed,930.9,2035.95,1949.0228,86.92717285156255,4.269612360399938
2025-09-06,El Paso,Baltimore,Dry Van,2444.7,4485.15,4450.2188,34.931249999999636,0.7788201063509501
2025-09-06,Cincinnati,Houston,Dry Van,743.7,1601.21,1583.3273,17.882729492187536,1.116825993604058
2025-09-06,Atlanta,Baltimore,Flatbed,951.8,2066.06,2052.3704,13.689638671874945,0.6625963753170259
2025-09-06,Lubbock,Cincinnati,Dry Van,1068.4,2197.3,2240.6611,43.36113281249982,1.9733824608610482
2025-09-06,Nashville,Phoenix,Reefer,1943.4,4122.85,4043.0588,79.79116210937536,1.9353399252792451
2025-09-06,Nashville,Mobile,Dry Van,310.8,730.65,648.20844,82.44156494140623,11.283318270225994
2025-09-06,Providence,Los Angeles,Reefer,3231.4,6768.62,6367.4136,401.2064257812499,5.927447925592659
2025-09-06,Baton Rouge,Montgomery,Reefer,465.4,1179.45,1200.5524,21.102368164062455,1.7891702203622413
2025-09-06,Mobile,Lubbock,Dry Van,836.5,1844.5,1821.7314,22.7685546875,1.2344025311737599
2025-09-06,Amarillo,Columbia,Reefer,1418.5,3040.63,2979.2517,61.37829101562511,2.0186044015754994
2025-09-06,New York,Detroit,Flatbed,688.3,1386.89,1309.7494,77.1406103515626,5.56212896131363
2025-09-06,Baton Rouge,Syracuse,Reefer,1414.6,3061.97,3018.608,43.3620898437498,1.4161500551523953
2025-09-06,Louisville,Fresno,Reefer,2182.1,4734.52,4589.3438,145.17625000000044,3.0663351300659922
2025-09-06,Syracuse,Amarillo,Flatbed,1922.2,3864.33,3804.0388,60.29118164062493,1.56019754111644
2025-09-06,Albany,Fresno,Dry Van,3220.7,5608.43,5393.406,215.0242382812503,3.833947081112723
2025-09-06,Hartford,Corpus Christi,Reefer,1787.0,3828.43,3934.7654,106.33538085937516,2.7775192666282305
2025-09-06,Houston,Los Angeles,Reefer,1595.4,3648.31,3473.3577,174.95233398437495,4.795434981796365
2025-09-06,Amarillo,Phoenix,Flatbed,867.6,1949.08,1949.5966,0.5165576171875728,0.026502638023455826
2025-09-06,Columbia,Raleigh,Dry Van,387.0,847.69,868.9631,21.273073730468695,2.5095345858118763
2025-09-06,Jacksonville,Kansas City,Reefer,718.9,1749.83,1768.3345,18.504472656250073,1.0575011661847191
2025-09-06,Oklahoma City,Washington,Dry Van,1507.6,3076.42,2957.7615,118.65852539062507,3.8570327000417715
2025-09-06,Corpus Christi,Tucson,Dry Van,1242.1,2587.34,2541.162,46.177890625000146,1.7847631399429587
2025-09-06,Nashville,New York,Dry Van,1019.0,2080.38,2035.4352,44.94481933593761,2.1604139309134682
2025-09-06,San Francisco,Montgomery,Flatbed,2320.0,4656.27,4588.714,67.55613281250044,1.4508637345450421
2025-09-06,Madison,Cincinnati,Dry Van,425.3,969.15,951.0584,18.091589355468727,1.8667481148912684
2025-09-06,Tucson,Phoenix,Dry Van,273.5,651.83,786.75793,134.92793457031246,20.699865696625263
2025-09-06,Atlanta,Cincinnati,Reefer,201.5,594.15,593.99677,0.15323486328122726,0.025790602252163133
2025-09-06,Tulsa,Richmond,Reefer,1232.8,2794.78,2763.8423,30.9377148437502,1.1069821182257709
2025-09-06,Nashville,Montgomery,Reefer,374.1,1051.15,1048.0076,3.142431640625091,0.29895178049042387
2025-09-06,Charleston,Dallas,Dry Van,1030.6,2149.2,2122.6084,26.591601562499818,1.2372790602317056
2025-09-06,Lubbock,Chattanooga,Dry Van,991.2,2044.32,2020.4558,23.864189453124936,1.1673411918449625
2025-09-06,Mobile,Albany,Dry Van,1434.7,2618.27,2570.5508,47.71921874999998,1.8225476650612804
2025-09-06,Baton Rouge,Salt Lake City,Dry Van,1440.9,2764.5,3083.3809,318.880859375,11.534847508591065
2025-09-06,Fort Wayne,St. Louis,Dry Van,375.8,851.04,862.69275,11.652749023437536,1.369236348871679
2025-09-06,Bakersfield,Austin,Dry Van,1211.0,2490.81,2491.84,1.0300878906250546,0.041355538584840056
2025-09-06,Lexington,Columbia,Dry Van,246.1,570.47,537.89374,32.57626220703128,5.710425124376615
2025-09-06,Indianapolis,Amarillo,Dry Van,1108.8,2306.35,2256.7212,49.62880859374991,2.151833355464258
2025-09-06,Hartford,Bakersfield,Reefer,2810.6,5439.24,5349.8745,89.36548828124978,1.6429774799650279
2025-09-06,Los Angeles,Amarillo,Dry Van,924.1,1855.19,1883.5535,28.363466796874945,1.528871263691317
2025-09-06,Hartford,Lubbock,Flatbed,2026.5,4090.46,3998.1099,92.35013671875004,2.2576956312676333
2025-09-06,Atlanta,Dayton,Reefer,419.6,1072.6,1064.5209,8.079125976562409,0.7532282282829023
2025-09-06,Indianapolis,Amarillo,Dry Van,1083.3,6295.71,2160.1086,4135.601357421875,65.68919720606374
2025-09-06,Dayton,San Antonio,Dry Van,1199.2,2469.45,2425.1135,44.33647460937482,1.7953987571878283
2025-09-06,Baton Rouge,Oklahoma City,Dry Van,436.8,997.29,1007.472,10.181984863281286,1.0209653022973546
2025-09-06,Columbia,Shreveport,Reefer,647.8,1656.07,1538.4911,117.57891113281244,7.09987567752646
2025-09-06,Baton Rouge,Buffalo,Reefer,1276.5,2849.08,2079.541,769.5389843749999,27.01008691840875
2025-09-06,Hartford,Raleigh,Reefer,514.5,1245.26,1258.054,12.793955078125009,1.0274123538959743
2025-09-06,Raleigh,Richmond,Reefer,242.6,663.83,705.6917,41.86171142578121,6.306089123085911
2025-09-06,Albuquerque,Baton Rouge,Dry Van,1256.7,2596.02,2612.072,16.052021484375018,0.6183319652535426
2025-09-06,Austin,Greensboro,Dry Van,1270.2,2518.86,2515.6926,3.1673730468751273,0.125746291849294
2025-09-06,Lexington,Charleston,Reefer,418.3,1096.44,1084.7792,11.660825195312555,1.0635169453241904
2025-09-06,Lexington,Houston,Dry Van,830.5,1698.47,1683.2397,15.230253906250027,0.8967043224931865
2025-09-06,Syracuse,Houston,Reefer,1523.2,3405.77,3210.938,194.83201171874998,5.720645014747032
2025-09-06,Washington,Hartford,Dry Van,334.7,763.32,758.17926,5.1407397460938,0.6734711190711365
2025-09-06,Atlanta,Toledo,Reefer,615.2,1418.95,1428.9779,10.027905273437455,0.7067130817461823
2025-09-06,Cincinnati,Albuquerque,Flatbed,1451.4,3069.94,3017.2258,52.714169921875055,1.7171074979274856
2025-09-06,Dayton,Charleston,Dry Van,606.0,519.57,1282.0511,762.4811474609374,146.75234279518398
2025-09-06,Richmond,San Francisco,Reefer,2894.6,5686.61,5366.3315,320.2784570312497,5.632150912956043
2025-09-06,Montgomery,El Paso,Dry Van,1666.7,3282.87,3228.9475,53.92249023437489,1.6425411373089671
2025-09-06,Greensboro,Houston,Dry Van,901.7,1849.22,1855.9976,6.777558593749973,0.36650904671969653
2025-09-06,Hartford,Cincinnati,Reefer,962.1,2167.65,2113.4397,54.21030273437509,2.500878958059423
2025-09-06,Boston,Milwaukee,Dry Van,1186.9,2175.71,2270.9343,95.22432617187496,4.376701222675584
2025-09-06,Greensboro,Amarillo,Dry Van,1403.7,2605.28,2645.9885,40.7085253906248,1.5625393581735858
2025-09-06,Nashville,Baton Rouge,Dry Van,498.9,1126.8,1155.3942,28.594165039062545,2.5376433297002614
2025-09-06,Baton Rouge,El Paso,Dry Van,1190.4,2325.47,2390.6526,65.1825878906252,2.80298554230436
2025-09-06,Baton Rouge,Philadelphia,Dry Van,1429.9,2859.86,3020.5752,160.71519531249987,5.619687513112525
2025-09-06,Greensboro,Harrisburg,Dry Van,441.0,940.39,924.91675,15.473251953124986,1.6454079640494885
2025-09-06,Buffalo,Tucson,Reefer,2410.7,4794.14,5021.019,226.87904296874967,4.7324242297627865
2025-09-06,Syracuse,Boston,Dry Van,552.3,1120.78,1109.4814,11.298554687499973,1.008097457797246
2025-09-06,Little Rock,Tulsa,Reefer,212.4,645.29,667.76685,22.476845703125036,3.4832161823560006
2025-09-06,Las Vegas,Bakersfield,Reefer,106.9,327.62,367.25208,39.632075195312495,12.096964530649073
2025-09-06,Mobile,Indianapolis,Reefer,547.8,1318.46,1337.8481,19.388144531249964,1.4705144282913372
2025-09-06,Fort Wayne,Cincinnati,Reefer,350.9,925.32,947.9483,22.6283032226562,2.4454570551437556
2025-09-06,Lexington,Cincinnati,Reefer,131.9,382.63,458.4095,75.77948486328125,19.804898952847726
2025-09-06,Tulsa,Washington,Flatbed,1218.2,2652.69,2684.646,31.955996093749945,1.20466379764503
2025-09-06,Phoenix,Salt Lake City,Dry Van,541.9,1159.79,1174.8005,15.010537109375036,1.2942461229511408
2025-09-06,Oklahoma City,Lubbock,Dry Van,209.9,591.03,609.66315,18.633146972656277,3.1526567133066474
2025-09-06,Fresno,Phoenix,Dry Van,484.0,1084.2,1050.6565,33.543505859375045,3.0938485389572996
2025-09-06,Green Bay,Charleston,Dry Van,940.7,1814.58,1781.0326,33.54740722656243,1.848769810455446
2025-09-06,Lexington,Syracuse,Reefer,710.3,1651.04,1598.3143,52.725668945312464,3.1934822260703837
2025-09-06,Detroit,Dayton,Dry Van,307.2,694.25,683.37256,10.87744140625,1.5667902637738567
2025-09-06,San Antonio,Tulsa,Dry Van,411.7,973.92,991.7717,17.85172851562504,1.8329768888230082
2025-09-06,Fresno,Columbia,Dry Van,2431.4,4522.88,4495.9673,26.91271484375011,0.5950349079292422
2025-09-06,Savannah,New York,Dry Van,771.4,1533.94,1476.1849,57.755063476562555,3.765144886798868
2025-09-06,Las Vegas,Dayton,Flatbed,1958.4,3744.98,3626.253,118.72707031250002,3.170299182171868
2025-09-06,Lubbock,Philadelphia,Reefer,1905.7,3921.95,3956.9316,34.98164062500018,0.8919450942770862
2025-09-06,Cincinnati,Hartford,Dry Van,937.9,1883.57,1881.2032,2.3667529296874363,0.12565250719046472
2025-09-06,Philadelphia,Fort Wayne,Flatbed,798.8,1797.06,1730.8564,66.20355468749995,3.683992448081864
2025-09-06,New York,Boston,Reefer,288.4,766.34,780.90155,14.561550292968718,1.9001422727469162
2025-09-06,Bakersfield,Philadelphia,Reefer,2744.3,5553.3,5719.6426,166.34257812499982,2.995382531557809
2025-09-06,Los Angeles,Nashville,Dry Van,2066.3,3607.34,3708.8162,101.47616210937485,2.813046790969935
2025-09-06,Fort Wayne,Syracuse,Dry Van,533.6,1099.18,1148.4163,49.236259765624936,4.479362776399219
2025-09-06,Hartford,El Paso,Reefer,2491.7,5329.38,5082.3936,246.9864453125001,4.634431121678321
2025-09-06,Atlanta,Lexington,Dry Van,206.3,542.84,553.6292,10.789211425781218,1.9875490799832765
2025-09-06,Fort Wayne,Charleston,Dry Van,692.5,1431.19,1365.1272,66.06280273437505,4.615935182217249
2025-09-06,San Francisco,Shreveport,Dry Van,1959.5,3645.68,3423.1448,222.53522460937484,6.104080023736994
2025-09-06,Buffalo,Charleston,Flatbed,600.2,1386.26,1360.9119,25.34813476562499,1.8285267385356998
2025-09-06,Mobile,Philadelphia,Dry Van,1178.3,2183.38,2256.4639,73.08386718749989,3.347281150670057
2025-09-06,Grand Rapids,Madison,Flatbed,272.3,669.86,655.785,14.075026855468764,2.1011893314227996
2025-09-06,Columbia,Richmond,Dry Van,522.2,1096.55,1070.2485,26.301464843749955,2.3985650306643524
2025-09-06,Reno,Atlanta,Flatbed,2079.3,4066.97,3990.6567,76.3132617187498,1.876415653883599
2025-09-06,Memphis,Kansas City,Reefer,346.3,901.47,966.8875,65.41751220703122,7.2567597598401745
2025-09-06,Bakersfield,Tulsa,Flatbed,1449.3,2912.56,2926.85,14.290097656250055,0.4906370222845214
2025-09-06,Montgomery,Syracuse,Reefer,1125.9,2402.59,2347.2036,55.386386718750146,2.305278333746088
2025-09-06,Hartford,Philadelphia,Reefer,70.6,219.83,243.7972,23.9671954345703,10.902604482814128
2025-09-06,Tucson,Washington,Flatbed,2491.8,5018.5,4930.3047,88.1953125,1.757403855733785
2025-09-06,Kansas City,Dallas,Dry Van,642.6,1366.89,1366.7952,0.09483398437510004,0.006937938266802745
2025-09-06,Syracuse,Memphis,Dry Van,972.0,1822.67,1850.8812,28.211225585937427,1.5477966711438398
2025-09-06,Greensboro,Fort Wayne,Dry Van,460.7,394.42,953.9064,559.4863720703124,141.8504061838427
2025-09-06,New Orleans,Hartford,Dry Van,1420.1,2779.53,2834.688,55.1579882812498,1.9844357960248602
2025-09-06,Hartford,Washington,Reefer,323.4,820.3,836.0706,15.770617675781295,1.9225426887457389
2025-09-06,Grand Rapids,Chattanooga,Dry Van,693.7,1441.33,1371.3422,69.98783691406243,4.855781598527917
2025-09-06,Tulsa,Bakersfield,Dry Van,1477.7,11684.7,2857.2092,8827.490771484376,75.54743186803576
2025-09-06,Oklahoma City,Richmond,Dry Van,1536.2,3140.85,3022.5874,118.26259765624991,3.7653054955266856
2025-09-06,Grand Rapids,Lexington,Flatbed,535.2,1295.72,1258.5289,37.19106933593753,2.8703014027673825
2025-09-06,Dayton,Tampa,Dry Van,940.4,1827.9,1806.2701,21.62985839843759,1.1833173805152137
2025-09-06,Philadelphia,Phoenix,Reefer,2948.2,5673.91,5337.621,336.28890624999985,5.9269340939493205
2025-09-06,Baton Rouge,Grand Rapids,Dry Van,1103.7,9250.6,2075.216,7175.383935546875,77.56668686946657
2025-09-06,St. Louis,Chattanooga,Flatbed,315.2,819.34,848.77594,29.435939941406218,3.5926404107459926
2025-09-06,Hartford,Lexington,Dry Van,858.8,1700.82,1723.057,22.237006835937564,1.3074285836206985
2025-09-06,New York,Memphis,Dry Van,1044.1,2067.45,2078.319,10.869091796875182,0.5257245300672414
2025-09-06,Savannah,San Antonio,Dry Van,1165.3,2351.81,2388.864,37.054013671875055,1.5755530281729841
2025-09-06,Buffalo,Syracuse,Reefer,163.0,422.75,558.931,136.1810302734375,32.213135487507394
2025-09-06,Richmond,Cincinnati,Dry Van,664.5,1417.7,1404.8279,12.872119140625045,0.9079578994586333
2025-09-06,Grand Rapids,Amarillo,Reefer,1403.9,2924.5,2945.004,20.50390625,0.7011080954009232
2025-09-06,Shreveport,Indianapolis,Flatbed,549.4,1320.2,1278.5375,41.662524414062545,3.155773702019584
2025-09-06,Atlanta,Milwaukee,Dry Van,425.7,979.97,962.1298,17.840178222656277,1.8204820782938538
2025-09-06,Baltimore,New York,Reefer,194.1,518.55,539.77515,21.225146484375045,4.093172593650573
2025-09-06,Fort Wayne,Tampa,Dry Van,1117.5,2348.29,2279.397,68.89302734374996,2.933752958269633
2025-09-06,Cincinnati,Austin,Dry Van,1077.1,2307.08,2277.648,29.432050781249927,1.2757273601803982
2025-09-06,Albany,Fort Wayne,Dry Van,887.5,1720.0,1732.6577,12.65771484375,0.7359136537063954
2025-09-06,Austin,Fort Wayne,Dry Van,1374.1,2573.08,2574.5845,1.5044726562500728,0.058469719412147035
2025-09-06,Louisville,Chattanooga,Dry Van,180.9,474.06,507.3895,33.32949584960937,7.030649253176681
2025-09-06,El Paso,Los Angeles,Dry Van,575.6,1251.61,1300.2158,48.6058203125001,3.883463723723852
2025-09-06,Syracuse,Albany,Dry Van,377.2,798.99,821.63885,22.64885498046874,2.834685663208393
2025-09-06,Baton Rouge,Cincinnati,Dry Van,670.0,1537.76,1474.9451,62.81493164062499,4.084833240598337
2025-09-06,Charleston,Tampa,Reefer,696.8,1718.98,1711.5892,7.390766601562518,0.4299507034149623
2025-09-06,Oklahoma City,New Orleans,Reefer,442.3,1168.83,1181.7407,12.910722656250073,1.104585154064327
2025-09-06,Lexington,New Orleans,Dry Van,612.4,1276.72,1268.9845,7.735502929687527,0.6058887563199078
2025-09-06,Baton Rouge,Charleston,Dry Van,954.9,1934.18,1885.6251,48.554877929687564,2.510359838778581
2025-09-06,Raleigh,San Francisco,Reefer,2891.2,5635.6,5247.0347,388.56533203125036,6.894835191128723
2025-09-06,Detroit,Albuquerque,Dry Van,1704.4,3236.78,3270.0737,33.2937304687498,1.0286065308346504
2025-09-06,Louisville,Bakersfield,Dry Van,1843.4,3619.2,3597.0715,22.128466796874818,0.6114187333354006
2025-09-06,Fort Wayne,Bakersfield,Dry Van,2146.7,3929.2,3817.868,111.33208007812482,2.833454140235285
2025-09-06,Hartford,Fort Wayne,Dry Van,834.8,1680.95,1661.5989,19.351123046875045,1.1512015852271062
2025-09-06,Fort Wayne,Amarillo,Reefer,1413.1,3259.67,3256.6406,3.0293750000000728,0.09293502102973837
2025-09-06,Richmond,Fort Wayne,Dry Van,605.6,1274.14,1281.1393,6.9992822265624,0.5493338429499427
2025-09-06,Atlanta,Oklahoma City,Flatbed,862.6,2091.65,2078.9836,12.666357421875091,0.6055677298723539
2025-09-06,Montgomery,Los Angeles,Reefer,2114.0,4500.84,4436.9053,63.934726562500146,1.4205065401680605
2025-09-06,Toledo,Baton Rouge,Flatbed,1075.7,2187.86,2223.4976,35.63755859374987,1.628877469022235
2025-09-06,Syracuse,Chattanooga,Reefer,916.0,2024.09,1960.1838,63.90616210937492,3.157278683723299
2025-09-06,Houston,El Paso,Flatbed,1102.7,2494.08,2405.2913,88.78874023437493,3.559979641165276
2025-09-06,Memphis,Milwaukee,Dry Van,339.5,823.14,816.0828,7.057175292968736,0.857348117327397
2025-09-06,Savannah,Shreveport,Dry Van,682.6,1519.16,1474.4336,44.72640625000008,2.944153759314363
2025-09-06,Fort Wayne,Atlanta,Dry Van,526.5,1095.6,1068.3832,27.21682128906241,2.484193253839212
2025-09-06,Montgomery,Albany,Flatbed,1397.1,2834.89,2832.0444,2.8455664062498727,0.10037660742568046
2025-09-06,Charleston,Columbia,Dry Van,250.1,611.65,622.755,11.105004882812523,1.8155816043182413
2025-09-06,San Francisco,Reno,Dry Van,423.3,904.38,878.9598,25.420222167968745,2.8107899520078665
2025-09-06,Charleston,Grand Rapids,Flatbed,888.5,1940.13,1916.2482,23.88183105468761,1.2309397336615386
2025-09-06,Lexington,Grand Rapids,Reefer,557.9,1397.51,1361.0574,36.45262695312499,2.6083982907546273
2025-09-06,Fort Wayne,Hartford,Reefer,845.3,1946.57,1866.9478,79.62224609374994,4.0903869932111325
2025-09-07,Montgomery,Tulsa,Reefer,610.3,1472.84,1493.6753,20.835292968750082,1.4146338345475464
2025-09-07,Hartford,Jacksonville,Flatbed,1065.9,2260.94,2283.9216,22.981630859374945,1.0164635443388566
2025-09-07,Columbia,Phoenix,Flatbed,2275.5,4649.91,4476.334,173.57601562499985,3.73288978980238
2025-09-07,Kansas City,Bakersfield,Dry Van,1724.5,3356.25,3355.4238,0.826171875,0.024615921787709497
2025-09-07,Toledo,Reno,Flatbed,2037.5,3912.24,3755.4148,156.82520507812478,4.0085783356369955
2025-09-07,Richmond,Austin,Dry Van,1689.8,3145.67,3103.0278,42.64216796875007,1.3555830067600882
2025-09-07,Oklahoma City,Tampa,Dry Van,857.4,1711.18,1705.2981,5.881904296875064,0.3437338150793641
2025-09-07,Little Rock,Jacksonville,Dry Van,567.3,1275.03,1241.4674,33.56259277343747,2.6322982810943643
2025-09-07,Fort Wayne,Dayton,Dry Van,137.7,346.53,359.43768,12.907683105468777,3.7248385725532502
2025-09-07,Syracuse,Indianapolis,Dry Van,805.9,1610.93,1616.5741,5.644096679687436,0.35036262777944643
2025-09-07,Amarillo,Memphis,Dry Van,1016.3,2137.02,2025.2279,111.79209472656248,5.231214248184972
2025-09-07,Philadelphia,Atlanta,Dry Van,954.4,1913.01,1893.0958,19.91417480468749,1.0409864456896458
2025-09-07,Harrisburg,Nashville,Dry Van,756.1,1530.06,1547.7537,17.693662109375055,1.1564031547373996
2025-09-07,New York,Philadelphia,Dry Van,98.1,259.85,268.0314,8.181402587890602,3.1485097509680973
2025-09-07,Fort Wayne,Memphis,Reefer,533.7,1239.05,1220.387,18.663037109374955,1.506237610215484
2025-09-07,Boston,San Francisco,Reefer,3320.9,6507.07,6247.0435,260.0265429687497,3.9960618676109174
2025-09-07,Grand Rapids,Fresno,Dry Van,2269.0,4073.5,3777.3923,296.107666015625,7.269121542055358
2025-09-07,Los Angeles,Dallas,Reefer,1572.8,3438.62,3443.8188,5.198847656250109,0.1511899441127577
2025-09-07,Memphis,Milwaukee,Flatbed,339.0,826.33,821.4333,4.896711425781291,0.5925854592936588
2025-09-07,Lubbock,Grand Rapids,Reefer,1420.6,3170.07,3161.6965,8.373466796875164,0.26414138479198135
2025-09-07,Hartford,Milwaukee,Dry Van,1050.4,2023.51,2047.4336,23.92359375000001,1.1822819630246457
2025-09-07,Charleston,Baton Rouge,Reefer,954.4,2196.22,2154.5852,41.6347949218748,1.8957479178713794
2025-09-07,Los Angeles,Philadelphia,Dry Van,3026.4,5451.7,5061.5176,390.1824218749998,7.157078010070251
2025-09-07,Baton Rouge,Tampa,Dry Van,448.9,1009.88,1012.28595,2.4059497070312545,0.23824114815931144
2025-09-07,Columbia,Jacksonville,Dry Van,244.7,575.32,527.07104,48.24895507812505,8.386455377550762
2025-09-07,Phoenix,Jacksonville,Dry Van,2177.2,3864.89,4387.2354,522.3453515625001,13.515141480417297
2025-09-07,Richmond,New Orleans,Flatbed,1141.2,2386.99,2381.333,5.656992187499782,0.236992705771695
2025-09-07,Tucson,Houston,Dry Van,1292.0,7773.89,3228.4148,4545.475205078125,58.47105123790182
2025-09-07,Shreveport,Albuquerque,Reefer,1188.6,2518.56,2614.9807,96.42071289062505,3.828406426316032
2025-09-07,Cincinnati,Syracuse,Dry Van,769.9,1471.93,1423.5048,48.425239257812564,3.289914551494471
2025-09-07,Tulsa,Lubbock,Dry Van,452.2,1040.31,1095.2557,54.945737304687555,5.281669627773217
2025-09-07,Fresno,Nashville,Reefer,2150.6,4546.95,4600.569,53.61884765625018,1.1792266828588436
2025-09-07,Toledo,Tulsa,Dry Van,932.9,1865.15,1955.5565,90.40651855468741,4.847144656177112
2025-09-07,Phoenix,Providence,Dry Van,3201.1,5853.34,5705.3013,148.03873046875015,2.529132605807114
2025-09-07,Austin,Savannah,Reefer,1253.2,2738.53,2699.9983,38.5317089843752,1.4070216132149438
2025-09-07,Houston,Detroit,Dry Van,1239.9,2411.71,2451.1077,39.397666015624964,1.6335988164258952
2025-09-07,Cincinnati,Tulsa,Dry Van,635.3,1384.37,1342.1029,42.26709472656239,3.0531645966441334
2025-09-07,Buffalo,Kansas City,Reefer,791.5,1714.74,1615.7483,98.99170898437501,5.772986515995137
2025-09-07,Shreveport,Jacksonville,Dry Van,547.2,1172.76,1159.2649,13.495107421874991,1.150713481179013
2025-09-07,Richmond,Buffalo,Flatbed,331.1,829.69,831.6959,2.0059228515624454,0.24176775079396465
2025-09-07,Atlanta,Austin,Flatbed,1045.0,2345.65,2286.7693,58.88071289062509,2.510208807393477
2025-09-07,Columbia,Los Angeles,Reefer,2325.3,4680.61,4490.5713,190.03871093749967,4.060127012024068
2025-09-07,Tulsa,Louisville,Dry Van,604.3,1312.28,1274.5553,37.72470214843747,2.8747448828327395
2025-09-07,Baton Rouge,Los Angeles,Reefer,1707.6,3535.13,3557.0728,21.94275390624989,0.6207057139694973
2025-09-07,Kansas City,Raleigh,Reefer,938.1,2159.99,2168.3074,8.317373046875218,0.3850653496949161
2025-09-07,Shreveport,Oklahoma City,Dry Van,444.4,1007.21,992.8678,14.342202148437536,1.4239535100363914
2025-09-07,Bakersfield,Hartford,Reefer,2933.7,5895.32,5842.634,52.68621093749971,0.8936955235254356
2025-09-07,Milwaukee,Harrisburg,Dry Van,653.9,1375.54,1269.3267,106.21333984374996,7.7215740613686235
2025-09-07,Phoenix,Lexington,Dry Van,2217.9,10528.39,4048.713,6479.677109374999,61.5448051352106
2025-09-07,Mobile,San Antonio,Dry Van,731.7,1606.52,1562.3767,44.14329101562498,2.7477585722944617
2025-09-07,San Antonio,Milwaukee,Dry Van,1091.1,2156.76,2236.6404,79.88038085937478,3.7037213625704655
2025-09-07,Milwaukee,Richmond,Flatbed,755.4,1607.8,1299.03,308.76997070312495,19.204501225471137
2025-09-07,Kansas City,Fort Wayne,Dry Van,399.3,879.23,893.54285,14.312846679687482,1.6278842486820833
2025-09-07,Green Bay,Reno,Flatbed,1903.0,3696.98,3775.3318,78.35178710937498,2.119345712158978
2025-09-07,Louisville,Harrisburg,Dry Van,604.0,1221.65,1202.2013,19.44870605468759,1.5920031150237455
2025-09-07,Columbia,Hartford,Dry Van,840.3,1670.68,1656.4995,14.180488281250064,0.8487854215798396
2025-09-07,Memphis,Amarillo,Reefer,1020.3,2493.04,2362.684,130.35591796874996,5.22879368035611
2025-09-07,Lubbock,Amarillo,Dry Van,433.2,1001.46,976.1356,25.324379882812536,2.5287460190933775
2025-09-07,Shreveport,New York,Flatbed,1362.6,2768.33,2839.3582,71.02815429687507,2.565740150085975
2025-09-07,Amarillo,New York,Dry Van,2062.1,3948.28,3727.2378,221.0422070312502,5.598443044344631
2025-09-07,Bakersfield,San Francisco,Dry Van,364.8,799.58,847.4835,47.90352050781246,5.991085383302791
2025-09-07,Albuquerque,Buffalo,Flatbed,2039.8,4030.59,4037.328,6.7378808593748545,0.1671685996187867
2025-09-07,Boston,Syracuse,Dry Van,547.9,1098.18,1099.4324,1.2523730468749363,0.11404078082599721
2025-09-07,New Orleans,Atlanta,Reefer,437.9,1158.69,1167.8359,9.145937499999945,0.7893342913117352
2025-09-07,Greensboro,El Paso,Dry Van,1785.4,3359.77,3431.014,71.24391601562502,2.1204997965820582
2025-09-07,Nashville,Richmond,Flatbed,776.7,1643.12,1556.6144,86.50562011718739,5.2647171306531115
2025-09-07,Phoenix,Shreveport,Reefer,1661.2,3729.06,3652.2798,76.78021484374995,2.0589696825406385
2025-09-07,Reno,Cincinnati,Dry Van,1970.7,3395.52,3346.02,49.49998046874998,1.4578026478639496
2025-09-07,Syracuse,Indianapolis,Reefer,829.7,8354.94,1780.3096,6574.6304296875005,78.69153374754936
2025-09-07,Memphis,Tulsa,Reefer,414.2,1166.12,1144.7461,21.37390624999989,1.8329079554419692
2025-09-07,San Francisco,San Antonio,Dry Van,1657.2,3297.59,3246.1567,51.433261718750146,1.5597227587040883
2025-09-07,Cincinnati,New Orleans,Flatbed,524.8,1215.34,1177.2987,38.04129394531242,3.1300947837899202
2025-09-07,Buffalo,Bakersfield,Dry Van,2501.0,4191.0,3479.36,711.639892578125,16.980193094204843
2025-09-07,Montgomery,Houston,Dry Van,609.7,1413.69,1373.2642,40.425839843750055,2.859597213232749
2025-09-07,Cincinnati,San Antonio,Dry Van,993.6,2152.77,2107.8545,44.91550781249998,2.0864053202385753
2025-09-07,San Antonio,Austin,Reefer,105.5,343.33,392.83014,49.500139160156266,14.417656237484714
2025-09-07,Toledo,Madison,Reefer,320.9,820.83,901.6118,80.78181640624996,9.841479527581832
2025-09-07,Corpus Christi,Fort Wayne,Reefer,1246.6,2721.38,2638.7183,82.66173828125011,3.037493414416587
2025-09-07,Syracuse,Philadelphia,Dry Van,394.3,858.77,851.13666,7.633342285156232,0.888869229846901
2025-09-07,Los Angeles,Albany,Flatbed,3193.0,6095.83,6274.0225,178.19246093750007,2.923186193471604
2025-09-07,Mobile,Syracuse,Dry Van,1177.4,2285.94,2291.267,5.327089843749945,0.23303716824369605
2025-09-07,Montgomery,Baton Rouge,Reefer,439.0,1089.0,1095.2274,6.2274169921875,0.5718472903753443
2025-09-07,Charleston,Buffalo,Dry Van,602.2,1203.48,1207.5707,4.090678710937482,0.3399041704837207
2025-09-07,Las Vegas,Albuquerque,Dry Van,433.9,921.46,929.7662,8.306174316406214,0.9014145287268263
2025-09-07,Savannah,Phoenix,Flatbed,2357.4,4839.21,4591.1084,248.10160156250004,5.126902977190492
2025-09-07,Tucson,Hartford,Dry Van,2790.4,5064.37,5068.576,4.206171875000109,0.08305419775806486
2025-09-07,Hartford,Mobile,Reefer,1223.8,2760.21,2982.3499,222.13985351562496,8.047933074498859
2025-09-07,Fort Wayne,Tucson,Reefer,1972.6,4159.52,4140.6235,18.896464843750437,0.45429436193960926
2025-09-07,Green Bay,Nashville,Dry Van,742.3,1480.7,1429.9642,50.735766601562545,3.4264717094321973
2025-09-07,Syracuse,Oklahoma City,Reefer,1634.4,3547.97,3074.217,473.7529589843748,13.35278931288525
2025-09-07,Harrisburg,Las Vegas,Dry Van,2411.1,4401.81,4389.0186,12.7914453125004,0.29059512592548065
2025-09-07,Lubbock,Baltimore,Dry Van,1976.4,3708.8,3648.4526,60.34736328125018,1.6271398641406971
2025-09-07,Syracuse,Montgomery,Dry Van,1098.1,2099.69,2061.279,38.410947265625055,1.8293627757252284
2025-09-07,Grand Rapids,San Antonio,Dry Van,1335.3,2482.71,2412.8276,69.88236328125004,2.814761421239292
2025-09-07,El Paso,Lexington,Dry Van,1696.3,3321.61,3246.3115,75.29847656250013,2.2669270794133003
2025-09-07,Baton Rouge,Toledo,Dry Van,1052.7,2144.55,2128.6116,15.938427734375182,0.7432061614033332
2025-09-07,Shreveport,Fort Wayne,Reefer,826.8,1894.1,1917.5029,23.40292968750009,1.2355699111715375
2025-09-07,Nashville,Richmond,Reefer,755.5,1717.44,1750.0858,32.645815429687445,1.9008416846985887
2025-09-07,Baton Rouge,Atlanta,Dry Van,565.1,1262.04,1234.4696,27.570395507812464,2.184589672895666
2025-09-07,Nashville,Richmond,Reefer,770.7,1674.09,1638.688,35.40201171874992,2.114701821213311
2025-09-07,Lexington,Tucson,Reefer,1910.9,4191.96,4130.9185,61.041542968750036,1.4561575723229714
2025-09-07,Grand Rapids,Baton Rouge,Reefer,1111.9,2461.67,2163.67,298.0000781250001,12.105606280492513
2025-09-07,Cincinnati,Green Bay,Flatbed,593.2,3509.58,1331.8567,2177.723310546875,62.050824045808184
2025-09-07,Greensboro,Dallas,Reefer,866.1,2129.99,2072.5696,57.42041992187478,2.6958070189003136
2025-09-07,Kansas City,El Paso,Dry Van,1356.7,2738.76,2676.3757,62.38426757812522,2.2778289290819647
2025-09-07,Louisville,Harrisburg,Dry Van,640.2,1305.73,1328.8019,23.071879882812482,1.76697172331282
2025-09-07,Baltimore,New York,Dry Van,197.1,491.43,508.95673,17.526726074218743,3.566474589304426
2025-09-07,Richmond,Buffalo,Reefer,337.4,869.11,948.1397,79.02970947265624,9.093176867445575
2025-09-07,Mobile,San Antonio,Reefer,735.2,1721.63,1719.446,2.183955078125109,0.12685391623781583
2025-09-07,Tampa,Tucson,Reefer,1869.6,3966.54,4015.4507,48.910683593750036,1.2330818192618764
2025-09-07,Charleston,Montgomery,Flatbed,512.5,1171.48,1133.5397,37.94032714843752,3.2386662297638473
2025-09-07,Little Rock,Charleston,Flatbed,811.7,1922.81,1880.6182,42.191835937499945,2.19428003481883
2025-09-07,Albany,Nashville,Dry Van,1286.1,2341.29,2389.0063,47.716347656250036,2.038036623239754
2025-09-07,Houston,Salt Lake City,Reefer,1270.0,2751.76,2759.2188,7.458749999999782,0.2710537982963551
2025-09-07,San Francisco,Little Rock,Reefer,1987.0,4251.85,4112.204,139.64589843750036,3.284356184660803
2025-09-07,Los Angeles,Mobile,Reefer,2008.8,4103.62,5032.215,928.5948437500001,22.628675261110924
2025-09-07,Lubbock,San Antonio,Dry Van,129.8,352.04,353.30417,1.2641687011718545,0.35909802896598525
2025-09-07,Tampa,Reno,Reefer,2283.1,4337.4,4017.604,319.79599609374964,7.372988336186418
2025-09-07,Toledo,Columbia,Dry Van,602.4,1205.49,1184.2689,21.22107910156251,1.7603695676913544
2025-09-07,Harrisburg,Montgomery,Flatbed,882.6,2005.36,1935.8516,69.5084374999999,3.466132639526065
2025-09-07,Madison,Jacksonville,Dry Van,848.0,1652.64,1549.1921,103.4478613281251,6.25955206990785
2025-09-07,Memphis,Bakersfield,Dry Van,1812.4,3379.91,3419.659,39.748935546875146,1.1760353248126474
2025-09-07,Oklahoma City,Baltimore,Reefer,1772.8,3821.57,4531.8213,710.2512890624998,18.585327210086426
2025-09-07,Dallas,Louisville,Flatbed,659.4,1529.04,1562.0725,33.032509765625036,2.1603430757615913
2025-09-07,Lexington,Houston,Dry Van,845.1,1693.03,1727.2218,34.19180175781253,2.0195626632612846
2025-09-07,Memphis,Fresno,Dry Van,2004.0,3646.69,3543.495,103.19488281250005,2.829823286665443
2025-09-07,Phoenix,Richmond,Dry Van,2746.4,4841.75,4766.5205,75.2294921875,1.5537665552228015
2025-09-07,Grand Rapids,Kansas City,Flatbed,463.0,1130.84,1119.16,11.679965820312418,1.0328575059524263
2025-09-07,Chattanooga,Lubbock,Reefer,982.4,2359.22,2357.955,1.2649218749998,0.053616105111002794
2025-09-07,Tulsa,Green Bay,Dry Van,1001.5,2047.67,1983.7389,63.93110839843757,3.1221392313428225
2025-09-07,Montgomery,Lexington,Dry Van,475.3,1014.08,1023.90076,9.820756835937459,0.9684400477218226
2025-09-07,Philadelphia,Albuquerque,Flatbed,2356.2,4740.83,4633.251,107.57902343749993,2.269202300810194
2025-09-07,Houston,Toledo,Flatbed,1154.5,2396.78,2393.961,2.8190625000002,0.11761874264639223
2025-09-07,Boston,New York,Dry Van,287.1,646.25,652.02386,5.77386474609375,0.8934413533607349
2025-09-07,Bakersfield,Memphis,Flatbed,1787.5,1477.09,3801.6592,2324.5691796875,157.3749182302703
2025-09-07,Fresno,Los Angeles,Dry Van,435.2,971.37,930.54315,40.826848144531255,4.203017196797436
2025-09-07,Toledo,Kansas City,Reefer,491.9,1157.04,1137.2064,19.833579101562464,1.714165379032917
2025-09-07,Oklahoma City,Birmingham,Reefer,820.1,2065.89,2114.7114,48.82142578125013,2.3632151654371785
2025-09-07,Austin,Philadelphia,Dry Van,1906.2,3716.51,3681.6736,34.83641601562522,0.9373421843510502
2025-09-07,Washington,Corpus Christi,Dry Van,1518.5,2890.69,2834.7312,55.958798828125055,1.9358284294796417
2025-09-07,Nashville,Baton Rouge,Dry Van,504.8,1114.15,1099.0531,15.096899414062591,1.3550149812918
2025-09-07,Raleigh,Atlanta,Reefer,584.7,1465.64,1413.3542,52.2857519531251,3.567434837553908
2025-09-07,Chattanooga,Boston,Dry Van,1192.8,2266.5,2274.395,7.89501953125,0.34833529809177144
2025-09-07,Raleigh,Cincinnati,Flatbed,650.4,1482.34,1507.6475,25.307460937500082,1.7072642536462674
2025-09-07,Kansas City,Detroit,Flatbed,564.0,1209.0,1159.6882,49.311767578125,4.078723538306452
2025-09-07,Lubbock,Hartford,Dry Van,1950.4,3641.16,3518.4314,122.72860351562485,3.3705907874310617
2025-09-07,Chattanooga,Cincinnati,Flatbed,171.0,499.9,540.8453,40.94527587890627,8.190693314444143
2025-09-07,Cincinnati,Kansas City,Dry Van,346.4,198.16,828.5769,630.416904296875,318.135296879731
2025-09-07,Atlanta,Charleston,Flatbed,460.9,1136.33,1112.2963,24.033735351562427,2.1150313158644436
2025-09-07,Little Rock,Milwaukee,Flatbed,502.3,1211.34,1194.6711,16.668857421874918,1.3760676128811826
2025-09-07,Salt Lake City,Raleigh,Dry Van,2311.2,4067.4,4151.2104,83.81044921874991,2.060541112719425
2025-09-07,Milwaukee,Buffalo,Dry Van,641.7,1334.81,1361.9026,27.092587890625055,2.029696203251778
2025-09-07,Louisville,Boston,Flatbed,1156.2,2365.18,2473.4766,108.29656250000016,4.578787343880811
2025-09-07,Charleston,Columbia,Flatbed,264.9,664.79,600.2066,64.58339599609371,9.714856721083908
2025-09-07,Baton Rouge,Albany,Dry Van,1808.8,3399.59,3529.8145,130.22445312499985,3.830592898702486
2025-09-07,Fort Wayne,Kansas City,Dry Van,405.6,905.5,907.4263,1.92626953125,0.21272993166758697
2025-09-07,Albany,Green Bay,Reefer,955.8,2122.6,2147.7617,25.16171875000009,1.1854197093187644
2025-09-07,Green Bay,Fresno,Dry Van,2182.4,3813.01,3781.6467,31.36327148437522,0.8225331558106384
2025-09-07,Phoenix,Little Rock,Dry Van,1706.5,3183.5,3114.903,68.596923828125,2.1547643734294017
2025-09-07,Shreveport,Richmond,Dry Van,1134.7,2124.08,2186.3152,62.23518554687507,2.92998312431147
2025-09-08,Baton Rouge,Chattanooga,Flatbed,552.4,1258.26,1248.6515,9.608510742187491,0.7636347608751364
2025-09-08,Kansas City,Richmond,Dry Van,910.7,1832.43,1753.3964,79.03363769531256,4.313050850254174
2025-09-08,Oklahoma City,Charleston,Dry Van,1311.4,2684.71,2596.9868,87.72318359375004,3.267510591227732
2025-09-08,Kansas City,Syracuse,Dry Van,951.0,1779.91,1972.1426,192.23257812499992,10.800129114674332
2025-09-08,Grand Rapids,Hartford,Dry Van,904.2,1643.21,1719.0112,75.80123046874996,4.612997150014299
2025-09-08,Memphis,Toledo,Dry Van,608.0,1308.17,1224.8691,83.30085937500007,6.36773961908621
2025-09-08,Amarillo,Phoenix,Dry Van,877.3,1834.7,1843.8848,9.184765624999955,0.5006140309042326
2025-09-08,Mobile,Lexington,Dry Van,488.8,1106.89,1063.7164,43.1735693359376,3.9004390080258737
2025-09-08,Bakersfield,Charleston,Dry Van,2429.3,4308.44,4358.151,49.7108789062504,1.1538022789281133
2025-09-08,Indianapolis,Raleigh,Dry Van,785.0,1659.41,1604.1406,55.26937500000008,3.330664211978961
2025-09-08,Bakersfield,El Paso,Dry Van,453.1,1010.14,1002.0436,8.096420898437486,0.8015147304767147
2025-09-08,Oklahoma City,Chattanooga,Reefer,842.0,2052.54,2077.2783,24.738320312500036,1.2052539932230326
2025-09-08,Memphis,Indianapolis,Flatbed,249.4,664.46,658.74677,5.713234863281286,0.8598312709992003
2025-09-08,Fort Wayne,Phoenix,Flatbed,2202.4,4409.01,4310.234,98.77611328125022,2.240324092738511
2025-09-08,Harrisburg,Fort Wayne,Reefer,481.9,1144.42,1151.81,7.390058593749927,0.6457470678378503
2025-09-08,Toledo,Montgomery,Reefer,886.7,2062.26,1949.9203,112.33971191406272,5.447407791164194
2025-09-08,Richmond,Tulsa,Reefer,1253.4,2791.08,2806.2952,15.215166015625073,0.5451354320057137
2025-09-08,Tulsa,Cincinnati,Dry Van,650.0,1374.41,1368.1166,6.293422851562582,0.457899960824105
2025-09-08,Baton Rouge,Albany,Reefer,1780.1,3729.88,3843.4944,113.61438476562489,3.0460600546297707
2025-09-08,Houston,Kansas City,Dry Van,759.6,1611.62,1595.655,15.96497070312489,0.9906163179362933
2025-09-08,Albany,Reno,Dry Van,2823.6,4852.21,4572.486,279.72416015625004,5.7648815726493705
2025-09-08,Syracuse,Kansas City,Dry Van,908.2,1714.23,1706.1038,8.126240234375018,0.47404608683636495
2025-09-08,Jacksonville,Green Bay,Dry Van,1004.1,1990.99,1978.8644,12.125620117187509,0.6090246619615121
2025-09-08,Amarillo,Bakersfield,Dry Van,846.5,1764.95,1874.1925,109.24250488281245,6.189552388612281
2025-09-08,New York,Toledo,Dry Van,678.8,1322.52,1326.3445,3.824482421875018,0.2891814431445285
2025-09-08,Los Angeles,Montgomery,Dry Van,2151.2,4247.79,4107.7505,140.03951171874996,3.2967616506171438
2025-09-08,Tampa,Memphis,Dry Van,592.0,1340.5,1349.4773,8.977294921875,0.6696974951044387
2025-09-08,Tucson,Hartford,Reefer,2775.9,5620.89,5569.958,50.93199218750033,0.9061197103572625
2025-09-08,Montgomery,Oklahoma City,Dry Van,867.0,1717.38,1735.027,17.64697753906239,1.027552291226309
2025-09-08,San Francisco,Oklahoma City,Flatbed,1537.8,3365.65,3127.331,238.3189453125001,7.0809188511134575
2025-09-08,Fresno,San Francisco,Dry Van,224.7,556.94,575.7336,18.793581542968695,3.374435584258393
2025-09-08,Montgomery,Louisville,Dry Van,497.8,1058.37,1066.7567,8.38671386718761,0.7924179509233643
2025-09-08,Tucson,Atlanta,Flatbed,1911.7,3903.03,3905.3252,2.2951953124998,0.05880547452875842
2025-09-08,Jacksonville,Detroit,Reefer,935.5,2014.63,1975.1482,39.48180664062511,1.9597547262090362
2025-09-08,Cincinnati,Philadelphia,Flatbed,883.1,1999.43,1916.9889,82.44110839843756,4.123230540625957
2025-09-08,Richmond,Birmingham,Reefer,750.9,1801.21,1807.4623,6.252280273437464,0.3471155652831965
2025-09-08,Raleigh,El Paso,Reefer,2168.3,4431.09,4225.0654,206.02457031250015,4.649523487731013
2025-09-08,San Antonio,Providence,Dry Van,2032.1,3905.77,3493.7117,412.058330078125,10.549989632726069
2025-09-08,Memphis,Mobile,Dry Van,335.5,809.6,789.42004,20.179956054687523,2.492583504778597
2025-09-08,Charleston,Baton Rouge,Dry Van,924.9,1872.88,1933.6603,60.78027832031239,3.245284178394365
2025-09-08,Greensboro,Chattanooga,Dry Van,289.2,2021.98,698.42303,1323.5569653320313,65.45845979347132
2025-09-08,Richmond,Los Angeles,Dry Van,2785.9,4791.87,4761.4443,30.42566406249989,0.6349434367480731
2025-09-08,Las Vegas,Dayton,Reefer,2030.6,4200.31,4118.23,82.0800195312504,1.9541419450290667
2025-09-08,Madison,Savannah,Dry Van,821.4,1667.08,1669.2661,2.1861132812500728,0.13113427557466187
2025-09-08,Corpus Christi,Grand Rapids,Reefer,1366.2,2948.72,3001.5564,52.8363964843752,1.791841764710627
2025-09-08,Lexington,Oklahoma City,Dry Van,963.1,2027.06,1937.928,89.13202148437495,4.397108200269106
2025-09-08,San Antonio,Jacksonville,Flatbed,992.9,2292.08,2286.8599,5.220136718749927,0.2277467068666856
2025-09-08,Mobile,Charleston,Flatbed,607.4,1387.72,1380.6205,7.099516601562527,0.5115957542993202
2025-09-08,Philadelphia,Columbia,Reefer,742.8,1751.27,1855.8939,104.62392089843752,5.974174222046716
2025-09-08,St. Louis,Albuquerque,Reefer,1272.8,2850.46,2790.9285,59.531533203125036,2.088488637031393
2025-09-08,Columbia,Atlanta,Dry Van,223.9,573.2,561.20593,11.994067382812545,2.092475119122914
2025-09-08,Buffalo,Cincinnati,Dry Van,662.5,1357.84,1323.2935,34.54654296874992,2.544227815409026
2025-09-08,Oklahoma City,Fort Wayne,Reefer,1160.6,2689.88,2718.4568,28.57678710937489,1.0623814857679483
2025-09-08,Boston,Tampa,Dry Van,1476.1,2836.8,2861.5657,24.765673828124818,0.8730144468459113
2025-09-08,Lexington,Philadelphia,Reefer,814.9,1854.62,1938.1572,83.53722656250011,4.504277240755525
2025-09-08,Tucson,San Antonio,Flatbed,1051.0,2213.5,2199.7578,13.7421875,0.6208352157217077
2025-09-08,Green Bay,San Antonio,Dry Van,1419.1,2589.09,2629.7476,40.657558593749854,1.5703416487549624
2025-09-08,Los Angeles,Reno,Reefer,888.6,1942.25,1946.4303,4.1802978515625,0.2152296486838718
2025-09-08,San Antonio,Buffalo,Flatbed,1672.3,3568.34,3371.8398,196.50015625000015,5.506766626778843
2025-09-08,Grand Rapids,Milwaukee,Dry Van,342.2,767.26,722.84247,44.41753173828124,5.789110827917686
2025-09-08,Lexington,Tulsa,Dry Van,728.6,1623.8,1538.7349,85.06513671874995,5.238646182950484
2025-09-08,Los Angeles,San Antonio,Flatbed,1308.4,2904.7,2915.5525,10.852490234375182,0.373618281900891
2025-09-08,Cincinnati,New Orleans,Reefer,521.6,1282.29,1268.4808,13.809165039062464,1.0769143515946054
2025-09-08,Lexington,Hartford,Dry Van,853.6,1670.61,1688.5623,17.9522558593751,1.0745928648442844
2025-09-08,Toledo,Oklahoma City,Dry Van,1208.5,2446.14,2444.6724,1.4676367187498727,0.05999806710776459
2025-09-08,Reno,Tampa,Dry Van,2332.5,3952.07,3832.109,119.96111328125016,3.03539950661932
2025-09-08,Greensboro,Baton Rouge,Flatbed,789.9,1746.0,1198.8856,547.1143798828125,31.335302398786514
2025-09-08,Tampa,Syracuse,Reefer,1335.3,2833.34,2909.401,76.06087890624985,2.6844952919963667
2025-09-08,Jacksonville,Green Bay,Dry Van,1023.1,1984.86,1967.3107,17.5493310546874,0.8841596412183933
2025-09-08,Las Vegas,Lexington,Flatbed,1990.6,3964.88,3984.8977,20.01770507812489,0.5048754332571198
2025-09-08,Bakersfield,Phoenix,Dry Van,380.1,896.28,908.0992,11.819182128906277,1.3186930567352029
2025-09-08,Phoenix,Jacksonville,Reefer,2139.6,4288.2,4243.67,44.53007812499982,1.0384328651881867
2025-09-08,Bakersfield,Phoenix,Reefer,402.1,1008.41,1071.7933,63.38333496093753,6.285472670931222
2025-09-08,Oklahoma City,Albany,Flatbed,2039.6,3975.86,3924.8088,51.05116210937513,1.28402816269625
2025-09-08,Hartford,Fresno,Dry Van,3152.6,5396.01,5403.699,7.689218749999782,0.1424982301737725
2025-09-08,Phoenix,Syracuse,Dry Van,2786.7,5007.64,5562.684,555.0440820312497,11.08394537209643
2025-09-08,Syracuse,Tulsa,Dry Van,1386.9,2653.14,2283.9456,369.1944433593749,13.915377377725068
2025-09-08,Madison,Tampa,Reefer,1115.0,2458.79,2508.2466,49.456582031250036,2.011419520628034
2025-09-08,Indianapolis,Cincinnati,Reefer,197.1,579.86,587.60236,7.742355957031236,1.3352112504796394
2025-09-08,El Paso,Atlanta,Dry Van,1627.4,3207.95,3083.2222,124.72783203124982,3.8880852890864825
2025-09-08,Savannah,Mobile,Flatbed,439.1,1140.47,1119.8916,20.578398437500027,1.8043787594149805
2025-09-08,Philadelphia,Raleigh,Dry Van,443.0,936.17,1077.2269,141.05692871093754,15.067448082179258
2025-09-08,Syracuse,Corpus Christi,Flatbed,1699.3,3444.93,2991.1287,453.80133789062484,13.173020580697573
2025-09-08,Nashville,Greensboro,Dry Van,369.7,846.27,862.82416,16.554157714843768,1.9561319336433725
2025-09-08,Fort Wayne,Tucson,Dry Van,1939.9,1039.33,3351.4731,2312.14314453125,222.4647748579614
2025-09-08,Shreveport,Philadelphia,Reefer,1430.4,3077.83,3109.6658,31.835771484375073,1.034357696311202
2025-09-08,Grand Rapids,Chattanooga,Dry Van,668.5,1366.54,1342.1195,24.420493164062464,1.7870309807296136
2025-09-08,Toledo,New York,Dry Van,682.2,1341.67,1286.0721,55.59785644531257,4.143929315354191
2025-09-08,Memphis,Mobile,Dry Van,339.4,819.55,810.70905,8.840954589843705,1.0787571947829546
2025-09-08,New Orleans,Memphis,Dry Van,322.5,801.7,797.5354,4.1645996093750455,0.519471075137214
2025-09-08,Richmond,Nashville,Dry Van,764.3,1574.89,1589.6222,14.7321923828124,0.9354426266477277
2025-09-08,Hartford,Charleston,Reefer,679.0,1580.81,1542.4176,38.392397460937445,2.428653504275495
2025-09-08,Nashville,Shreveport,Dry Van,370.6,895.55,860.6442,34.905773925781205,3.8976912428989117
2025-09-08,Richmond,Hartford,Flatbed,325.2,810.22,817.37463,7.154633789062473,0.8830482818324001
2025-09-08,Phoenix,Philadelphia,Dry Van,2983.9,5216.82,4699.1646,517.6554492187497,9.922815991710463
2025-09-08,Bakersfield,Memphis,Dry Van,1871.8,3482.9,3488.9124,6.012353515624909,0.17262492508039015
2025-09-08,Chattanooga,Albany,Dry Van,1203.7,2322.91,2274.1748,48.735195312499854,2.0980233979146785
2025-09-08,Richmond,Austin,Flatbed,1695.3,3360.0,3328.8848,31.115234375,0.9260486421130953
2025-09-08,Tulsa,Shreveport,Reefer,195.1,599.52,603.6292,4.109211425781268,0.6854169044871344
2025-09-08,Birmingham,Boston,Flatbed,1217.6,2524.95,2463.3887,61.56132812499982,2.43812068060753
2025-09-08,Shreveport,Corpus Christi,Dry Van,411.6,996.28,1016.43475,20.154753417968777,2.0230009051640883
2025-09-08,Harrisburg,Tulsa,Reefer,1169.2,2615.19,2833.6282,218.43817382812495,8.352669359707132
2025-09-08,Fresno,Syracuse,Dry Van,2707.8,4876.72,4867.4272,9.292753906250255,0.19055336181388832
2025-09-08,Albuquerque,Tucson,Reefer,448.4,1123.76,1111.4005,12.359487304687491,1.099833354514086
2025-09-08,San Antonio,Tucson,Reefer,1054.5,2486.05,2446.225,39.82490234375018,1.6019348904386548
2025-09-08,Oklahoma City,Indianapolis,Flatbed,848.9,758.12,1884.9703,1126.8503369140626,148.63746331900788
2025-09-08,Toledo,Detroit,Flatbed,146.5,402.44,431.7796,29.339602050781252,7.290428896427108
2025-09-08,Shreveport,Hartford,Dry Van,1467.6,2950.34,2882.1853,68.15469726562515,2.310062476379846
2025-09-08,Birmingham,Mobile,Reefer,180.1,514.24,543.9778,29.73778320312499,5.78286076600906
2025-09-08,St. Louis,Kansas City,Flatbed,122.1,381.97,381.98456,0.014558105468722715,0.0038113216924687055
2025-09-08,Montgomery,Cincinnati,Dry Van,474.8,997.23,1017.9694,20.739421386718732,2.0797029157484963
2025-09-08,Mobile,Hartford,Dry Van,1226.3,2412.98,2478.975,65.99509765624998,2.735003922794635
2025-09-08,Tucson,Bakersfield,Reefer,313.3,833.53,892.98553,59.45553466796878,7.132980776692954
2025-09-08,Amarillo,New Orleans,Dry Van,840.6,1871.96,1845.2435,26.716469726562536,1.4271923399304758
2025-09-08,Houston,Mobile,Dry Van,467.3,1062.85,1056.8154,6.034570312499909,0.5677725278731627
2025-09-08,Montgomery,Phoenix,Reefer,2103.7,4653.73,4367.752,285.97804687499956,6.145136199886964
2025-09-08,Dayton,Memphis,Flatbed,457.8,1095.41,1118.6025,23.192539062499918,2.117247337754806
2025-09-08,San Antonio,Raleigh,Dry Van,1492.9,2891.35,2901.5745,10.224462890625091,0.35362245631366285
2025-09-08,Baton Rouge,Hartford,Flatbed,1553.3,3059.64,3115.007,55.36708007812513,1.8095945953813235
2025-09-08,Houston,Tucson,Dry Van,1252.0,2568.75,3054.9626,486.212646484375,18.92798623783455
2025-09-08,Reno,Milwaukee,Reefer,1894.8,3891.56,3985.909,94.34893554687505,2.424450234529984
2025-09-08,Fresno,Albuquerque,Flatbed,700.3,1641.31,1689.9977,48.687680664062555,2.9663915204356615
2025-09-08,Charleston,Atlanta,Flatbed,444.3,1132.92,1154.7982,21.878217773437427,1.9311352764041083
2025-09-08,Lubbock,Cincinnati,Dry Van,1042.1,2132.59,2144.0261,11.436123046874854,0.5362551192153604
2025-09-08,San Antonio,Toledo,Dry Van,1351.4,2650.23,2675.5999,25.369853515624982,0.9572698790529494
2025-09-08,Atlanta,Charleston,Reefer,450.3,1138.21,1141.9196,3.7095556640624636,0.32591135766356505
2025-09-08,San Antonio,Memphis,Dry Van,769.6,1704.6,1647.6632,56.93679199218741,3.340184910957844
2025-09-08,Atlanta,El Paso,Flatbed,1601.2,3238.85,3220.4756,18.37441406249991,0.5673129062012724
2025-09-08,Toledo,Little Rock,Dry Van,805.7,1688.91,1630.2142,58.69576660156258,3.475363790939871
2025-09-08,Syracuse,Kansas City,Dry Van,954.7,1946.66,1879.7247,66.93526855468758,3.438467352012554
2025-09-08,Richmond,Milwaukee,Reefer,737.2,1786.14,1859.3077,73.1677392578124,4.096416812669354
2025-09-08,Fresno,Memphis,Dry Van,2051.6,3806.95,3726.3455,80.60454101562482,2.1172997022714988
2025-09-08,Hartford,Amarillo,Flatbed,2106.4,4380.38,4184.024,196.3560742187501,4.4826264894541135
2025-09-08,Madison,Hartford,Dry Van,1132.1,2149.63,2242.2908,92.66077148437489,4.310545139599601
2025-09-08,Albuquerque,Chattanooga,Dry Van,1481.5,2873.29,2806.3901,66.89986328124996,2.3283366204333698
2025-09-08,Albany,Amarillo,Reefer,2243.4,4481.33,4554.4297,73.09968750000007,1.6312051890844923
2025-09-08,Columbia,Chattanooga,Flatbed,282.8,765.21,800.16016,34.950156249999964,4.567394081363281
2025-09-08,Boston,Lexington,Dry Van,997.1,1949.17,1958.5331,9.363081054687427,0.48036246477667044
2025-09-08,Fort Wayne,Tucson,Flatbed,1997.2,3869.27,3722.8494,146.42063476562498,3.7841927486483233
2025-09-08,Fresno,Columbia,Reefer,2440.4,5057.26,4836.9956,220.26439453125022,4.35540973830197
2025-09-08,Columbia,New York,Dry Van,770.9,1532.53,1491.8938,40.63620117187497,2.651576228320162
2025-09-08,Buffalo,Fort Wayne,Flatbed,447.7,1015.6,979.8253,35.77468261718752,3.522516996572225
2025-09-08,Boston,Grand Rapids,Reefer,1079.1,2156.21,2299.4333,143.22334960937496,6.642365521418367
2025-09-08,Grand Rapids,Los Angeles,Dry Van,2224.8,4022.03,4085.8657,63.8357226562498,1.587151827715104
2025-09-08,Boston,San Francisco,Reefer,3326.1,6853.93,6311.3613,542.5686718750003,7.9161688531251455
2025-09-08,Green Bay,Los Angeles,Flatbed,2251.2,4327.24,4356.517,29.27708984375022,0.6765765209174952
2025-09-08,Baltimore,Lexington,Reefer,821.4,1861.62,1812.2686,49.35144531249989,2.650994580660924
2025-09-08,New Orleans,Mobile,Dry Van,300.8,771.61,796.50684,24.896835937499986,3.226608770946461
2025-09-08,San Antonio,Mobile,Flatbed,749.3,1803.52,1845.0455,41.52553222656252,2.3024714018454198
2025-09-08,Tucson,Richmond,Dry Van,2503.6,4459.47,4481.807,22.337128906249745,0.5008920097287288
2025-09-08,Tucson,Atlanta,Reefer,1852.3,3829.72,3837.9622,8.2421582031252,0.21521568686810524
2025-09-08,Green Bay,Grand Rapids,Dry Van,109.7,288.59,312.1573,23.567287597656275,8.166356283189396
2025-09-08,Tulsa,Grand Rapids,Dry Van,971.2,1997.43,1911.73,85.70001953125006,4.29051428742184
2025-09-08,Charleston,Mobile,Dry Van,636.9,1357.32,1382.1866,24.866645507812564,1.8320400132476176
2025-09-08,Oklahoma City,Detroit,Dry Van,1329.2,2560.61,2497.7905,62.81947265625013,2.453301074987996
2025-09-08,Detroit,Harrisburg,Reefer,510.9,1210.84,1200.0701,10.769931640624918,0.8894595190632058
2025-09-08,San Francisco,Cincinnati,Reefer,2273.2,4652.33,4627.456,24.873945312499927,0.534655652382783
2025-09-08,Shreveport,Greensboro,Dry Van,703.5,1475.59,1504.9019,29.311855468750082,1.9864498586158814
2025-09-08,Raleigh,Charleston,Flatbed,194.6,536.68,548.686,12.0059741210938,2.237082455298092
2025-09-08,Houston,Chattanooga,Flatbed,627.9,1455.89,1480.3792,24.4891503906249,1.682074221996504
2025-09-08,Greensboro,Fort Wayne,Reefer,479.9,1140.25,1118.4221,21.827880859375,1.9143065870971279
2025-09-08,Cincinnati,Baton Rouge,Dry Van,676.5,1431.89,1398.131,33.7590185546876,2.357654467500129
2025-09-08,Grand Rapids,Baltimore,Dry Van,930.6,1824.25,1757.1322,67.1177978515625,3.67919955332671
2025-09-09,Fort Wayne,Austin,Dry Van,1350.7,2646.9,2590.7766,56.12338867187509,2.1203441260295093
2025-09-09,Fresno,Houston,Dry Van,1756.8,3419.98,3268.8667,151.11330078125002,4.41854340613834
2025-09-09,Tucson,Syracuse,Dry Van,2473.1,4409.54,4517.5566,108.01664062500004,2.4496124454024693
2025-09-09,Chattanooga,Tucson,Dry Van,1784.7,3293.99,3254.153,39.83692382812478,1.2093820511939861
2025-09-09,Fort Wayne,Bakersfield,Dry Van,2040.6,3756.14,3569.6736,186.46641601562487,4.964309530944663
2025-09-09,Houston,Shreveport,Reefer,254.0,736.62,732.4698,4.1502124023437545,0.563412940504433
2025-09-09,Baltimore,Columbia,Reefer,744.2,1736.13,1662.9344,73.19555175781261,4.216017910975134
2025-09-09,San Antonio,Montgomery,Flatbed,873.4,2129.31,2101.8276,27.482363281249945,1.290669901576095
2025-09-09,Columbia,Montgomery,Dry Van,343.2,798.6,762.18994,36.41005859375002,4.559235987196346
2025-09-09,Houston,Syracuse,Dry Van,1530.3,2937.98,2803.433,134.54689453125002,4.579571492360398
2025-09-09,Bakersfield,Kansas City,Dry Van,1700.4,3102.39,3125.1301,22.740126953125127,0.7329873727392471
2025-09-09,Raleigh,Harrisburg,Dry Van,366.7,841.5,872.33466,30.83465576171875,3.6642490507092984
2025-09-09,Fresno,Detroit,Dry Van,2383.2,4439.53,4407.2305,32.299531249999745,0.7275439348309336
2025-09-09,Mobile,Los Angeles,Reefer,2034.9,4346.79,4254.3213,92.46871093749996,2.1272872841223056
2025-09-09,Houston,Oklahoma City,Dry Van,285.3,741.53,732.5474,8.982575683593723,1.2113570163841954
2025-09-09,Greensboro,Tampa,Dry Van,711.7,1441.03,1358.9338,82.09616210937497,5.697047397304357
2025-09-09,Richmond,Reno,Reefer,2591.8,5273.19,5115.3833,157.8066992187496,2.9926230463675614
2025-09-09,Birmingham,Boston,Dry Van,1201.2,2324.44,2287.7402,36.699765625000055,1.5788648287329443
2025-09-09,El Paso,San Antonio,Reefer,847.5,2011.22,2008.37,2.8500048828125273,0.14170527753366252
2025-09-09,Providence,Indianapolis,Dry Van,1216.8,2411.65,2378.05,33.59995117187509,1.3932349707409901
2025-09-09,Green Bay,Amarillo,Reefer,1401.8,3101.74,3419.0164,317.2763574218752,10.228979779796992
2025-09-09,Dallas,Dayton,Dry Van,901.4,1843.06,1899.0028,55.942807617187555,3.0353221065612384
2025-09-09,Boston,New York,Flatbed,286.5,758.22,763.8512,5.631196289062473,0.7426863297014683
2025-09-09,Montgomery,New York,Reefer,1070.7,2375.16,2368.157,7.0030175781248545,0.2948440348492251
2025-09-09,Madison,Lexington,Reefer,490.0,1248.98,1168.1052,80.87477539062502,6.475265848182119
2025-09-09,Fort Wayne,Mobile,Reefer,810.4,1877.24,1848.2303,29.00965332031251,1.5453353497854567
2025-09-09,Baton Rouge,Albany,Dry Van,1804.0,3194.83,3202.8462,8.016191406250073,0.2509113601114949
2025-09-09,Buffalo,Lubbock,Dry Van,1673.6,3115.19,2954.806,160.38409179687505,5.148452961035284
2025-09-09,Madison,Little Rock,Flatbed,642.3,1535.4,1459.191,76.20895996093759,4.963459682228578
2025-09-09,Tucson,Atlanta,Reefer,1796.9,3986.13,3956.6711,29.45885742187511,0.7390340360669398
2025-09-09,Phoenix,Montgomery,Reefer,2122.5,4330.26,4224.4004,105.85960937500022,2.4446478819978528
2025-09-09,El Paso,Los Angeles,Dry Van,613.0,1308.15,1333.815,25.66494140624991,1.9619264920880564
2025-09-09,Lexington,Milwaukee,Dry Van,334.1,805.56,799.8779,5.682070312499945,0.7053565609637948
2025-09-09,Oklahoma City,Lexington,Flatbed,1016.1,2185.16,2193.0059,7.8458593750001455,0.35905194013253705
2025-09-09,Dayton,Harrisburg,Dry Van,502.0,1068.62,1140.9553,72.33532226562511,6.769040656699773
2025-09-09,Baltimore,Grand Rapids,Reefer,970.0,2118.18,2142.8767,24.696708984375164,1.165940051571404
2025-09-09,Harrisburg,Nashville,Dry Van,712.0,1420.85,1399.3971,21.45290527343741,1.5098641850608727
2025-09-09,Philadelphia,Milwaukee,Dry Van,917.0,1881.54,1836.2437,45.296347656249964,2.407408168641111
2025-09-09,Cincinnati,San Antonio,Reefer,1046.8,2523.52,2430.9883,92.53171874999998,3.6667717612699713
2025-09-09,Fresno,Phoenix,Dry Van,466.9,1079.58,1075.6373,3.9426708984374272,0.36520414405948864
2025-09-09,Baltimore,New York,Reefer,171.3,476.49,490.79193,14.301931152343741,3.001517587429692
2025-09-09,Kansas City,Baton Rouge,Reefer,721.9,1790.29,1778.0236,12.266440429687464,0.6851649972734843
2025-09-09,Las Vegas,Cincinnati,Dry Van,1973.5,3825.67,3632.88,192.79011718750007,5.0393817863929735
2025-09-09,Mobile,Cincinnati,Reefer,450.5,1168.88,1194.6826,25.80261718749989,2.207465025280601
2025-09-09,Fresno,Bakersfield,Dry Van,216.9,540.28,579.75604,39.47604248046878,7.3065896350908375
2025-09-09,Bakersfield,Greensboro,Dry Van,2268.9,4144.97,4063.9116,81.05837890625025,1.9555842118579931
2025-09-09,Baltimore,San Antonio,Dry Van,1810.5,3430.45,3407.4607,22.989306640624818,0.6701542549993388
2025-09-09,Columbia,Dayton,Dry Van,489.4,1089.14,1061.1368,28.0031591796876,2.571125767090328
2025-09-09,Dayton,Charleston,Reefer,611.2,1496.16,1506.8304,10.670444335937418,0.7131887188494157
2025-09-09,Baltimore,Hartford,Dry Van,136.9,357.82,367.75745,9.937446289062507,2.7772193530441305
2025-09-09,Green Bay,El Paso,Dry Van,1674.6,776.5,3134.3171,2357.817138671875,303.6467660878139
2025-09-09,Boston,Charleston,Dry Van,773.2,1563.27,1523.1158,40.15415527343748,2.568600131355267
2025-09-09,Lubbock,Austin,Reefer,70.0,235.09,294.00284,58.91283813476562,25.05969549311567
2025-09-09,Grand Rapids,Louisville,Reefer,526.2,1284.8,1249.6823,35.117749023437455,2.733324176793077
2025-09-09,Reno,Tucson,Dry Van,774.4,1632.44,1618.8102,13.629819335937555,0.8349353933950133
2025-09-09,San Francisco,Grand Rapids,Dry Van,2290.5,4249.72,4058.5151,191.20486328125025,4.499234379706198
2025-09-09,Nashville,Mobile,Dry Van,299.4,734.9,735.8491,0.9491210937500227,0.1291496929854433
2025-09-09,Oklahoma City,Columbia,Dry Van,1046.7,2122.27,2040.2135,82.05649902343748,3.8664495574756033
2025-09-09,Charleston,Corpus Christi,Dry Van,1159.4,2356.26,2446.6743,90.41431640624978,3.8371960821916837
2025-09-09,Hartford,New Orleans,Flatbed,1413.3,2940.91,2830.5884,110.32162109374985,3.7512749827009277
2025-09-09,Toledo,Baltimore,Dry Van,801.3,1697.13,1845.528,148.3979541015624,8.744053437365574
2025-09-09,Dayton,Savannah,Dry Van,570.0,1153.23,1191.4912,38.26121093749998,3.3177432894999246
2025-09-09,Baltimore,Dayton,Flatbed,828.3,1760.2,1693.508,66.69194335937505,3.788884408554428
2025-09-09,Milwaukee,Nashville,Dry Van,370.5,826.5,823.3957,3.10430908203125,0.37559698512174833
2025-09-09,Atlanta,Lexington,Dry Van,200.8,522.73,485.0814,37.64860961914064,7.202305132504475
2025-09-09,San Antonio,San Francisco,Dry Van,1651.9,3088.51,2983.417,105.09300781250022,3.402709002480167
2025-09-09,Reno,Chattanooga,Dry Van,2053.6,3918.45,3801.3655,117.08452148437482,2.9880315299257316
2025-09-09,San Antonio,Mobile,Reefer,756.0,1744.76,1764.8619,20.10193847656251,1.1521320110824704
2025-09-09,El Paso,Atlanta,Dry Van,1616.5,3267.04,3162.4536,104.58638671874996,3.2012582251441666
2025-09-09,Greensboro,Richmond,Dry Van,431.4,955.94,945.51245,10.427548828125055,1.090816246639439
2025-09-09,Richmond,Columbia,Flatbed,511.1,1145.81,1155.3776,9.567563476562555,0.8350043616797335
2025-09-09,Houston,Oklahoma City,Dry Van,305.2,783.88,786.1418,2.2617846679687545,0.2885371061857369
2025-09-09,Houston,Raleigh,Dry Van,1216.4,2393.62,2465.9812,72.36120117187511,3.0230864202285703
2025-09-09,Bakersfield,Washington,Flatbed,2659.9,5099.65,4902.458,197.19199218749964,3.866775017648263
2025-09-09,Tampa,Phoenix,Dry Van,2076.4,3823.37,3674.5405,148.8294726562499,3.892625423546502
2025-09-09,Jacksonville,Atlanta,Flatbed,253.3,714.31,720.91077,6.600766601562555,0.924075905637966
2025-09-09,Los Angeles,Buffalo,Dry Van,2694.9,4718.05,4727.872,9.822070312499818,0.2081807168745524
2025-09-09,Atlanta,Syracuse,Dry Van,904.9,1832.35,1850.7532,18.40317382812509,1.0043481773746876
2025-09-09,Hartford,Albuquerque,Reefer,2426.5,5180.3,5082.689,97.61103515625018,1.8842737902486375
2025-09-09,Columbia,Savannah,Dry Van,110.9,299.01,315.52628,16.516275634765634,5.523653267370868
2025-09-09,Salt Lake City,Amarillo,Dry Van,618.1,1361.79,1342.24,19.550009765624964,1.435611200377809
2025-09-09,Madison,Boston,Reefer,1265.3,2786.74,2812.858,26.11791015625022,0.9372209160614273
2025-09-09,Charleston,Phoenix,Dry Van,2463.8,4467.02,4711.377,244.35695312499956,5.470245334137737
2025-09-09,Milwaukee,Reno,Dry Van,1902.5,3448.36,3439.6064,8.753554687500127,0.2538468920733371
2025-09-09,Los Angeles,Dallas,Dry Van,1566.1,2934.27,2855.6248,78.64524414062498,2.6802320216144047
2025-09-09,Tampa,Lexington,Dry Van,736.9,1515.65,1449.5138,66.13620605468759,4.363553990346556
2025-09-09,Jacksonville,Tucson,Dry Van,1970.3,3623.26,3516.8174,106.44261718750022,2.9377581842732847
2025-09-09,Grand Rapids,Dayton,Flatbed,309.3,772.57,742.8155,29.7545092773438,3.8513674200841086
2025-09-09,El Paso,Los Angeles,Reefer,597.1,1400.18,1455.2485,55.068535156249936,3.9329611304439385
2025-09-09,Oklahoma City,Fort Wayne,Reefer,1127.1,2645.92,2632.5854,13.334550781250073,0.5039665137740398
2025-09-09,Buffalo,Nashville,Flatbed,815.5,1751.61,1633.348,118.2619775390624,6.751615801409126
2025-09-09,Charleston,San Francisco,Dry Van,2707.4,4606.47,4480.2173,126.25271484375025,2.740769284153598
2025-09-09,Syracuse,San Antonio,Reefer,1773.8,3726.44,3774.183,47.743105468749945,1.2811988243135526
2025-09-09,Atlanta,Tampa,Dry Van,534.1,1188.52,1219.8856,31.365620117187518,2.6390485744613064
2025-09-09,Shreveport,Charleston,Dry Van,874.4,1854.52,1824.1293,30.390727539062482,1.6387381931207257
2025-09-09,Washington,Savannah,Dry Van,546.7,1108.73,1186.0454,77.31541015624998,6.973330761885219
2025-09-09,Los Angeles,Madison,Dry Van,2076.1,3805.0,3703.248,101.751953125,2.6741643396846255
2025-09-09,Savannah,Hartford,Dry Van,813.8,1569.73,1544.5364,25.193623046875018,1.6049653791973788
2025-09-09,Dallas,Baton Rouge,Dry Van,174.0,474.35,479.51392,5.163916015624977,1.0886299179139827
2025-09-09,Columbia,Tulsa,Flatbed,783.3,1865.49,1950.004,84.51402832031249,4.5303929970309404
2025-09-09,Shreveport,Mobile,Reefer,301.1,827.22,879.9556,52.73562744140622,6.375042605522863
2025-09-09,Boston,Lubbock,Reefer,2154.4,4380.71,4183.7764,196.93363281250004,4.495472944168869
2025-09-09,Shreveport,Mobile,Dry Van,307.1,770.35,715.3437,55.00631103515627,7.140431107309181
2025-09-09,Chattanooga,Cincinnati,Dry Van,184.1,501.55,500.3023,1.2476928710937614,0.24876739529334288
2025-09-09,Baton Rouge,Houston,Flatbed,163.5,494.72,492.71722,2.0027758789062773,0.40483018250854563
2025-09-09,Cincinnati,Kansas City,Dry Van,345.8,835.94,811.9195,24.020505371093805,2.873472422792761
2025-09-09,Savannah,Milwaukee,Dry Van,660.8,1419.19,1377.6932,41.496762695312555,2.9239751333727373
2025-09-09,Mobile,Amarillo,Dry Van,1109.3,2237.19,2380.505,143.31488281249995,6.406021965613111
2025-09-09,Tucson,Columbia,Dry Van,1991.1,3770.8,3723.24,47.56000976562518,1.261271076843778
2025-09-09,Little Rock,Salt Lake City,Flatbed,1394.3,2954.69,2898.3557,56.334287109375055,1.9066056713013906
2025-09-09,San Francisco,Harrisburg,Flatbed,2765.8,5432.67,5303.603,129.06697265625007,2.375755800669838
2025-09-09,Houston,Green Bay,Dry Van,1240.6,2532.98,2475.9885,56.99147460937502,2.2499772840438936
2025-09-09,Houston,Philadelphia,Flatbed,1563.9,3328.7,3293.6892,35.01079101562482,1.0517857126092716
2025-09-09,Syracuse,Grand Rapids,Dry Van,566.6,1125.98,1122.5747,3.405292968750018,0.30242925884562943
2025-09-09,Los Angeles,Tulsa,Dry Van,1587.2,3038.98,3025.9543,13.025654296875018,0.42861928334095706
2025-09-09,Bakersfield,Columbia,Dry Van,2215.1,4046.38,4017.8376,28.54235351562511,0.7053799572858978
2025-09-09,Tulsa,Corpus Christi,Dry Van,411.1,1010.4,1047.098,36.69802246093752,3.632029143006485
2025-09-09,Nashville,Green Bay,Reefer,732.6,1766.85,1756.9956,9.854394531249909,0.5577380383875207
2025-09-09,Kansas City,Shreveport,Reefer,573.2,1401.81,1355.2582,46.551821289062445,3.3208367245962322
2025-09-09,Lexington,Mobile,Dry Van,477.9,1068.44,1084.874,16.434023437499945,1.5381325518980893
2025-09-09,Harrisburg,Corpus Christi,Dry Van,1483.5,2901.08,2804.7185,96.36149414062493,3.321573143126868
2025-09-09,Buffalo,Atlanta,Dry Van,735.7,1490.23,1458.3335,31.896503906250018,2.140374566761508
2025-09-09,Shreveport,Salt Lake City,Reefer,1430.2,3120.02,3070.5388,49.48118164062498,1.5859251428075778
2025-09-09,Shreveport,Phoenix,Dry Van,1611.0,3082.78,3007.6416,75.1383984375002,2.4373584374331023
2025-09-09,Tampa,Cincinnati,Reefer,716.5,1764.32,1772.0751,7.755073242187564,0.43955026538199216
2025-09-09,Montgomery,Indianapolis,Dry Van,588.2,1232.86,1245.4735,12.6135107421876,1.023109740131694
2025-09-09,Raleigh,Cincinnati,Reefer,604.9,1528.31,1558.5385,30.228452148437555,1.9779005665367337
2025-09-09,Tucson,Richmond,Dry Van,2448.9,4537.71,4451.5435,86.16654296875004,1.898899289922671
2025-09-09,Greensboro,Oklahoma City,Dry Van,1151.1,2369.38,2426.2974,56.91736328124989,2.4022049346769996
2025-09-09,Detroit,Charleston,Reefer,826.7,1911.08,1892.8429,18.237104492187427,0.9542826303549526
2025-09-09,Lexington,Milwaukee,Reefer,332.3,899.29,937.788,38.498024902343786,4.280935504936537
2025-09-09,Los Angeles,Harrisburg,Dry Van,2676.7,4862.84,4866.9536,4.1136132812498545,0.08459281574655664
2025-09-09,Kansas City,Nashville,Flatbed,396.3,1014.12,1049.7396,35.619624023437495,3.5123677694392668
2025-09-09,St. Louis,Philadelphia,Reefer,1052.0,2439.93,2355.2974,84.63263671874984,3.4686501956510982
2025-09-09,Philadelphia,Bakersfield,Dry Van,2917.8,5375.41,5293.293,82.11703124999985,1.527642193804749
2025-09-09,Montgomery,Toledo,Flatbed,881.2,1855.47,1916.4968,61.02682617187497,3.289022521079563
2025-09-09,Greensboro,Montgomery,Reefer,441.4,1120.17,1153.4323,33.26225097656243,2.9693931257364885
2025-09-09,El Paso,Grand Rapids,Reefer,1667.3,3529.76,3520.7883,8.971669921875218,0.2541722361258334
2025-09-09,Tampa,Phoenix,Flatbed,2058.8,4233.88,4217.1655,16.71447265625011,0.3947790833998628
2025-09-09,San Antonio,Memphis,Dry Van,799.0,1775.71,1746.4716,29.238442382812536,1.646577559557165
2025-09-09,Savannah,Baton Rouge,Reefer,754.1,1887.01,1901.2872,14.277231445312509,0.7566060299263125
2025-09-09,Hartford,Bakersfield,Dry Van,2929.2,5250.05,5167.3374,82.71259765625018,1.5754630461852777
2025-09-09,Lexington,Lubbock,Dry Van,1141.3,2407.73,2356.491,51.23903320312502,2.128105443846487
2025-09-09,Phoenix,Greensboro,Reefer,2337.9,4875.93,4753.816,122.11408203125029,2.5044264792819066
2025-09-09,Reno,Washington,Dry Van,2608.5,4505.4,4398.5244,106.87558593749964,2.372166421127972
2025-09-09,El Paso,Mobile,Dry Van,1576.9,2985.84,2732.6292,253.21084960937515,8.480389090151352
2025-09-09,Dallas,San Antonio,Dry Van,373.6,926.34,898.08563,28.254367675781282,3.0501077008205715
2025-09-09,St. Louis,Columbia,Dry Van,555.8,1185.19,1191.6771,6.487124023437445,0.5473488658727668
2025-09-09,Albuquerque,Shreveport,Flatbed,1185.0,2529.83,2610.9858,81.15583984375007,3.207956259659743
2025-09-09,Grand Rapids,Charleston,Reefer,882.5,2072.02,2012.4913,59.52866699218748,2.8729774322732156
2025-09-09,Mobile,Cincinnati,Flatbed,472.9,1134.3,1181.8124,47.512377929687545,4.188695929620696
2025-09-09,Bakersfield,Indianapolis,Reefer,1827.0,4011.04,3987.2817,23.758261718749964,0.5923217349802038
2025-09-09,Los Angeles,Toledo,Reefer,2315.7,4606.8,4754.9497,148.14970703124982,3.2158918779033123
2025-09-09,Syracuse,Mobile,Dry Van,1164.6,2324.44,2341.0557,16.615664062499945,0.7148243904983542
2025-09-09,Fort Wayne,Hartford,Dry Van,835.0,1663.25,1646.3156,16.9344482421875,1.0181541104576883
2025-09-09,Toledo,Houston,Dry Van,1136.9,2317.78,2233.789,83.9909375000002,3.623766599936154
2025-09-09,St. Louis,Baltimore,Flatbed,1078.1,2253.5,2284.6865,31.1865234375,1.383914951741735
2025-09-09,Albuquerque,Salt Lake City,Dry Van,248.0,625.09,628.81464,3.724636230468718,0.5958559936119148
2025-09-09,Oklahoma City,Fort Wayne,Dry Van,1110.5,2214.63,2205.576,9.05407226562511,0.4088300197154879
2025-09-09,Montgomery,Buffalo,Dry Van,993.0,2005.03,2066.811,61.78103515625003,3.0813022825718335
2025-09-09,Cincinnati,New York,Dry Van,848.5,1734.28,1706.2504,28.029633789062473,1.6162115569032953
2025-09-09,Lubbock,Salt Lake City,Reefer,1034.0,2513.73,2448.0872,65.64284179687502,2.6113720167589607
2025-09-09,Charleston,Syracuse,Reefer,723.9,1601.42,1587.1621,14.257890625000073,0.8903279979643112
2025-09-09,Green Bay,Philadelphia,Flatbed,946.5,1949.56,1955.8971,6.337094726562555,0.32505256194026116
2025-09-09,New York,Memphis,Reefer,1067.8,2424.14,2532.186,108.04603515625013,4.457087262132143
2025-09-09,Birmingham,Mobile,Reefer,194.5,587.37,585.19666,2.1733447265625045,0.37001289248046454
2025-09-10,Fort Wayne,Chattanooga,Reefer,510.9,1234.24,1228.3843,5.855722656250009,0.47443954629974794
2025-09-10,Phoenix,Harrisburg,Flatbed,2608.8,5383.25,5077.6255,305.62451171875,5.677323396066503
2025-09-10,Phoenix,Montgomery,Dry Van,2029.2,3849.67,3644.828,204.84211914062507,5.321030611471245
2025-09-10,Austin,Phoenix,Dry Van,1146.1,2218.39,2304.9026,86.51258789062513,3.899791645771263
2025-09-10,Kansas City,Lexington,Flatbed,455.6,1165.07,1228.2231,63.153144531250064,5.420545077227125
2025-09-10,Madison,Syracuse,Dry Van,796.3,1591.62,1605.3451,13.72509277343761,0.8623347767329897
2025-09-10,Phoenix,Providence,Dry Van,3123.9,5842.69,5716.877,125.8130468749996,2.1533411301130063
2025-09-10,Charleston,Fort Wayne,Dry Van,691.8,1422.84,1437.2743,14.434291992187582,1.0144704950793892
2025-09-10,Montgomery,Washington,Reefer,838.2,5795.79,1949.9557,3845.8343115234375,66.35565318142027
2025-09-10,Boston,Oklahoma City,Dry Van,1986.2,3704.0,3664.0574,39.942626953125,1.0783646585616902
2025-09-10,El Paso,Los Angeles,Dry Van,616.7,1330.84,1378.9231,48.08309570312508,3.6129884661661125
2025-09-10,San Francisco,Providence,Dry Van,3377.2,5969.57,5456.6133,512.9567187499997,8.5928587611838
2025-09-10,Boston,Lexington,Dry Van,1003.4,2057.92,2068.1987,10.278730468749927,0.49947181954351616
2025-09-10,Richmond,Fresno,Dry Van,2844.3,5233.94,5252.994,19.0541406250004,0.3640496571416639
2025-09-10,Montgomery,Richmond,Dry Van,839.4,1654.8,1642.7556,12.044384765624955,0.7278453447924194
2025-09-10,Indianapolis,Memphis,Dry Van,258.5,630.26,601.56415,28.69585205078124,4.5530181275634245
2025-09-10,Grand Rapids,Salt Lake City,Reefer,1856.1,3902.89,3857.868,45.02208007812487,1.1535574940140478
2025-09-10,Oklahoma City,Lubbock,Dry Van,201.2,548.19,538.204,9.986020507812555,1.8216349272720322
2025-09-10,Philadelphia,Chattanooga,Dry Van,974.5,1953.83,1878.7726,75.05741699218743,3.8415531029919405
2025-09-10,Shreveport,Fort Wayne,Dry Van,859.5,1834.95,1736.859,98.09099121093755,5.3457037636413824
2025-09-10,Grand Rapids,Phoenix,Dry Van,2263.7,4355.98,4201.8906,154.08937499999956,3.5374215446351815
2025-09-10,Cincinnati,Shreveport,Reefer,532.9,1391.81,1403.5233,11.713315429687555,0.8415886816223159
2025-09-10,Tulsa,Austin,Reefer,509.1,1323.33,1317.0397,6.290327148437427,0.47534078033728755
2025-09-10,Oklahoma City,St. Louis,Dry Van,779.2,1682.87,1639.2902,43.57983886718739,2.589614103714927
2025-09-10,Reno,St. Louis,Reefer,1764.2,3642.58,3523.4124,119.16764648437493,3.2715176189507145
2025-09-10,Savannah,Albuquerque,Flatbed,1810.4,3688.48,3687.7053,0.7746777343750182,0.02100262803038157
2025-09-10,El Paso,Baton Rouge,Dry Van,1249.0,2459.73,2576.6843,116.95432617187498,4.754762765501701
2025-09-10,Fort Wayne,Montgomery,Dry Van,815.4,1716.4,1689.6937,26.70627441406259,1.5559470061793632
2025-09-10,Oklahoma City,Fresno,Reefer,1425.4,3159.05,3106.2502,52.79975585937518,1.6713808220628092
2025-09-10,Albany,Washington,Flatbed,578.0,1375.61,1249.1438,126.4662011718749,9.193463348759815
2025-09-10,Baltimore,Oklahoma City,Dry Van,1815.0,3457.21,3468.0437,10.833701171874964,0.31336543547759504
2025-09-10,Atlanta,Montgomery,Reefer,300.9,805.25,626.5564,178.693603515625,22.191071532520958
2025-09-10,Milwaukee,Tucson,Dry Van,1731.7,3318.89,3232.5874,86.30259765624987,2.6003452255498036
2025-09-10,Phoenix,Columbia,Dry Van,2280.6,4213.04,4221.2383,8.198281250000036,0.1945930076619267
2025-09-10,Columbia,Baton Rouge,Flatbed,722.6,1800.09,1805.2415,5.151455078125082,0.28617763990273165
2025-09-10,Atlanta,Indianapolis,Dry Van,361.6,830.98,799.337,31.643024902343768,3.807916544603212
2025-09-10,Tulsa,Baton Rouge,Flatbed,297.8,822.94,980.2959,157.35589843749995,19.121187260006796
2025-09-10,Cincinnati,Atlanta,Flatbed,199.7,606.05,613.9607,7.9106933593750455,1.305287246823702
2025-09-10,Bakersfield,Birmingham,Dry Van,1998.4,3890.56,3868.5808,21.979189453124945,0.5649363961261347
2025-09-10,Kansas City,Syracuse,Flatbed,891.9,1978.86,1992.7625,13.9024511718751,0.702548496198574
2025-09-10,Greensboro,Jacksonville,Reefer,352.5,932.38,935.58594,3.2059375000000045,0.3438445161843888
2025-09-10,San Antonio,Hartford,Dry Van,1875.7,3379.98,3440.696,60.71604492187498,1.7963433192467109
2025-09-10,Louisville,Cincinnati,Dry Van,81.6,245.86,274.70538,28.845383300781236,11.73244256925943
2025-09-10,Madison,Louisville,Dry Van,410.2,910.23,903.5887,6.641315917968768,0.7296305239300801
2025-09-10,Atlanta,Bakersfield,Dry Van,2082.2,3826.97,3688.8523,138.1177050781248,3.6090616095272448
2025-09-10,Lexington,Louisville,Dry Van,173.3,468.64,473.71765,5.077651367187514,1.0834865498436996
2025-09-10,Fort Wayne,Tucson,Dry Van,1970.1,3655.22,3594.581,60.6389453124998,1.658968415375813
2025-09-10,Dayton,Columbia,Reefer,481.7,1227.68,1290.4967,62.816704101562436,5.116700125567121
2025-09-10,Bakersfield,Cincinnati,Dry Van,1988.1,3892.71,3743.8828,148.82718750000004,3.8232282266081996
2025-09-10,Richmond,Lexington,Dry Van,552.7,1159.83,1149.8893,9.940717773437427,0.8570840358877964
2025-09-10,Toledo,Mobile,Dry Van,861.4,1714.46,1657.2609,57.199135742187536,3.336277063459488
2025-09-10,St. Louis,Bakersfield,Dry Van,1816.2,3751.53,3610.1274,141.4025585937502,3.7691970634314584
2025-09-10,Philadelphia,Toledo,Dry Van,758.7,1490.03,1432.1049,57.92514160156247,3.8875151239614283
2025-09-10,Green Bay,Bakersfield,Flatbed,2049.9,4221.78,3978.0955,243.68454101562475,5.772080520908829
2025-09-10,Harrisburg,Columbia,Reefer,530.1,1274.03,1267.8333,6.196748046874973,0.4863894921528514
2025-09-10,Baton Rouge,Richmond,Dry Van,1250.9,2456.19,2531.907,75.71698242187495,3.082700541158255
2025-09-10,Jacksonville,Atlanta,Dry Van,274.5,706.67,758.024,51.35398681640629,7.2670393276078356
2025-09-10,Cincinnati,Albany,Dry Van,1105.6,2134.16,2125.463,8.697109374999854,0.40751908830639944
2025-09-10,Bakersfield,Providence,Flatbed,3072.9,5990.75,6170.8423,180.09228515625,3.0061726020323
2025-09-10,Richmond,Nashville,Reefer,789.6,1891.27,1891.803,0.5329785156250182,0.02818098503254523
2025-09-10,Tampa,Nashville,Dry Van,558.5,1261.09,1234.1621,26.927890624999918,2.135286983879019
2025-09-10,Columbia,Kansas City,Flatbed,636.6,1495.45,1405.8679,89.58208007812505,5.990309276680935
2025-09-10,Los Angeles,Albany,Dry Van,3101.9,5714.34,5904.9062,190.56624999999985,3.3348776936619076
2025-09-10,Harrisburg,Baltimore,Dry Van,373.1,857.81,836.3497,21.460329589843695,2.5017579172361826
2025-09-10,Greensboro,Cincinnati,Reefer,291.0,810.24,822.90564,12.665639648437491,1.5631960466574706
2025-09-10,Oklahoma City,Tulsa,Flatbed,307.9,856.86,878.51514,21.655136718749986,2.5272666151705048
2025-09-10,Philadelphia,Albuquerque,Dry Van,2353.9,4324.74,4388.035,63.29515625000022,1.4635598035951345
2025-09-10,Kansas City,Dayton,Dry Van,336.8,775.28,781.1048,5.824797363281277,0.7513153136004125
2025-09-10,Oklahoma City,Buffalo,Dry Van,1557.5,2897.11,2777.6643,119.44569335937513,4.122925721128128
2025-09-10,Baton Rouge,Baltimore,Dry Van,1451.5,2932.4,3048.3599,115.95986328124991,3.954435386756579
2025-09-10,Memphis,Shreveport,Reefer,307.3,899.18,901.4345,2.2545092773438,0.250729473224916
2025-09-10,Boston,Reno,Dry Van,2964.6,5282.81,5069.945,212.8651757812504,4.029392989360783
2025-09-10,Richmond,Nashville,Dry Van,774.4,1604.96,1683.7843,78.82430175781246,4.9112938489315905
2025-09-10,Los Angeles,Indianapolis,Reefer,1961.5,4190.71,4174.249,16.460976562500036,0.3927968425994649
2025-09-10,Indianapolis,Toledo,Dry Van,394.0,902.06,871.3699,30.690126953124945,3.4022267868129554
2025-09-10,Montgomery,Baton Rouge,Reefer,486.4,1284.52,1275.0286,9.491435546874982,0.7389091292369898
2025-09-10,Raleigh,Bakersfield,Dry Van,2502.0,4791.56,4724.987,66.5731835937504,1.389384325642388
2025-09-10,Montgomery,Fresno,Dry Van,2323.0,4493.19,4539.99,46.8002343750004,1.041581468288686
2025-09-10,Green Bay,Kansas City,Reefer,499.8,1194.45,1183.305,11.144946289062545,0.9330609308939298
2025-09-10,Fort Wayne,New York,Dry Van,739.5,1403.96,1411.6012,7.641196289062464,0.5442602559234211
2025-09-10,Columbia,New Orleans,Dry Van,627.6,1389.2,1348.5033,40.696704101562545,2.9295064858596707
2025-09-10,Reno,New York,Reefer,2745.9,5433.92,5617.326,183.40617187499993,3.37520927571624
2025-09-10,Lubbock,Salt Lake City,Dry Van,1004.2,2077.41,2075.5269,1.8831445312498545,0.09064866979796259
2025-09-10,Nashville,Kansas City,Dry Van,396.0,867.11,882.7523,15.642319335937486,1.8039602052723975
2025-09-10,Baltimore,Fort Wayne,Dry Van,814.6,1673.2,1675.4779,2.2779052734374545,0.13614064507754328
2025-09-10,Hartford,Tucson,Dry Van,2810.7,5348.71,5045.952,302.75785156250004,5.660390104576618
2025-09-10,Mobile,Shreveport,Flatbed,308.9,851.64,864.69006,13.050063476562514,1.532345060889873
2025-09-10,Los Angeles,Shreveport,Dry Van,1706.0,3442.21,3408.3838,33.826210937500036,0.9826887649940019
2025-09-10,El Paso,Lubbock,Flatbed,771.8,1870.77,1722.1702,148.59983398437498,7.943244438620193
2025-09-10,Oklahoma City,Columbia,Dry Van,1072.5,2203.39,2179.2043,24.185654296874873,1.0976565336538187
2025-09-10,Toledo,Fresno,Reefer,2330.1,4945.33,4845.4277,99.90226562499993,2.020133451660454
2025-09-10,Milwaukee,Los Angeles,Reefer,2089.0,4316.9,4145.073,171.82675781249964,3.980327499189225
2025-09-10,New York,Fort Wayne,Reefer,706.7,1617.61,1684.4415,66.8315283203126,4.1314982177603135
2025-09-10,Memphis,Austin,Reefer,877.6,2135.53,2123.7935,11.7365429687502,0.5495845513174809
2025-09-10,Philadelphia,Tucson,Flatbed,2678.0,5390.41,5071.894,318.51595703124985,5.90893748399936
2025-09-10,Tulsa,Tucson,Flatbed,1265.5,2952.58,2950.378,2.2020703124999272,0.07458122430213329
2025-09-10,Tampa,Mobile,Dry Van,297.8,745.55,755.16394,9.613940429687545,1.289509815530487
2025-09-10,Montgomery,Lubbock,Dry Van,976.0,2039.12,2021.0342,18.08582031249989,0.8869424218535393
2025-09-10,Lexington,Syracuse,Reefer,697.3,1642.87,1630.9479,11.92212402343739,0.7256888264705906
2025-09-10,Tampa,Albany,Dry Van,1628.1,3055.7,2995.472,60.22807617187482,1.971007499815912
2025-09-10,Richmond,Austin,Dry Van,1682.5,3333.07,3293.8967,39.173271484375164,1.175290992519664
2025-09-10,Lexington,Washington,Dry Van,536.2,1175.9,1173.1427,2.757299804687591,0.23448420823944136
2025-09-10,Amarillo,Savannah,Dry Van,1445.3,2813.46,2711.969,101.49100585937504,3.6073377925890195
2025-09-10,Toledo,Lexington,Dry Van,425.0,977.98,951.01935,26.960651855468768,2.756769244306506
2025-09-10,Salt Lake City,Houston,Reefer,1290.6,3025.17,2940.6033,84.56672851562507,2.7954372321431546
2025-09-10,Chattanooga,Tulsa,Dry Van,547.4,1174.92,1181.3369,6.416914062499927,0.5461575309382705
2025-09-10,Boston,Charleston,Dry Van,785.9,1652.47,1632.2518,20.218168945312527,1.2235120120372853
2025-09-10,Reno,Jacksonville,Dry Van,2236.9,4186.74,3883.148,303.5920507812498,7.251275474026326
2025-09-10,Cincinnati,Philadelphia,Reefer,897.7,2057.18,1908.7152,148.46479003906234,7.216908099391514
2025-09-10,Baltimore,Raleigh,Reefer,384.2,961.79,959.9637,1.8263159179687136,0.18988718098220128
2025-09-10,Tulsa,Atlanta,Dry Van,619.6,1417.14,1412.3497,4.7902685546876,0.3380236641889722
2025-09-10,Phoenix,Green Bay,Flatbed,2186.9,4233.0,4210.3887,22.611328125,0.534167921686747
2025-09-10,Philadelphia,Fort Wayne,Dry Van,777.4,1563.34,1575.4215,12.081508789062582,0.7728011046261583
2025-09-10,San Antonio,Richmond,Reefer,1590.6,3545.53,3395.1372,150.3927929687502,4.241757733505292
2025-09-10,Las Vegas,Lexington,Reefer,1977.9,4307.33,4323.852,16.522050781250073,0.38357986922873505
2025-09-10,Baton Rouge,Lubbock,Reefer,527.8,1407.48,1433.9641,26.484111328124982,1.8816687503996492
2025-09-10,Albany,Oklahoma City,Reefer,1998.6,4376.2,4003.4146,372.7854492187498,8.518473772193909
2025-09-10,Milwaukee,Dayton,Flatbed,187.8,548.09,596.19,48.10000244140622,8.775931405682682
2025-09-10,Hartford,Houston,Dry Van,1610.4,3124.92,3069.2004,55.71956054687507,1.7830715841325562
2025-09-10,Syracuse,Baton Rouge,Dry Van,1457.5,2782.8,2682.5762,100.22382812500018,3.6015462169397794
2025-09-10,Green Bay,Mobile,Dry Van,1013.1,2012.52,1937.867,74.65305664062498,3.709431789031909
2025-09-10,Baltimore,Salt Lake City,Dry Van,2611.8,4860.78,4823.8823,36.897675781249745,0.7590896066320579
2025-09-10,Atlanta,Lubbock,Reefer,987.8,2276.91,2319.3052,42.395175781250146,1.8619609813848657
2025-09-10,Tucson,Grand Rapids,Dry Van,1950.8,3663.3,3491.8022,171.49775390625018,4.681509947485878
2025-09-10,Albany,Atlanta,Dry Van,1204.1,2406.78,2416.0261,9.2461230468748,0.3841698471349604
2025-09-10,San Francisco,Fresno,Reefer,215.8,643.83,698.83307,55.00306884765621,8.543104367248528
2025-09-10,Fort Wayne,Baltimore,Dry Van,831.2,1711.91,1697.7838,14.126186523437582,0.8251710968121911
2025-09-10,Columbia,Hartford,Reefer,851.9,2042.48,1987.4257,55.05434082031252,2.69546535683642
2025-09-10,Memphis,Montgomery,Flatbed,434.5,1098.71,1072.752,25.958046875000036,2.36259312056867
2025-09-10,Oklahoma City,Baton Rouge,Dry Van,438.1,1070.18,1140.95,70.76995117187494,6.61290167746313
2025-09-10,Lubbock,New Orleans,Dry Van,600.4,1395.18,1387.6632,7.516791992187564,0.5387686171094457
2025-09-10,Bakersfield,Albany,Dry Van,2914.6,5241.8,5214.4346,27.365429687500182,0.5220616904021553
2025-09-10,Boston,Montgomery,Reefer,1278.3,2710.93,2610.1477,100.78229492187484,3.7176280804696114
2025-09-10,Raleigh,Phoenix,Dry Van,2617.1,4813.65,4801.9194,11.730566406249636,0.24369379589811552
2025-09-10,Little Rock,Richmond,Dry Van,1067.3,2195.23,2463.867,268.636943359375,12.237302850242344
2025-09-10,Baton Rouge,New York,Dry Van,1431.3,2806.77,2773.74,33.03000976562498,1.176797876763147
2025-09-10,Lexington,Columbia,Reefer,228.3,636.64,663.00525,26.365249023437514,4.141312048164978
2025-09-10,Milwaukee,Tampa,Dry Van,950.5,1887.3,1860.0521,27.247875976562455,1.4437490582611379
2025-09-10,Oklahoma City,Jacksonville,Reefer,957.3,2192.73,2253.825,61.09495117187498,2.786250526598121
2025-09-10,Greensboro,Oklahoma City,Reefer,1129.5,2680.22,2588.9297,91.2903124999998,3.406075340830223
2025-09-10,Grand Rapids,Toledo,Dry Van,180.2,477.61,482.56754,4.957535400390611,1.0379881912838114
2025-09-10,Kansas City,Tucson,Reefer,1625.8,3401.18,3322.977,78.20294921874984,2.2992887532782693
2025-09-10,Corpus Christi,Fort Wayne,Dry Van,1292.1,2511.55,2421.7322,89.81782226562518,3.5761908887191245
2025-09-10,Buffalo,Phoenix,Reefer,2688.4,5641.98,5454.2144,187.76564453124956,3.32800975067706
2025-09-10,Corpus Christi,Providence,Dry Van,1916.8,3808.59,3676.7495,131.84048828125015,3.4616613571229813
2025-09-10,Washington,Atlanta,Dry Van,688.3,3348.83,1447.5612,1901.2688427734374,56.774122388220285
2025-09-10,Corpus Christi,Cincinnati,Dry Van,957.6,2049.34,1964.9515,84.38846191406265,4.117836079618932
2025-09-10,Albuquerque,Milwaukee,Dry Van,1370.4,2807.39,2893.747,86.35707031250013,3.0760624748431864
2025-09-10,New York,Los Angeles,Flatbed,2887.9,1758.37,5505.9683,3747.59826171875,213.12910603108278
2025-09-10,Los Angeles,Jacksonville,Dry Van,2285.2,4302.88,4359.7476,56.86755859374989,1.3216161871525558
2025-09-10,Indianapolis,Philadelphia,Dry Van,993.1,1969.6,1684.6875,284.9124999999999,14.46550060926076
2025-09-10,Milwaukee,Memphis,Dry Van,356.3,855.3,863.5366,8.236621093750045,0.9630095982403889
2025-09-10,Baton Rouge,Syracuse,Dry Van,1447.5,2914.9,2872.908,41.99204101562509,1.4405997123614906
2025-09-10,Amarillo,Montgomery,Dry Van,1248.3,2465.22,2484.5452,19.3251660156252,0.7839124303561225
2025-09-10,Lexington,Oklahoma City,Flatbed,1007.4,2399.07,2335.2488,63.821220703125164,2.6602483755424045
2025-09-10,Los Angeles,Albany,Dry Van,3100.0,5383.59,5630.125,246.53499999999985,4.579379187493844
2025-09-10,Greensboro,Syracuse,Flatbed,703.5,1579.77,1473.051,106.71897460937498,6.755348855173537
2025-09-10,Albuquerque,Raleigh,Flatbed,2091.8,4140.08,4080.3232,59.75675781249993,1.4433720559143766
2025-09-10,Baton Rouge,Syracuse,Dry Van,1421.4,2887.23,2854.692,32.53810546875002,1.1269661741097874
2025-09-10,Mobile,Tampa,Dry Van,327.0,3869.45,812.0296,3057.4203979492186,79.01434048635384
2025-09-10,Lexington,Nashville,Dry Van,265.1,657.63,645.4301,12.199885253906245,1.8551290625285106
2025-09-11,Buffalo,Shreveport,Dry Van,1166.6,2291.53,2506.5146,214.9846484374998,9.381707786391615
2025-09-11,Hartford,San Antonio,Dry Van,1822.9,3516.64,3507.4497,9.190292968749873,0.26133732678778243
2025-09-11,Austin,Montgomery,Reefer,988.2,2417.85,2419.9768,2.126806640625091,0.08796272062473234
2025-09-11,Kansas City,Fresno,Reefer,1922.5,4033.26,4036.396,3.1359960937497817,0.07775338296439559
2025-09-11,Oklahoma City,Tucson,Flatbed,1027.1,2439.49,2375.992,63.49805664062478,2.602923424183939
2025-09-11,Indianapolis,Toledo,Dry Van,417.9,934.11,883.27966,50.830336914062514,5.441579355114763
2025-09-11,El Paso,Montgomery,Reefer,1652.6,3825.7,3740.3203,85.37968749999982,2.23174026975455
2025-09-11,El Paso,Syracuse,Dry Van,2197.5,4007.04,3924.79,82.24996093749996,2.05263638340271
2025-09-11,Lexington,Syracuse,Dry Van,697.1,1452.89,1395.1879,57.7021337890626,3.9715418090194436
2025-09-11,Savannah,Jacksonville,Reefer,217.2,627.33,616.7366,10.593427734375041,1.688653138599308
2025-09-11,Richmond,Dayton,Flatbed,597.4,1337.53,1306.716,30.814057617187473,2.3038031010285733
2025-09-11,Los Angeles,Raleigh,Reefer,2744.5,5729.48,5654.807,74.67287109374956,1.3033097435325645
2025-09-11,Philadelphia,Shreveport,Dry Van,1355.0,2534.93,2544.827,9.896904296875164,0.3904212067739608
2025-09-11,Houston,Indianapolis,Reefer,753.5,1893.57,1890.8826,2.6874316406249363,0.14192407149590122
2025-09-11,Salt Lake City,Fort Wayne,Dry Van,1765.6,3118.9,3224.5396,105.63955078124991,3.387077199693799
2025-09-11,Houston,Greensboro,Dry Van,931.9,1991.68,1934.1364,57.543647460937564,2.8892014510833848
2025-09-11,Oklahoma City,Syracuse,Reefer,1626.9,3709.46,3507.724,201.73587890625004,5.438416343787237
2025-09-11,Hartford,New York,Reefer,116.3,363.4,347.90054,15.499456787109352,4.265122946370213
2025-09-11,Tucson,Columbia,Flatbed,2046.7,9993.31,4096.5317,5896.7782617187495,59.007258473106006
2025-09-11,Atlanta,Lexington,Dry Van,201.8,548.2,556.027,7.8269775390624545,1.4277594927147854
2025-09-11,San Francisco,San Antonio,Reefer,1657.6,3595.73,3497.1995,98.53053710937502,2.740209557151817
2025-09-11,Richmond,Toledo,Dry Van,573.4,1190.03,1164.5884,25.441621093749973,2.1378974558414474
2025-09-11,Houston,Mobile,Reefer,464.9,1258.59,1238.3876,20.202426757812418,1.605163457346111
2025-09-11,Syracuse,Fort Wayne,Dry Van,528.1,1169.27,1138.6044,30.665629882812482,2.62263034909067
2025-09-11,Kansas City,Indianapolis,Dry Van,183.5,468.28,462.6324,5.647614746093723,1.2060337289855905
2025-09-11,New Orleans,Boston,Dry Van,1556.1,3077.55,2975.6086,101.94135742187518,3.312419210796743
2025-09-11,Nashville,Buffalo,Flatbed,792.1,1750.91,1592.6514,158.25863281250008,9.038650348247486
2025-09-11,San Francisco,Columbia,Dry Van,2508.0,4867.0,4800.001,66.9990234375,1.3765979748818573
2025-09-11,Phoenix,Tucson,Dry Van,266.7,674.55,659.2503,15.299694824218705,2.2681335444694546
2025-09-11,Madison,Kansas City,Reefer,217.5,637.22,631.62823,5.591765136718777,0.8775250520571823
2025-09-11,Richmond,Philadelphia,Dry Van,274.6,632.9,607.83813,25.061865234374977,3.9598459842589633
2025-09-11,Bakersfield,El Paso,Dry Van,455.6,1013.09,1035.725,22.634975585937468,2.234251210251554
2025-09-11,Tucson,Amarillo,Dry Van,638.8,1437.98,1390.0942,47.88576171875002,3.330071469613626
2025-09-11,Indianapolis,Louisville,Dry Van,133.1,392.73,372.53076,20.199238281250018,5.143288845071682
2025-09-11,Nashville,Cincinnati,Dry Van,181.6,480.28,475.07346,5.206544189453098,1.084064335273819
2025-09-11,Baltimore,Oklahoma City,Reefer,1760.3,20132.37,3831.0015,16301.368535156249,80.97093653234194
2025-09-11,Shreveport,Syracuse,Dry Van,1312.0,2463.78,2403.7576,60.0224316406252,2.436192827307032
2025-09-11,Memphis,Shreveport,Flatbed,324.5,879.33,894.6483,15.318315429687459,1.742043991412491
2025-09-11,Cincinnati,Raleigh,Flatbed,641.8,1495.51,1451.6512,43.85875488281249,2.932695527466382
2025-09-11,San Antonio,Mobile,Dry Van,741.7,1606.71,1464.7369,141.97306152343754,8.836259282847404
2025-09-11,Kansas City,Houston,Dry Van,770.0,1606.62,1512.7788,93.84119140624989,5.840907707251864
2025-09-11,St. Louis,Philadelphia,Dry Van,1079.0,2213.28,2215.0195,1.7395312499998,0.07859517322705667
2025-09-11,Harrisburg,Memphis,Dry Van,810.8,1625.51,1611.06,14.449941406249991,0.8889481704972588
2025-09-11,Montgomery,Hartford,Dry Van,1143.6,2270.71,2299.271,28.560996093749964,1.2578002516283437
2025-09-11,Montgomery,San Antonio,Dry Van,863.5,1872.91,1873.2717,0.36172851562491815,0.019313715855268972
2025-09-11,Lexington,Richmond,Dry Van,554.5,1196.5,1151.027,45.4730224609375,3.8005033398192647
2025-09-11,Lexington,Oklahoma City,Flatbed,997.3,2320.06,2314.0447,6.015322265624945,0.2592744267659003
2025-09-11,Greensboro,Reno,Dry Van,2303.8,4229.61,4119.97,109.63978515624967,2.5921960926953003
2025-09-11,Greensboro,Albany,Flatbed,995.3,2167.33,2198.6353,31.305253906250073,1.4444156591866524
2025-09-11,Tucson,Cincinnati,Dry Van,1844.6,3664.86,3651.5552,13.304824218750127,0.3630377209156728
2025-09-11,Corpus Christi,Milwaukee,Dry Van,1025.3,2196.15,1996.7747,199.3753417968751,9.078402741018376
2025-09-11,Montgomery,Savannah,Reefer,337.2,977.56,966.9295,10.630495605468695,1.0874519830464315
2025-09-11,Raleigh,Toledo,Reefer,712.8,1685.94,1793.803,107.86297851562495,6.397794614020959
2025-09-11,Grand Rapids,Baltimore,Reefer,918.0,1979.6,1659.0464,320.5536132812499,16.192847710711757
2025-09-11,Boston,Richmond,Dry Van,481.9,1098.94,1097.2753,1.6647314453125546,0.1514851989473997
2025-09-11,Milwaukee,El Paso,Dry Van,1478.9,2989.01,2963.04,25.96996093750022,0.868848245322037
2025-09-11,Tucson,Albany,Dry Van,2866.2,5292.37,5092.521,199.8490039062499,3.776172185736256
2025-09-11,Houston,Bakersfield,Dry Van,1532.8,3098.97,2931.4414,167.5285937499998,5.4059443540918375
2025-09-11,Philadelphia,San Antonio,Reefer,1856.4,4344.65,4155.267,189.38291015624964,4.358991176648284
2025-09-11,Lexington,Greensboro,Dry Van,174.5,492.83,495.19986,2.369859619140641,0.48086756470601244
2025-09-11,Toledo,New York,Reefer,694.1,1599.16,1454.7098,144.45016113281258,9.03287733139977
2025-09-11,Greensboro,Montgomery,Dry Van,442.3,941.77,894.3793,47.39072753906248,5.032091438362072
2025-09-11,Los Angeles,Kansas City,Reefer,1917.8,4198.18,4071.5051,126.67487304687529,3.017375935450011
2025-09-11,Green Bay,Albany,Dry Van,941.8,1749.01,1776.4261,27.41614746093751,1.5675237683568137
2025-09-11,Columbia,Reno,Dry Van,2295.9,4168.47,3769.0994,399.37063476562525,9.580748686343556
2025-09-11,Atlanta,Kansas City,Reefer,494.1,1301.34,1274.1302,27.209750976562418,2.0909025294359984
2025-09-11,Phoenix,St. Louis,Dry Van,1891.9,3471.55,3495.5317,23.981738281249818,0.6908078028906344
2025-09-11,El Paso,Raleigh,Flatbed,2184.9,4630.06,4417.1,212.9599023437504,4.599506320517453
2025-09-11,Toledo,Houston,Flatbed,1126.7,2434.73,2374.0295,60.70045898437502,2.493108434379788
2025-09-11,Indianapolis,Columbia,Flatbed,507.1,1194.91,1210.287,15.376987304687418,1.2868740996968322
2025-09-11,Jacksonville,Albany,Flatbed,1298.2,2820.43,2747.9844,72.44562499999984,2.5686021280442994
2025-09-11,Lexington,Memphis,Flatbed,331.1,880.53,938.208,57.67800781250003,6.550373958013926
2025-09-11,Richmond,Oklahoma City,Reefer,1547.7,3309.54,3160.2822,149.25777343749996,4.509925048118468
2025-09-11,Indianapolis,Shreveport,Dry Van,558.9,1195.38,1191.5605,3.819453125000109,0.31951790434841715
2025-09-11,Philadelphia,Tampa,Flatbed,1311.3,2679.76,2702.15,22.38990234374978,0.8355189398957287
2025-09-11,Hartford,Amarillo,Dry Van,2157.5,4219.73,4118.104,101.62599609374956,2.408353048506648
2025-09-11,Lexington,Philadelphia,Dry Van,798.7,1606.18,1633.6099,27.429863281249936,1.7077701927087834
2025-09-11,Richmond,Albany,Dry Van,588.6,1217.29,1256.7866,39.496621093750036,3.244635304138704
2025-09-11,Montgomery,Chattanooga,Reefer,343.6,958.52,1015.00745,56.48744628906252,5.893194329702303
2025-09-11,Raleigh,Salt Lake City,Dry Van,2325.6,4241.61,4267.7915,26.181503906250327,0.6172539178814255
2025-09-11,Tucson,Grand Rapids,Dry Van,1989.7,3791.78,3680.5886,111.1913769531252,2.9324321810106384
2025-09-11,Albany,Chattanooga,Reefer,1256.7,2814.93,2752.7258,62.204169921874836,2.2097945569472364
2025-09-11,Phoenix,Atlanta,Dry Van,2122.2,3895.62,3876.8745,18.74548828124989,0.481193963509015
2025-09-11,Phoenix,Louisville,Dry Van,2036.5,3866.67,3837.7131,28.956865234375073,0.7488838001271138
2025-09-11,Tulsa,Atlanta,Dry Van,591.3,1328.04,1337.9535,9.913491210937536,0.7464753479516835
2025-09-11,Hartford,Albuquerque,Reefer,2363.2,5113.28,4890.0674,223.21261718749975,4.365350952568601
2025-09-11,Philadelphia,Fresno,Dry Van,3082.4,5746.04,5745.9224,0.11763671874996362,0.0020472659213991483
2025-09-11,Toledo,Richmond,Flatbed,576.3,1360.11,1296.5367,63.5732568359374,4.674126124794127
2025-09-11,Hartford,Grand Rapids,Reefer,917.1,2140.16,2075.6558,64.50423828124985,3.0139913969633043
2025-09-11,Reno,Kansas City,Reefer,1693.2,3534.88,3427.4873,107.39269531250011,3.0380860259047013
2025-09-11,Greensboro,Indianapolis,Dry Van,454.7,967.48,942.9767,24.503315429687518,2.5326947771207173
2025-09-11,Hartford,Albany,Flatbed,370.3,869.7,821.9598,47.740222167968795,5.489274711736092
2025-09-11,Atlanta,Mobile,Dry Van,284.9,732.91,735.18005,2.270053710937532,0.30973157835716963
2025-09-11,Oklahoma City,Charleston,Dry Van,1280.0,2668.05,2558.9707,109.07929687500018,4.088352799797612
2025-09-11,Atlanta,Jacksonville,Reefer,272.7,770.42,810.90686,40.48686035156254,5.255167356969256
2025-09-11,Shreveport,Louisville,Dry Van,498.0,1172.93,1147.9614,24.968574218750064,2.128735237290381
2025-09-11,Madison,Memphis,Dry Van,518.8,1098.51,1013.3103,85.19969726562499,7.755932787650998
2025-09-11,San Francisco,Shreveport,Dry Van,1950.8,12240.81,3803.3857,8437.4242578125,68.92864326635656
2025-09-11,Memphis,Louisville,Dry Van,215.4,550.71,539.3676,11.342385253906286,2.059593116868458
2025-09-11,Nashville,Jacksonville,Reefer,362.0,993.48,1007.69995,14.219951171874982,1.4313273716506605
2025-09-11,Fort Wayne,Hartford,Flatbed,840.7,1879.68,1810.4839,69.19611328125006,3.6812709227767524
2025-09-11,Little Rock,Philadelphia,Dry Van,1292.9,2545.64,2480.7021,64.93785156249987,2.550944028319003
2025-09-11,Baton Rouge,Oklahoma City,Dry Van,441.5,1010.27,1016.79816,6.528156738281268,0.6461794112743393
2025-09-11,Mobile,Los Angeles,Reefer,2026.7,4331.88,4224.626,107.25402343750011,2.475923235119627
2025-09-11,Mobile,Grand Rapids,Flatbed,967.0,2163.98,2153.5278,10.452167968750018,0.4830066806878999
2025-09-11,Mobile,Albany,Dry Van,1442.6,2695.4,2625.5962,69.80380859375009,2.5897383911015095
2025-09-11,Hartford,Mobile,Flatbed,1229.2,2682.78,2686.564,3.7839648437498,0.14104640871595134
2025-09-11,Lexington,Las Vegas,Dry Van,2044.4,3981.03,3818.9167,162.1132519531252,4.072143439088005
2025-09-11,Milwaukee,Albany,Flatbed,1127.4,2474.47,2402.767,71.7029101562498,2.8977077982860897
2025-09-11,Milwaukee,Greensboro,Reefer,484.8,1212.72,1243.5066,30.786591796874973,2.53863973521299
2025-09-11,Montgomery,Fresno,Dry Van,2283.4,20361.89,4458.9214,15902.96861328125,78.10163306687762
2025-09-11,Fort Wayne,Cincinnati,Flatbed,362.0,899.35,893.0759,6.274072265625023,0.6976229794434895
2025-09-11,Salt Lake City,Reno,Flatbed,521.0,244.05,1287.1061,1043.0560791015625,427.39441880826166
2025-09-11,Syracuse,Tulsa,Dry Van,1358.0,2526.64,2174.2085,352.4315039062499,13.948623622924117
2025-09-11,Kansas City,Hartford,Dry Van,1192.0,2423.17,2382.0771,41.09285156250007,1.6958303198908897
2025-09-11,Fort Wayne,Lubbock,Dry Van,1335.2,2534.0,2474.1008,59.899169921875,2.3638188603739145
2025-09-11,Mobile,Lubbock,Dry Van,845.3,1879.01,1868.4634,10.546621093749991,0.5612860545579849
2025-09-11,Philadelphia,San Francisco,Dry Van,3000.0,5488.25,5415.6035,72.646484375,1.3236730173552589
2025-09-11,Fort Wayne,Mobile,Dry Van,801.8,1711.83,1674.5181,37.31193359374993,2.1796518108544616
2025-09-11,San Antonio,Lexington,Dry Van,1064.7,2250.71,2274.7878,24.077841796874964,1.0697887243081057
2025-09-11,Hartford,El Paso,Dry Van,2439.7,4541.48,4417.1084,124.37160156249956,2.7385698398429494
2025-09-11,Albany,Baton Rouge,Dry Van,1733.3,3295.32,3381.2712,85.95124023437484,2.6082820555932305
2025-09-11,Tucson,Columbia,Dry Van,2025.2,4008.71,3925.288,83.42191406250004,2.081016438268172
2025-09-11,Syracuse,Albany,Dry Van,359.9,780.62,804.3366,23.716608886718745,3.038175922563955
2025-09-11,Montgomery,Chattanooga,Reefer,348.8,963.27,996.43085,33.16084716796877,3.442528799606421
2025-09-11,San Antonio,San Francisco,Flatbed,1658.8,3688.72,3502.7886,185.9314257812498,5.040540506767925
2025-09-11,Montgomery,Shreveport,Reefer,444.6,1139.9,1156.4401,16.54006347656241,1.4510100426846573
2025-09-11,Albany,Raleigh,Dry Van,795.6,1562.41,1567.3479,4.937900390624918,0.3160438291245523
2025-09-11,Nashville,Milwaukee,Reefer,369.7,939.43,943.50616,4.0761645507813,0.43389763481912436
2025-09-11,Washington,Lubbock,Reefer,1698.2,3780.8,3892.2932,111.49321289062482,2.948931784030491
2025-09-11,Reno,Lexington,Dry Van,2178.8,4087.56,4112.7217,25.161679687500055,0.6155672256187078
2025-09-11,Dayton,Oklahoma City,Flatbed,1068.1,2435.69,2471.4949,35.804873046874945,1.4700094448339052
2025-09-11,Providence,Tulsa,Flatbed,1730.8,3586.64,3462.054,124.58604492187487,3.4736144391930854
2025-09-11,Los Angeles,Fort Wayne,Reefer,2240.6,4789.73,4804.151,14.420878906250437,0.30107916116880157
2025-09-11,Nashville,Tucson,Dry Van,1764.6,3313.06,3357.3225,44.262509765625055,1.3360008501392988
2025-09-11,Baton Rouge,Fort Wayne,Flatbed,1018.5,2325.49,2812.1711,486.6811425781252,20.928111605645487
2025-09-11,Lubbock,Montgomery,Dry Van,962.2,2019.28,1973.6957,45.58432128906247,2.2574542059081693
2025-09-11,Reno,Tulsa,Dry Van,1593.3,3086.07,3052.364,33.705986328125164,1.0921977248774384
2025-09-11,Shreveport,Charleston,Dry Van,866.2,1863.61,1875.0072,11.3972021484376,0.6115658398719476
2025-09-11,Memphis,Richmond,Reefer,855.1,1956.54,1891.3679,65.17208007812496,3.3309863370094637
2025-09-11,Lexington,Phoenix,Flatbed,2178.9,4542.1,4033.2786,508.82143554687536,11.20233890814547
2025-09-11,Savannah,Fort Wayne,Reefer,672.7,1690.71,1680.8241,9.885903320312536,0.5847190423143257
2025-09-11,Albuquerque,Hartford,Reefer,2419.5,5069.2,4928.4565,140.74345703124982,2.776443167191072
2025-09-11,Richmond,Tulsa,Reefer,1241.6,2925.33,2912.5,12.829999999999927,0.4385829974737869
2025-09-11,Albany,El Paso,Dry Van,2559.1,4590.57,4540.1978,50.37224609374971,1.097298289618712
2025-09-11,Amarillo,Providence,Reefer,2300.7,4872.62,4738.6133,134.0067187499999,2.7501984302079765
2025-09-11,Fresno,Harrisburg,Dry Van,2675.9,4808.27,4776.178,32.09177734375044,0.6674287705089447
2025-09-11,Columbia,Shreveport,Reefer,635.7,1603.47,1569.1221,34.34792968750003,2.1420999262536893
2025-09-11,Chattanooga,Lexington,Reefer,222.1,643.67,666.8857,23.21568115234379,3.606767621971475
2025-09-11,Albany,Phoenix,Dry Van,3157.1,5816.71,5632.9453,183.76468750000004,3.1592547591335998
2025-09-11,Columbia,Memphis,Dry Van,425.2,979.75,964.0266,15.723388671875,1.6048368126435313
2025-09-11,Kansas City,Shreveport,Dry Van,593.8,1342.92,1297.8206,45.09944335937507,3.358311988753989
2025-09-11,Atlanta,Phoenix,Reefer,2056.9,4292.87,4284.511,8.35876953124989,0.1947128501736575
2025-09-11,Lubbock,Richmond,Dry Van,1700.9,3390.36,3279.7148,110.64515625000013,3.2635223471843737
2025-09-11,Baton Rouge,Tulsa,Dry Van,310.3,820.63,793.6549,26.975092773437495,3.2871199899391317
2025-09-11,Phoenix,Columbia,Dry Van,2286.9,4105.79,4026.0786,79.71138671874996,1.9414384739294985
2025-09-11,New Orleans,Reno,Reefer,1829.6,4006.85,3860.8904,145.9596191406249,3.642752265261363
2025-09-12,Mobile,Baton Rouge,Dry Van,336.1,863.19,842.3237,20.866269531250055,2.417343751810152
2025-09-12,Tucson,Bakersfield,Dry Van,295.9,767.37,745.9835,21.386479492187505,2.786984048397449
2025-09-12,Columbia,Tucson,Dry Van,2064.1,3793.98,3651.6665,142.31349609375002,3.751034430696788
2025-09-12,Oklahoma City,Albany,Dry Van,2052.0,3929.53,3849.222,80.3080761718752,2.043706910797861
2025-09-12,Oklahoma City,El Paso,Reefer,812.7,1980.42,1894.7529,85.66707031250007,4.3257021395714075
2025-09-12,Los Angeles,Austin,Reefer,1212.5,2759.38,2662.6868,96.69323242187511,3.5041651538343794
2025-09-12,Memphis,Charleston,Flatbed,674.8,1625.12,1528.1621,96.95789062499989,5.966198842239336
2025-09-12,Atlanta,Bakersfield,Dry Van,2047.0,4099.71,3765.2937,334.41629882812504,8.157072057002203
2025-09-12,Shreveport,Columbia,Dry Van,634.3,1379.44,1343.9255,35.514462890625055,2.5745565512544983
2025-09-12,Green Bay,Tampa,Dry Van,1310.1,2548.48,2493.9568,54.52321289062502,2.139440485725806
2025-09-12,Bakersfield,Albuquerque,Dry Van,501.6,1158.71,1137.3872,21.322792968750036,1.8402182572645471
2025-09-12,Oklahoma City,Memphis,Dry Van,670.5,1487.45,1543.6604,56.210400390624955,3.7789774708813706
2025-09-12,Mobile,Nashville,Dry Van,309.1,767.78,787.26074,19.480742187500027,2.5372817978457407
2025-09-12,Philadelphia,Fort Wayne,Dry Van,795.6,1667.13,1650.6627,16.46728027343761,0.9877622185095108
2025-09-12,Fresno,Syracuse,Reefer,2805.7,5722.29,5431.988,290.30220703124996,5.073182362852109
2025-09-12,Oklahoma City,Bakersfield,Flatbed,1279.7,2938.6,2892.8792,45.72084960937491,1.5558718304422143
2025-09-12,Los Angeles,Louisville,Reefer,2072.6,4591.1,4371.9243,219.17568359375036,4.773925281386822
2025-09-12,Bakersfield,Grand Rapids,Reefer,2051.1,4100.14,3861.4575,238.68248046875033,5.821325136916064
2025-09-12,Green Bay,Nashville,Reefer,742.3,1824.41,1749.307,75.10299316406258,4.116563336314895
2025-09-12,Grand Rapids,Syracuse,Reefer,594.3,1438.34,1388.59,49.75003417968742,3.458850771005981
2025-09-12,Cincinnati,Baltimore,Dry Van,915.1,1776.7,1767.0441,9.655932617187545,0.5434756918549866
2025-09-12,Charleston,Kansas City,Dry Van,833.7,1791.57,1689.6382,101.93181640624994,5.689524629584663
2025-09-12,Providence,Milwaukee,Dry Van,1182.2,2270.22,2288.0906,17.8705761718752,0.7871737616563682
2025-09-12,Houston,Greensboro,Dry Van,928.9,2023.04,1966.6781,56.361899414062464,2.7860002478479156
2025-09-12,Atlanta,Harrisburg,Flatbed,654.9,1554.3,1441.5532,112.74677734374995,7.2538620178697775
2025-09-12,Las Vegas,Amarillo,Dry Van,765.6,1638.1,1616.8834,21.21657714843741,1.2951942584968812
2025-09-12,Green Bay,San Antonio,Reefer,1394.5,3209.87,3247.9565,38.08654296875011,1.186544718906065
2025-09-12,Providence,Milwaukee,Dry Van,1242.3,2315.18,2317.497,2.3170703125001637,0.10008164861912093
2025-09-12,Amarillo,Grand Rapids,Dry Van,1389.5,2765.1,2674.552,90.54799804687491,3.2746735397227917
2025-09-12,Amarillo,Hartford,Dry Van,2156.3,4187.65,4042.8235,144.82651367187464,3.4584197263829273
2025-09-12,Albany,Bakersfield,Dry Van,2952.2,5413.49,5131.462,282.0280859374998,5.209727660668069
2025-09-12,Lubbock,Kansas City,Dry Van,979.2,2089.53,2088.465,1.0649121093752,0.05096419335329955
2025-09-12,Madison,New Orleans,Dry Van,745.9,1529.14,1486.3538,42.7862402343751,2.7980590550489226
2025-09-12,Fresno,Tulsa,Reefer,1696.5,3547.22,3463.372,83.8479296874998,2.3637645730318337
2025-09-12,Charleston,Washington,Flatbed,442.4,1091.26,1129.9402,38.68018554687501,3.544543513633324
2025-09-12,Lubbock,Hartford,Reefer,2010.8,4639.2,4328.767,310.4329101562498,6.691518153049013
2025-09-12,Fresno,Philadelphia,Dry Van,3013.0,5437.19,5447.824,10.6342187500004,0.19558298955895237
2025-09-12,Syracuse,Phoenix,Dry Van,2706.1,4618.42,4260.8315,357.5884570312501,7.742657814387822
2025-09-12,Oklahoma City,Green Bay,Dry Van,1247.0,2496.84,2324.2617,172.57828125000015,6.911867850963624
2025-09-12,Richmond,Savannah,Dry Van,517.1,1135.31,1226.9425,91.63250488281255,8.071143994399112
2025-09-12,Los Angeles,Memphis,Flatbed,1961.2,4185.43,4021.1274,164.3025585937503,3.9255837176526733
2025-09-12,Reno,Buffalo,Flatbed,2450.1,4591.58,4481.799,109.78117187499993,2.3909236444753206
2025-09-12,Lubbock,Louisville,Reefer,1052.6,2364.33,2371.6265,7.296464843750073,0.3086060255442376
2025-09-12,Atlanta,Boston,Dry Van,1156.1,2225.24,2300.0127,74.77269531250022,3.3602081264268224
2025-09-12,El Paso,Hartford,Dry Van,2574.8,4945.19,4776.274,168.9160742187496,3.4157651014167225
2025-09-12,Columbia,Montgomery,Flatbed,337.1,879.21,909.17834,29.968344726562464,3.4085536705181316
2025-09-12,Atlanta,Bakersfield,Reefer,2027.5,4561.04,4418.196,142.84419921874996,3.1318339505628097
2025-09-12,Hartford,Mobile,Dry Van,1234.1,2543.79,2542.8623,0.9276953124999636,0.03646902112595629
2025-09-12,Amarillo,Albany,Reefer,2276.1,5028.04,4721.977,306.06294921874996,6.087122401944892
2025-09-12,New York,Houston,Reefer,1558.3,3489.82,3348.37,141.44988281250016,4.053214286481829
2025-09-12,Amarillo,Shreveport,Dry Van,833.9,1882.39,1836.9885,45.4014746093751,2.4119058542265472
2025-09-12,Savannah,Green Bay,Dry Van,962.9,1972.59,1912.3138,60.27615722656242,3.0556860384855655
2025-09-12,Milwaukee,Detroit,Reefer,435.6,1106.33,1090.4414,15.888593749999927,1.4361532047399899
2025-09-12,Fort Wayne,Nashville,Reefer,532.0,1328.03,1302.9736,25.056367187499973,1.886732015654765
2025-09-12,Shreveport,Boston,Flatbed,1576.0,3357.98,3233.4448,124.53517578125002,3.708633636330473
2025-09-12,Lubbock,New Orleans,Dry Van,581.3,352.31,1315.3339,963.0238623046876,273.3455940236404
2025-09-12,El Paso,Raleigh,Dry Van,2237.0,4259.95,4328.92,68.96992187500018,1.6190312533010995
2025-09-12,Kansas City,Los Angeles,Flatbed,1930.7,3901.63,3911.1113,9.48132812499989,0.24300941209186652
2025-09-12,New York,Atlanta,Dry Van,895.9,1806.24,1723.094,83.14600585937501,4.603264563921462
2025-09-12,Greensboro,Detroit,Dry Van,637.5,1302.11,1264.4213,37.6887353515624,2.894435596958967
2025-09-12,Jacksonville,Birmingham,Reefer,222.6,659.64,767.67816,108.03816162109376,16.37835207402428
2025-09-12,Hartford,Charleston,Flatbed,674.3,1475.99,1410.4404,65.54957031250001,4.441057887417936
2025-09-12,Grand Rapids,Washington,Flatbed,674.1,1490.26,1386.6167,103.64330078124999,6.954712652909559
2025-09-12,Hartford,Baton Rouge,Flatbed,1526.6,3320.42,3211.8816,108.53840820312507,3.268815637874879
2025-09-12,Albany,Dallas,Flatbed,1701.2,3472.54,2698.9683,773.57173828125,22.276827287266666
2025-09-12,Syracuse,Toledo,Reefer,469.2,1137.73,1153.7681,16.038066406249982,1.4096548747286248
2025-09-12,Tulsa,Fresno,Reefer,1648.2,3696.43,3840.1997,143.76970703125016,3.889420522808498
2025-09-12,San Francisco,Fresno,Dry Van,243.9,577.85,543.4778,34.37221679687502,5.948293985787838
2025-09-12,Oklahoma City,Richmond,Flatbed,1525.8,3239.2,3050.9055,188.29448242187482,5.81299340645452
2025-09-12,El Paso,Columbia,Dry Van,1818.2,3561.78,3433.011,128.7690136718752,3.6152994758765336
2025-09-12,Kansas City,Phoenix,Dry Van,1836.6,3320.48,3497.8567,177.37668945312498,5.341899046316345
2025-09-12,Tucson,Harrisburg,Reefer,2315.7,4697.77,4497.529,200.24119140625044,4.262473288523074
2025-09-12,Little Rock,Atlanta,Flatbed,389.2,1046.21,1069.5327,23.322714843749964,2.2292574955075906
2025-09-12,Fresno,Jacksonville,Flatbed,2349.6,4717.95,4601.745,116.20488281249982,2.4630376077003744
2025-09-12,Tulsa,El Paso,Reefer,1037.8,2420.04,2532.8938,112.85379882812504,4.663303037475622
2025-09-12,Little Rock,Nashville,Dry Van,306.7,763.18,761.517,1.6629711914062,0.2179002583147095
2025-09-12,Detroit,Las Vegas,Dry Van,2091.4,3908.63,3832.7925,75.83751953125011,1.9402583393989739
2025-09-12,Savannah,Kansas City,Flatbed,762.4,1672.54,1540.3921,132.14791015624996,7.9010313748101675
2025-09-12,Tulsa,Memphis,Dry Van,409.6,971.23,985.6748,14.444804687499982,1.4872692037416453
2025-09-12,San Francisco,Syracuse,Dry Van,2883.5,4982.94,4987.829,4.8891015625004,0.09811680579136815
2025-09-12,Green Bay,Mobile,Flatbed,1002.1,2276.71,2108.6611,168.04886718750004,7.381215314532814
2025-09-12,Raleigh,Fort Wayne,Reefer,704.6,461.77,1828.3463,1366.5763134765625,295.9430698132322
2025-09-12,Las Vegas,San Francisco,Dry Van,477.5,1077.4,1133.6609,56.26088867187491,5.221912815284472
2025-09-12,Philadelphia,Providence,Flatbed,295.4,739.46,694.04614,45.413857421875036,6.141489387103431
2025-09-12,Phoenix,Greensboro,Flatbed,2299.5,4373.27,4313.0884,60.18162109375044,1.376124069489202
2025-09-12,Shreveport,Corpus Christi,Reefer,416.1,1141.5,1117.3866,24.1134033203125,2.1124313026992994
2025-09-12,Amarillo,Houston,Dry Van,706.3,1558.84,1512.8546,45.98538574218742,2.9499747082566152
2025-09-12,Toledo,Corpus Christi,Dry Van,1312.1,2644.28,2578.1204,66.1596386718752,2.5019906618011403
2025-09-12,Lubbock,Providence,Dry Van,2135.5,3979.89,3830.5227,149.36729492187487,3.7530508361254924
2025-09-12,Harrisburg,Los Angeles,Dry Van,2641.3,4787.12,4819.8213,32.70128906250011,0.6831098669450548
2025-09-12,Columbia,Tulsa,Reefer,783.7,1811.81,1807.208,4.601992187499945,0.2539997123042673
2025-09-12,Kansas City,Columbia,Dry Van,664.2,1369.82,1352.4304,17.389580078124936,1.2694792073502312
2025-09-12,Salt Lake City,Mobile,Flatbed,1608.7,3467.94,2918.7485,549.19146484375,15.836244711377647
2025-09-12,Lubbock,Amarillo,Dry Van,418.6,1037.14,1044.6515,7.5114892578124,0.7242502707264592
2025-09-12,Baton Rouge,Montgomery,Reefer,477.1,1214.34,1237.3313,22.991298828125082,1.8933164375813267
2025-09-12,Austin,Tucson,Dry Van,971.7,2044.98,2037.9906,6.989399414062518,0.3417832650716642
2025-09-12,Lexington,Montgomery,Dry Van,490.1,1042.66,1021.1282,21.531826171875082,2.0650860464461167
2025-09-12,Memphis,Shreveport,Dry Van,326.3,794.57,758.8978,35.67217285156255,4.489494047291308
2025-09-12,Mobile,Cincinnati,Dry Van,439.6,1026.46,1045.9951,19.535117187499964,1.9031542571069464
2025-09-12,Phoenix,Washington,Reefer,2621.2,5451.58,5306.8364,144.74357421874993,2.6550756701497535
2025-09-12,Fresno,Raleigh,Flatbed,2813.1,5482.58,5255.5303,227.04972656249993,4.1412934523983225
2025-09-12,El Paso,Milwaukee,Dry Van,1556.0,2956.1,2881.8677,74.23232421874991,2.5111574107354255
2025-09-12,Milwaukee,Harrisburg,Dry Van,666.7,1364.46,1223.655,140.80497070312504,10.319464894766064
2025-09-12,Nashville,Chattanooga,Reefer,71.3,247.85,291.40134,43.55133666992188,17.57165086541129
2025-09-12,Montgomery,El Paso,Dry Van,1639.9,14949.25,3186.1157,11763.13427734375,78.68711993808218
2025-09-12,Nashville,Atlanta,Reefer,142.9,447.8,439.72217,8.077832031250011,1.8038928162684258
2025-09-12,Shreveport,Green Bay,Flatbed,1018.3,2262.85,2261.4695,1.380517578124909,0.061007913831005546
2025-09-12,Mobile,Montgomery,Dry Van,179.1,473.51,482.55853,9.048532714843759,1.9109485997853812
2025-09-12,Chattanooga,Hartford,Dry Van,1040.5,2161.89,2107.8474,54.04258789062487,2.499784350296494
2025-09-12,Tulsa,Reno,Dry Van,1589.8,3072.12,3024.895,47.22498046874989,1.5372114523114295
2025-09-12,Philadelphia,San Francisco,Reefer,3190.6,6656.87,6322.2007,334.6693164062499,5.027427550879766
2025-09-12,Albuquerque,Philadelphia,Dry Van,2411.3,4522.94,4522.127,0.8130468749995998,0.017976070321507692
2025-09-12,Baton Rouge,Phoenix,Dry Van,1647.6,3198.8,2748.3186,450.4813964843752,14.082824699399
2025-09-12,Lubbock,Tucson,Reefer,921.7,2312.51,2340.4136,27.90357421874978,1.20663582941262
2025-09-12,Montgomery,Amarillo,Dry Van,1242.4,2666.9,2553.766,113.13388671875009,4.24214956386629
2025-09-12,Greensboro,Louisville,Flatbed,337.7,905.78,927.9425,22.162504882812527,2.4467867343960488
2025-09-12,Nashville,Memphis,Reefer,122.7,406.25,396.45346,9.796539306640625,2.411455829326923
2025-09-12,San Antonio,Jacksonville,Flatbed,994.1,2386.95,2360.4502,26.499804687499818,1.1101952151280847
2025-09-12,San Antonio,Albuquerque,Reefer,923.0,2234.94,2278.9597,44.019716796874945,1.969615148365278
2025-09-12,Bakersfield,Jacksonville,Dry Van,2121.8,4093.95,3836.198,257.7520019531248,6.29592452162642
2025-09-12,Madison,Fort Wayne,Reefer,300.9,828.81,670.8013,158.00873046874995,19.064529924681164
2025-09-12,Amarillo,Nashville,Dry Van,1124.5,2263.03,2239.1492,23.8808300781252,1.0552591029780958
2025-09-12,Louisville,Atlanta,Dry Van,237.0,598.68,593.68335,4.99665039062495,0.8346112097656427
2025-09-12,Buffalo,Tampa,Flatbed,1223.6,2710.46,2552.6726,157.78739257812504,5.821424871723805
2025-09-12,Los Angeles,Grand Rapids,Dry Van,2286.2,4232.89,4387.583,154.69300781249967,3.6545482592862006
2025-09-12,Philadelphia,Memphis,Dry Van,1110.1,2243.11,2265.6062,22.496201171874873,1.0029022728209884
2025-09-12,New York,Bakersfield,Reefer,2727.3,5715.39,5561.952,153.43785156250033,2.684643594969028
2025-09-12,Nashville,Greensboro,Dry Van,373.0,866.51,823.8888,42.62120605468749,4.918720621191619
2025-09-12,Buffalo,Richmond,Reefer,329.8,853.76,861.9201,8.160104980468759,0.9557844101935858
2025-09-12,Lexington,Detroit,Dry Van,525.3,1085.75,1092.813,7.06298828125,0.6505169957402717
2025-09-12,Madison,Tampa,Dry Van,1072.6,2089.87,2205.113,115.24303710937511,5.514363913036462
2025-09-12,Grand Rapids,Chattanooga,Dry Van,677.5,1467.17,1378.7284,88.44160644531257,6.02804081635479
2025-09-12,Amarillo,Fresno,Dry Van,1076.3,2314.16,2350.9465,36.786533203125146,1.5896279083177114
2025-09-12,Dayton,Richmond,Dry Van,578.1,1235.15,1198.8142,36.33579101562509,2.9418120079039056
2025-09-12,Mobile,Hartford,Reefer,1214.5,2838.17,2703.932,134.23811523437507,4.729741884185058
2025-09-12,Milwaukee,Memphis,Reefer,358.3,956.43,998.1355,41.70549804687505,4.360538465635233
2025-09-12,Green Bay,Syracuse,Dry Van,650.6,1326.12,1454.2427,128.1226757812501,9.661469232139634
2025-09-12,Montgomery,Baltimore,Dry Van,1056.4,2133.45,2063.6306,69.81938476562482,3.2726046903196617
2025-09-12,Nashville,Memphis,Reefer,123.8,377.23,427.57584,50.34583618164061,13.346190966158739
2025-09-12,Tucson,Syracuse,Flatbed,2556.1,5109.12,5015.3184,93.80164062499989,1.8359647184838073
2025-09-12,Richmond,Green Bay,Flatbed,804.9,1660.54,1544.3146,116.22542480468746,6.999254748737608
2025-09-12,Oklahoma City,Charleston,Dry Van,1281.9,2562.34,2492.2573,70.08267578125015,2.7351044662788757
2025-09-12,El Paso,Raleigh,Dry Van,2168.7,4194.09,4082.597,111.49307617187515,2.658337712635521
2025-09-12,Raleigh,Madison,Reefer,946.3,2122.65,2097.8115,24.83847656250009,1.1701635485124768
2025-09-12,Tampa,Oklahoma City,Dry Van,882.0,1989.84,1877.6077,112.23233398437492,5.640269267095592
2025-09-12,Milwaukee,New Orleans,Dry Van,631.6,1352.36,1354.4539,2.0938574218751,0.1548298841931956
2025-09-12,Oklahoma City,Buffalo,Reefer,1512.7,3269.05,3394.4507,125.40068359374982,3.835997723918258
2025-09-12,Kansas City,Shreveport,Dry Van,581.6,1384.88,1335.4263,49.45373046875011,3.570975858467889
2025-09-12,El Paso,Reno,Reefer,771.5,1760.79,1816.2372,55.447182617187536,3.1489946340669555
2025-09-12,Atlanta,Albany,Dry Van,1181.2,2275.58,2291.1992,15.619218750000073,0.6863840757081743
2025-09-12,Fort Wayne,Richmond,Dry Van,617.3,1365.44,1226.6866,138.75335449218755,10.16180531493054
2025-09-12,Buffalo,New York,Reefer,352.0,870.24,895.7611,25.52110839843749,2.932651728079322
2025-09-12,Indianapolis,San Francisco,Dry Van,2122.0,4070.73,4048.4927,22.237324218750018,0.5462736221451685
2025-09-12,Tampa,Kansas City,Reefer,945.1,2270.2,2292.0586,21.858593750000182,0.9628488128799305
2025-09-12,New York,Houston,Dry Van,1543.5,2926.04,2859.0647,66.97530273437496,2.288940094269899
2025-09-12,Syracuse,Tampa,Flatbed,1351.2,2770.25,2699.0312,71.21875,2.5708419817705983
2025-09-12,Cincinnati,Shreveport,Dry Van,545.0,1254.79,1235.5093,19.280722656249964,1.5365696774958333
2025-09-12,Phoenix,Oklahoma City,Flatbed,1217.4,2776.29,2665.2917,110.99825195312496,3.9980784411255654
2025-09-12,Corpus Christi,Columbia,Flatbed,979.9,2124.53,2184.3083,59.7783496093748,2.813721134056699
2025-09-12,Houston,Atlanta,Dry Van,685.0,1496.82,1457.2247,39.595268554687436,2.6452925906045777
2025-09-12,Louisville,Savannah,Dry Van,465.7,1110.55,1086.7365,23.813549804687455,2.1443023551112024
2025-09-13,Reno,New York,Reefer,2688.4,5032.44,4921.208,111.2319921874996,2.2102994211058573
2025-09-13,Greensboro,Washington,Flatbed,464.0,1156.27,1151.9392,4.330791015624982,0.3745484199732746
2025-09-13,Boston,Shreveport,Flatbed,1615.9,3594.44,3360.5332,233.90679687500005,6.507461436969321
2025-09-13,Washington,San Francisco,Dry Van,2923.1,5024.42,5064.8984,40.47843749999993,0.805634033380966
2025-09-13,Mobile,Tucson,Dry Van,1690.3,3518.99,3287.9475,231.04249023437478,6.565590985890121
2025-09-13,Lexington,Green Bay,Dry Van,630.6,1308.11,1361.3197,53.2097021484376,4.067677958920703
2025-09-13,Shreveport,Richmond,Reefer,1144.9,2641.06,2538.5186,102.54144531249995,3.8825867383739845
2025-09-13,Corpus Christi,Lexington,Dry Van,997.4,2047.73,2042.2195,5.510517578125018,0.26910371866042
2025-09-13,Nashville,Baton Rouge,Dry Van,499.5,1098.51,1086.2744,12.235585937499991,1.1138347340943635
2025-09-13,Boston,Lexington,Reefer,997.5,2165.4,2209.7466,44.34658203124991,2.0479625949593565
2025-09-13,Richmond,Baltimore,Dry Van,267.1,642.34,560.5862,81.75381835937503,12.727499199703432
2025-09-13,Chattanooga,Philadelphia,Reefer,981.0,2312.59,2293.7976,18.792392578125146,0.8126123773831567
2025-09-13,Austin,Harrisburg,Dry Van,1645.1,3300.38,3241.654,58.72594726562511,1.7793692624978066
2025-09-13,Mobile,Fresno,Dry Van,2107.6,4012.45,3894.1948,118.25517578124982,2.947206215186478
2025-09-13,Columbia,Tucson,Dry Van,2036.2,3842.18,3696.9617,145.21833007812484,3.779581645787674
2025-09-13,El Paso,Savannah,Reefer,1835.8,4067.4,4123.0684,55.66835937499991,1.3686472777449945
2025-09-13,Hartford,Lexington,Reefer,819.9,1871.23,1829.8254,41.40456054687502,2.2126922156482642
2025-09-13,Atlanta,Madison,Dry Van,602.5,1345.09,1296.6307,48.45926269531242,3.602678088106552
2025-09-13,Tucson,Corpus Christi,Dry Van,1225.8,2379.95,2524.1348,144.18476562500018,6.058310705056837
2025-09-13,Baton Rouge,Albany,Dry Van,1729.6,3234.86,3387.554,152.69395507812487,4.720264712479825
2025-09-13,San Antonio,Boston,Dry Van,2034.4,3888.05,3493.7148,394.3351562500002,10.142234699913843
2025-09-13,San Francisco,Baltimore,Dry Van,3238.9,5546.62,5588.1367,41.51671875000011,0.748504832672873
2025-09-13,Chattanooga,Kansas City,Reefer,429.4,1170.83,927.37305,243.45695312499993,20.793535622165468
2025-09-13,Corpus Christi,Oklahoma City,Dry Van,335.5,827.34,748.3634,78.97659667968753,9.54584532111194
2025-09-13,Greensboro,Grand Rapids,Dry Van,669.1,1401.93,1274.5237,127.40631835937506,9.087922960445605
2025-09-13,San Antonio,Los Angeles,Dry Van,1317.4,2614.48,2547.7869,66.69313476562502,2.550913939507092
2025-09-13,Greensboro,Toledo,Reefer,502.6,1219.14,1270.3077,51.1677392578124,4.1970355543918165
2025-09-13,San Antonio,Fresno,Reefer,1520.3,3280.39,3206.105,74.28501953124987,2.264517924126396
2025-09-13,Memphis,Raleigh,Dry Van,800.0,1654.89,1689.0763,34.1862939453124,2.065774398619389
2025-09-13,Syracuse,Albuquerque,Dry Van,2115.6,3701.25,3535.9043,165.345703125,4.467293566362715
2025-09-13,Bakersfield,Cincinnati,Reefer,1948.6,4009.05,3822.5652,186.48481445312518,4.651596125095102
2025-09-13,Albany,Mobile,Flatbed,1423.8,3045.39,3000.663,44.72691406249987,1.4686760665300627
2025-09-13,Columbia,Albany,Reefer,1043.5,2354.32,2318.3262,35.993828125000164,1.5288417940212105
2025-09-13,Atlanta,Dayton,Flatbed,426.9,1044.62,1031.9298,12.69019042968739,1.214814040482414
2025-09-13,Chattanooga,Los Angeles,Reefer,2033.5,4472.56,4305.915,166.6449609375004,3.725941316326676
2025-09-13,Albuquerque,Jacksonville,Flatbed,1691.2,3543.62,3442.2556,101.36438476562489,2.8604755804974826
2025-09-13,Phoenix,Salt Lake City,Dry Van,563.6,1172.55,1203.5135,30.963549804687545,2.640701872388175
2025-09-13,Birmingham,Jacksonville,Dry Van,212.7,522.39,517.53973,4.850266113281236,0.9284760644884543
2025-09-13,Madison,Louisville,Flatbed,380.4,946.45,881.7348,64.7151977539063,6.837677400169717
2025-09-13,Fort Wayne,Atlanta,Reefer,523.0,1287.81,1172.447,115.36297851562495,8.958074445424787
2025-09-13,Columbia,Albany,Reefer,1132.2,2479.11,2417.375,61.73500000000013,2.4902081795483104
2025-09-13,Kansas City,Atlanta,Dry Van,495.0,1079.36,1032.8695,46.4904931640624,4.307227724212719
2025-09-13,Milwaukee,Hartford,Dry Van,1031.4,2108.65,1918.4701,190.1799072265626,9.019036218744816
2025-09-13,Montgomery,Greensboro,Reefer,466.7,1228.34,1233.5303,5.190273437500082,0.4225437124493286
2025-09-13,Columbia,Baltimore,Flatbed,732.9,1651.44,1588.0067,63.433286132812555,3.8410893603650487
2025-09-13,Oklahoma City,Phoenix,Reefer,1262.9,2785.71,2572.9785,212.73148437500004,7.636526572220369
2025-09-13,Louisville,Mobile,Dry Van,458.7,1009.66,985.0013,24.658718261718718,2.4422794070992926
2025-09-13,Kansas City,Philadelphia,Dry Van,1116.4,2166.72,2158.2393,8.4807421874998,0.3914092355034246
2025-09-13,Chattanooga,Lubbock,Dry Van,965.5,2058.77,1991.9279,66.84214355468748,3.2467028155008806
2025-09-13,New Orleans,Reno,Dry Van,1846.8,3388.79,3297.2417,91.54830078124996,2.701504099730286
2025-09-13,Phoenix,Shreveport,Reefer,1639.1,3731.04,3483.0295,248.01045898437496,6.64722058687055
2025-09-13,Amarillo,Lexington,Dry Van,1317.6,2474.14,2474.7205,0.5804589843751273,0.023461040376661278
2025-09-13,Lexington,Phoenix,Dry Van,2191.1,3947.05,3626.3325,320.7174804687502,8.125498295404167
2025-09-13,Reno,Cincinnati,Dry Van,1993.3,3475.62,3380.5005,95.11951171874989,2.7367638498670708
2025-09-13,Toledo,San Antonio,Dry Van,1347.9,2662.84,2664.6804,1.8404199218748545,0.06911492699053846
2025-09-13,Montgomery,Phoenix,Dry Van,2055.0,3904.05,3752.5068,151.54316406250018,3.8816911684660846
2025-09-13,Shreveport,Lubbock,Dry Van,580.5,1296.1,1220.5972,75.50283203124991,5.82538631519558
2025-09-13,San Francisco,Syracuse,Dry Van,2833.7,5031.51,5025.9834,5.526601562500218,0.10983982069995325
2025-09-13,San Antonio,Reno,Dry Van,1520.9,3090.11,2941.1167,148.99330078125013,4.821618025935974
2025-09-13,Nashville,Cincinnati,Dry Van,183.8,463.47,467.3506,3.8805859374999727,0.8372895629706287
2025-09-13,Houston,Richmond,Dry Van,1311.4,2545.48,2518.2837,27.196308593750018,1.0684157248829305
2025-09-13,Fort Wayne,Little Rock,Flatbed,728.2,1686.2,1619.8857,66.31425781250005,3.9327634807555474
2025-09-13,Grand Rapids,Atlanta,Dry Van,695.4,1454.96,1409.0258,45.934243164062536,3.157079449886082
2025-09-13,Bakersfield,Washington,Dry Van,2530.0,4695.81,4587.2695,108.5404687500004,2.311432292831277
2025-09-13,Baton Rouge,Hartford,Dry Van,1533.4,2958.37,2955.309,3.060917968749891,0.10346636724783889
2025-09-13,Birmingham,Oklahoma City,Dry Van,798.2,1734.08,1723.2888,10.791181640624927,0.6223001038374774
2025-09-13,Grand Rapids,Nashville,Flatbed,685.5,1585.84,1542.7767,43.06326660156242,2.7154862156057624
2025-09-13,Fort Wayne,Dallas,Flatbed,999.6,2357.09,2242.7668,114.32315429687515,4.850181974251095
2025-09-13,New Orleans,Jacksonville,Dry Van,538.5,1203.48,1201.126,2.354023437500018,0.19560137580184284
2025-09-13,Los Angeles,Grand Rapids,Dry Van,2316.5,4194.59,4398.369,203.77914062499985,4.858142050236134
2025-09-13,Buffalo,Kansas City,Reefer,791.8,1836.72,1732.3436,104.37637207031253,5.682759052567214
2025-09-13,Lexington,Harrisburg,Dry Van,502.6,1044.71,1032.2781,12.431923828125036,1.1899880185051388
2025-09-13,Fort Wayne,Shreveport,Reefer,849.9,1951.01,1883.2543,67.75572753906249,3.472853934068123
2025-09-13,Fort Wayne,Atlanta,Reefer,539.0,1304.13,1233.681,70.44896972656261,5.401989811334959
2025-09-13,Lubbock,Chattanooga,Flatbed,965.8,2187.52,2090.6133,96.90671874999998,4.429980925888676
2025-09-13,Atlanta,Columbia,Reefer,202.0,615.98,638.0004,22.020427246093732,3.5748607497148823
2025-09-13,Baltimore,Phoenix,Dry Van,3031.6,5455.82,5446.546,9.274101562499709,0.1699854753730825
2025-09-13,New Orleans,Baltimore,Flatbed,1393.9,3089.77,3170.4163,80.64625976562502,2.610105598980669
2025-09-13,Albany,Kansas City,Dry Van,1304.9,2391.71,2405.8777,14.167685546874964,0.5923663632662389
2025-09-13,Boston,Amarillo,Flatbed,2296.9,4738.84,3979.6516,759.1883886718751,16.020553314141754
2025-09-13,Atlanta,Chattanooga,Dry Van,87.9,255.06,256.58066,1.5206579589843727,0.596196173051193
2025-09-13,Austin,El Paso,Dry Van,832.8,1799.91,1807.1493,7.239291992187418,0.4022029986047868
2025-09-13,Mobile,Los Angeles,Reefer,1977.9,4376.14,4144.421,231.71910156250033,5.295056866610764
2025-09-13,Richmond,Grand Rapids,Reefer,720.9,1688.51,1711.483,22.97303222656251,1.3605505579808534
2025-09-13,Shreveport,Buffalo,Dry Van,1115.7,2187.93,2196.7356,8.805595703125164,0.40246240524720467
2025-09-13,Jacksonville,Salt Lake City,Dry Van,1922.6,3475.74,3446.3066,29.43335937499978,0.8468228168677687
2025-09-13,Greensboro,Hartford,Flatbed,744.9,1608.67,1486.7339,121.93611328125007,7.579933316419779
2025-09-13,Nashville,Cincinnati,Flatbed,186.2,552.07,540.93964,11.1303637695313,2.016114581399333
2025-09-13,Shreveport,Tucson,Dry Van,1443.1,2883.87,2935.6462,51.77624023437511,1.7953735859929578
2025-09-13,Atlanta,San Antonio,Flatbed,948.4,2079.12,1872.2273,206.8927050781249,9.950974694973109
2025-09-13,Atlanta,Tulsa,Dry Van,578.0,1328.98,1296.4686,32.51137207031252,2.44634020604618
2025-09-13,New Orleans,Amarillo,Flatbed,842.7,2066.4,2070.8508,4.450830078124909,0.21539053804321084
2025-09-13,Baton Rouge,Albuquerque,Reefer,1208.1,2886.97,2853.5088,33.4612109374998,1.1590425580279602
2025-09-13,Toledo,Shreveport,Dry Van,933.8,1878.13,1872.7687,5.361323242187609,0.2854607105039379
2025-09-13,Albany,Columbia,Dry Van,1035.1,1906.74,2025.0289,118.28893066406249,6.203726290111
2025-09-13,Richmond,Atlanta,Reefer,677.7,1632.62,1569.0607,63.55933105468739,3.8930878621288114
2025-09-13,San Antonio,Fort Wayne,Dry Van,1303.9,2622.33,2513.1174,109.21256835937493,4.164714904660166
2025-09-13,Birmingham,Fresno,Dry Van,2228.9,4250.53,4303.9355,53.405546875000255,1.2564444169315416
2025-09-13,Shreveport,Lexington,Dry Van,604.0,1417.05,1357.5087,59.541333007812455,4.20178067166384
2025-09-13,Raleigh,New Orleans,Dry Van,1056.3,2092.12,2040.2202,51.89978515624989,2.4807269734169117
2025-09-13,Mobile,Atlanta,Dry Van,302.1,719.31,706.2608,13.049196777343695,1.8141269796532367
2025-09-13,Kansas City,Cincinnati,Flatbed,347.6,863.27,861.43964,1.8303637695312318,0.21202680152573725
2025-09-13,Tulsa,Green Bay,Dry Van,958.3,1933.73,1921.3417,12.388325195312518,0.640643998661267
2025-09-13,Nashville,Buffalo,Dry Van,789.7,1571.83,1522.1315,49.69853027343743,3.1618260418389665
2025-09-13,Tulsa,Indianapolis,Dry Van,609.6,1271.19,1303.7019,32.511904296874945,2.557595976752094
2025-09-13,Atlanta,Baltimore,Dry Van,931.6,1900.04,1916.5308,16.490761718750036,0.867916555375152
2025-09-13,Boston,Corpus Christi,Reefer,1932.3,3954.63,3968.2678,13.63782226562489,0.34485709827783867
2025-09-13,Amarillo,Fort Wayne,Dry Van,1378.0,2561.78,2616.172,54.3921191406248,2.123215855406194
2025-09-13,Fresno,New York,Reefer,2983.6,5851.44,5364.7554,486.6846289062496,8.31734801871419
2025-09-13,Green Bay,Jacksonville,Dry Van,1019.1,1960.67,2022.0912,61.42118652343743,3.132663146956776
2025-09-13,Dallas,Bakersfield,Dry Van,1513.8,2971.31,2882.294,89.01605468749995,2.9958521556989997
2025-09-13,New York,Fresno,Dry Van,3033.7,5391.91,5304.443,87.46712890624985,1.6221919302482766
2025-09-13,Syracuse,Albuquerque,Flatbed,2089.9,4266.21,4091.494,174.71610351562504,4.095347006256725
2025-09-13,Mobile,New York,Reefer,1180.9,2520.81,2532.0083,11.198300781250055,0.44423422555647013
2025-09-13,Fresno,Corpus Christi,Dry Van,1655.1,3124.48,2989.6365,134.84352539062502,4.315710946801548
2025-09-13,Lubbock,Tampa,Dry Van,915.4,1878.81,1866.7714,12.038637695312445,0.6407586554953638
2025-09-13,Lexington,Dayton,Dry Van,244.1,585.46,601.99384,16.533835449218714,2.8240760170154604
2025-09-13,Albany,Kansas City,Dry Van,1272.2,2333.85,2349.961,16.11093750000009,0.6903158943376864
2025-09-13,Green Bay,Shreveport,Dry Van,1005.9,2162.01,2149.8489,12.161123046875218,0.5624915262591392
2025-09-13,Phoenix,Tucson,Reefer,276.0,780.38,788.0764,7.6964160156250045,0.9862395263365289
2025-09-13,Corpus Christi,Atlanta,Flatbed,841.4,2027.02,2107.1123,80.09230468750002,3.95123406219475
2025-09-13,Milwaukee,Amarillo,Dry Van,1184.1,2341.29,2362.1929,20.902871093750036,0.8927929087703803
2025-09-13,Baton Rouge,Albuquerque,Dry Van,1218.5,2582.43,2495.1396,87.29035156249984,3.380163317592339
2025-09-13,El Paso,Syracuse,Dry Van,2266.7,4209.28,4088.6067,120.67331054687475,2.866839710042448
2025-09-13,Bakersfield,Providence,Dry Van,3011.3,5482.81,5470.392,12.4179101562504,0.2264880628044816
2025-09-13,Grand Rapids,Lexington,Reefer,539.4,1292.29,1262.1611,30.128867187499964,2.331432355547127
2025-09-13,Amarillo,Atlanta,Dry Van,1199.2,2350.57,2359.5552,8.985175781249836,0.3822551883691971
2025-09-13,Amarillo,Shreveport,Dry Van,812.9,1693.84,1734.091,40.25094238281258,2.376313133637922
2025-09-13,Fresno,Austin,Dry Van,1415.7,2750.57,2761.1975,10.627509765624836,0.38637481560639564
2025-09-13,Lexington,Lubbock,Dry Van,1163.0,2500.8,2435.8953,64.90473632812518,2.5953589382647624
2025-09-13,Grand Rapids,Dayton,Dry Van,292.9,679.62,658.3999,21.220097656250005,3.1223474377225515
2025-09-13,Tampa,Houston,Dry Van,595.7,1405.66,1385.3483,20.311733398437582,1.444996186733462
2025-09-13,El Paso,New Orleans,Flatbed,1254.9,2735.13,2845.0618,109.93176757812489,4.019252012815657
2025-09-13,Fresno,Nashville,Reefer,2107.4,4475.25,4428.4614,46.78857421875,1.0454963235294117
2025-09-13,Cincinnati,Toledo,Dry Van,433.5,900.01,884.60675,15.403249511718741,1.7114531518226177
2025-09-13,Birmingham,Fort Wayne,Reefer,659.3,1601.14,1529.9036,71.2364355468751,4.449107232776341
2025-09-13,Baltimore,Baton Rouge,Dry Van,1461.1,2754.85,2737.2893,17.56069335937491,0.6374464438853262
2025-09-13,Austin,Corpus Christi,Dry Van,286.9,698.07,603.86426,94.20574218750005,13.49517128475655
2025-09-13,New York,Richmond,Dry Van,261.7,586.07,565.25287,20.8171313476563,3.551987193962547
2025-09-13,Mobile,New Orleans,Flatbed,291.3,804.41,832.03503,27.625034179687532,3.4341982545825553
2025-09-13,Savannah,Mobile,Dry Van,445.3,1061.76,1023.9844,37.77562499999999,3.5578308657323676
2025-09-13,Salt Lake City,Fort Wayne,Dry Van,1832.4,3432.15,3421.0098,11.140234375000091,0.3245847173054817
2025-09-13,Greensboro,Montgomery,Flatbed,463.9,1152.91,1180.0443,27.134311523437418,2.353549845472536
2025-09-13,Charleston,Amarillo,Flatbed,1601.4,3445.34,3310.0022,135.33780273437515,3.9281406982874008
2025-09-13,Charleston,Los Angeles,Dry Van,2602.0,4873.57,4883.206,9.636054687500291,0.19772065831618899
2025-09-13,Phoenix,New Orleans,Reefer,1671.1,3772.59,3756.4429,16.147128906250146,0.4280117613165
2025-09-13,Boston,Grand Rapids,Dry Van,1080.9,2065.79,2073.6504,7.860390625000036,0.38050288872538046
2025-09-13,Cincinnati,St. Louis,Dry Van,230.4,608.99,579.46643,29.52356933593751,4.847956343443654
2025-09-13,Baton Rouge,Albuquerque,Dry Van,1233.6,2507.83,2519.2556,11.425615234375073,0.4555976774492319
2025-09-13,Memphis,Las Vegas,Dry Van,1647.7,3101.53,3119.1196,17.5896289062498,0.5671274792199269
2025-09-13,San Antonio,Amarillo,Reefer,519.2,1398.57,1397.7607,0.8092578124999363,0.05786323262331784
2025-09-13,Buffalo,Mobile,Dry Van,1039.3,2085.72,2074.8508,10.8691699218748,0.5211231575606889
2025-09-13,Montgomery,Richmond,Reefer,845.7,1932.61,1940.8295,8.2194677734376,0.4253040071942916
2025-09-13,Tampa,Los Angeles,Dry Van,2120.1,3847.17,3620.7708,226.39924804687507,5.884825678274551
2025-09-13,Baltimore,Nashville,Dry Van,1032.6,2083.05,1977.8469,105.20307617187518,5.0504345153440955
2025-09-13,El Paso,Syracuse,Dry Van,2238.8,3883.47,3722.7039,160.7661425781248,4.1397549763001855
2025-09-13,Memphis,Cincinnati,Dry Van,232.9,590.85,613.3332,22.483190917968727,3.8052282166317557
2025-09-13,Lubbock,Mobile,Dry Van,840.6,1809.43,1827.3801,17.950126953124936,0.9920321290751748
2025-09-13,Houston,Chattanooga,Dry Van,641.3,1466.23,1436.4165,29.813496093750018,2.033343751918186
2025-09-13,Philadelphia,Las Vegas,Dry Van,2784.1,4734.69,4586.504,148.1860937499996,3.129795060500257
2025-09-13,Los Angeles,Raleigh,Reefer,2738.1,5571.21,5564.77,6.439980468750036,0.11559392786755546
2025-09-13,Indianapolis,Richmond,Dry Van,778.5,1483.49,1398.1583,85.33167480468751,5.75208965376831
2025-09-13,San Francisco,Atlanta,Dry Van,2316.0,4169.76,4453.833,284.0730078124998,6.8126944431454035
2025-09-14,Montgomery,Bakersfield,Reefer,2087.6,4597.16,4319.672,277.48812499999985,6.036077165032321
2025-09-14,Charleston,Richmond,Dry Van,387.2,834.73,930.1892,95.45920898437498,11.43593844529069
2025-09-14,Charleston,El Paso,Reefer,2008.6,3989.26,4040.6685,51.40845703124978,1.288671508782325
2025-09-14,Baltimore,Amarillo,Dry Van,2128.6,4060.39,3999.609,60.78111328124987,1.4969279621230935
2025-09-14,Kansas City,Chattanooga,Reefer,437.2,1175.58,1163.8633,11.716718749999927,0.9966755771619054
2025-09-14,Corpus Christi,Boston,Dry Van,1971.1,3964.42,3760.2146,204.20540039062507,5.150952734337559
2025-09-14,Little Rock,Fresno,Dry Van,1839.5,3539.25,3456.2363,83.013671875,2.34551591085682
2025-09-14,Jacksonville,Harrisburg,Dry Van,762.7,1590.9,1552.9332,37.96677246093759,2.38649647752452
2025-09-14,Lubbock,Indianapolis,Reefer,1000.7,2372.35,2308.6926,63.65737304687491,2.6833044469355243
2025-09-14,Baton Rouge,San Francisco,Flatbed,2052.6,4168.59,3980.388,188.20206054687515,4.5147654373991
2025-09-14,Tucson,Los Angeles,Reefer,329.4,872.33,934.4652,62.13520996093746,7.122901878983578
2025-09-14,Amarillo,Corpus Christi,Flatbed,726.7,1805.4,1761.2104,44.18955078125009,2.447632146961897
2025-09-14,Kansas City,Tucson,Dry Van,1644.8,3184.99,2831.0315,353.9585058593748,11.113331779985959
2025-09-14,Oklahoma City,Los Angeles,Dry Van,1286.8,2393.93,2413.5598,19.629814453125164,0.8199828087339714
2025-09-14,Tucson,Montgomery,Dry Van,1840.2,3498.42,3537.48,39.05998046874993,1.116503463527819
2025-09-14,Columbia,Buffalo,Dry Van,672.3,1421.64,1387.401,34.2389990234376,2.4084155639569507
2025-09-14,Albuquerque,San Antonio,Reefer,896.0,2119.94,1982.5033,137.43670410156255,6.483046883476068
2025-09-14,Fresno,Boston,Dry Van,3267.0,5663.09,5577.5713,85.51871093750015,1.5101068663485862
2025-09-14,Little Rock,Birmingham,Dry Van,386.2,872.19,854.4127,17.777280273437555,2.0382348196422284
2025-09-14,Lexington,Lubbock,Dry Van,1185.0,2379.3,2353.7676,25.532421875000182,1.0731064546295204
2025-09-14,Oklahoma City,Madison,Dry Van,967.3,1978.44,1864.919,113.52105468750005,5.737907375887065
2025-09-14,Austin,Amarillo,Dry Van,446.3,1041.46,1030.2664,11.193642578125036,1.0748029284009981
2025-09-14,Fort Wayne,Lubbock,Dry Van,1348.5,2637.86,2634.0337,3.8263085937501273,0.14505351283806295
2025-09-14,Grand Rapids,Washington,Reefer,686.4,1581.62,1547.5875,34.03247558593739,2.1517479284491468
2025-09-14,Lubbock,Montgomery,Flatbed,971.6,2171.01,2075.952,95.05809570312522,4.378519477253684
2025-09-14,El Paso,Mobile,Flatbed,1494.3,3184.5,3224.3672,39.8671875,1.2519135657089024
2025-09-14,El Paso,Baltimore,Dry Van,2390.9,4227.95,4128.236,99.71416015624982,2.3584517356224604
2025-09-14,Syracuse,Hartford,Reefer,392.0,935.55,930.7471,4.8029296874999545,0.5133803310886597
2025-09-14,Savannah,Fort Wayne,Dry Van,658.5,1426.71,1350.965,75.74503417968754,5.309070110932672
2025-09-14,Albuquerque,Tucson,Flatbed,462.4,1196.62,1192.613,4.006962890624891,0.33485675407605514
2025-09-14,Boston,Albany,Flatbed,390.1,947.92,963.9369,16.01688964843754,1.6896879112622947
2025-09-14,Fresno,Harrisburg,Dry Van,2728.9,4848.77,4869.6143,20.844257812499563,0.4298875346221735
2025-09-14,Fresno,Oklahoma City,Reefer,1409.2,3257.67,3267.5261,9.856123046874927,0.30255130344310277
2025-09-14,Birmingham,Grand Rapids,Reefer,798.3,1827.95,1848.599,20.648999023437455,1.1296260304405181
2025-09-14,Phoenix,Los Angeles,Flatbed,71.3,211.07,262.1272,51.05719726562501,24.189698804010522
2025-09-14,Kansas City,Jacksonville,Reefer,739.7,1751.84,1766.9294,15.089443359375082,0.8613482600794069
2025-09-14,Baltimore,Montgomery,Flatbed,1049.7,2328.71,2277.0232,51.686806640625036,2.219546729331906
2025-09-14,Oklahoma City,Phoenix,Reefer,1233.3,2739.57,2443.411,296.15911132812516,10.810423217078782
2025-09-14,Hartford,Raleigh,Dry Van,484.5,1036.14,1059.0093,22.8692773437499,2.2071609380730304
2025-09-14,Mobile,Tucson,Dry Van,1691.9,3452.05,3285.0442,167.00581054687518,4.837873453364672
2025-09-14,Toledo,Harrisburg,Flatbed,449.4,1072.22,1068.2368,3.9831835937500273,0.37148939525004454
2025-09-14,Syracuse,Montgomery,Flatbed,1117.7,2411.77,2395.149,16.621074218749982,0.6891649791957767
2025-09-14,Bakersfield,Washington,Flatbed,2576.3,4941.5,4898.4565,43.04345703125,0.8710605490488719
2025-09-14,Cincinnati,Memphis,Reefer,236.4,701.85,697.0383,4.811669921875023,0.6855695550153199
2025-09-14,Las Vegas,Philadelphia,Dry Van,2806.7,5079.33,5051.736,27.594160156249927,0.543263779991651
2025-09-14,Albany,Tucson,Flatbed,2781.0,5218.28,4994.8086,223.47140624999975,4.282472505308258
2025-09-14,Salt Lake City,New York,Dry Van,2511.2,4267.23,4151.044,116.18605468749956,2.722751168498055
2025-09-14,San Antonio,Fort Wayne,Flatbed,1300.2,2904.58,2634.7375,269.8424511718749,9.290239937336032
2025-09-14,Mobile,Phoenix,Dry Van,1935.3,3822.07,3745.2866,76.78337890625016,2.008947478885791
2025-09-14,Fort Wayne,Baton Rouge,Reefer,1012.4,2365.37,2297.0686,68.30139648437489,2.8875565549734246
2025-09-14,Indianapolis,Hartford,Flatbed,1034.9,2315.08,2227.8115,87.26847656249993,3.7695663459794013
2025-09-14,Dayton,Montgomery,Reefer,718.1,1752.86,1747.3275,5.5324853515624,0.3156261967049508
2025-09-14,Bakersfield,Shreveport,Dry Van,1650.4,3289.09,3255.0535,34.036533203125146,1.0348313120992476
2025-09-14,Nashville,Buffalo,Reefer,814.3,733.39,1741.0787,1007.6887353515625,137.40148288789902
2025-09-14,Jacksonville,Baton Rouge,Dry Van,612.6,1354.26,1345.081,9.178945312499991,0.6777830927960651
2025-09-14,Greensboro,Fresno,Dry Van,2431.1,4223.18,4328.8086,105.62859374999971,2.5011624830104258
2025-09-14,Bakersfield,Columbia,Reefer,2226.4,4618.86,4426.3794,192.48060546874967,4.167275160293875
2025-09-14,Harrisburg,Reno,Dry Van,2506.1,4259.02,4247.59,11.430156250000437,0.26837526590625155
2025-09-14,Fort Wayne,Phoenix,Dry Van,2210.6,808.74,3748.1887,2939.448720703125,363.46028645833337
2025-09-14,Fort Wayne,Shreveport,Dry Van,857.2,1700.06,1684.043,16.017031249999945,0.9421450566450564
2025-09-14,Jacksonville,Oklahoma City,Flatbed,971.0,2338.34,2749.5999,411.25985351562485,17.58768414839693
2025-09-14,Amarillo,Bakersfield,Dry Van,839.1,1653.93,1728.3824,74.45244628906244,4.501547604134542
2025-09-14,Toledo,Phoenix,Dry Van,2277.0,4115.96,4101.067,14.893105468750036,0.36183795442011185
2025-09-14,Harrisburg,Baton Rouge,Dry Van,1212.4,2525.35,2462.7283,62.62172851562491,2.4797247318440974
2025-09-14,Montgomery,Harrisburg,Reefer,850.0,1940.14,1943.2959,3.1558984374999,0.1626634385920552
2025-09-14,Nashville,Los Angeles,Dry Van,2036.4,3659.54,3507.7944,151.74556640624996,4.1465748811667575
2025-09-14,Fresno,Tampa,Flatbed,2279.0,4550.71,3961.9246,588.785439453125,12.938320381943146
2025-09-14,Philadelphia,Oklahoma City,Flatbed,1777.0,3778.61,3797.9475,19.337509765624873,0.5117625202289962
2025-09-14,Madison,Louisville,Dry Van,406.1,952.32,959.6471,7.32709472656245,0.7693941875170582
2025-09-14,Albany,Grand Rapids,Flatbed,926.9,1914.44,1991.7274,77.28741699218745,4.037077003833364
2025-09-14,Buffalo,Albany,Reefer,473.5,1088.44,1109.5874,21.147402343749945,1.942909332967361
2025-09-14,Memphis,Reno,Reefer,1862.3,3916.1,3945.5825,29.48251953125009,0.7528541030936414
2025-09-14,Bakersfield,Los Angeles,Reefer,393.3,1040.95,1071.1991,30.249096679687455,2.905912549083765
2025-09-14,Syracuse,Montgomery,Dry Van,1088.3,1990.67,2009.7167,19.046674804687427,0.9567971991684923
2025-09-14,Lubbock,Richmond,Reefer,1700.4,3698.67,3679.7356,18.934404296875073,0.5119246728384818
2025-09-14,Baton Rouge,Richmond,Dry Van,1236.4,2529.22,2592.082,62.8620312500002,2.4854315263203755
2025-09-14,Grand Rapids,Milwaukee,Reefer,331.0,885.52,887.886,2.365986328125018,0.267186097222538
2025-09-14,Hartford,Syracuse,Dry Van,403.2,3043.83,849.2903,2194.539716796875,72.09797251478811
2025-09-14,Grand Rapids,Toledo,Dry Van,176.1,439.89,429.71347,10.176529541015611,2.3134259794529566
2025-09-14,Syracuse,Fort Wayne,Flatbed,525.2,1153.83,1113.4753,40.35465820312493,3.497452675274948
2025-09-14,Hartford,Oklahoma City,Reefer,1826.7,3862.55,4028.6143,166.06425781249982,4.299342605597333
2025-09-14,Oklahoma City,Indianapolis,Dry Van,847.7,1890.09,1806.0857,84.00430664062492,4.444460668043581
2025-09-14,Dayton,Reno,Dry Van,2040.6,3674.7,3667.5857,7.114306640624818,0.1936023795309772
2025-09-14,Baton Rouge,Phoenix,Dry Van,1657.5,3075.53,2744.8953,330.6347363281252,10.75049621782669
2025-09-14,St. Louis,Raleigh,Reefer,814.8,1911.52,1887.898,23.622050781249982,1.2357731429045984
2025-09-14,Milwaukee,Raleigh,Dry Van,791.4,1647.07,1587.3091,59.760917968749936,3.6283168273813464
2025-09-14,Mobile,Dallas,Dry Van,428.2,968.36,1002.9135,34.553513183593736,3.5682507728111172
2025-09-14,Washington,Little Rock,Flatbed,1031.5,2236.91,2203.6345,33.275478515624854,1.4875644758003164
2025-09-14,Kansas City,Chattanooga,Reefer,424.2,1041.14,1026.2234,14.9166113281251,1.432719070261934
2025-09-14,Chattanooga,Albany,Reefer,1221.3,2656.72,2571.554,85.1660449218748,3.205683885463083
2025-09-14,Boston,Indianapolis,Reefer,1222.7,2750.6,2716.953,33.64711914062491,1.2232647109948707
2025-09-14,Houston,Buffalo,Reefer,1365.5,3015.94,3053.8115,37.871523437499945,1.2557120976378822
2025-09-14,Montgomery,Chattanooga,Flatbed,351.0,897.94,939.24,41.299990234374945,4.599415354519784
2025-09-14,Columbia,Grand Rapids,Dry Van,768.1,1535.46,1451.2017,84.25833984375004,5.487498198829669
2025-09-14,San Antonio,Shreveport,Flatbed,503.9,1274.27,1395.4595,121.18947265625002,9.510501907464668
2025-09-14,Albuquerque,Hartford,Dry Van,2445.2,4485.86,4406.8525,79.00746093749967,1.7612556106855692
2025-09-14,Philadelphia,Green Bay,Flatbed,987.7,1930.91,2057.3857,126.47574218749992,6.550058893863511
2025-09-14,San Antonio,Fort Wayne,Reefer,1241.4,2747.43,2645.5002,101.92975585937484,3.710003743839692
2025-09-14,Amarillo,Montgomery,Flatbed,1235.6,2581.86,2551.42,30.440078125000127,1.178998014028651
2025-09-14,Lexington,Boston,Dry Van,1017.3,1999.03,1948.0188,51.01120117187497,2.551797680468776
2025-09-14,Dayton,Philadelphia,Reefer,781.4,1856.98,1783.4143,73.56569335937502,3.961577042260822
2025-09-14,Providence,Nashville,Reefer,1208.5,2806.99,2807.5457,0.5556542968752183,0.019795378568331853
2025-09-14,Fort Wayne,Buffalo,Flatbed,432.8,1047.96,989.4969,58.463112792968786,5.5787542265896395
2025-09-14,Harrisburg,Los Angeles,Reefer,2649.7,5487.77,5397.209,90.56101562500044,1.6502334395392015
2025-09-14,Greensboro,New Orleans,Reefer,684.7,1626.23,1603.1046,23.125385742187518,1.4220242980505535
2025-09-14,Syracuse,New Orleans,Dry Van,1331.9,2468.53,2494.4805,25.9504687499998,1.0512519090308725
2025-09-14,Memphis,Houston,Reefer,554.4,1359.7,1240.4175,119.28251953125005,8.772708651264988
2025-09-14,Albuquerque,Savannah,Reefer,1826.0,3944.15,3925.655,18.49497070312509,0.46892158521164484
2025-09-14,Fresno,Oklahoma City,Reefer,1455.1,3304.61,3320.7112,16.101181640624873,0.4872339441151867
2025-09-14,Albany,Louisville,Reefer,1114.2,2541.31,2410.0105,131.29950195312495,5.166607063015726
2025-09-14,Hartford,Cincinnati,Dry Van,977.5,1843.13,1904.7028,61.57275878906239,3.3406628283985604
2025-09-14,Tulsa,Cincinnati,Dry Van,610.2,1357.03,1371.8651,14.835112304687527,1.0932044468204483
2025-09-14,Atlanta,Richmond,Dry Van,700.2,1492.26,1323.0302,169.2298486328125,11.340506924585025
2025-09-14,Shreveport,Cincinnati,Dry Van,524.3,1151.06,1137.3259,13.734072265624945,1.1931673644836016
2025-09-14,Bakersfield,Harrisburg,Dry Van,2491.9,4344.6,4247.8735,96.72646484375036,2.226360651009307
2025-09-14,Dallas,Montgomery,Reefer,583.6,1465.86,1496.2183,30.3582617187501,2.071020542122038
2025-09-14,Baton Rouge,Kansas City,Dry Van,715.1,1555.76,1493.1921,62.56786132812499,4.0216910916931266
2025-09-14,Toledo,Hartford,Flatbed,794.2,1745.31,1703.7521,41.557924804687445,2.3811199617653855
2025-09-14,Albuquerque,Houston,Reefer,1104.3,2401.12,2383.1887,17.93127929687489,0.746788136239542
2025-09-14,San Francisco,Phoenix,Flatbed,656.1,1536.67,1518.8362,17.833818359375073,1.1605496534308
2025-09-14,Baton Rouge,Salt Lake City,Flatbed,1471.7,3211.14,3403.231,192.09095703125013,5.982017508774147
2025-09-14,Amarillo,Tucson,Dry Van,644.9,1394.94,1409.6821,14.742128906249945,1.0568288891457658
2025-09-14,Louisville,Green Bay,Dry Van,569.7,1245.58,1222.0397,23.540327148437427,1.8899088897090053
2025-09-14,Little Rock,Milwaukee,Dry Van,492.0,1114.52,1116.6647,2.144672851562518,0.19243018084579175
2025-09-14,Bakersfield,Hartford,Dry Van,2882.4,5308.01,5375.748,67.73804687499978,1.2761476876456483
2025-09-14,Oklahoma City,Nashville,Flatbed,758.0,1833.03,1826.6069,6.423066406249973,0.35040705314424603
2025-09-14,New York,Syracuse,Reefer,316.1,758.17,738.9698,19.20021240234371,2.532441589926232
2025-09-14,Cincinnati,Tulsa,Dry Van,609.5,1393.75,1355.0797,38.6702880859375,2.7745498178251125
2025-09-14,Detroit,Milwaukee,Dry Van,441.7,975.82,1003.52356,27.70355957031245,2.8390030507995787
2025-09-14,New York,Chattanooga,Reefer,925.4,2122.92,2154.055,31.134931640624927,1.4666088048831292
2025-09-14,Houston,Jacksonville,Dry Van,717.3,1493.78,1458.8945,34.88546874999997,2.3353819672240874
2025-09-14,Hartford,New Orleans,Dry Van,1403.6,2587.46,2573.7751,13.684853515625036,0.5288914037560014
2025-09-14,Amarillo,Boston,Dry Van,2385.8,4724.87,4581.7856,143.0843554687499,3.0283236463384156
2025-09-14,Syracuse,Boston,Reefer,545.1,1311.04,1251.2135,59.826499023437464,4.563285561343473
2025-09-14,Cincinnati,Green Bay,Reefer,585.2,1367.4,1310.8936,56.50644531250009,4.132400564026626
2025-09-14,Syracuse,Washington,Reefer,314.2,803.0,840.2317,37.231689453125,4.636574029031756
2025-09-14,Jacksonville,Baton Rouge,Dry Van,575.6,4277.4,1345.332,2932.0679687499996,68.54790220110347
2025-09-14,Philadelphia,Columbia,Dry Van,783.6,1544.08,1674.1594,130.07942382812507,8.4243966522541
2025-09-14,Tampa,Buffalo,Dry Van,1208.9,2356.8,2368.976,12.176074218749818,0.5166358714676603
2025-09-14,Raleigh,Shreveport,Flatbed,1027.3,2282.38,2361.669,79.28894531249989,3.473958995105981
2025-09-14,San Antonio,Houston,Flatbed,299.7,868.27,944.24194,75.97194335937502,8.749806322846005
2025-09-14,Grand Rapids,Milwaukee,Reefer,341.7,913.85,964.7535,50.90347900390623,5.570222575248261
2025-09-14,Providence,Atlanta,Dry Van,1096.6,2142.39,2088.19,54.20005859374987,2.5298875832014653
2025-09-14,Tulsa,Lexington,Reefer,697.8,1683.98,1855.886,171.90598632812498,10.208315201375608
2025-09-14,Raleigh,Grand Rapids,Reefer,853.3,1978.32,1933.9297,44.390312499999936,2.24383883800396
2025-09-14,Houston,Albuquerque,Reefer,1070.6,2480.99,2430.5269,50.46314453124978,2.033992258382734
2025-09-14,Madison,Richmond,Dry Van,867.1,1663.98,1687.5354,23.555400390624982,1.4156059802777066
2025-09-14,Oklahoma City,New York,Dry Van,1695.9,3141.7,3171.366,29.665966796875182,0.9442647864810512
2025-09-14,Memphis,Baton Rouge,Flatbed,471.2,1228.47,1203.7605,24.709501953125027,2.0114045888890266
2025-09-14,Hartford,Nashville,Dry Van,1076.2,2088.95,2095.29,6.340039062500182,0.3035036292156434
2025-09-14,Greensboro,Richmond,Dry Van,426.2,907.21,910.01294,2.8029394531249636,0.3089625834288603
2025-09-14,Philadelphia,Lubbock,Dry Van,1903.9,3541.96,3471.5125,70.44754882812504,1.9889425297892984
2025-09-14,Buffalo,Tampa,Dry Van,1205.5,2273.19,2315.679,42.488955078124945,1.8691334678634406
2025-09-14,Kansas City,El Paso,Dry Van,1335.1,2525.6,2513.5466,12.053369140624909,0.47724774867852826
2025-09-14,Cincinnati,Bakersfield,Dry Van,1996.1,3579.73,3443.2605,136.46950195312502,3.8122847799449966
2025-09-14,Jacksonville,San Francisco,Flatbed,2503.2,5121.15,4943.5938,177.55624999999964,3.467116760883779
2025-09-14,San Antonio,Tampa,Reefer,835.4,2075.54,2048.7175,26.822470703124964,1.2923128777631345
2025-09-14,Mobile,Little Rock,Dry Van,336.4,806.71,691.65076,115.05924316406254,14.262776358798396
2025-09-14,Tulsa,Los Angeles,Dry Van,1600.3,3211.44,3067.3708,144.06915039062505,4.486123059768361
2025-09-14,Memphis,Montgomery,Dry Van,451.8,1020.34,1024.4355,4.095546874999968,0.4013904066291597
2025-09-14,Tucson,Madison,Dry Van,1746.7,3341.34,3237.7725,103.56753906250015,3.0995809783649717
2025-09-14,Lexington,Birmingham,Dry Van,311.8,737.54,716.82495,20.715048828124964,2.8086678455575242
2025-09-14,Kansas City,Atlanta,Reefer,498.0,1223.19,1140.6897,82.50030273437505,6.744684205591531
2025-09-14,Buffalo,Atlanta,Dry Van,758.9,1566.25,1472.1411,94.10888671875,6.008548234237829
2025-09-15,Fort Wayne,Amarillo,Flatbed,1409.5,3062.16,3003.8364,58.323574218749854,1.9046546953376
2025-09-15,El Paso,Indianapolis,Reefer,1444.7,3074.81,2886.8909,187.91913085937495,6.111568872853117
2025-09-15,Charleston,Philadelphia,Reefer,603.4,1431.72,1427.4908,4.229155273437527,0.2953898299554052
2025-09-15,New York,Albuquerque,Flatbed,2259.2,4563.16,4440.106,123.05404296874985,2.696684818607059
2025-09-15,Tulsa,Dayton,Dry Van,786.7,1632.04,1582.495,49.545004882812464,3.035771481263478
2025-09-15,Baltimore,Tucson,Dry Van,2764.4,4885.54,4942.5474,57.007363281250036,1.1668590018964133
2025-09-15,Columbia,Mobile,Dry Van,414.6,948.95,941.73114,7.2188598632812955,0.7607207822626371
2025-09-15,Savannah,Providence,Flatbed,916.1,2133.96,2034.3187,99.64127441406254,4.6693131274279995
2025-09-15,Lexington,Albuquerque,Dry Van,1610.9,3110.59,3057.9338,52.656162109375146,1.6928030408821202
2025-09-15,Nashville,Grand Rapids,Dry Van,693.7,1424.34,1449.7808,25.440761718750082,1.7861438784805652
2025-09-15,Montgomery,Green Bay,Reefer,1046.8,2335.22,2311.85,23.3699023437498,1.0007580589301992
2025-09-15,Harrisburg,Kansas City,Dry Van,825.2,1687.24,1847.4573,160.217275390625,9.49582011987773
2025-09-15,Columbia,Mobile,Flatbed,427.1,1102.46,1080.1976,22.262368164062536,2.0193356823887063
2025-09-15,Tulsa,Atlanta,Dry Van,594.5,1299.13,1249.0406,50.08935058593761,3.8556072591609465
2025-09-15,Bakersfield,Reno,Reefer,539.3,1324.29,1332.4346,8.144570312500036,0.6150141066156232
2025-09-15,Mobile,Harrisburg,Dry Van,926.3,1738.51,2420.7332,682.223154296875,39.24183089524219
2025-09-15,Raleigh,El Paso,Reefer,2183.7,4570.75,4457.9814,112.7685546875,2.4671783555762183
2025-09-15,Bakersfield,Tucson,Dry Van,331.4,3515.75,813.7255,2702.0244750976562,76.85485245246836
2025-09-15,Bakersfield,San Francisco,Dry Van,398.9,905.06,951.24774,46.187741699218805,5.103279528342741
2025-09-15,Dallas,Providence,Dry Van,1699.8,3307.65,3274.0005,33.64951171875009,1.0173238316856406
2025-09-15,Syracuse,Lexington,Flatbed,691.5,1573.36,1483.8027,89.5572656249999,5.692102610019316
2025-09-15,Raleigh,Grand Rapids,Reefer,833.0,1764.63,1782.1886,17.55859863281239,0.9950300421511812
2025-09-15,Phoenix,New York,Flatbed,2927.8,5473.89,5107.446,366.4441992187503,6.694401955807485
2025-09-15,Savannah,Bakersfield,Dry Van,2320.5,4555.22,4548.7593,6.460722656250255,0.14183118831253497
2025-09-15,Indianapolis,Atlanta,Reefer,360.2,996.42,998.9181,2.498090820312541,0.25070661170114417
2025-09-15,Memphis,Albuquerque,Dry Van,1363.6,2772.19,2721.2786,50.911435546875055,1.8365059951473404
2025-09-15,Tampa,Louisville,Reefer,723.9,1627.76,1540.1495,87.61046386718749,5.382271579789864
2025-09-15,Memphis,Richmond,Dry Van,859.1,1814.27,1787.4084,26.861552734374982,1.4805708485713251
2025-09-15,Mobile,Cincinnati,Flatbed,463.8,1211.23,1250.0663,38.83628417968748,3.206350914333981
2025-09-15,Los Angeles,Memphis,Reefer,1954.8,4400.11,4126.8223,273.2877343749997,6.210929598919111
2025-09-15,Detroit,Mobile,Flatbed,1014.3,2144.77,2107.2642,37.50583984374998,1.7487115095674588
2025-09-15,Providence,Dallas,Flatbed,1692.3,3584.65,3447.5366,137.1133789062501,3.825014406043828
2025-09-15,Los Angeles,Fort Wayne,Dry Van,2279.0,4151.1,4220.047,68.94687499999964,1.6609302353592936
2025-09-15,Louisville,Amarillo,Dry Van,1174.4,2467.5,2443.144,24.35595703125,0.987070193768997
2025-09-15,Cincinnati,Montgomery,Dry Van,472.5,1050.24,1010.7815,39.45850585937501,3.7570941746053292
2025-09-15,Salt Lake City,Milwaukee,Dry Van,1649.5,3094.1,2998.2166,95.88344726562491,3.0989123578948616
2025-09-15,Little Rock,Boston,Flatbed,1523.0,3206.78,3156.2207,50.5592968750002,1.5766375265843056
2025-09-15,Mobile,Bakersfield,Dry Van,1929.1,3771.61,3703.8452,67.76478515625013,1.796707113308378
2025-09-15,Baton Rouge,Charleston,Reefer,929.9,2081.42,2125.6536,44.23356445312493,2.125162843305288
2025-09-15,Cincinnati,Little Rock,Dry Van,429.5,968.79,959.4726,9.317404785156214,0.9617569117307376
2025-09-15,Hartford,Mobile,Dry Van,1245.7,2265.27,2302.7563,37.48634765625002,1.654829122190733
2025-09-15,Milwaukee,Fort Wayne,Dry Van,244.5,588.75,598.3584,9.6083984375,1.6319997346072188
2025-09-15,Atlanta,Columbia,Flatbed,236.2,674.16,696.5466,22.386569824218782,3.320661241280821
2025-09-15,Syracuse,Salt Lake City,Reefer,2348.1,4757.28,4829.2275,71.94753906250025,1.5123671312703952
2025-09-15,Indianapolis,Salt Lake City,Reefer,1628.9,3565.01,3458.8586,106.15135742187522,2.977589331358824
2025-09-15,Charleston,Lexington,Dry Van,431.3,1017.61,1075.1072,57.497177734374986,5.650217444244356
2025-09-15,Lexington,Richmond,Dry Van,528.9,1132.1,1150.1177,18.01767578125009,1.5915268775947435
2025-09-15,Dayton,Reno,Dry Van,2068.3,3533.31,3514.1648,19.145205078124945,0.5418490049875314
2025-09-15,Fresno,Memphis,Flatbed,2007.9,4317.3,4310.46,6.840039062500182,0.1584332583443398
2025-09-15,Buffalo,St. Louis,Reefer,764.9,1839.49,1751.6738,87.81617187500001,4.773941248661314
2025-09-15,Grand Rapids,Richmond,Reefer,742.0,1720.57,1657.0765,63.493461914062436,3.690257409699253
2025-09-15,Buffalo,Madison,Reefer,674.0,1619.11,1574.2485,44.8614648437499,2.7707484262187188
2025-09-15,Los Angeles,Cincinnati,Dry Van,2105.1,4006.97,3864.3208,142.6491992187498,3.560026634058897
2025-09-15,Amarillo,Columbia,Reefer,1394.2,3216.59,3318.1116,101.52157226562485,3.1561862800551155
2025-09-15,Corpus Christi,Philadelphia,Reefer,1775.8,3617.9,4019.835,401.9349609374999,11.109620523991817
2025-09-15,Nashville,Atlanta,Reefer,145.4,453.28,447.7125,5.567506103515598,1.2282708488165368
2025-09-15,Philadelphia,Greensboro,Flatbed,711.9,1604.51,1561.7185,42.79149414062499,2.666950915894883
2025-09-15,Amarillo,Los Angeles,Reefer,932.0,2148.4,2143.9976,4.402441406250091,0.20491721310045108
2025-09-15,Columbia,Tucson,Reefer,2131.0,4688.14,4477.735,210.40513671875033,4.488030150950063
2025-09-15,Lexington,Fort Wayne,Dry Van,350.9,778.24,774.50757,3.732431640625009,0.4795990492168238
2025-09-15,Syracuse,Lubbock,Dry Van,1851.2,3409.93,3398.0146,11.915351562499836,0.34943097255661665
2025-09-15,Toledo,Mobile,Dry Van,857.8,1767.56,1755.984,11.575991210937445,0.6549136216556974
2025-09-15,Philadelphia,Atlanta,Dry Van,929.2,1947.44,1918.1864,29.253598632812555,1.5021566072799448
2025-09-15,Hartford,Salt Lake City,Dry Van,2663.8,4955.66,4786.7686,168.89144531249985,3.408051507014199
2025-09-15,Raleigh,Lexington,Dry Van,513.5,1174.63,1167.4955,7.134516601562609,0.6073841636568629
2025-09-15,Greensboro,Montgomery,Reefer,452.2,1172.91,1160.0896,12.820400390625082,1.0930421251950346
2025-09-15,Chattanooga,Cincinnati,Dry Van,171.2,466.35,492.0526,25.702612304687477,5.511442544159424
2025-09-15,Buffalo,Las Vegas,Reefer,2434.6,5059.98,4814.4956,245.48439453124956,4.851489423500677
2025-09-15,Oklahoma City,Jacksonville,Reefer,976.3,575.21,2699.8748,2124.664755859375,369.3720129794988
2025-09-15,Albuquerque,Kansas City,Reefer,1212.4,2707.48,2512.9114,194.56862304687502,7.186336484364612
2025-09-15,Tucson,Harrisburg,Dry Van,2377.9,4476.59,4238.443,238.14712890625015,5.319833375543665
2025-09-15,Oklahoma City,Memphis,Reefer,707.5,1701.5,1728.5961,27.0960693359375,1.5924813009660594
2025-09-15,Buffalo,Amarillo,Dry Van,1779.1,3500.96,3433.7808,67.17923828125004,1.9188804865308384
2025-09-15,Philadelphia,Raleigh,Reefer,434.6,1080.4,1160.9176,80.51760253906241,7.4525733560776
2025-09-15,Buffalo,Cincinnati,Reefer,651.6,1575.85,1463.0529,112.79714355468741,7.157860428003136
2025-09-15,Milwaukee,Richmond,Flatbed,742.5,1644.06,1458.2404,185.81964355468745,11.302485526969056
2025-09-15,Corpus Christi,El Paso,Dry Van,1062.1,2184.53,2267.1675,82.6374804687498,3.782849421557488
2025-09-15,Syracuse,Houston,Flatbed,1535.4,3274.66,2973.794,300.86605468749985,9.187703599381306
2025-09-15,Jacksonville,Reno,Reefer,2317.4,5052.62,4513.4863,539.1336718749999,10.670378375476483
2025-09-15,Memphis,Birmingham,Flatbed,257.7,729.28,751.2149,21.934904785156277,3.0077480234143645
2025-09-15,Lexington,Green Bay,Flatbed,613.8,1347.06,1285.6438,61.416201171874945,4.559277327800911
2025-09-15,Albuquerque,Montgomery,Dry Van,1606.8,3080.46,3045.9878,34.472207031250036,1.1190603686218954
2025-09-15,Atlanta,Fresno,Flatbed,2266.2,4583.82,4343.3057,240.5143359374997,5.247028372351002
2025-09-15,El Paso,Dayton,Flatbed,1692.3,3336.87,2989.2231,347.6468554687499,10.418351792810325
2025-09-15,El Paso,Shreveport,Reefer,1223.9,2863.65,3287.8188,424.1688476562499,14.812174939543935
2025-09-15,Shreveport,Madison,Dry Van,764.1,1594.5,1597.0017,2.501708984375,0.15689614201160237
2025-09-15,Birmingham,Philadelphia,Dry Van,1021.2,1965.05,1970.0033,4.9532958984375455,0.2520697131593367
2025-09-15,Greensboro,Indianapolis,Dry Van,466.1,1069.2,1064.2983,4.9016601562500455,0.45844184027778206
2025-09-15,Mobile,Cincinnati,Dry Van,464.6,1050.81,1076.8213,26.011289062500055,2.475356064607308
2025-09-15,Dayton,Bakersfield,Flatbed,2123.5,4330.39,4230.8003,99.58970703125033,2.299786093891089
2025-09-15,Lexington,Madison,Dry Van,519.6,1106.96,1066.9044,40.055581054687536,3.618521089713046
2025-09-15,Phoenix,Kansas City,Dry Van,1845.6,3386.05,3489.7112,103.66118164062482,3.0614191060564613
2025-09-15,Montgomery,Jacksonville,Flatbed,145.1,426.34,425.66547,0.674533691406225,0.15821496725764062
2025-09-15,Baton Rouge,Philadelphia,Dry Van,1435.2,2665.44,2748.1155,82.67547851562495,3.1017572526721646
2025-09-15,San Francisco,Charleston,Flatbed,2719.7,5290.27,5202.8135,87.45652343750044,1.6531580323405126
2025-09-15,Reno,Lubbock,Dry Van,1451.2,2763.04,2853.0637,90.02372070312504,3.2581403346721376
2025-09-15,Albuquerque,Los Angeles,Dry Van,743.4,1498.19,1570.3691,72.17914062499995,4.817756134068439
2025-09-15,Louisville,Fort Wayne,Dry Van,373.1,823.54,712.1183,111.42171386718746,13.529605588943763
2025-09-15,Buffalo,Richmond,Dry Van,321.3,730.98,702.276,28.703999023437518,3.926783088926854
2025-09-15,Albany,Green Bay,Dry Van,968.2,1937.55,1948.1443,10.594287109375045,0.5467878046695592
2025-09-15,Albany,Dallas,Dry Van,1796.2,3218.12,2701.851,516.2689257812499,16.042562918140092
2025-09-15,Harrisburg,Los Angeles,Dry Van,2613.3,4622.68,4700.254,77.57390624999971,1.6781154276307184
2025-09-15,New York,Greensboro,Dry Van,652.4,1354.82,1308.7546,46.065361328124936,3.400109337633408
2025-09-15,Columbia,Lubbock,Dry Van,1224.6,2478.05,2531.1208,53.07084960937482,2.1416375621708528
2025-09-15,Nashville,Hartford,Dry Van,1079.6,2165.51,2437.2458,271.7358496093748,12.548353487602215
2025-09-15,Tampa,Savannah,Dry Van,560.5,1196.67,1250.8558,54.18583496093743,4.528051589906776
2025-09-15,Green Bay,Hartford,Flatbed,1038.4,2261.1,2187.775,73.32509765624991,3.2428949474260276
2025-09-15,Jacksonville,Amarillo,Dry Van,1353.9,2689.4,2632.6406,56.75937500000009,2.110484680597906
2025-09-15,Buffalo,Cincinnati,Reefer,634.1,1502.22,1439.4678,62.75222656250003,4.177299367769037
2025-09-15,Fort Wayne,New York,Reefer,710.8,1496.45,1514.1321,17.682080078124955,1.181601796125828
2025-09-15,San Antonio,Montgomery,Reefer,880.4,2041.42,2061.0854,19.665449218749927,0.9633220610530868
2025-09-15,Los Angeles,Lexington,Dry Van,2231.8,4089.63,4071.4197,18.21032226562511,0.4452804352869357
2025-09-15,New York,Nashville,Dry Van,1025.5,2015.11,2219.3286,204.2186132812501,10.134365532464734
2025-09-15,Corpus Christi,New Orleans,Reefer,434.3,1168.59,1172.5897,3.999721679687582,0.3422690318835162
2025-09-15,Columbia,Hartford,Dry Van,827.9,1672.92,1607.0441,65.87593261718757,3.9377814012138996
2025-09-15,Houston,Richmond,Flatbed,1335.5,2808.09,2766.4539,41.636142578125146,1.4827210872203223
2025-09-15,Nashville,Hartford,Reefer,1044.7,2228.44,2289.5603,61.120302734374945,2.742739438099071
2025-09-15,Oklahoma City,Washington,Flatbed,1514.7,3175.28,3229.6438,54.3637988281248,1.7120946445077219
2025-09-15,Philadelphia,Green Bay,Dry Van,944.7,1787.88,1796.2172,8.33716308593739,0.4663155852706775
2025-09-15,Hartford,Phoenix,Dry Van,2975.0,5510.91,5365.1133,145.79671874999985,2.6456015204385457
2025-09-15,Louisville,Amarillo,Reefer,1181.9,2671.07,2594.2615,76.80852539062516,2.875571414849673
2025-09-15,San Francisco,New York,Dry Van,3041.8,5392.76,5337.3105,55.44945312500022,1.0282203013855655
2025-09-15,Lexington,Los Angeles,Dry Van,2260.6,4220.44,4316.0474,95.6073632812504,2.2653411322338526
2025-09-15,Nashville,Syracuse,Dry Van,905.8,1807.31,1898.8787,91.56866210937505,5.066571983189108
2025-09-15,Albany,Tucson,Reefer,2772.6,5682.27,5609.1074,73.16257812500044,1.2875589883092573
2025-09-15,San Antonio,Reno,Dry Van,1594.0,3185.85,3054.8926,130.9574218749999,4.110595975171458
2025-09-15,Amarillo,Providence,Dry Van,2311.5,4442.45,4452.414,9.964062500000182,0.2242920573107223
2025-09-15,Lubbock,Baton Rouge,Dry Van,524.6,1233.62,1177.7776,55.84241210937489,4.526710989557149
2025-09-15,Hartford,Dallas,Dry Van,1588.9,3073.89,2958.4768,115.41319335937487,3.7546299106140713
2025-09-15,Atlanta,Raleigh,Reefer,596.1,1438.67,1443.2471,4.577070312499927,0.31814594816739955
2025-09-15,Washington,Oklahoma City,Reefer,1517.0,3210.74,3160.43,50.31006835937478,1.5669306253192343
2025-09-15,Tulsa,Nashville,Dry Van,467.4,1049.12,1052.2618,3.141840820312609,0.29947392293661446
2025-09-15,Grand Rapids,Phoenix,Dry Van,2222.7,4018.01,3948.474,69.53587890625022,1.7306049239860084
2025-09-15,Houston,Harrisburg,Reefer,1328.8,2835.01,2831.2542,3.7558496093752183,0.13248100039771352
2025-09-15,Nashville,Shreveport,Reefer,375.1,1053.79,1004.8417,48.948325195312464,4.64497909406167
2025-09-15,Dayton,Dallas,Dry Van,858.2,1821.43,1777.1399,44.290107421875064,2.431611833662291
2025-09-15,Baton Rouge,Bakersfield,Reefer,1650.3,3852.73,3686.077,166.65309570312502,4.3255846037258
2025-09-15,Phoenix,Providence,Flatbed,3146.8,6307.27,6257.348,49.92185546875044,0.7914970418065255
2025-09-15,Shreveport,Detroit,Dry Van,1032.3,1980.81,2006.0488,25.238828125000055,1.2741670389891033
2025-09-15,Bakersfield,Syracuse,Dry Van,2692.2,4645.13,4708.439,63.30896484374989,1.3629105072140044
2025-09-15,Montgomery,Providence,Reefer,1217.1,2554.83,2523.6436,31.186445312499927,1.2206857330037588
2025-09-15,New York,Savannah,Flatbed,776.5,1737.3,1556.6062,180.69379882812495,10.400840317050882
2025-09-15,Savannah,Richmond,Dry Van,543.0,1166.74,1179.4391,12.699086914062491,1.0884247487925751
2025-09-15,Baton Rouge,Memphis,Reefer,475.1,1267.79,1256.6108,11.179160156249964,0.8817832729592412
2025-09-16,Mobile,Indianapolis,Reefer,548.7,1378.26,1378.2488,0.011220703124990905,0.0008141209296497688
2025-09-16,Nashville,Baton Rouge,Dry Van,518.7,1223.22,1215.3734,7.846586914062527,0.6414698021666199
2025-09-16,Syracuse,Little Rock,Dry Van,1158.5,2233.85,2279.608,45.75791015625009,2.048387768035011
2025-09-16,Jacksonville,Lexington,Reefer,432.4,1088.38,1078.9764,9.40355957031261,0.8639959913185292
2025-09-16,Green Bay,Tulsa,Dry Van,982.4,2085.37,2044.4489,40.92114746093739,1.962296736835065
2025-09-16,Nashville,Providence,Dry Van,1252.8,2338.37,2441.9976,103.62755859375011,4.431615124798475
2025-09-16,Amarillo,Lubbock,Reefer,411.0,1185.12,1277.4714,92.35143554687511,7.79258096622073
2025-09-16,Boston,Philadelphia,Flatbed,232.7,660.71,669.3661,8.656088867187464,1.3101192455369925
2025-09-16,Tulsa,Lexington,Dry Van,731.9,1603.87,1699.0908,95.22082031250011,5.9369412927793475
2025-09-16,Albany,Birmingham,Dry Van,1287.7,2493.76,2449.8054,43.95458007812522,1.762582609317866
2025-09-16,Madison,Philadelphia,Dry Van,1063.1,2083.09,2176.0608,92.97079101562485,4.4631192610796875
2025-09-16,Oklahoma City,Albuquerque,Dry Van,842.8,1877.96,1828.117,49.843056640625036,2.6541064048555367
2025-09-16,Montgomery,Chattanooga,Dry Van,342.8,852.03,843.98376,8.046235351562473,0.9443605684732314
2025-09-16,Jacksonville,Los Angeles,Dry Van,2281.7,4391.11,4411.6934,20.583359375000327,0.4687507116651673
2025-09-16,Tulsa,Phoenix,Dry Van,1505.9,3037.88,2972.0427,65.83727539062511,2.167211193023592
2025-09-16,Dallas,Bakersfield,Flatbed,1499.7,3337.89,3251.8877,86.00230468749987,2.5765470008748004
2025-09-16,Albany,Hartford,Reefer,389.6,960.44,907.6541,52.785886230468805,5.496010810718921
2025-09-16,Bakersfield,Albany,Dry Van,3018.0,5332.73,5428.854,96.12400390625044,1.8025289843335486
2025-09-16,Nashville,Tucson,Reefer,1766.1,3955.24,3886.027,69.21290039062478,1.7499039347959866
2025-09-16,Amarillo,Los Angeles,Dry Van,935.3,1870.61,1897.0305,26.4205175781251,1.4124011727792058
2025-09-16,Milwaukee,Amarillo,Flatbed,1144.4,2627.08,2571.505,55.57511718749993,2.1154710624533677
2025-09-16,Mobile,Baltimore,Reefer,1154.1,2616.44,2525.3054,91.13458007812505,3.4831519193302753
2025-09-16,Atlanta,Charleston,Dry Van,454.7,988.5,951.0933,37.40667724609375,3.7841858620226354
2025-09-16,Bakersfield,Baltimore,Reefer,2897.4,1843.92,5594.803,3750.88322265625,203.41897819082445
2025-09-16,Buffalo,San Francisco,Dry Van,2765.0,4985.71,4769.654,216.05619140625004,4.333508996837963
2025-09-16,Oklahoma City,Fort Wayne,Dry Van,1189.5,2443.51,2406.603,36.90697265625022,1.5104080873927348
2025-09-16,Hartford,Madison,Reefer,1104.0,2458.21,2360.8274,97.38260742187504,3.9615251513042025
2025-09-16,Fort Wayne,Tucson,Dry Van,1981.1,3813.18,3675.077,138.10309570312484,3.6217303065453206
2025-09-16,Jacksonville,Savannah,Dry Van,224.3,587.21,591.7181,4.508078613281214,0.7677114853768181
2025-09-16,Providence,San Francisco,Reefer,3326.9,6980.2,6387.286,592.9138671874998,8.494224623757196
2025-09-16,El Paso,Fort Wayne,Dry Van,1686.4,3176.7,3368.8818,192.18183593750018,6.0497319840557875
2025-09-16,Toledo,Syracuse,Flatbed,461.1,1086.13,1119.1537,33.02368652343739,3.0404911496264155
2025-09-16,Oklahoma City,Indianapolis,Flatbed,858.6,2035.38,2006.9984,28.38158691406261,1.3944121939914222
2025-09-16,Shreveport,Grand Rapids,Dry Van,998.3,2026.62,2008.7284,17.89160644531239,0.8828298568706711
2025-09-16,Milwaukee,Syracuse,Dry Van,714.5,1430.78,1398.3424,32.43759277343747,2.267126516546043
2025-09-16,Milwaukee,Baton Rouge,Dry Van,793.1,1601.26,1563.7968,37.46324707031249,2.339610498626862
2025-09-16,Dayton,Amarillo,Dry Van,1349.3,2597.83,2599.9766,2.1465625000000728,0.08262905963823933
2025-09-16,Shreveport,Lexington,Dry Van,605.7,1386.56,1360.6593,25.900698242187445,1.8679825065044027
2025-09-16,Toledo,Buffalo,Dry Van,363.2,809.74,815.3168,5.576772460937491,0.6887114951635699
2025-09-16,Buffalo,Baton Rouge,Flatbed,1265.5,2818.13,2768.302,49.82799804687511,1.7681227639205825
2025-09-16,El Paso,Cincinnati,Dry Van,1580.1,3081.78,3040.2424,41.5375683593752,1.3478434008714184
2025-09-16,Harrisburg,Mobile,Dry Van,942.9,1810.5,1799.4749,11.025146484375,0.6089558952982602
2025-09-16,Milwaukee,New York,Flatbed,918.5,2019.08,2098.0117,78.93171875000007,3.9092912985121977
2025-09-16,Lubbock,Los Angeles,Reefer,1214.8,2736.15,2482.6426,253.5074218750001,9.265114188732346
2025-09-16,Fort Wayne,Raleigh,Reefer,731.3,1601.91,1536.4326,65.47738281250008,4.087457023958904
2025-09-16,St. Louis,Albany,Dry Van,1234.3,2369.62,2323.325,46.29504882812489,1.9536908376923259
2025-09-16,Salt Lake City,Savannah,Reefer,2101.0,4319.43,4122.3765,197.0535351562503,4.562026358946673
2025-09-16,Shreveport,Bakersfield,Reefer,1633.4,3554.88,3443.6152,111.26476562500011,3.129916217284412
2025-09-16,Bakersfield,Syracuse,Dry Van,2642.3,4623.71,4712.4062,88.69624999999996,1.9182918046330752
2025-09-16,Bakersfield,Hartford,Reefer,2941.1,5703.47,5375.153,328.31716796875025,5.75644595252978
2025-09-16,Albany,Columbia,Reefer,1049.2,2206.18,2239.1086,32.928642578125164,1.4925637336085527
2025-09-16,Lexington,Nashville,Dry Van,266.2,664.52,655.29346,9.226542968749982,1.3884522615948327
2025-09-16,Lubbock,New York,Dry Van,1876.8,3668.0,3637.9954,30.004638671875,0.8180108689169848
2025-09-16,Charleston,Reno,Dry Van,2591.8,4560.56,4593.8857,33.3257421874996,0.7307379398034364
2025-09-16,Richmond,Los Angeles,Dry Van,2791.9,5067.55,5194.9736,127.42363281249982,2.5145017377726875
2025-09-16,Hartford,Fresno,Reefer,3019.5,6054.32,6116.322,62.00177734375029,1.0240915138900866
2025-09-16,Fort Wayne,Lexington,Reefer,363.8,916.15,915.3858,0.7641967773437273,0.08341393629249876
2025-09-16,Corpus Christi,San Antonio,Reefer,205.7,623.54,597.3096,26.230429687499964,4.206695590900337
2025-09-16,Raleigh,Syracuse,Reefer,620.9,1477.06,1430.4358,46.624208984374945,3.1565548443783564
2025-09-16,Bakersfield,Reno,Flatbed,547.3,1290.12,1274.7651,15.35486328124989,1.1901887639328042
2025-09-16,Atlanta,Indianapolis,Dry Van,349.1,817.03,858.25183,41.22183105468753,5.045326494092937
2025-09-16,Green Bay,Charleston,Dry Van,949.3,1886.02,1903.7343,17.714252929687518,0.9392399301008217
2025-09-16,Toledo,Columbia,Dry Van,628.2,1249.27,1211.175,38.09495117187498,3.0493769298770466
2025-09-16,Tucson,Lexington,Dry Van,1926.1,3605.83,3560.0498,45.78019531249993,1.2696160194046842
2025-09-16,Syracuse,Cincinnati,Dry Van,765.3,1469.88,1437.0671,32.81286132812511,2.2323496699135377
2025-09-16,Syracuse,Fresno,Dry Van,2742.9,4956.68,5049.236,92.55583984374971,1.8672950411111813
2025-09-16,Richmond,Charleston,Reefer,400.1,1015.05,1009.60065,5.4493530273437045,0.5368556255695487
2025-09-16,El Paso,Washington,Dry Van,2180.6,4170.13,4094.9102,75.21984375000011,1.8037769505986652
2025-09-16,Bakersfield,St. Louis,Flatbed,1776.8,3698.14,3678.3984,19.741562499999873,0.5338240980601026
2025-09-16,Bakersfield,Philadelphia,Reefer,2820.4,5841.12,5757.4214,83.69861328124989,1.4329206262026783
2025-09-16,Buffalo,Reno,Dry Van,2428.8,4325.09,4373.6304,48.540371093749854,1.1222973647658165
2025-09-16,Baton Rouge,Austin,Dry Van,504.2,1147.98,1129.2297,18.750263671875018,1.633326684426124
2025-09-16,Kansas City,Phoenix,Reefer,1935.9,4251.9,4450.2275,198.32753906250036,4.664445049566085
2025-09-16,Mobile,Syracuse,Reefer,1139.0,2628.86,2439.8574,189.00257812500013,7.189526187206627
2025-09-16,Charleston,Tucson,Dry Van,2224.1,4051.53,3993.795,57.7350781250002,1.425019144002394
2025-09-16,Buffalo,Oklahoma City,Reefer,1493.1,3250.67,2768.594,482.0760058593751,14.83005060062618
2025-09-16,Atlanta,Charleston,Flatbed,477.6,1253.08,1242.9667,10.113325195312427,0.8070773769681447
2025-09-16,Corpus Christi,St. Louis,Reefer,905.5,2238.41,2219.586,18.824062499999854,0.8409568622370279
2025-09-16,Montgomery,Columbia,Dry Van,345.3,812.56,824.6495,12.089475097656305,1.4878255264419005
2025-09-16,New Orleans,Corpus Christi,Dry Van,419.6,1026.3,1047.595,21.294970703125045,2.074926503276337
2025-09-16,Albany,Amarillo,Reefer,2285.9,4680.29,4626.3086,53.981406249999964,1.1533773815297763
2025-09-16,Detroit,Little Rock,Dry Van,904.7,1793.86,1730.4923,63.3676904296874,3.5324769173562824
2025-09-16,Albany,Tampa,Dry Van,1632.9,3078.74,3036.0833,42.65674804687478,1.3855261583269385
2025-09-16,Nashville,Philadelphia,Dry Van,1025.0,2014.48,1931.4854,82.99464843750002,4.119904314637028
2025-09-16,Albuquerque,Los Angeles,Dry Van,760.6,1484.69,1529.0665,44.376528320312445,2.9889423597055575
2025-09-16,New Orleans,Lexington,Reefer,598.7,1499.84,1502.4309,2.590908203125082,0.17274563974324475
2025-09-16,Los Angeles,Amarillo,Dry Van,944.6,2054.88,2009.2286,45.65136230468761,2.22160721330139
2025-09-16,Columbia,Indianapolis,Reefer,503.8,1219.92,1190.6392,29.280839843750073,2.4002262315356804
2025-09-16,Columbia,Harrisburg,Flatbed,549.5,1242.48,1193.7473,48.73268554687502,3.9222108643096885
2025-09-16,Jacksonville,Corpus Christi,Dry Van,853.2,1807.11,1892.7915,85.6815039062501,4.741355197317822
2025-09-16,Grand Rapids,Mobile,Dry Van,958.3,1979.33,1917.9009,61.42912109374993,3.103531048069293
2025-09-16,Richmond,New York,Reefer,246.3,667.93,640.6776,27.25238769531245,4.080126314930075
2025-09-16,Fort Wayne,Phoenix,Flatbed,2217.9,4503.51,4358.2715,145.23851562500022,3.2250070639345805
2025-09-16,Albany,San Antonio,Dry Van,2043.0,3945.11,3729.642,215.46791015625013,5.461645179887256
2025-09-16,Syracuse,Memphis,Dry Van,963.5,1970.18,1890.8735,79.30646484375006,4.025341077655344
2025-09-16,Lexington,Mobile,Dry Van,491.0,1087.27,1065.0164,22.253642578124982,2.046744835976803
2025-09-16,Philadelphia,Savannah,Flatbed,771.9,1766.67,1513.2552,253.41475097656257,14.344204122816517
2025-09-16,Greensboro,Mobile,Dry Van,522.3,1131.77,1113.1942,18.575786132812482,1.6413039869242412
2025-09-16,Indianapolis,Richmond,Dry Van,772.9,1521.6,1368.0807,153.5193115234374,10.089334353538211
2025-09-16,Reno,Corpus Christi,Flatbed,1744.7,3868.91,3669.899,199.01107421874985,5.143853804269158
2025-09-16,Philadelphia,Tulsa,Flatbed,1523.4,3185.68,2996.295,189.38507812499984,5.9448870610042395
2025-09-16,Amarillo,Jacksonville,Dry Van,1361.5,2638.03,2586.9148,51.1152050781252,1.9376278919544205
2025-09-16,Houston,San Antonio,Reefer,293.5,839.67,883.4871,43.81712158203129,5.2183740733896995
2025-09-16,Corpus Christi,Las Vegas,Dry Van,1382.3,2704.71,2686.7368,17.973183593750036,0.6645142582291645
2025-09-16,Philadelphia,Greensboro,Flatbed,700.5,1545.62,1466.4203,79.19971191406239,5.124138657241909
2025-09-16,Kansas City,Montgomery,Dry Van,745.0,1558.53,1540.767,17.763032226562473,1.1397298881999367
2025-09-16,Philadelphia,Corpus Christi,Reefer,1722.1,3918.17,3840.643,77.52693359375007,1.9786516050541472
2025-09-16,Kansas City,Albany,Dry Van,1253.8,2442.86,2507.8696,65.00962890624987,2.661209766677168
2025-09-16,Albany,Fort Wayne,Reefer,898.2,1982.16,1846.3743,135.78573242187508,6.850392118793391
2025-09-16,Dayton,Lexington,Dry Van,248.8,581.45,574.8298,6.6202270507812955,1.1385720269638482
2025-09-16,Tucson,Shreveport,Dry Van,1494.9,2852.03,2887.7656,35.7356249999998,1.2529890989926402
2025-09-16,Bakersfield,Reno,Flatbed,556.1,1279.53,1241.9504,37.57956054687497,2.936981590652425
2025-09-16,Hartford,Charleston,Dry Van,665.1,1367.88,1351.5015,16.37853515625011,1.1973663739692157
2025-09-16,Greensboro,Bakersfield,Dry Van,2229.8,4170.61,4295.585,124.97496093750033,2.996563115167813
2025-09-16,Dayton,Phoenix,Dry Van,2155.9,3944.47,3954.7996,10.3295605468752,0.26187448622692533
2025-09-16,Raleigh,Lexington,Dry Van,502.9,1081.8,1083.3341,1.5341064453125455,0.1418105421808602
2025-09-16,Cincinnati,Philadelphia,Reefer,873.3,2057.08,2012.572,44.50797851562493,2.1636484004328915
2025-09-16,Columbia,Amarillo,Reefer,1393.1,3174.22,3225.1426,50.9225781250002,1.604254844497237
2025-09-16,Providence,Oklahoma City,Dry Van,1994.1,4067.99,3637.5857,430.4043066406248,10.580269534601236
2025-09-16,Hartford,Kansas City,Dry Van,1189.3,2224.4,2246.2917,21.89174804687491,0.9841641812117833
2025-09-16,Albuquerque,Lexington,Reefer,1595.4,3577.0,3485.1401,91.85986328125,2.568069982701985
2025-09-16,Lubbock,Lexington,Dry Van,1120.2,2154.7,2192.5183,37.81831054687518,1.7551543392061626
2025-09-16,Harrisburg,Baton Rouge,Flatbed,1231.4,2756.57,2698.6655,57.904472656250164,2.100598666322646
2025-09-16,Amarillo,Baltimore,Dry Van,2137.0,4126.92,4090.2412,36.67878906250007,0.8887690835417229
2025-09-16,Syracuse,Charleston,Reefer,727.4,1659.73,1635.5823,24.147724609375018,1.4549188488112537
2025-09-16,Atlanta,Phoenix,Flatbed,2042.8,4080.93,4009.6328,71.29718749999984,1.7470818538911435
2025-09-16,Philadelphia,Kansas City,Reefer,1150.7,2506.42,2469.031,37.38899414062507,1.4917290055387793
2025-09-16,Mobile,Phoenix,Flatbed,1932.7,4029.83,4181.1436,151.31355468750007,3.754837168999687
2025-09-16,Cincinnati,Phoenix,Dry Van,2109.4,4091.43,3848.697,242.73297851562484,5.932717375480574
2025-09-16,Louisville,San Francisco,Dry Van,2209.2,4078.58,4122.4785,43.89851562500007,1.0763186115020442
2025-09-16,Syracuse,Albany,Flatbed,368.1,934.49,943.5868,9.096791992187491,0.9734499023197136
2025-09-16,Milwaukee,New York,Dry Van,939.8,1789.68,1961.3916,171.71160156249994,9.594542128341375
2025-09-16,Charleston,Boston,Dry Van,816.1,1687.91,1694.4327,6.522739257812418,0.3864388064418374
2025-09-16,Little Rock,Buffalo,Dry Van,1080.0,2134.44,2326.3894,191.94940429687495,8.99296322674214
2025-09-16,Tulsa,Nashville,Dry Van,482.3,1132.66,1142.0907,9.430698242187418,0.8326151044609518
2025-09-16,Nashville,Oklahoma City,Dry Van,746.3,1710.51,1761.0331,50.52308105468751,2.9536852198869057
2025-09-16,Lexington,Albuquerque,Flatbed,1650.7,3380.14,3349.8237,30.316269531249873,0.8968939017688579
2025-09-17,Nashville,Buffalo,Dry Van,790.1,1617.6,1630.5316,12.931616210937591,0.7994322583418393
2025-09-17,Lubbock,Amarillo,Dry Van,420.8,1015.28,1019.87396,4.593962402343777,0.4524823105294872
2025-09-17,Columbia,Bakersfield,Dry Van,2175.8,4091.01,4096.809,5.799082031249782,0.14175184199622543
2025-09-17,Detroit,Fresno,Dry Van,2379.3,4336.7,4455.758,119.05781250000018,2.7453550510757068
2025-09-17,Corpus Christi,Phoenix,Reefer,1396.3,3262.82,3255.0068,7.813164062500164,0.23946046862836942
2025-09-17,Los Angeles,Savannah,Dry Van,2425.3,4567.4,4554.547,12.853124999999636,0.2814101020274037
2025-09-17,Savannah,Hartford,Reefer,813.5,1851.07,1771.0599,80.01006347656244,4.322368331643991
2025-09-17,Philadelphia,Madison,Dry Van,1016.0,2103.06,2026.7048,76.35516601562495,3.6306698817734606
2025-09-17,Greensboro,Albany,Dry Van,963.9,1839.0,1802.2355,36.7645263671875,1.999158584403888
2025-09-17,Little Rock,Jacksonville,Flatbed,542.2,1397.52,1352.0665,45.45347167968748,3.252438010167116
2025-09-17,Little Rock,Columbia,Dry Van,604.9,1369.61,1352.5641,17.0459130859374,1.2445815294819256
2025-09-17,Baltimore,Cincinnati,Dry Van,893.7,1714.65,1681.0061,33.64389648437509,1.9621436727247594
2025-09-17,Jacksonville,Tulsa,Dry Van,718.0,1536.66,1475.8011,60.85885253906258,3.9604631173494838
2025-09-17,Corpus Christi,Lexington,Dry Van,1012.6,2021.45,2030.2612,8.811230468749955,0.4358866392317373
2025-09-17,Phoenix,San Francisco,Dry Van,685.2,1509.8,1479.0695,30.730541992187455,2.0354048213132505
2025-09-17,Montgomery,Syracuse,Dry Van,1079.9,2165.33,2242.508,77.17805664062507,3.5642630287588997
2025-09-17,Jacksonville,San Francisco,Dry Van,2413.7,4566.56,4586.132,19.5718359374996,0.42859035986606103
2025-09-17,Harrisburg,Fresno,Reefer,2776.6,5892.61,5865.164,27.445937499999673,0.46576877648443854
2025-09-17,Los Angeles,Green Bay,Dry Van,2275.9,4118.9,3985.1067,133.79331054687464,3.248277708778428
2025-09-17,Indianapolis,Lexington,Dry Van,296.6,700.67,709.7403,9.070295410156291,1.2945174490353935
2025-09-17,Fresno,Lexington,Dry Van,2322.9,4223.34,4167.295,56.045078125000146,1.3270321149848259
2025-09-17,Charleston,Las Vegas,Flatbed,2377.9,4943.1,4721.9004,221.19960937500036,4.474916740001221
2025-09-17,Fort Wayne,Lexington,Dry Van,371.7,899.51,867.34546,32.16454101562499,3.5757847067431148
2025-09-17,Madison,Houston,Dry Van,946.6,1973.28,1857.2483,116.03170898437497,5.880144175402121
2025-09-17,Shreveport,Chattanooga,Reefer,410.2,1165.59,1154.1998,11.390170898437418,0.9772021807357149
2025-09-17,Raleigh,Toledo,Reefer,697.0,1631.56,1637.9508,6.390805664062555,0.3916990894642278
2025-09-17,San Antonio,Fort Wayne,Dry Van,1283.4,2502.95,2406.6594,96.29057617187482,3.8470834883587295
2025-09-17,Greensboro,Shreveport,Dry Van,693.7,1476.1,1422.0051,54.09487304687491,3.6647160115761066
2025-09-17,Syracuse,Little Rock,Dry Van,1188.2,2313.33,2321.8413,8.511308593750073,0.3679245327622982
2025-09-17,Buffalo,Houston,Flatbed,1409.3,3052.05,3013.9778,38.07221679687518,1.2474309659696001
2025-09-17,Lubbock,Grand Rapids,Dry Van,1390.8,2829.57,2910.9917,81.42169921874984,2.877529066916522
2025-09-17,Syracuse,Austin,Flatbed,1839.7,3938.37,3798.7664,139.6036425781249,3.5447061240595703
2025-09-17,Baton Rouge,Bakersfield,Flatbed,1687.4,3648.58,3535.0208,113.55924804687493,3.11242313576446
2025-09-17,Louisville,Raleigh,Dry Van,672.0,1466.6,1410.2258,56.37416992187491,3.8438681250426097
2025-09-17,Green Bay,Grand Rapids,Dry Van,99.5,273.37,331.94656,58.57656372070312,21.427575710832613
2025-09-17,Green Bay,San Antonio,Flatbed,1367.3,3112.83,2877.7288,235.10124023437493,7.552652738324126
2025-09-17,Memphis,Hartford,Dry Van,1180.6,2276.42,2320.0854,43.66544921874993,1.918163134164606
2025-09-17,Chattanooga,Indianapolis,Dry Van,302.4,729.36,744.0036,14.643601074218736,2.0077329541267326
2025-09-17,Oklahoma City,Louisville,Flatbed,881.0,2104.11,2073.2795,30.830458984375127,1.465249392112348
2025-09-17,Harrisburg,Hartford,Flatbed,404.2,990.67,943.0118,47.65822021484371,4.8107059076023
2025-09-17,Lexington,Richmond,Dry Van,562.0,1197.94,1179.259,18.680966796875055,1.5594242446929774
2025-09-17,Grand Rapids,Memphis,Dry Van,673.2,1389.62,1236.8815,152.7385302734374,10.991388312879593
2025-09-17,Chattanooga,Madison,Reefer,553.3,1335.13,1319.495,15.63500488281261,1.1710473798665755
2025-09-17,El Paso,Kansas City,Dry Van,1341.2,2728.59,2643.633,84.95694335937515,3.1135840620751063
2025-09-17,Columbia,Lexington,Dry Van,231.0,573.51,503.8394,69.67061401367187,12.148107969115076
2025-09-17,Bakersfield,Lexington,Reefer,2106.4,4659.3,4322.31,336.9899414062502,7.232630253605696
2025-09-17,Toledo,Lexington,Dry Van,429.3,988.26,969.39496,18.86504150390624,1.908914810263113
2025-09-17,Fresno,Oklahoma City,Dry Van,1423.2,2937.59,2936.201,1.3890722656251455,0.04728611772320662
2025-09-17,Charleston,Columbia,Flatbed,260.8,714.33,722.81757,8.487565917968709,1.1881855610108365
2025-09-17,Harrisburg,Tucson,Dry Van,2431.4,4631.81,4481.132,150.6781640625004,3.253116256118027
2025-09-17,Nashville,Baton Rouge,Reefer,509.2,1360.34,1387.6924,27.352382812500082,2.0107019430804125
2025-09-17,Milwaukee,Birmingham,Dry Van,534.7,1229.15,1223.4285,5.721533203125091,0.4654869790607404
2025-09-17,Corpus Christi,Lexington,Dry Van,1017.3,2138.99,2071.7925,67.19751953124978,3.1415537020392703
2025-09-17,El Paso,Detroit,Flatbed,1838.1,3600.79,3277.7537,323.03633789062496,8.97126291426673
2025-09-17,Little Rock,Montgomery,Dry Van,494.9,1162.72,1140.5231,22.196928710937527,1.909051939498549
2025-09-17,Detroit,San Antonio,Reefer,1460.0,3135.32,2944.7456,190.57439453125016,6.078307621909412
2025-09-17,Madison,Albany,Dry Van,1117.0,2066.78,2155.0498,88.2698046874998,4.2708853718102455
2025-09-17,Corpus Christi,New York,Dry Van,1750.3,3598.79,3433.4336,165.35640624999996,4.594777862837231
2025-09-17,Albuquerque,Columbia,Flatbed,1727.6,3908.44,3716.5547,191.88531250000005,4.909511531455006
2025-09-17,Cincinnati,Philadelphia,Dry Van,912.9,1846.47,1839.3054,7.164580078125027,0.3880149733342555
2025-09-17,Los Angeles,Montgomery,Reefer,2175.6,4706.92,4436.7656,270.1543750000001,5.739514905713292
2025-09-17,Columbia,Montgomery,Dry Van,337.6,814.08,795.1872,18.89280517578129,2.3207553527640146
2025-09-17,Raleigh,Greensboro,Dry Van,369.1,880.59,949.7219,69.13192382812497,7.850636939793203
2025-09-17,Bakersfield,Providence,Dry Van,3117.0,5846.36,5737.6304,108.72962890624967,1.859783333668294
2025-09-17,Columbia,Philadelphia,Flatbed,758.7,1720.64,1551.6467,168.9932714843751,9.821535677676625
2025-09-17,Amarillo,Greensboro,Reefer,1427.5,3312.66,3261.2605,51.399501953124854,1.5516081322298352
2025-09-17,Philadelphia,Oklahoma City,Flatbed,1783.1,3690.6,3687.0547,3.545312499999909,0.09606330948896952
2025-09-17,Oklahoma City,Memphis,Dry Van,668.6,1488.08,1549.2639,61.18391601562507,4.111601259046898
2025-09-17,Phoenix,Little Rock,Flatbed,1639.4,3655.47,3356.1377,299.3323046874998,8.188613357174312
2025-09-17,Bakersfield,Mobile,Reefer,1958.8,4523.32,4245.516,277.8038867187497,6.14159260717238
2025-09-17,Baton Rouge,Bakersfield,Dry Van,1645.5,3177.01,3061.0625,115.94750000000022,3.6495793214374586
2025-09-17,New York,El Paso,Reefer,2353.6,5112.3,4765.1836,347.1164062500002,6.789828575200989
2025-09-17,Dallas,Tampa,Flatbed,564.5,1371.31,1527.5038,156.19378417968755,11.390114866783408
2025-09-17,Boston,Bakersfield,Reefer,3032.3,6357.66,6240.3076,117.35238281249985,1.8458423824567507
2025-09-17,Los Angeles,Jacksonville,Dry Van,2192.5,4269.7,4250.869,18.830859374999818,0.44103471848138787
2025-09-17,Los Angeles,Atlanta,Dry Van,2092.9,3970.47,3790.9507,179.5193164062498,4.521361864118098
2025-09-17,Birmingham,Chattanooga,Dry Van,165.9,452.28,466.9925,14.712492675781277,3.252961147028672
2025-09-17,Milwaukee,Detroit,Dry Van,445.1,959.77,899.0224,60.74760009765623,6.329391426868544
2025-09-17,El Paso,Kansas City,Dry Van,1330.0,2751.84,2660.0906,91.74942382812515,3.334111860723194
2025-09-17,Montgomery,Chattanooga,Flatbed,345.2,911.83,971.14886,59.31886474609371,6.505474128521074
2025-09-17,Washington,Toledo,Dry Van,553.4,1119.2,1130.6593,11.459301757812455,1.023883287867446
2025-09-17,Raleigh,Montgomery,Dry Van,659.0,1404.58,1373.3336,31.246381835937427,2.2246067746897595
2025-09-17,Grand Rapids,Nashville,Dry Van,678.6,1388.78,1347.3732,41.40683105468747,2.9815255875435613
2025-09-17,Washington,Nashville,Reefer,755.7,1679.9,1578.5298,101.37021484375009,6.034300544303237
2025-09-17,Toledo,Oklahoma City,Reefer,1241.7,2806.83,2657.838,148.99210937499993,5.308198550500028
2025-09-17,Syracuse,Albany,Reefer,391.4,960.78,944.8511,15.928925781249973,1.6579160454266297
2025-09-17,Toledo,Columbia,Flatbed,608.8,1470.55,1420.1736,50.376416015624955,3.4256853568817762
2025-09-17,Tampa,Bakersfield,Flatbed,2077.9,4412.66,4198.257,214.40316406249985,4.858819035740344
2025-09-17,Tulsa,Dayton,Flatbed,785.6,1701.66,1620.7787,80.88131347656258,4.7530830763232705
2025-09-17,Phoenix,Nashville,Dry Van,1979.0,3611.76,3581.0244,30.73558593750022,0.8509863871768948
2025-09-17,Atlanta,Tampa,Dry Van,530.2,1248.13,1236.22,11.91002929687511,0.954229871637979
2025-09-17,Philadelphia,Kansas City,Flatbed,1150.9,2579.63,2560.0256,19.60436523437511,0.7599681052854521
2025-09-17,Reno,Austin,Dry Van,1481.8,2995.71,2885.594,110.11600585937504,3.6757899082145813
2025-09-17,Raleigh,Bakersfield,Reefer,2529.3,5378.9,5071.323,307.57675781249964,5.7182092586309405
2025-09-17,Indianapolis,Shreveport,Reefer,545.0,1445.94,1440.9907,4.949277343750055,0.3422878780412779
2025-09-17,Tampa,Amarillo,Reefer,1259.0,2932.57,2848.1917,84.37834960937516,2.877283393384477
2025-09-17,Nashville,Boston,Reefer,1202.7,2622.63,2500.9634,121.66662109375011,4.639107350016972
2025-09-17,Cincinnati,Philadelphia,Dry Van,912.7,1931.11,1875.7311,55.3789208984374,2.8677248265731836
2025-09-17,Greensboro,Buffalo,Flatbed,552.5,1278.61,1243.5066,35.1034082031249,2.745435136838043
2025-09-17,Albuquerque,Memphis,Flatbed,1315.6,2749.07,2820.0186,70.94855468749984,2.5808202296594787
2025-09-17,Amarillo,Raleigh,Reefer,1775.6,3878.08,3809.3079,68.77213867187493,1.7733553374833664
2025-09-17,Fort Wayne,Lexington,Dry Van,354.9,3848.82,825.50934,3023.310661621094,78.55162521554901
2025-09-17,Buffalo,Green Bay,Reefer,587.7,1368.56,1350.6453,17.914736328124945,1.3090208926261873
2025-09-17,Albany,Baltimore,Dry Van,488.5,1073.49,1050.4419,23.04810546875001,2.1470256330985857
2025-09-17,Bakersfield,Tucson,Dry Van,322.3,814.99,782.57556,32.41443847656251,3.9772805159035705
2025-09-17,El Paso,Fort Wayne,Reefer,1708.2,3588.73,4089.3281,500.598125,13.949172130530856
2025-09-17,Milwaukee,Providence,Flatbed,1233.1,2577.91,2500.2058,77.70418945312485,3.0142320505031153
2025-09-17,Charleston,El Paso,Reefer,2012.7,4132.31,4204.958,72.6480078124996,1.7580483509828544
2025-09-17,San Antonio,Detroit,Dry Van,1481.6,2885.53,2836.74,48.7900097656252,1.690850892751945
2025-09-17,Hartford,Bakersfield,Dry Van,2900.1,5317.19,5035.763,281.4268164062496,5.292773371014571
2025-09-17,Mobile,Tampa,Dry Van,326.6,791.36,766.9524,24.407607421875014,3.0842609459506436
2025-09-17,Lubbock,Reno,Dry Van,1475.1,2796.78,2802.5334,5.7534472656248,0.20571683384552233
2025-09-17,Tucson,Fresno,Dry Van,494.1,1162.66,1168.858,6.198032226562418,0.5330906908780226
2025-09-17,Corpus Christi,Grand Rapids,Dry Van,1355.1,2826.87,2712.8684,114.00159179687489,4.032785087282927
2025-09-17,New York,Baton Rouge,Dry Van,1461.4,2943.01,2830.7195,112.29051757812522,3.8154990155699506
2025-09-17,Oklahoma City,Albuquerque,Flatbed,803.5,1914.6,1806.8674,107.73256835937491,5.6268969162945215
2025-09-17,Baton Rouge,Washington,Dry Van,1256.2,2533.96,2503.1665,30.793496093750036,1.215232130489433
2025-09-17,El Paso,Hartford,Reefer,2471.7,5358.59,5190.451,168.13882812500015,3.1377438491282246
2025-09-17,Tampa,Chattanooga,Dry Van,585.4,1338.09,1259.1218,78.96817382812492,5.901559224575696
2025-09-17,Milwaukee,St. Louis,Dry Van,155.9,414.0,421.39297,7.392974853515625,1.7857427182404892
2025-09-17,Chattanooga,Bakersfield,Dry Van,1961.7,3889.04,3647.6768,241.36324218749996,6.20624221369541
2025-09-17,Philadelphia,Baltimore,Dry Van,112.9,316.38,345.1763,28.79630004882813,9.10180796789561
2025-09-17,Mobile,Greensboro,Reefer,517.9,1317.55,1338.175,20.625048828125045,1.5654091934366854
2025-09-17,Toledo,Cincinnati,Dry Van,456.2,999.43,1014.33185,14.9018481445313,1.4910347042345438
2025-09-17,Cincinnati,Oklahoma City,Dry Van,908.7,2000.33,1939.64,60.68998535156243,3.0339986577995846
2025-09-17,Charleston,Syracuse,Reefer,731.7,1650.1,1595.6703,54.42971191406241,3.2985705056701056
2025-09-17,Hartford,Reno,Reefer,2807.6,5395.2,5495.0396,99.83955078125018,1.8505254815623182
2025-09-17,Fort Wayne,Houston,Dry Van,1062.9,2252.16,2224.758,27.401943359374854,1.216696121029361
2025-09-17,Philadelphia,Richmond,Dry Van,274.0,624.09,586.3956,37.69437011718753,6.039893303399755
2025-09-17,Albany,Jacksonville,Reefer,1319.8,2935.57,2933.1506,2.4193652343751637,0.0824155184299868
2025-09-17,Kansas City,Tucson,Flatbed,1615.5,3551.15,3342.8167,208.3333496093751,5.86664459708475
2025-09-17,Corpus Christi,Lubbock,Reefer,319.9,918.41,905.4168,12.993190917968718,1.4147484149746539
2025-09-17,Albany,Las Vegas,Flatbed,2885.5,5576.86,5208.067,368.7931054687497,6.612916685531816
2025-09-17,Albany,Shreveport,Dry Van,1612.0,3261.98,3160.635,101.34499023437502,3.1068550461491187
2025-09-17,Little Rock,Atlanta,Dry Van,410.8,992.4,971.3394,21.060583496093727,2.122186970585825
2025-09-17,Shreveport,Grand Rapids,Reefer,960.3,2275.66,2267.6455,8.014492187499854,0.35218319904993955
2025-09-17,Raleigh,Greensboro,Reefer,372.8,1031.93,1291.3031,259.37310058593744,25.13475725930416
2025-09-17,Shreveport,Green Bay,Reefer,991.2,2383.15,2332.8516,50.29843750000009,2.1105863038415578
2025-09-17,Phoenix,Atlanta,Dry Van,2051.3,3999.28,3817.3179,181.9621289062502,4.549872199652192
2025-09-17,Oklahoma City,Tulsa,Dry Van,303.5,796.55,775.2638,21.286206054687455,2.6723000508050285
2025-09-17,Richmond,Las Vegas,Flatbed,2559.0,5227.72,4959.53,268.19021484375025,5.1301564514501585
2025-09-17,Houston,Philadelphia,Reefer,1564.9,3322.27,3370.8525,48.58253906250002,1.4623296439633149
2025-09-17,Chattanooga,Richmond,Reefer,731.9,1805.75,1719.6084,86.1416015625,4.770405735151599
2025-09-17,Louisville,Columbia,Dry Van,378.6,897.02,893.6222,3.397807617187482,0.37878839013483334
2025-09-17,Tucson,New York,Flatbed,2666.7,5307.92,5141.795,166.12507812500007,3.129758514163741
2025-09-17,Richmond,Atlanta,Reefer,698.6,1599.52,1604.4882,4.968159179687518,0.3106031296693707
2025-09-17,Philadelphia,Toledo,Dry Van,744.2,1503.91,1537.5657,33.65567382812492,2.237878186069972
2025-09-17,Oklahoma City,Phoenix,Dry Van,1226.1,2470.32,2443.5566,26.763359375000164,1.0833964577463713
2025-09-17,Tucson,Los Angeles,Dry Van,353.3,837.75,870.08673,32.33673095703125,3.8599499799500148
2025-09-17,San Antonio,Tampa,Dry Van,825.9,1786.6,1755.9766,30.62343749999991,1.714062325086752
2025-09-17,Bakersfield,Atlanta,Reefer,2021.7,4381.32,4279.724,101.59587890624971,2.318841785266762
2025-09-18,Cincinnati,Toledo,Reefer,450.1,1182.12,1125.1831,56.93689453124989,4.816507167736769
2025-09-18,Fort Wayne,Shreveport,Dry Van,845.4,1790.79,1741.5024,49.287558593749964,2.752280200009491
2025-09-18,Corpus Christi,Albuquerque,Dry Van,1112.0,2372.58,2342.3145,30.265546874999927,1.2756386244088682
2025-09-18,Cincinnati,Shreveport,Dry Van,546.7,1245.98,1206.4791,39.50087402343752,3.1702654957092022
2025-09-18,Cincinnati,Hartford,Reefer,951.8,2246.24,2263.6648,17.42479492187522,0.7757316636635098
2025-09-18,Bakersfield,Phoenix,Reefer,381.6,980.22,1029.077,48.85702636718747,4.984291931116227
2025-09-18,Tucson,Los Angeles,Flatbed,328.9,859.17,865.53876,6.368757324218791,0.7412685876158143
2025-09-18,Los Angeles,Tulsa,Dry Van,1590.3,3153.62,3042.2473,111.37268554687489,3.5315822942166433
2025-09-18,St. Louis,New York,Dry Van,1006.6,1933.02,1959.6033,26.583271484375018,1.375219681347064
2025-09-18,Los Angeles,Buffalo,Flatbed,2735.9,5495.7,5288.776,206.92412109374982,3.765200449328563
2025-09-18,Buffalo,Harrisburg,Dry Van,175.6,436.95,431.70697,5.243029785156239,1.1999152729502778
2025-09-18,Oklahoma City,Cincinnati,Dry Van,937.8,2059.06,1972.3326,86.72735839843745,4.211987916740525
2025-09-18,Corpus Christi,Philadelphia,Dry Van,1788.2,3435.44,3785.765,350.32489257812495,10.197380614364533
2025-09-18,Hartford,Tampa,Dry Van,1406.1,2781.29,2824.5151,43.225136718750036,1.5541398674266271
2025-09-18,Albany,Charleston,Dry Van,953.7,1843.05,1895.498,52.448046875000045,2.845720239548577
2025-09-18,Grand Rapids,Baltimore,Dry Van,953.6,1946.98,1717.1578,229.82216308593752,11.804033071009332
2025-09-18,Oklahoma City,Fort Wayne,Dry Van,1142.8,2332.46,2356.826,24.365927734374964,1.0446450414744501
2025-09-18,Raleigh,Phoenix,Reefer,2680.4,5695.78,5406.6074,289.17257812499975,5.076961858165164
2025-09-18,Kansas City,Richmond,Flatbed,909.0,2032.48,1984.9744,47.50563476562502,2.337323602969034
2025-09-18,Washington,San Antonio,Reefer,1643.0,3604.9,3087.1455,517.7544921875001,14.362520241546232
2025-09-18,Bakersfield,Buffalo,Flatbed,2543.9,5154.0,5040.3237,113.67626953125,2.2055931224534344
2025-09-18,Greensboro,New York,Dry Van,660.6,1341.43,1321.3115,20.118476562500064,1.4997783382286114
2025-09-18,New York,Boston,Reefer,305.2,836.33,822.0516,14.278425292968791,1.7072716861727775
2025-09-18,Oklahoma City,Boston,Dry Van,1959.5,3815.87,3724.5474,91.32263671874989,2.3932323878630535
2025-09-18,Green Bay,Philadelphia,Reefer,946.1,885.17,2149.8633,1264.69328125,142.87575056203895
2025-09-18,Lexington,Salt Lake City,Flatbed,1835.2,4030.69,3898.0266,132.66338867187505,3.291331972239866
2025-09-18,Philadelphia,Cincinnati,Reefer,918.5,2164.8,2165.6248,0.8247558593748181,0.03809847835249529
2025-09-18,Savannah,Memphis,Dry Van,499.4,1115.02,1096.5884,18.431621093749982,1.6530305370083032
2025-09-18,New York,Oklahoma City,Dry Van,1715.6,3388.51,3343.2632,45.24681640625022,1.3353012505865474
2025-09-18,San Antonio,Philadelphia,Dry Van,1879.1,3529.08,3620.8674,91.78743164062507,2.6008883799920963
2025-09-18,Providence,Dallas,Dry Van,1695.0,3266.65,3135.325,131.3250488281251,4.020175067060293
2025-09-18,Corpus Christi,Cincinnati,Dry Van,936.5,2045.91,1956.0725,89.83749023437508,4.391077331572507
2025-09-18,Baltimore,Raleigh,Reefer,395.7,1042.37,1036.9491,5.420903320312391,0.5200555772242478
2025-09-18,Bakersfield,Albuquerque,Flatbed,518.4,1264.25,1244.362,19.887939453125,1.5731017957781293
2025-09-18,Grand Rapids,Corpus Christi,Reefer,1355.4,3029.19,2956.7205,72.46954101562505,2.392373572328743
2025-09-18,Shreveport,Chattanooga,Dry Van,427.0,1065.43,1065.7084,0.27837402343743634,0.026127856681099303
2025-09-18,Grand Rapids,Buffalo,Dry Van,507.2,1037.51,1033.9192,3.590810546874991,0.34609888549266904
2025-09-18,Fort Wayne,Baton Rouge,Reefer,979.8,2417.3,2377.2969,40.00312500000018,1.6548680345840474
2025-09-18,Bakersfield,St. Louis,Reefer,1768.0,4019.3,3937.4988,81.80122070312518,2.035210626306202
2025-09-18,Shreveport,Philadelphia,Dry Van,1374.9,2703.52,2158.5337,544.98630859375,20.158397518559138
2025-09-18,Lexington,Tulsa,Dry Van,713.3,1567.93,1471.7169,96.21308105468756,6.13631227508164
2025-09-18,Baton Rouge,Kansas City,Dry Van,729.9,1649.02,1580.6876,68.33237792968748,4.143817414566682
2025-09-18,Philadelphia,Tucson,Reefer,2721.2,5797.14,5424.951,372.1888281250003,6.420214590729227
2025-09-18,Corpus Christi,Cincinnati,Flatbed,928.0,2220.74,2291.2485,70.50853515625022,3.1750018082373543
2025-09-18,Shreveport,Jacksonville,Flatbed,529.9,1321.15,1341.9255,20.77553710937491,1.5725343155111007
2025-09-18,Syracuse,Madison,Dry Van,780.7,1567.88,1593.5681,25.68811523437489,1.6383980428588214
2025-09-18,Phoenix,Richmond,Dry Van,2787.3,5298.62,5155.4526,143.1673632812499,2.701974538299593
2025-09-18,Columbia,Las Vegas,Flatbed,2075.6,4547.86,4302.741,245.11878906249967,5.389761097802037
2025-09-18,Nashville,Kansas City,Dry Van,400.7,885.3,882.46497,2.8350341796874545,0.32023429116541907
2025-09-18,Phoenix,Hartford,Dry Van,2960.1,5223.67,5276.6924,53.02238281249993,1.0150408201992072
2025-09-18,Greensboro,Baton Rouge,Reefer,828.3,1986.74,1645.9802,340.759775390625,17.151704570835893
2025-09-18,Chattanooga,Raleigh,Dry Van,658.7,1416.04,1306.1,109.94002441406246,7.763906698544
2025-09-18,Indianapolis,Philadelphia,Flatbed,986.2,2259.09,2191.644,67.44595703125015,2.985536522725971
2025-09-18,Buffalo,Oklahoma City,Dry Van,1527.4,3119.9,2899.0676,220.8323730468751,7.0781875395645715
2025-09-18,Washington,Baton Rouge,Dry Van,1246.6,2612.11,2561.3352,50.77479492187513,1.9438229983375557
2025-09-18,Louisville,Savannah,Flatbed,464.6,1167.77,1144.147,23.623027343749982,2.0229178129040806
2025-09-18,El Paso,Dallas,Dry Van,1109.4,2337.65,2248.0413,89.60874023437509,3.833283007908587
2025-09-18,Los Angeles,Raleigh,Dry Van,2655.2,4868.18,4871.027,2.846855468749709,0.05847884566202787
2025-09-18,Louisville,Los Angeles,Dry Van,2123.9,3972.67,3886.9355,85.73445312500007,2.158106591410816
2025-09-18,Nashville,Fresno,Dry Van,2100.5,4109.95,3974.276,135.67412109374982,3.3011136654642956
2025-09-18,Shreveport,Green Bay,Dry Van,988.1,1958.31,1952.4662,5.843813476562445,0.29841105221147035
2025-09-18,Detroit,New Orleans,Dry Van,1042.0,2130.39,2113.5164,16.873642578124873,0.7920447701183762
2025-09-18,St. Louis,Buffalo,Reefer,755.3,1788.14,1770.1053,18.0346533203126,1.0085705437109287
2025-09-18,San Antonio,Birmingham,Reefer,876.5,2137.06,2096.025,41.035097656249945,1.9201659128077802
2025-09-18,Nashville,Bakersfield,Dry Van,1908.0,3595.28,3640.9568,45.6767871093748,1.270465363181026
2025-09-18,New York,Madison,Reefer,976.1,2314.91,2288.2893,26.620693359374854,1.1499666664956676
2025-09-18,Jacksonville,Salt Lake City,Dry Van,1905.8,3538.35,3623.0754,84.72543945312509,2.3944900717318833
2025-09-18,Lubbock,New York,Dry Van,1882.8,3771.62,3767.4888,4.131230468749891,0.1095346421100188
2025-09-18,Fresno,Bakersfield,Dry Van,234.0,564.55,553.9197,10.630322265624955,1.8829726801213278
2025-09-18,San Antonio,Buffalo,Dry Van,1643.8,3055.45,2853.1018,202.34819335937482,6.622533288365866
2025-09-18,Los Angeles,Hartford,Reefer,3044.8,6586.76,6175.0522,411.7077539062502,6.250535223786052
2025-09-18,Milwaukee,Tulsa,Reefer,662.7,1752.61,1861.1484,108.5384375000001,6.192960070979859
2025-09-18,Hartford,Lexington,Reefer,850.9,2056.74,2021.662,35.07801269531228,1.7055151694094675
2025-09-18,Fresno,Phoenix,Dry Van,461.2,1099.58,1088.2864,11.293623046874927,1.0270851640512675
2025-09-18,Greensboro,Boston,Flatbed,873.4,2031.94,1941.689,90.25103515625005,4.441619100773155
2025-09-18,Lexington,Los Angeles,Dry Van,2262.9,4129.46,4066.7463,62.713662109375036,1.5186891775044447
2025-09-18,Shreveport,Fresno,Flatbed,1861.4,4083.22,3948.7153,134.5046679687498,3.2940832962404625
2025-09-18,Albany,Harrisburg,Reefer,559.9,1344.15,1280.899,63.25095214843759,4.705646851053647
2025-09-18,Green Bay,Savannah,Dry Van,926.0,1770.17,1819.8116,49.64164550781243,2.804343396838294
2025-09-18,Greensboro,Richmond,Dry Van,447.6,1027.87,1016.94525,10.92474853515614,1.062853136598611
2025-09-18,Memphis,Green Bay,Reefer,741.3,1771.04,1681.3021,89.73787597656246,5.066959299426465
2025-09-18,Tulsa,Dallas,Reefer,159.4,478.02,556.96405,78.94405029296877,16.514800697244628
2025-09-18,Jacksonville,Baltimore,Reefer,931.6,2240.88,2542.7578,301.8778124999999,13.471395724001281
2025-09-18,Fresno,Toledo,Dry Van,2390.0,4419.92,4470.036,50.11613281249993,1.1338696811820106
2025-09-18,Lexington,Toledo,Dry Van,407.6,929.25,918.85004,10.39996337890625,1.119178195201103
2025-09-18,Lexington,El Paso,Flatbed,1728.2,3628.7,3491.1829,137.51713867187482,3.789708123346511
2025-09-18,Cincinnati,Oklahoma City,Reefer,896.0,2265.66,2152.7275,112.93246093749985,4.984528170047573
2025-09-18,Hartford,Savannah,Dry Van,832.3,1740.58,1816.4937,75.91365234375007,4.36139978304646
2025-09-18,Baton Rouge,Milwaukee,Dry Van,801.4,1650.49,1647.2191,3.270883789062509,0.19817652873161964
2025-09-18,Reno,Greensboro,Reefer,2250.1,4786.14,4796.7007,10.560683593749673,0.22065137237418192
2025-09-18,Atlanta,San Antonio,Dry Van,928.4,1915.64,2091.2646,175.6246484374999,9.167935960697204
2025-09-18,Shreveport,Philadelphia,Reefer,1344.4,2864.86,2703.3362,161.52381835937513,5.638105120647261
2025-09-18,Oklahoma City,Columbia,Flatbed,1049.2,2342.44,2276.1426,66.29742187500005,2.830271933325936
2025-09-18,Montgomery,Nashville,Reefer,366.0,987.48,1002.60767,15.127666015624982,1.5319465726521024
2025-09-18,New Orleans,Richmond,Dry Van,1098.9,2390.47,2364.522,25.9480273437498,1.085478058446657
2025-09-18,Harrisburg,Los Angeles,Reefer,2743.0,5812.57,5624.6714,187.8986132812497,3.2326253839738652
2025-09-18,Oklahoma City,Baton Rouge,Dry Van,434.2,1047.42,1126.6974,79.27738769531243,7.568825084045791
2025-09-18,Raleigh,San Francisco,Dry Van,2854.4,5446.12,5290.022,156.0980273437499,2.8662245294585853
2025-09-18,Hartford,Albany,Dry Van,368.4,800.45,712.7303,87.7197143554688,10.958799969450784
2025-09-18,Grand Rapids,Indianapolis,Dry Van,434.8,995.21,993.36884,1.8411645507812864,0.18500261761651174
2025-09-18,Tulsa,Baltimore,Dry Van,1490.5,2915.4,2860.6594,54.74057617187509,1.8776351846016015
2025-09-18,Austin,Columbia,Dry Van,1212.1,2328.57,2458.3445,129.77448242187484,5.5731407010257294
2025-09-18,Green Bay,Amarillo,Reefer,1403.9,2995.54,3265.2668,269.72684570312504,9.004281221520161
2025-09-18,Philadelphia,Phoenix,Dry Van,2929.2,4914.73,4741.317,173.41310546874956,3.5284360579065295
2025-09-18,Mobile,Los Angeles,Dry Van,1997.6,3696.63,3618.7715,77.85851562500011,2.1062025581407964
2025-09-18,Tucson,Charleston,Flatbed,2365.7,4894.62,4654.42,240.2000781249999,4.9074305691759506
2025-09-18,Detroit,San Antonio,Dry Van,1435.2,2822.47,2715.419,107.0510546874998,3.792814615832934
2025-09-18,Buffalo,Fort Wayne,Dry Van,431.4,966.91,958.9026,8.007412109374968,0.8281445128683093
2025-09-18,Amarillo,Los Angeles,Reefer,916.3,2294.9,2229.7424,65.15756835937509,2.8392334463103004
2025-09-18,Jacksonville,Fort Wayne,Reefer,765.5,1917.68,1961.2653,43.585258789062436,2.272811876280841
2025-09-18,Baton Rouge,Lubbock,Reefer,493.4,1337.6,1303.6621,33.93789062499991,2.5372226842852807
2025-09-18,Kansas City,Fresno,Dry Van,1906.7,3669.73,3722.1,52.37009765624998,1.4270831275393552
2025-09-18,Oklahoma City,Toledo,Dry Van,1220.0,2518.18,2411.6782,106.50177734374984,4.229315511351446
2025-09-18,Syracuse,Fort Wayne,Reefer,510.4,1315.02,1258.0725,56.94749023437498,4.330541758632947
2025-09-18,Green Bay,Greensboro,Dry Van,752.7,1542.34,1503.9335,38.40652832031242,2.490146681037412
2025-09-18,Fort Wayne,Columbia,Dry Van,562.6,1246.18,1196.1213,50.058662109375064,4.016968825480674
2025-09-18,Louisville,Nashville,Reefer,192.5,599.39,606.3894,6.999404296875014,1.167754599989158
2025-09-18,Boston,Houston,Flatbed,1838.4,4103.83,3879.9192,223.91081054687493,5.4561424461265435
2025-09-18,Nashville,Lubbock,Dry Van,936.7,2050.57,2028.1779,22.392143554687664,1.0919960574224563
2025-09-18,Grand Rapids,Mobile,Flatbed,964.1,2133.38,2006.2891,127.09093750000011,5.95725738030731
2025-09-18,Jacksonville,Reno,Dry Van,2264.9,4187.8,4134.837,52.96308593750018,1.2646995066025164
2025-09-18,Atlanta,Albuquerque,Flatbed,1528.1,3405.96,3263.6538,142.30619140625004,4.178152162863041
2025-09-18,Cincinnati,Fort Wayne,Reefer,371.2,966.93,976.3737,9.4437182617188,0.9766703134372499
2025-09-18,Chattanooga,Columbia,Dry Van,276.3,683.55,674.89545,8.654553222656205,1.2661185315860148
2025-09-18,Bakersfield,Houston,Dry Van,1500.6,3083.47,2933.6404,149.8296191406248,4.859123621784056
2025-09-18,New York,Memphis,Flatbed,1077.8,2349.97,2283.7341,66.2358691406248,2.818583604923672
2025-09-18,Cincinnati,Grand Rapids,Dry Van,521.2,1089.72,1086.151,3.5689990234375273,0.32751523542171634
2025-09-18,Shreveport,Lexington,Dry Van,611.5,1388.56,1399.2155,10.655454101562555,0.7673744095726908
2025-09-18,Fresno,Phoenix,Dry Van,475.7,1096.12,1098.2504,2.130366210937609,0.1943551993337964
2025-09-18,Austin,San Antonio,Flatbed,116.9,386.27,384.72064,1.5493579101562318,0.4011074922091366
2025-09-18,Richmond,Greensboro,Flatbed,447.2,1155.18,1116.9131,38.266914062500064,3.3126364776485104
2025-09-18,Cincinnati,Atlanta,Dry Van,205.7,535.96,503.94626,32.01374145507816,5.973158716150116
2025-09-18,Little Rock,New York,Flatbed,1247.4,2817.62,2638.0525,179.5675097656249,6.3730208390636385
2025-09-18,Greensboro,Houston,Dry Van,913.8,1850.05,1827.4115,22.638500976562455,1.2236696833362588
2025-09-18,San Francisco,Syracuse,Dry Van,2845.8,4899.37,4941.642,42.27208984375011,0.8628066433796613
2025-09-18,Lubbock,Cincinnati,Reefer,1053.9,2715.31,2527.6301,187.67987304687495,6.911913300760316
2025-09-18,Tucson,Bakersfield,Dry Van,328.2,757.99,753.0572,4.932810058593759,0.6507750839184896
2025-09-18,Atlanta,Richmond,Flatbed,676.0,1657.2,1380.355,276.84501953125005,16.705588916923126
2025-09-18,Las Vegas,Reno,Dry Van,574.6,1187.35,1207.5408,20.19077148437509,1.7004902921948113
2025-09-18,Milwaukee,Cincinnati,Flatbed,239.7,657.12,630.3027,26.817326660156255,4.081039484440628
2025-09-18,Baton Rouge,Cincinnati,Dry Van,694.4,1626.15,1543.424,82.72604980468759,5.0872336380215595
2025-09-18,Tulsa,Tampa,Dry Van,677.8,1558.19,1495.3154,62.874570312500055,4.035102927916368
2025-09-18,Atlanta,Raleigh,Dry Van,580.1,1344.39,1268.0074,76.3825537109376,5.681577050627987
2025-09-18,Milwaukee,Grand Rapids,Reefer,349.1,897.6,871.12744,26.472558593750023,2.949260092886589
2025-09-18,Greensboro,Baltimore,Reefer,680.8,1636.88,1588.0901,48.78991210937511,2.9806651745622834
2025-09-18,Columbia,Tulsa,Dry Van,776.4,1756.73,1710.6675,46.06251953125002,2.6220602785430898
2025-09-18,Houston,New York,Dry Van,1548.5,3063.44,2978.298,85.14190429687505,2.7792907416784742
2025-09-18,Atlanta,Mobile,Reefer,294.1,816.57,876.12415,59.55414550781245,7.293207625532709
2025-09-18,Hartford,Columbia,Dry Van,844.3,1765.83,1771.4927,5.662675781250073,0.3206806873396688
2025-09-18,Harrisburg,San Francisco,Dry Van,2799.5,5166.2,5105.4634,60.73662109374982,1.1756536931158263
2025-09-18,Baltimore,Memphis,Dry Van,1089.0,2083.43,2099.775,16.344902343750164,0.7845189108225457
2025-09-18,Grand Rapids,Los Angeles,Reefer,2306.1,4607.16,4349.1265,258.03353515624985,5.600707055024133
2025-09-18,New York,Buffalo,Dry Van,346.3,779.84,642.18665,137.65335449218753,17.651486778337546
2025-09-18,Kansas City,Memphis,Dry Van,346.5,836.28,736.5198,99.76022460937497,11.92904584700997
2025-09-18,Los Angeles,Baton Rouge,Dry Van,1710.1,3176.84,3196.7595,19.919521484374854,0.627023126263043
2025-09-18,Louisville,Lexington,Dry Van,190.7,495.46,480.76703,14.69297119140623,2.965521170509472
2025-09-18,Tucson,Jacksonville,Reefer,1968.0,4347.36,4287.3975,59.96253906249967,1.379286257924342
2025-09-18,Montgomery,Phoenix,Dry Van,2110.6,4178.51,3977.3516,201.15843750000022,4.814118848584788
2025-09-18,El Paso,Nashville,Dry Van,1470.7,3006.37,2903.3354,103.03455078124989,3.427207921222268
2025-09-18,Fresno,Fort Wayne,Dry Van,2266.5,4053.08,3980.1033,72.97672851562493,1.8005252429171132
2025-09-18,Savannah,Little Rock,Reefer,659.6,1607.34,1652.4941,45.15414062500008,2.8092463713340106
2025-09-18,San Antonio,Birmingham,Dry Van,896.6,1949.7,1867.1099,82.59013671875005,4.236043325575732
2025-09-18,Reno,Madison,Reefer,1744.5,3802.99,3808.9045,5.914541015625218,0.15552344380672098
2025-09-18,Charleston,Syracuse,Dry Van,745.7,1483.86,1516.7266,32.8665625000001,2.2149368875770024
2025-09-18,Mobile,Philadelphia,Flatbed,1216.4,2759.78,2653.0283,106.7516796875002,3.868122810060954
2025-09-18,Greensboro,Hartford,Dry Van,738.7,1445.84,1394.8444,50.99563964843742,3.5270596780029204
2025-09-18,Kansas City,Jacksonville,Dry Van,789.6,1615.1,1524.3016,90.79836425781241,5.621841635676579
2025-09-18,Houston,Grand Rapids,Reefer,1149.4,2584.15,2552.513,31.63706054687509,1.224273379907323
2025-09-18,Columbia,Houston,Dry Van,847.3,405.1,1854.6786,1449.5785888671876,357.83228557570663
2025-09-18,Albany,Dallas,Dry Van,1752.4,3412.56,2940.623,471.93695312499995,13.829411149547552
2025-09-18,Baltimore,Austin,Flatbed,1933.1,4087.21,3999.7769,87.43314453125004,2.139188946279982
2025-09-18,New York,Oklahoma City,Dry Van,1763.7,3359.31,3255.0442,104.26581054687495,3.103786508148249
2025-09-18,Lubbock,Bakersfield,Dry Van,1185.6,2325.78,2396.0688,70.2888476562498,3.0221623565534914
2025-09-18,Tampa,Providence,Dry Van,1395.5,2730.21,2676.9556,53.254433593750036,1.9505618100347604
2025-09-19,Memphis,Kansas City,Dry Van,333.3,826.67,830.88586,4.215864257812541,0.5099815231969881
2025-09-19,San Antonio,Memphis,Reefer,789.7,1962.07,1930.1837,31.886284179687436,1.625134892215234
2025-09-19,Lubbock,Dallas,Flatbed,427.8,1166.63,1128.7588,37.87121093750011,3.246205818254297
2025-09-19,Tampa,Hartford,Dry Van,1342.0,2564.42,2523.0115,41.40852539062507,1.614732586340189
2025-09-19,Atlanta,Columbia,Flatbed,217.8,600.81,627.65704,26.847043457031305,4.468474801856045
2025-09-19,Indianapolis,Reno,Reefer,1854.2,4014.66,3927.2095,87.45052734374985,2.1782797881701033
2025-09-19,Chattanooga,Fresno,Flatbed,2170.8,4738.37,4396.4478,341.9222460937499,7.216030957771341
2025-09-19,Detroit,Shreveport,Dry Van,1038.3,2092.82,2043.5557,49.264335937500164,2.353969091345656
2025-09-19,Montgomery,Albuquerque,Dry Van,1618.1,3163.26,3013.009,150.25096679687522,4.74987724046949
2025-09-19,Detroit,Providence,Dry Van,1008.4,2019.13,1961.1016,58.02843750000011,2.873932708641846
2025-09-19,Grand Rapids,Lubbock,Dry Van,1394.5,2802.25,2723.88,78.3701171875,2.796685420198055
2025-09-19,Richmond,Memphis,Reefer,873.8,2066.97,2023.0841,43.8858935546873,2.123199347580628
2025-09-19,Charleston,Bakersfield,Dry Van,2478.6,4590.43,4605.882,15.451835937499709,0.33660977157912675
2025-09-19,Tulsa,San Francisco,Dry Van,1790.8,3670.77,3467.2297,203.54026367187498,5.544892860949473
2025-09-19,Detroit,Los Angeles,Dry Van,2391.1,4250.42,4142.2905,108.12947265625007,2.5439714817888603
2025-09-19,Chattanooga,Lexington,Dry Van,220.6,572.29,588.3382,16.048195800781286,2.804206923200001
2025-09-19,Little Rock,Los Angeles,Reefer,1748.9,3894.84,3882.0442,12.795810546875146,0.32853237994051476
2025-09-19,Buffalo,Kansas City,Dry Van,806.3,1665.41,1593.4342,71.97579589843758,4.321806395928785
2025-09-19,Raleigh,Nashville,Dry Van,721.1,1549.99,1513.9602,36.02979492187501,2.32451789507513
2025-09-19,San Antonio,Austin,Reefer,117.9,373.8,421.2049,47.40489501953124,12.68188737815175
2025-09-19,Chattanooga,Atlanta,Dry Van,84.9,249.46,260.46948,11.009482421874992,4.413325752375127
2025-09-19,Columbia,Providence,Dry Van,924.0,1841.98,1832.1456,9.834370117187518,0.5339021117052041
2025-09-19,Greensboro,Boston,Flatbed,901.8,2160.19,2052.3538,107.83624023437505,4.991979420068375
2025-09-19,Fresno,Raleigh,Dry Van,2862.7,4847.31,4695.141,152.1688867187504,3.13924396662789
2025-09-19,Bakersfield,Washington,Reefer,2597.5,5106.42,4862.7725,243.64753906250007,4.771396380683533
2025-09-19,Cincinnati,Amarillo,Reefer,1198.0,2911.96,2774.182,137.77811523437504,4.731456312393544
2025-09-19,Nashville,San Antonio,Dry Van,851.6,1809.62,1800.0553,9.56470214843739,0.528547548570274
2025-09-19,Phoenix,Lubbock,Dry Van,1115.4,2273.21,2245.7378,27.472207031250036,1.2085204196378705
2025-09-19,Lubbock,Mobile,Flatbed,822.6,2039.79,2001.4469,38.343100585937464,1.879757258636304
2025-09-19,Fresno,Indianapolis,Reefer,2059.3,4417.79,4271.404,146.38619140624996,3.313561563728696
2025-09-19,Shreveport,Baltimore,Dry Van,1344.7,2867.1,2788.4492,78.65078124999991,2.743217231697531
2025-09-19,El Paso,Atlanta,Reefer,1588.7,3683.21,3530.0906,153.11942382812504,4.157227631010044
2025-09-19,Shreveport,Providence,Flatbed,1591.3,3549.61,3342.2778,207.33216796875013,5.8409844452982185
2025-09-19,Harrisburg,Richmond,Reefer,163.6,469.54,474.4403,4.9003076171874795,1.0436400769236869
2025-09-19,Milwaukee,Richmond,Dry Van,751.1,1551.3,1394.2123,157.08771972656245,10.126198654455132
2025-09-19,Richmond,Baton Rouge,Dry Van,1224.1,2382.54,2366.7688,15.771201171874964,0.6619490615844839
2025-09-19,San Francisco,Atlanta,Dry Van,2301.9,4489.53,4892.554,403.02419921875025,8.976979755536778
2025-09-19,Nashville,Phoenix,Dry Van,1968.8,3701.37,3625.378,75.99207031249989,2.053079543858082
2025-09-19,Montgomery,Atlanta,Dry Van,305.5,717.35,662.97833,54.37166748046877,7.579517317971531
2025-09-19,Louisville,Fort Wayne,Flatbed,363.9,918.88,906.0684,12.811579589843745,1.3942603593335088
2025-09-19,Columbia,Albany,Flatbed,1070.0,2313.34,2309.738,3.6019628906251455,0.15570399900685353
2025-09-19,San Antonio,Fort Wayne,Reefer,1307.7,3012.74,2939.4897,73.25025390624978,2.4313499972201313
2025-09-19,Savannah,Fresno,Flatbed,2573.4,5178.86,4876.7637,302.0963281249997,5.833259213900351
2025-09-19,Charleston,Shreveport,Dry Van,871.0,1862.86,1779.3848,83.4752343749999,4.48102564739164
2025-09-19,Boston,Lubbock,Dry Van,2133.1,3962.57,3942.8022,19.767753906250164,0.49886194833782527
2025-09-19,Lexington,Cincinnati,Dry Van,132.2,348.25,373.22604,24.976043701171875,7.171871845275485
2025-09-19,Boston,Mobile,Dry Van,1359.4,2798.54,2695.3103,103.22969726562496,3.6886982950261555
2025-09-19,Mobile,Albany,Dry Van,1450.4,2912.78,2859.0715,53.7084667968752,1.8438902628030676
2025-09-19,Richmond,El Paso,Dry Van,2216.3,4193.39,4096.047,97.34312500000033,2.3213468100987584
2025-09-19,Amarillo,Mobile,Dry Van,1106.1,2333.95,2137.8154,196.13457031249982,8.40354636185436
2025-09-19,Boston,Providence,Flatbed,182.7,545.4,545.4003,0.00032958984377273737,6.043084777644617e-05
2025-09-19,Grand Rapids,Hartford,Dry Van,918.6,1823.61,1805.6041,18.0058740234374,0.9873752624430333
2025-09-19,Mobile,Columbia,Flatbed,427.6,1131.31,1118.0182,13.291811523437445,1.1749044491286602
2025-09-19,Milwaukee,Nashville,Dry Van,378.1,880.09,863.6249,16.465122070312532,1.8708452624518552
2025-09-19,Jacksonville,Providence,Reefer,1083.3,2446.13,2427.756,18.37389648437511,0.751141455457196
2025-09-19,Houston,Fort Wayne,Dry Van,1044.3,432.04,2066.5222,1634.482216796875,378.31733561634917
2025-09-19,Baltimore,Little Rock,Reefer,1272.8,2825.22,2767.7449,57.4751269531248,2.0343593402681845
2025-09-19,Tampa,Memphis,Flatbed,633.1,1526.78,1491.4661,35.31393554687497,2.312968177921834
2025-09-19,Jacksonville,Cincinnati,Dry Van,453.7,1058.42,1050.6273,7.792680664062573,0.7362559913892947
2025-09-19,Atlanta,Madison,Reefer,636.9,1601.24,1531.0742,70.16578125000001,4.381965305013615
2025-09-19,Albuquerque,Greensboro,Reefer,1720.0,3788.58,3591.147,197.43302734374993,5.211267212088696
2025-09-19,Philadelphia,Raleigh,Reefer,461.2,1235.15,1235.0895,0.06052246093759095,0.00490000898170999
2025-09-19,Bakersfield,Oklahoma City,Dry Van,1221.7,2413.33,2496.3528,83.02278320312507,3.4401753263385064
2025-09-19,Boston,Cincinnati,Dry Van,1132.6,2272.44,2436.223,163.78290039062495,7.207358627317991
2025-09-19,Baton Rouge,Greensboro,Reefer,795.2,1969.29,1943.2719,26.018149414062464,1.3211944108822198
2025-09-19,El Paso,Jacksonville,Dry Van,1756.2,3317.48,3221.1545,96.32545898437502,2.9035731634968416
2025-09-19,El Paso,Fresno,Reefer,642.1,1566.34,1601.5817,35.24166503906258,2.2499371170411653
2025-09-19,Baton Rouge,Montgomery,Dry Van,489.1,1111.1,1075.9275,35.17250976562491,3.1655575344815867
2025-09-19,Lubbock,Green Bay,Dry Van,1384.6,2600.02,2672.0208,72.00075195312502,2.769238388671049
2025-09-19,Reno,Bakersfield,Reefer,518.9,1354.98,1273.4026,81.57741210937502,6.020562082789046
2025-09-19,Nashville,Montgomery,Flatbed,348.7,897.45,855.204,42.246020507812545,4.707339741246035
2025-09-19,Phoenix,Grand Rapids,Dry Van,2186.8,3963.16,4045.2925,82.13248046875015,2.072398804710134
2025-09-19,Oklahoma City,Tucson,Dry Van,1041.0,2136.16,2111.8625,24.297451171874854,1.1374359210861946
2025-09-19,Phoenix,Syracuse,Dry Van,2743.5,4859.45,5400.288,540.8380859375002,11.129615202080487
2025-09-19,Grand Rapids,Los Angeles,Dry Van,2281.5,4167.22,4180.3696,13.149628906249745,0.3155491888177189
2025-09-19,Tucson,Chattanooga,Reefer,1806.5,4020.92,3908.9292,111.99080078125007,2.7852034057193396
2025-09-19,New York,Tulsa,Reefer,1441.2,3264.88,3062.3682,202.5118359375001,6.202734432429373
2025-09-19,Harrisburg,Amarillo,Dry Van,1795.1,3581.05,3447.7668,133.28315429687518,3.7219015176240258
2025-09-19,Corpus Christi,Jacksonville,Reefer,834.9,2090.09,2110.824,20.733974609374854,0.9920134831215331
2025-09-19,Green Bay,Charleston,Dry Van,939.5,1915.77,1886.7328,29.037211914062482,1.5156940506460839
2025-09-19,Philadelphia,Toledo,Dry Van,747.4,1493.8,1520.1841,26.384082031250045,1.7662392576817545
2025-09-19,Philadelphia,Bakersfield,Flatbed,2815.0,5809.72,5636.299,173.42117187500025,2.9850177267579205
2025-09-19,Tulsa,Lexington,Reefer,735.4,1860.36,2077.429,217.0689550781251,11.66811558397972
2025-09-19,Dayton,Grand Rapids,Dry Van,294.3,718.21,712.795,5.415017089843786,0.7539601355931811
2025-09-19,Tucson,Toledo,Dry Van,2037.3,3752.22,3635.5598,116.6601855468748,3.10909769541431
2025-09-19,Birmingham,Shreveport,Dry Van,411.2,1009.11,1011.50256,2.3925634765624864,0.2370963994571936
2025-09-19,Green Bay,Chattanooga,Flatbed,762.1,1688.02,1540.653,147.36704589843748,8.73017179289567
2025-09-19,Memphis,Indianapolis,Dry Van,254.9,675.49,747.5163,72.02629638671874,10.66282200872237
2025-09-19,Cincinnati,Montgomery,Dry Van,475.4,1092.65,1034.5682,58.08176269531259,5.315678643235491
2025-09-19,Columbia,Lubbock,Dry Van,1182.5,2445.31,2395.9546,49.355410156249945,2.018370274372163
2025-09-19,Nashville,Houston,Flatbed,609.6,1575.86,1526.7504,49.1096337890624,3.116370349463937
2025-09-19,Philadelphia,Milwaukee,Dry Van,988.1,1942.8,1931.9019,10.898144531249955,0.5609504082381076
2025-09-19,Lexington,New York,Dry Van,754.2,1490.24,1422.9832,67.25684570312501,4.513155310763703
2025-09-19,Lexington,Tampa,Reefer,740.5,1823.67,1849.2659,25.595869140624927,1.4035362286282567
2025-09-19,Hartford,Baton Rouge,Dry Van,1535.9,3149.95,3001.316,148.63408203124982,4.718617185391826
2025-09-19,Albuquerque,Fort Wayne,Reefer,1605.6,3684.7,3478.1155,206.58452148437482,5.606549284456667
2025-09-19,Columbia,Memphis,Flatbed,425.3,1149.42,1123.2478,26.172197265625073,2.2769916362709077
2025-09-19,Shreveport,Birmingham,Flatbed,407.3,1057.51,1065.9445,8.434458007812509,0.7975771394892256
2025-09-19,Lexington,Richmond,Dry Van,556.4,1108.17,1145.9596,37.78959472656243,3.4100900337098485
2025-09-19,Tucson,Greensboro,Reefer,2078.1,4413.86,4200.1074,213.75257812499967,4.842758450086765
2025-09-19,Providence,Fresno,Reefer,3300.5,7000.31,6452.507,547.8031640625004,7.825412932605847
2025-09-19,Syracuse,Harrisburg,Reefer,290.9,729.0,650.0694,78.93060302734375,10.827243213627401
2025-09-19,Green Bay,Fort Wayne,Dry Van,291.8,697.25,676.2808,20.96917724609375,3.007411580651667
2025-09-19,Philadelphia,Lexington,Dry Van,799.8,1732.79,1683.5465,49.243491210937464,2.841861461050529
2025-09-19,Columbia,Charleston,Flatbed,258.9,699.16,681.3861,17.773891601562468,2.542177985234062
2025-09-19,Toledo,Syracuse,Dry Van,507.1,1024.61,1033.8466,9.2365576171876,0.901470570967256
2025-09-19,Lubbock,Houston,Dry Van,371.6,984.87,958.43994,26.430058593750005,2.6836088614487195
2025-09-19,Boston,Syracuse,Dry Van,561.7,1120.14,1107.0441,13.0959326171876,1.169133556268645
2025-09-19,Hartford,Las Vegas,Flatbed,2748.9,5513.01,5155.8213,357.1887109375002,6.479014384836962
2025-09-19,Houston,Indianapolis,Dry Van,764.5,1698.83,1628.5109,70.31913574218743,4.139268540241662
2025-09-19,Columbia,Oklahoma City,Dry Van,1039.9,2098.69,2072.4321,26.257871093750055,1.2511552965778678
2025-09-19,Cincinnati,Nashville,Dry Van,198.0,511.87,526.2146,14.344599609374995,2.8023911558354655
2025-09-19,Bakersfield,Philadelphia,Reefer,2861.0,5677.76,5490.5913,187.16869140625022,3.296523477678701
2025-09-19,Milwaukee,Phoenix,Dry Van,1988.2,3838.77,3657.2305,181.53953124999998,4.729106751641801
2025-09-19,Nashville,Richmond,Reefer,786.1,1919.67,1818.2599,101.41011230468757,5.282684643958992
2025-09-19,San Antonio,Tampa,Dry Van,820.4,1724.82,1688.4124,36.407646484374936,2.1108084602668646
2025-09-19,Charleston,Memphis,Dry Van,658.0,1478.5,1408.1083,70.3917236328125,4.761022903808758
2025-09-19,Houston,Cincinnati,Flatbed,728.8,1751.33,1671.4896,79.84037597656243,4.5588424783771435
2025-09-19,Houston,Indianapolis,Dry Van,740.1,1599.26,1563.6012,35.65880371093749,2.229706471176512
2025-09-19,Austin,Los Angeles,Dry Van,1206.4,2598.59,2513.6953,84.89468750000015,3.266951981651593
2025-09-19,Phoenix,Tampa,Reefer,2075.8,4609.65,4347.347,262.30283203124964,5.690298222885678
2025-09-19,Amarillo,Montgomery,Dry Van,1272.0,2637.5,2570.373,67.126953125,2.5450977488151656
2025-09-19,Dayton,New York,Dry Van,733.3,1583.02,1471.3068,111.71323730468748,7.056969419507491
2025-09-19,Nashville,Fort Wayne,Dry Van,545.9,1166.33,1156.1035,10.226484374999927,0.8768088255467944
2025-09-19,Montgomery,Green Bay,Reefer,1040.4,2423.32,2423.2068,0.11321289062516371,0.004671809361750149
2025-09-19,Amarillo,Salt Lake City,Dry Van,616.0,1411.33,1410.4923,0.8376904296874272,0.05935468173194272
2025-09-19,Richmond,Mobile,Dry Van,947.4,1983.08,1924.1211,58.95890624999993,2.9730977192044663
2025-09-19,Cincinnati,Kansas City,Dry Van,349.5,829.31,843.5225,14.212521972656305,1.7137767508719666
2025-09-19,Montgomery,Lubbock,Dry Van,965.3,2031.65,1962.79,68.85996093750009,3.3893614026776304
2025-09-19,Corpus Christi,Raleigh,Dry Van,1388.0,2710.77,2485.605,225.16501953124998,8.30631221133663
2025-09-19,Green Bay,Bakersfield,Dry Van,1989.3,3526.7,3367.2754,159.42460937499982,4.520503852751859
2025-09-19,Reno,Philadelphia,Reefer,2813.0,5785.57,5782.9424,2.627617187499709,0.04541673832482727
2025-09-19,San Francisco,Green Bay,Dry Van,2210.0,3976.16,3888.7861,87.37386718749985,2.197443442605425
2025-09-19,Corpus Christi,Baltimore,Dry Van,1765.3,3382.24,3382.0325,0.20752929687478172,0.006135853661324499
2025-09-19,San Antonio,Memphis,Reefer,779.9,1870.14,1803.7357,66.4042822265626,3.550765302413862
2025-09-19,Amarillo,Harrisburg,Reefer,1767.4,3800.07,3744.115,55.955009765625164,1.4724731324850637
2025-09-19,Salt Lake City,Kansas City,Flatbed,1462.3,3178.92,3081.305,97.61506835937507,3.0706991166614785
2025-09-19,Cincinnati,Philadelphia,Dry Van,883.2,1772.42,1703.3099,69.11006347656257,3.8991922612339387
2025-09-19,Cincinnati,Fresno,Dry Van,2231.8,4268.29,4362.68,94.39017578125004,2.2114283654871163
2025-09-19,Charleston,Jacksonville,Reefer,397.9,1085.89,1144.8379,58.9478906249999,5.42853241350412
2025-09-19,Milwaukee,Detroit,Reefer,439.0,1067.12,1048.1516,18.96838867187489,1.7775309873186609
2025-09-19,Phoenix,Hartford,Dry Van,3016.4,5532.01,5478.1514,53.85863281250022,0.9735816242649636
2025-09-19,Syracuse,Fort Wayne,Reefer,531.1,1267.47,1258.0792,9.390776367187527,0.7409071904808419
2025-09-19,Hartford,Atlanta,Dry Van,987.2,1977.83,1946.3235,31.506513671874927,1.5929839102387429
2025-09-19,Philadelphia,Fort Wayne,Dry Van,794.2,1514.56,1546.8728,32.312802734375055,2.1334778902371023
2025-09-19,Baton Rouge,Richmond,Dry Van,1233.5,2563.44,2562.9106,0.5293554687500546,0.020650199292749374
2025-09-19,Harrisburg,Shreveport,Dry Van,1120.9,2244.2,2254.4668,10.266796875000182,0.4574813686391669
2025-09-19,Milwaukee,Amarillo,Dry Van,1144.1,2281.98,2207.356,74.62404296875002,3.2701444784244393
2025-09-19,Baton Rouge,Harrisburg,Dry Van,1228.8,2464.37,2489.9153,25.54528320312511,1.0365847337504155
2025-09-19,Richmond,Columbia,Reefer,519.4,1251.18,1271.2811,20.101127929687436,1.606573628869342
2025-09-19,Harrisburg,New York,Flatbed,283.7,701.83,638.2927,63.53727539062504,9.05308627311814
2025-09-19,Reno,Lexington,Dry Van,2113.7,3911.62,3939.3135,27.69347656250011,0.7079797261109236
2025-09-19,Richmond,Tucson,Dry Van,2453.8,4489.47,4478.367,11.102812500000255,0.2473078670756293
2025-09-19,Amarillo,Phoenix,Dry Van,843.9,1779.73,1826.9398,47.20981933593748,2.652639407996577
2025-09-19,Chattanooga,Fort Wayne,Dry Van,540.3,1137.37,1089.258,48.11194335937489,4.230104834783307
2025-09-19,Columbia,Austin,Flatbed,1166.1,2618.81,2501.1912,117.61883789062495,4.491308567273874
2025-09-20,El Paso,Cincinnati,Dry Van,1543.3,2777.97,2789.3325,11.3625195312502,0.409022398775012
2025-09-20,Tulsa,El Paso,Dry Van,1053.8,2051.76,2070.4783,18.71827148437478,0.9123031682250741
2025-09-20,Baton Rouge,Oklahoma City,Reefer,430.6,1148.22,1075.6985,72.52151367187503,6.315994641434135
2025-09-20,Lexington,Nashville,Dry Van,266.9,681.23,716.5707,35.34067871093748,5.187774864720796
2025-09-20,Phoenix,Tucson,Reefer,280.6,817.29,857.5466,40.256569824218786,4.9256163447758805
2025-09-20,Lexington,Milwaukee,Flatbed,333.8,858.27,846.92377,11.346232910156232,1.32198875763527
2025-09-20,Los Angeles,Milwaukee,Flatbed,2083.8,4472.14,4142.579,329.5608984375003,7.3691990509577145
2025-09-20,Phoenix,Fort Wayne,Dry Van,2235.4,4102.92,4089.3672,13.552812500000073,0.33032114932779755
2025-09-20,Jacksonville,Tucson,Flatbed,1952.3,4114.55,3945.7632,168.78681640625018,4.102193834228535
2025-09-20,Louisville,Richmond,Dry Van,694.2,1498.39,1444.4397,53.9503027343751,3.6005514408381725
2025-09-20,Tampa,Albany,Reefer,1598.9,3486.22,3376.2463,109.9736621093748,3.1545244450830645
2025-09-20,Salt Lake City,Fresno,Dry Van,468.6,1031.05,1022.8199,8.230114746093705,0.7982265405260371
2025-09-20,Greensboro,Dayton,Reefer,386.3,1002.51,979.4409,23.06908203124999,2.3011323608991425
2025-09-20,Baton Rouge,Birmingham,Flatbed,483.1,1263.21,1232.7512,30.458779296875036,2.4112205648209746
2025-09-20,Richmond,El Paso,Reefer,2240.9,4619.3,4423.184,196.11591796875018,4.245576558542424
2025-09-20,Tucson,Lubbock,Flatbed,936.5,2077.27,1987.8989,89.37107421874998,4.3023330726747115
2025-09-20,Savannah,Columbia,Dry Van,133.8,372.53,367.6829,4.847108154296848,1.3011322992233776
2025-09-20,Columbia,Tampa,Reefer,571.4,1368.72,1301.0128,67.70718261718753,4.946751900840751
2025-09-20,Phoenix,Tucson,Dry Van,290.2,679.95,636.70526,43.244738769531295,6.359988053464416
2025-09-20,Albuquerque,Syracuse,Dry Van,2088.1,3736.98,3536.9468,200.03322265625002,5.352804207040177
2025-09-20,Grand Rapids,Oklahoma City,Dry Van,1272.8,2482.7,2480.6003,2.099658203124818,0.08457156334332856
2025-09-20,Chattanooga,Bakersfield,Dry Van,2037.1,4011.6,3754.9993,256.6007324218749,6.396468551746808
2025-09-20,San Francisco,Jacksonville,Dry Van,2477.6,4622.88,4613.053,9.82677734375011,0.2125682981983116
2025-09-20,Milwaukee,Amarillo,Dry Van,1146.1,2288.84,2280.689,8.151035156250146,0.35612079290165083
2025-09-20,Fresno,Little Rock,Dry Van,1856.8,3411.6,3340.9805,70.61953124999991,2.0699827427013693
2025-09-20,Philadelphia,Jacksonville,Flatbed,959.1,2104.46,2030.8647,73.59525390625004,3.497108707518795
2025-09-20,San Antonio,Milwaukee,Dry Van,1066.0,2144.77,2132.48,12.290019531249982,0.5730227265044728
2025-09-20,Madison,Tampa,Dry Van,1131.1,2243.52,2271.6624,28.142353515625018,1.254383892972874
2025-09-20,Bakersfield,Amarillo,Reefer,845.6,1998.89,1995.4966,3.3934179687501,0.1697651180780383
2025-09-20,Memphis,New York,Dry Van,1069.0,2219.93,2190.7126,29.217353515624836,1.3161385050710985
2025-09-20,Hartford,New York,Reefer,107.5,335.52,354.91415,19.394154052734393,5.780327268936097
2025-09-20,Phoenix,Bakersfield,Dry Van,379.6,901.1,896.6561,4.443872070312523,0.4931608112654004
2025-09-20,Hartford,Tampa,Reefer,1350.2,3012.21,3085.8616,73.65157226562496,2.4451008484011725
2025-09-20,Columbia,Buffalo,Reefer,651.3,1533.17,1452.9366,80.23335449218757,5.233167521683021
2025-09-20,Corpus Christi,Greensboro,Dry Van,1059.3,2146.22,2130.7085,15.5115039062498,0.722735968644864
2025-09-20,Lexington,Madison,Dry Van,522.5,1102.28,1081.9318,20.348237304687473,1.8460134725013129
2025-09-20,Phoenix,Dallas,Flatbed,1509.0,3257.94,3146.9636,110.97637695312505,3.4063358119893263
2025-09-20,Greensboro,Shreveport,Flatbed,695.8,1699.99,1652.6029,47.38709472656251,2.787492557401073
2025-09-20,Providence,Reno,Dry Van,3059.9,5653.85,5636.127,17.723046875000364,0.31346864304854855
2025-09-20,Grand Rapids,Mobile,Dry Van,986.9,1920.07,1904.6537,15.416313476562436,0.8029037210394641
2025-09-20,Phoenix,Bakersfield,Dry Van,379.2,881.72,872.42505,9.294951171875027,1.054184000802412
2025-09-20,Phoenix,San Antonio,Dry Van,1272.3,2604.3,2609.6423,5.342333984374818,0.20513512208174242
2025-09-20,Madison,Lubbock,Reefer,1166.6,2758.91,2741.119,17.791103515624854,0.6448598727622451
2025-09-20,Lubbock,Richmond,Reefer,1679.1,3721.12,3722.0361,0.9161328125001091,0.024619813725440434
2025-09-20,Jacksonville,Detroit,Reefer,953.3,2035.36,1976.4528,58.9072412109374,2.8941927330269537
2025-09-20,Mobile,Baltimore,Dry Van,1167.0,2146.79,2281.9177,135.12772460937504,6.294408144689283
2025-09-20,Baltimore,St. Louis,Reefer,1101.2,2458.05,2346.7346,111.31538085937518,4.528605230136701
2025-09-20,San Francisco,Mobile,Dry Van,2211.6,4252.72,3966.277,286.44290039062525,6.735522216149318
2025-09-20,Syracuse,Houston,Dry Van,1486.0,3005.24,2824.0435,181.19654296874978,6.029353494853981
2025-09-20,Shreveport,New York,Dry Van,1369.7,2602.63,2526.2163,76.41369140625011,2.936018235640491
2025-09-20,Bakersfield,Lexington,Reefer,2120.9,4747.91,4427.3296,320.58041015624985,6.752032160598029
2025-09-20,Kansas City,Tucson,Dry Van,1621.4,3161.48,3166.8855,5.405498046874982,0.17097998554079044
2025-09-20,Phoenix,New York,Dry Van,2835.5,5262.91,5104.957,157.95296874999985,3.00124776501973
2025-09-20,Grand Rapids,Savannah,Reefer,837.0,1980.51,1906.2682,74.24181152343749,3.748620886712892
2025-09-20,Greensboro,San Antonio,Dry Van,1181.5,2463.93,2439.1929,24.737128906249836,1.0039704417840538
2025-09-20,Syracuse,New York,Dry Van,306.6,663.18,636.95465,26.2253491210937,3.9544843211637417
2025-09-20,Bakersfield,Harrisburg,Dry Van,2537.6,4674.14,4235.658,438.4817968750003,9.381015478248411
2025-09-20,Nashville,Buffalo,Flatbed,814.9,1870.42,1784.811,85.60896484375007,4.576991522960087
2025-09-20,Little Rock,Montgomery,Flatbed,490.9,1270.66,1271.9468,1.2867773437499181,0.10126842300457385
2025-09-20,New York,Dayton,Dry Van,763.4,1553.72,1518.8616,34.85842773437503,2.2435463104275564
2025-09-20,Oklahoma City,Albuquerque,Flatbed,827.3,2021.6,2044.5698,22.96982421875009,1.136220034564211
2025-09-20,Nashville,Columbia,Reefer,347.1,953.96,969.8291,15.869101562499964,1.663497585066456
2025-09-20,Indianapolis,New York,Reefer,968.7,2195.35,2109.4922,85.85781249999991,3.9108940487849275
2025-09-20,Atlanta,Chattanooga,Dry Van,92.1,272.91,296.31955,23.40954956054685,8.577754410079091
2025-09-20,Tucson,Phoenix,Dry Van,275.8,685.08,948.9805,263.9005297851562,38.52112596852283
2025-09-20,Nashville,Tucson,Dry Van,1702.2,3415.45,3250.6223,164.82768554687482,4.825943449527144
2025-09-20,New York,Raleigh,Flatbed,467.2,1154.58,1099.9142,54.66581542968743,4.734692739324034
2025-09-20,Jacksonville,Atlanta,Dry Van,272.0,665.35,654.9011,10.448876953125023,1.570433148436916
2025-09-20,Tampa,Atlanta,Reefer,554.6,1411.62,1376.1558,35.46423828124989,2.512307723130155
2025-09-20,Tampa,Milwaukee,Flatbed,892.7,1934.67,1817.8323,116.83772460937507,6.039155236261226
2025-09-20,Harrisburg,Cincinnati,Flatbed,605.0,1361.74,1324.5988,37.14124511718751,2.7274843301355256
2025-09-20,New York,Shreveport,Dry Van,1349.8,2654.53,2612.0186,42.5114453125002,1.601467879907185
2025-09-20,New Orleans,Austin,Reefer,583.2,1578.66,1661.491,82.83096679687492,5.246916169211541
2025-09-20,Kansas City,Los Angeles,Dry Van,1895.9,3639.45,3126.5735,512.8765136718748,14.09214341924947
2025-09-20,Philadelphia,Montgomery,Dry Van,1074.4,2152.21,2208.7444,56.534384765624964,2.6268061557945073
2025-09-20,Atlanta,Jacksonville,Dry Van,283.4,660.37,649.9139,10.456120605468755,1.5833730492706748
2025-09-20,Houston,Hartford,Flatbed,1664.0,3689.68,3540.839,148.84088867187484,4.033978249384089
2025-09-20,Greensboro,Atlanta,Dry Van,256.9,647.45,628.1608,19.289172363281295,2.979252816940504
2025-09-20,Austin,Phoenix,Flatbed,1172.8,2708.57,2598.4575,110.11248046875016,4.065336338686102
2025-09-20,Atlanta,Kansas City,Reefer,487.5,1321.9,1258.1206,63.77939453125009,4.824827485532195
2025-09-20,Tulsa,Austin,Flatbed,480.2,1267.57,1224.7628,42.807182617187436,3.3771060073358816
2025-09-20,Fresno,Phoenix,Dry Van,470.7,1007.21,1001.947,5.262978515625036,0.5225304073256855
2025-09-20,Baton Rouge,Atlanta,Dry Van,565.7,1218.31,1180.3964,37.913637695312445,3.1119860869000866
2025-09-20,Indianapolis,Phoenix,Reefer,2041.7,4250.94,4125.181,125.7588476562496,2.9583773860898908
2025-09-20,Chattanooga,Greensboro,Dry Van,315.0,766.56,767.9106,1.3505834960938046,0.1761875777621849
2025-09-20,Washington,Fort Wayne,Dry Van,546.7,1085.7,1094.2719,8.571850585937455,0.7895229424276923
2025-09-20,San Francisco,Memphis,Flatbed,2133.6,4321.42,4109.855,211.56501953125007,4.895729170764473
2025-09-20,Milwaukee,New York,Reefer,922.4,2205.52,2442.3108,236.79079101562502,10.736279472216303
2025-09-20,Little Rock,Memphis,Dry Van,215.1,594.54,650.1905,55.650490722656286,9.360260154515473
2025-09-20,Boston,Grand Rapids,Reefer,1081.8,2343.87,2371.545,27.67492187500011,1.1807362129725671
2025-09-20,Lexington,El Paso,Dry Van,1692.7,3066.44,2905.2017,161.23833984375005,5.258160598079534
2025-09-20,Columbia,Charleston,Reefer,268.4,755.87,752.75024,3.1197558593750045,0.41273709227446576
2025-09-20,Raleigh,Little Rock,Dry Van,999.3,2005.63,1997.8799,7.750117187500109,0.38641809244477343
2025-09-20,San Francisco,Tampa,Dry Van,2399.4,4423.86,4255.535,168.32484374999967,3.804931524731788
2025-09-20,Providence,Fort Wayne,Flatbed,1072.8,2458.95,2340.666,118.28398437499982,4.810345243904911
2025-09-20,San Antonio,Toledo,Dry Van,1368.1,2676.11,2634.9236,41.18641601562513,1.5390404735091279
2025-09-20,Little Rock,Memphis,Dry Van,208.1,553.31,546.04395,7.266054687499945,1.3131977892139932
2025-09-20,Columbia,Madison,Reefer,716.4,1702.75,1750.1769,47.4268798828125,2.7853108138489207
2025-09-20,Salt Lake City,Providence,Dry Van,2868.6,5494.02,5255.3193,238.70066406250044,4.344735986809302
2025-09-20,Columbia,Oklahoma City,Dry Van,1065.7,2135.93,2131.592,4.337958984374836,0.2030946231559478
2025-09-20,Green Bay,Albany,Dry Van,974.0,1893.4,1909.0978,15.697778320312409,0.8290788169595652
2025-09-20,Richmond,Green Bay,Dry Van,863.0,1672.18,1563.1566,109.02338378906256,6.519835411801514
2025-09-20,Savannah,Milwaukee,Dry Van,645.3,1326.94,1290.9489,35.991147460937555,2.7123417382050095
2025-09-20,Philadelphia,Raleigh,Reefer,437.9,1097.05,1164.7795,67.72954101562505,6.173787978271277
2025-09-20,Indianapolis,St. Louis,Dry Van,89.2,256.31,273.17804,16.868039550781248,6.581108638282254
2025-09-20,Tulsa,Raleigh,Reefer,1205.6,2697.63,2596.4194,101.21056640625011,3.7518327719609474
2025-09-20,Tucson,Boston,Reefer,2841.2,6062.73,5899.502,163.22804687499956,2.692319250156276
2025-09-20,Amarillo,Hartford,Flatbed,2109.6,4426.29,4032.8513,393.43868164062496,8.888678365869046
2025-09-20,Bakersfield,Syracuse,Dry Van,2589.2,4436.16,4464.092,27.931796875000146,0.629639076926895
2025-09-20,Shreveport,Mobile,Dry Van,290.3,752.64,751.36664,1.2733618164062364,0.16918604065771636
2025-09-20,Fresno,Raleigh,Dry Van,2772.5,5132.62,5122.4097,10.21033203124989,0.19893021558677423
2025-09-20,Grand Rapids,Hartford,Dry Van,953.0,1788.23,1740.4077,47.82228515625002,2.67428044246266
2025-09-20,Tampa,Nashville,Dry Van,578.2,1207.23,1221.0143,13.784282226562482,1.1418107756237406
2025-09-20,Baton Rouge,Nashville,Dry Van,522.4,1156.91,1151.6045,5.305507812500082,0.4585929599104582
2025-09-20,Fort Wayne,Baltimore,Reefer,805.2,1875.17,1806.2322,68.93782226562507,3.6763505317184615
2025-09-20,Tucson,Baton Rouge,Dry Van,1464.1,2800.54,3000.4656,199.92557617187504,7.138822376108717
2025-09-20,Atlanta,Columbia,Dry Van,210.4,548.54,591.08984,42.549843750000036,7.756926340832034
2025-09-20,Kansas City,Cincinnati,Reefer,329.5,895.46,857.2126,38.247414550781286,4.27125885587087
2025-09-20,Milwaukee,Cincinnati,Dry Van,241.1,584.9,573.87915,11.020849609374977,1.8842280063899775
2025-09-20,Greensboro,Cincinnati,Dry Van,282.9,718.43,724.59656,6.16655761718755,0.8583379893918058
2025-09-20,Baton Rouge,Salt Lake City,Dry Van,1466.4,2934.3,3402.2766,467.9766113281248,15.948492360294612
2025-09-20,Cincinnati,Lubbock,Reefer,1061.3,2442.85,2403.4756,39.37441406249991,1.611822832449799
2025-09-20,Chattanooga,Phoenix,Flatbed,2046.8,4279.35,4120.611,158.73916015625036,3.709422228989224
2025-09-20,Corpus Christi,Oklahoma City,Dry Van,327.3,852.06,805.80566,46.254335937499945,5.428530377848972
2025-09-20,Providence,Philadelphia,Reefer,266.9,736.28,724.9686,11.311372070312473,1.5362867482903886
2025-09-20,Houston,Jacksonville,Dry Van,712.4,1514.72,1538.6614,23.941376953124973,1.5805810283831316
2025-09-20,Columbia,Tulsa,Reefer,775.9,1942.49,1982.4115,39.92149902343749,2.0551714049203595
2025-09-20,Lubbock,Las Vegas,Dry Van,1102.7,2369.5,2266.6895,102.810546875,4.338913140958009
2025-09-20,Milwaukee,Bakersfield,Reefer,1952.3,4329.3,4120.863,208.43720703125018,4.814570647246672
2025-09-20,Lexington,Kansas City,Reefer,448.6,1129.4,1092.714,36.68601074218759,3.2482743706558868
2025-09-20,Richmond,Providence,Flatbed,480.7,1146.01,1091.2218,54.78819824218749,4.78077837385254
2025-09-20,Green Bay,Chattanooga,Dry Van,733.5,1556.84,1504.932,51.90799316406242,3.3341893299287286
2025-09-20,Green Bay,Austin,Dry Van,1408.4,2807.0,2734.126,72.8740234375,2.5961533109191306
2025-09-20,Cincinnati,Memphis,Dry Van,244.5,586.23,580.5225,5.707478027343768,0.9735902337553124
2025-09-20,Little Rock,Jacksonville,Flatbed,572.1,1376.63,1240.3157,136.3143261718751,9.902030768752322
2025-09-20,Albany,Birmingham,Reefer,1327.0,2990.48,3017.983,27.502910156249982,0.9196821298336716
2025-09-20,Houston,Tulsa,Flatbed,234.0,728.24,693.27203,34.96796630859376,4.801709094336175
2025-09-20,Albany,Oklahoma City,Reefer,1997.3,4417.98,4158.8403,259.13966796874956,5.865569060266221
2025-09-20,Fort Wayne,Greensboro,Dry Van,502.1,1112.43,1069.3346,43.095405273437564,3.873988050793089
2025-09-20,Columbia,Los Angeles,Dry Van,2387.0,4553.03,4506.861,46.169160156249745,1.0140315384754712
2025-09-20,Los Angeles,Indianapolis,Dry Van,2017.1,3737.08,3608.7537,128.32633789062493,3.4338664917696415
2025-09-20,Richmond,Shreveport,Reefer,1133.1,2595.85,2743.386,147.5359863281251,5.683532805367224
2025-09-20,Kansas City,Hartford,Flatbed,1158.5,2428.37,2375.6824,52.68762695312489,2.1696704766211448
2025-09-20,Birmingham,Hartford,Dry Van,1087.9,2160.55,2100.9543,59.59565429687518,2.7583557102069003
2025-09-20,Phoenix,Cincinnati,Reefer,2015.5,4399.61,4259.9375,139.67249999999967,3.174656389998197
2025-09-20,Oklahoma City,Atlanta,Dry Van,859.3,1804.25,1844.521,40.27099609375,2.2320075429541357
2025-09-20,Atlanta,Milwaukee,Flatbed,427.2,1108.08,1088.9991,19.080854492187427,1.7219744505981003
2025-09-20,Hartford,Amarillo,Dry Van,2088.2,4005.68,3714.9915,290.68854492187484,7.256908812533074
2025-09-20,Hartford,El Paso,Dry Van,2517.6,4511.67,4377.2866,134.38337890625007,2.978572876700868
2025-09-20,Chattanooga,Milwaukee,Flatbed,395.2,1005.81,1096.4194,90.60943359375005,9.008603373773383
2025-09-20,Albuquerque,Richmond,Reefer,2128.2,4513.5,4409.6064,103.8935546875,2.3018401393043093
2025-09-20,Milwaukee,Providence,Reefer,1232.8,2683.56,2542.2134,141.34662109374995,5.2671310160290785
2025-09-20,Shreveport,Richmond,Dry Van,1113.3,2324.01,2365.5657,41.55567382812478,1.7881021952627043
2025-09-20,Madison,San Francisco,Dry Van,2075.0,3985.25,3567.9204,417.32958984375,10.471854710338121
2025-09-20,Cincinnati,Harrisburg,Reefer,616.4,1504.04,1429.5493,74.49068359374996,4.9527062839917795
2025-09-20,Savannah,Lexington,Flatbed,336.6,921.31,913.98376,7.326235351562445,0.7951976372298626
2025-09-20,Buffalo,Columbia,Dry Van,648.5,1366.91,1318.817,48.09298339843758,3.518372343346495
2025-09-20,St. Louis,Indianapolis,Reefer,80.4,262.05,293.24954,31.199542236328114,11.905950099724523
2025-09-20,Greensboro,Charleston,Dry Van,270.5,661.66,633.1356,28.524379882812468,4.311032839043084
2025-09-20,San Antonio,Little Rock,Dry Van,588.5,1324.49,1293.5616,30.92835449218751,2.3351142320581895
2025-09-20,Harrisburg,Greensboro,Flatbed,430.7,1087.21,1062.6082,24.601845703125036,2.2628421099074725
2025-09-20,Houston,Milwaukee,Dry Van,825.4,1725.11,1723.8406,1.2694238281249,0.07358509475482143
2025-09-20,Columbia,Dallas,Dry Van,789.0,1676.07,1661.8668,14.203178710937436,0.8474096374815752
2025-09-20,Bakersfield,Hartford,Reefer,2871.4,5941.62,5947.5215,5.901484375000109,0.09932450030463255
2025-09-20,Tampa,Boston,Flatbed,1478.2,3017.66,2864.5715,153.08846679687485,5.073085330914512
2025-09-21,Las Vegas,Shreveport,Reefer,1561.9,3611.88,3334.5645,277.3155468750001,7.677872655653014
2025-09-21,Hartford,Montgomery,Flatbed,1145.1,2498.49,2401.084,97.40601562499978,3.8985953766074624
2025-09-21,Little Rock,Buffalo,Flatbed,1057.8,2310.62,2405.4014,94.78136718750011,4.101988522020069
2025-09-21,San Antonio,Boston,Dry Van,2084.3,3946.83,3552.4473,394.3827343749999,9.992392233133932
2025-09-21,Cincinnati,Bakersfield,Dry Van,1957.1,3480.52,3606.0625,125.54250000000002,3.6070041258202803
2025-09-21,Memphis,Atlanta,Flatbed,230.1,656.64,693.9838,37.343825683593764,5.687107956200317
2025-09-21,Jacksonville,Memphis,Flatbed,445.0,1150.42,1142.191,8.228959960937573,0.7153004955527175
2025-09-21,Atlanta,Hartford,Flatbed,1022.9,2309.66,2179.6597,130.00033203124985,5.6285484457127835
2025-09-21,Shreveport,Louisville,Dry Van,501.8,1091.36,993.3793,97.9807275390624,8.977855843998535
2025-09-21,Memphis,Los Angeles,Dry Van,1913.5,3456.18,3431.2856,24.894355468749836,0.7202852706962554
2025-09-21,Oklahoma City,Little Rock,Dry Van,498.1,1183.78,1180.3276,3.4523632812499727,0.2916389262574104
2025-09-21,Indianapolis,San Francisco,Reefer,2091.3,4502.92,4311.904,191.01619140625007,4.242051633301282
2025-09-21,Lexington,Charleston,Dry Van,441.4,937.58,909.9808,27.59922607421879,2.9436662550629054
2025-09-21,Corpus Christi,Hartford,Flatbed,1774.9,3646.07,3574.0488,72.02117187500016,1.9753096313290794
2025-09-21,Baton Rouge,Shreveport,Reefer,187.6,581.09,581.3758,0.28579345703121817,0.04918230515603748
2025-09-21,Shreveport,Buffalo,Dry Van,1182.8,2297.22,2313.078,15.8578808593752,0.6903074524588503
2025-09-21,Dallas,Mobile,Reefer,435.2,1193.08,1204.2277,11.147661132812573,0.9343599031760295
2025-09-21,St. Louis,Houston,Flatbed,710.3,1740.18,1695.3667,44.813300781250064,2.5752106552914102
2025-09-21,New York,Shreveport,Reefer,1369.5,3074.08,3030.5303,43.54972656249993,1.4166751210931376
2025-09-21,San Antonio,Tulsa,Reefer,439.7,1143.9,1113.2123,30.68771972656259,2.682727487242118
2025-09-21,Detroit,Shreveport,Dry Van,1042.9,1957.77,2030.2689,72.49892089843752,3.7031377995595762
2025-09-21,San Antonio,Austin,Dry Van,121.1,365.4,360.9397,4.460302734374977,1.2206630362274158
2025-09-21,Charleston,Baton Rouge,Flatbed,951.7,2169.77,2097.068,72.70188476562498,3.350672410699059
2025-09-21,Baton Rouge,Greensboro,Flatbed,819.3,1898.38,1874.4617,23.91833007812511,1.2599337370876804
2025-09-21,Nashville,Lubbock,Dry Van,919.3,1971.85,1922.0356,49.81435546874991,2.5262750954053255
2025-09-21,Richmond,Hartford,Flatbed,321.5,800.84,780.2129,20.627109375000032,2.5756842034613694
2025-09-21,Philadelphia,Harrisburg,Flatbed,332.8,807.9,673.891,134.00900878906248,16.587326251895345
2025-09-21,Nashville,Cincinnati,Reefer,182.5,554.99,538.8862,16.10376953125001,2.9016323773851798
2025-09-21,Milwaukee,Amarillo,Dry Van,1168.4,2382.06,2445.9111,63.851132812500055,2.6805006092415833
2025-09-21,Chattanooga,Tulsa,Dry Van,539.7,1220.3,1227.4736,7.1736328125000455,0.5878581342702651
2025-09-21,Richmond,Detroit,Dry Van,655.5,1360.17,1319.4579,40.71211425781257,2.9931636676160016
2025-09-21,Cincinnati,Providence,Dry Van,1086.7,2162.8,2090.9722,71.82783203125018,3.321057519477075
2025-09-21,Hartford,St. Louis,Dry Van,1114.2,2239.01,2257.3855,18.37549804687478,0.820697453199172
2025-09-21,Oklahoma City,Albany,Reefer,1981.7,4080.25,3997.1565,83.093505859375,2.0364807514092274
2025-09-21,Cincinnati,New York,Dry Van,871.4,1752.55,1743.5201,9.029858398437455,0.5152411285519645
2025-09-21,New York,Washington,Dry Van,251.6,584.89,572.087,12.803024902343736,2.188962865212901
2025-09-21,Amarillo,Greensboro,Reefer,1489.5,3304.89,3140.1533,164.73667968749987,4.984634274892655
2025-09-21,San Francisco,Grand Rapids,Dry Van,2270.9,4233.74,3959.0798,274.6601660156248,6.48741221746316
2025-09-21,Shreveport,Greensboro,Reefer,709.7,1661.42,1672.529,11.109052734374927,0.6686480681811299
2025-09-21,Tucson,Bakersfield,Flatbed,327.6,828.15,828.96344,0.8134399414062727,0.0982237446605413
2025-09-21,Montgomery,Oklahoma City,Dry Van,847.6,1868.09,1900.5354,32.44540039062508,1.7368221226292675
2025-09-21,Indianapolis,Dallas,Flatbed,689.0,1767.74,1645.1896,122.55042480468751,6.932604614065842
2025-09-21,Columbia,Fort Wayne,Reefer,588.6,1491.52,1477.3258,14.194194335937482,0.9516596717400693
2025-09-21,Shreveport,El Paso,Dry Van,1208.9,2551.97,2503.9272,48.0427539062498,1.882575183338746
2025-09-21,Charleston,El Paso,Dry Van,2028.9,3696.45,3522.206,174.24394531249982,4.713818537042293
2025-09-21,New York,Oklahoma City,Dry Van,1775.6,3427.37,3391.6218,35.74817382812489,1.0430205617754982
2025-09-21,Oklahoma City,Jacksonville,Reefer,1004.5,2493.86,2641.7737,147.91368164062487,5.93111408180992
2025-09-21,Kansas City,Reno,Dry Van,1721.7,3252.12,3122.3499,129.7701464843749,3.990324664661048
2025-09-21,Providence,Amarillo,Flatbed,2297.9,4953.89,4538.2754,415.6146093750003,8.389661647210582
2025-09-21,Charleston,Buffalo,Flatbed,634.3,1398.23,1357.7426,40.48744628906252,2.8956213419153154
2025-09-21,Philadelphia,Phoenix,Reefer,2921.2,5882.21,5760.987,121.22318359375004,2.060844199607801
2025-09-21,Cincinnati,El Paso,Flatbed,1543.5,3113.17,3011.8337,101.33625976562507,3.255082753772684
2025-09-21,Philadelphia,Hartford,Dry Van,76.1,216.43,252.0408,35.61080200195312,16.45372730303244
2025-09-21,Atlanta,Oklahoma City,Flatbed,879.7,2108.16,2139.7988,31.638828125000146,1.5007792636706963
2025-09-21,Savannah,Reno,Flatbed,2410.9,4976.59,4079.5762,897.0138281250001,18.024668058349196
2025-09-21,Syracuse,Albany,Flatbed,382.1,924.23,909.74316,14.486835937500018,1.5674492212436317
2025-09-21,Providence,Amarillo,Dry Van,2384.0,4553.9,4454.708,99.19199218749964,2.1781767756757864
2025-09-21,Albuquerque,Fort Wayne,Dry Van,1685.9,3217.01,3142.5386,74.47142578125022,2.3149267730361487
2025-09-21,Amarillo,Buffalo,Dry Van,1757.7,3269.56,3171.7048,97.85516601562495,2.9929154386408245
2025-09-21,Charleston,Albuquerque,Reefer,1952.6,4026.29,4015.217,11.072958984374964,0.27501642912892427
2025-09-21,Bakersfield,San Antonio,Dry Van,1334.6,2725.13,2592.4985,132.6314648437501,4.86697753295256
2025-09-21,Jacksonville,Phoenix,Reefer,2193.5,4748.45,4519.811,228.63896484374982,4.81502310951468
2025-09-21,Kansas City,Boston,Dry Van,1334.5,2479.52,2362.5996,116.92039062499998,4.715444546726785
2025-09-21,Raleigh,Atlanta,Flatbed,593.7,1515.47,1416.8257,98.64431640625003,6.509156658082972
2025-09-21,Grand Rapids,Greensboro,Dry Van,642.5,1345.26,1293.4005,51.85948730468749,3.8549787628181535
2025-09-21,El Paso,Madison,Dry Van,1504.5,2784.94,2705.062,79.87798828125005,2.868212179840501
2025-09-21,Kansas City,Los Angeles,Dry Van,1923.2,3667.95,3223.0388,444.9111816406248,12.129695923898222
2025-09-21,Philadelphia,Little Rock,Dry Van,1284.1,2487.79,2453.4414,34.348593749999964,1.3806870254322094
2025-09-21,Syracuse,Philadelphia,Dry Van,401.7,911.59,894.24695,17.343051757812532,1.9025057051758503
2025-09-21,Reno,San Francisco,Dry Van,414.4,936.36,898.00586,38.354140625000014,4.096089177773507
2025-09-21,Corpus Christi,Montgomery,Reefer,750.4,1881.04,1946.2473,65.20731445312504,3.466556503483447
2025-09-21,Albany,Los Angeles,Dry Van,3198.5,5700.34,5419.836,280.50406250000015,4.920830380293108
2025-09-21,Raleigh,Buffalo,Dry Van,528.8,1022.08,1077.6116,55.53157226562496,5.433192339701878
2025-09-21,Houston,New Orleans,Flatbed,239.4,683.1,680.2937,2.8062988281250227,0.41081815665715454
2025-09-21,Washington,Montgomery,Dry Van,826.5,1709.29,1652.532,56.758017578124964,3.3205610269834236
2025-09-21,Fort Wayne,Oklahoma City,Dry Van,1141.1,2231.98,2211.816,20.164082031250018,0.9034167882888744
2025-09-21,Jacksonville,Raleigh,Flatbed,559.5,1377.14,1336.278,40.8620458984376,2.967167165171123
2025-09-21,Bakersfield,Fort Wayne,Reefer,2079.3,4268.96,4137.0107,131.94925781250004,3.0908993715682516
2025-09-21,New York,Tucson,Flatbed,2637.4,5070.8,4810.768,260.0319335937502,5.128025826176347
2025-09-21,Los Angeles,Reno,Reefer,915.9,2103.34,2103.845,0.5049707031248545,0.024008039742735576
2025-09-21,Tucson,Charleston,Dry Van,2338.7,4051.87,4036.912,14.95789062499989,0.36916018097816294
2025-09-21,Columbia,Fort Wayne,Dry Van,556.9,1161.23,1164.7384,3.508403320312482,0.30212820201962415
2025-09-21,Birmingham,Houston,Dry Van,595.9,1373.05,1358.3141,14.735913085937455,1.0732247977813958
2025-09-21,Houston,Greensboro,Flatbed,951.8,2122.07,2048.516,73.55388671875016,3.466138568414339
2025-09-21,Fort Wayne,Nashville,Flatbed,544.4,1254.13,1184.2305,69.89953125000011,5.573547499063103
2025-09-21,Atlanta,Amarillo,Reefer,1194.9,2906.25,2915.9363,9.686279296875,0.3332913306451613
2025-09-21,Phoenix,Hartford,Flatbed,3050.4,5931.87,5913.62,18.24988281249989,0.30765817208569796
2025-09-21,Shreveport,Memphis,Dry Van,324.1,244.71,807.7925,563.08248046875,230.1019494375996
2025-09-21,Providence,Phoenix,Dry Van,3153.9,5709.8,5789.814,80.01396484374982,1.4013444401511403
2025-09-21,Hartford,Milwaukee,Reefer,1016.6,2386.8,2218.287,168.51289062500018,7.060201551240161
2025-09-21,Fresno,Cincinnati,Dry Van,2166.9,4134.62,4049.1956,85.42444335937489,2.0660772540009695
2025-09-21,Tampa,Oklahoma City,Dry Van,874.1,1916.49,1872.8097,43.68030761718751,2.2791826525151455
2025-09-21,Shreveport,Reno,Flatbed,1807.7,3923.46,3769.696,153.76395507812504,3.919090677058643
2025-09-21,Kansas City,Phoenix,Dry Van,1853.0,3419.89,3684.558,264.6681054687501,7.739082411093635
2025-09-21,Lubbock,Greensboro,Dry Van,1235.6,2421.49,2469.8604,48.37035156250022,1.9975449645672798
2025-09-21,Lexington,St. Louis,Dry Van,338.5,762.33,721.0347,41.29527099609379,5.416980965735808
2025-09-21,Charleston,Montgomery,Dry Van,500.2,1108.34,1048.7571,59.58291992187492,5.375870213280665
2025-09-21,Montgomery,Baltimore,Reefer,1044.0,2406.81,2398.8594,7.950624999999945,0.330338705589554
2025-09-21,Tucson,Philadelphia,Flatbed,2638.5,5554.59,5136.4272,418.16275390625015,7.528237978073092
2025-09-21,Baton Rouge,Montgomery,Dry Van,488.3,1091.14,1067.8153,23.3246923828126,2.137644333707187
2025-09-21,Little Rock,Lexington,Reefer,536.0,1422.21,1382.2744,39.935585937500036,2.8079950174376522
2025-09-21,Milwaukee,Boston,Flatbed,1215.1,2632.12,2617.288,14.83191406249989,0.5634968794165879
2025-09-21,Memphis,Bakersfield,Dry Van,1825.4,3352.84,3399.2563,46.416347656249854,1.3843889853452551
2025-09-21,Bakersfield,Cincinnati,Reefer,1992.2,4540.34,3975.9897,564.3502539062501,12.42969147478493
2025-09-21,Baton Rouge,Las Vegas,Reefer,1555.8,3564.41,3399.5774,164.83260742187485,4.624400880422703
2025-09-21,Kansas City,Syracuse,Dry Van,919.7,1698.54,1840.1173,141.57730957031254,8.335235529944102
2025-09-21,Oklahoma City,Lexington,Dry Van,1015.5,2008.12,2015.4294,7.309443359375109,0.3639943509040849
2025-09-21,Hartford,Tucson,Dry Van,2794.9,4920.08,4850.501,69.57902343749993,1.4141847985703468
2025-09-21,Cincinnati,Hartford,Reefer,953.9,2146.69,2106.1748,40.515195312500055,1.8873333044128426
2025-09-21,Baton Rouge,Boston,Dry Van,1677.2,3160.7,3054.4585,106.24150390624982,3.3613283103821883
2025-09-21,Fresno,Richmond,Dry Van,2753.6,4976.74,4997.0674,20.32738281250022,0.4084477552072284
2025-09-21,Indianapolis,Oklahoma City,Dry Van,844.8,1719.66,1749.0166,29.356601562499918,1.7071166138946023
2025-09-21,Montgomery,Raleigh,Dry Van,687.8,1466.84,1548.745,81.90499511718758,5.583771584984564
2025-09-21,Albuquerque,El Paso,Reefer,192.6,597.35,614.94,17.590002441406227,2.944672711376283
2025-09-21,Atlanta,Nashville,Flatbed,136.6,435.75,453.30994,17.5599365234375,4.029819052997706
2025-09-21,El Paso,Lubbock,Flatbed,781.2,1883.43,1625.1531,258.27692382812506,13.713115105319817
2025-09-21,Mobile,Tucson,Reefer,1702.9,3765.88,3732.1194,33.76061523437511,0.896486750357821
2025-09-21,Richmond,Savannah,Dry Van,546.2,1181.13,1237.5115,56.38147460937489,4.773519816563366
2025-09-21,Fort Wayne,San Antonio,Dry Van,1290.4,2585.03,2526.1729,58.8571484375002,2.276845856237653
2025-09-21,Fresno,Richmond,Flatbed,2859.2,5593.05,5543.0024,50.04755859375018,0.8948169351918932
2025-09-21,Boston,Kansas City,Reefer,1368.8,2872.83,2980.6348,107.80476562500007,3.752563347813831
2025-09-21,Tampa,Nashville,Dry Van,568.5,1243.64,1240.1523,3.4876562500001,0.2804393755427696
2025-09-21,Oklahoma City,Little Rock,Dry Van,500.8,1191.99,1198.9526,6.962636718749991,0.5841187190119037
2025-09-21,Raleigh,Amarillo,Dry Van,1823.0,3622.66,3502.7751,119.88485351562485,3.30930458601207
2025-09-21,Albuquerque,Albany,Dry Van,2392.1,4224.72,4245.682,20.962128906249745,0.49617794566858264
2025-09-21,Tucson,Greensboro,Dry Van,2101.0,3774.79,3601.755,173.03511718749996,4.583966715698091
2025-09-21,New Orleans,Corpus Christi,Dry Van,416.2,983.11,1026.8643,43.754257812499986,4.450596353663372
2025-09-21,Lexington,Los Angeles,Dry Van,2233.9,4238.58,4326.196,87.61580078125007,2.0671026801723706
2025-09-21,Phoenix,Hartford,Reefer,3056.4,6531.29,6149.355,381.93501953124996,5.847773097370504
2025-09-21,Kansas City,Lexington,Reefer,455.2,1214.44,1149.4065,65.03350585937505,5.3550200799854295
2025-09-21,Harrisburg,Atlanta,Flatbed,704.7,1597.77,1591.8293,5.940654296874982,0.37180910249128357
2025-09-21,Dallas,Richmond,Dry Van,1295.2,2476.39,2412.113,64.27696289062487,2.5955912796702005
2025-09-21,Shreveport,New York,Dry Van,1333.8,2612.5,2541.841,70.658935546875,2.704648250598086
2025-09-21,New York,Richmond,Flatbed,244.1,664.97,675.5926,10.622590332031223,1.5974540704138867
2025-09-21,Los Angeles,Columbia,Dry Van,2370.5,4338.34,4032.6436,305.69644531250015,7.046392060384851
2025-09-21,Oklahoma City,Richmond,Flatbed,1523.6,3287.49,3221.9167,65.57325195312478,1.9946297008698062
2025-09-21,Kansas City,Richmond,Reefer,927.3,2040.68,2047.9543,7.274345703124936,0.35646675143211753
2025-09-21,Bakersfield,Lubbock,Dry Van,1222.2,2381.44,2448.1057,66.66571289062495,2.799386627025033
2025-09-21,Grand Rapids,Oklahoma City,Reefer,1239.6,2836.21,2917.7576,81.54756835937496,2.8752302671302536
2025-09-21,Albuquerque,Chattanooga,Reefer,1509.7,3438.75,3447.862,9.112060546875,0.2649817679934569
2025-09-21,Fort Wayne,San Antonio,Flatbed,1263.8,2846.57,2651.152,195.41790039062516,6.865030559256409
2025-09-21,San Antonio,Albuquerque,Dry Van,892.4,1924.08,1863.0558,61.02421386718743,3.1716048120237947
2025-09-21,Bakersfield,Houston,Dry Van,1511.8,3085.65,2950.8,134.8499511718751,4.3702283529199715
2025-09-21,Amarillo,Providence,Dry Van,2296.6,4135.69,4045.6243,90.0657324218746,2.1777679763685045
2025-09-21,Buffalo,El Paso,Reefer,2087.4,4199.58,3914.4966,285.0834179687499,6.788379265753955
2025-09-21,Toledo,Grand Rapids,Dry Van,184.2,460.98,452.9851,7.994892578125018,1.7343252588235971
2025-09-21,Montgomery,Nashville,Reefer,362.7,998.75,1048.4363,49.686279296875,4.9748464877972465
2025-09-21,Philadelphia,Shreveport,Dry Van,1428.8,2684.0,2752.521,68.52099609375,2.5529432225689273
2025-09-21,Phoenix,Nashville,Dry Van,2001.4,3891.27,3899.0232,7.753193359375018,0.1992458338633664
2025-09-21,Detroit,Columbia,Reefer,729.0,1745.97,1668.4563,77.51370117187503,4.439578066740839
2025-09-21,Syracuse,Phoenix,Reefer,2782.2,5583.52,5356.9673,226.55271484375044,4.057524909801531
2025-09-21,Columbia,Montgomery,Dry Van,333.7,806.69,795.68243,11.007565917968805,1.3645348173361271
2025-09-21,Philadelphia,New Orleans,Reefer,1350.9,2945.77,2936.614,9.155986328124982,0.31081809944853067
2025-09-21,Oklahoma City,Corpus Christi,Dry Van,329.1,847.94,815.1222,32.817807617187555,3.870298325021529
2025-09-21,Harrisburg,Albuquerque,Dry Van,1978.2,3704.41,3568.431,135.97909179687485,3.670735469261633
2025-09-21,Albuquerque,San Francisco,Dry Van,825.0,1772.5,1772.7346,0.234619140625,0.013236622884344146
2025-09-21,Shreveport,Fresno,Dry Van,1802.0,3563.18,3505.4795,57.700507812499836,1.619354279393683
2025-09-21,Montgomery,El Paso,Flatbed,1657.0,3667.32,3503.0125,164.30754882812516,4.480316657071789
2025-09-21,Indianapolis,Amarillo,Dry Van,1094.1,2291.91,2058.165,233.74496093749985,10.198697197424849
2025-09-21,Boston,Atlanta,Dry Van,1165.9,2359.67,2369.2947,9.624677734374927,0.40788236212584494
2025-09-21,Tucson,Baton Rouge,Dry Van,1413.5,2850.44,3086.0442,235.60418945312495,8.265537582026807
2025-09-21,Boston,Nashville,Dry Van,1236.6,2392.66,2497.4927,104.83267578125015,4.381428024928328
2025-09-21,Harrisburg,Richmond,Reefer,184.4,512.08,541.4065,29.32649414062496,5.726936053082517
2025-09-21,Toledo,Bakersfield,Reefer,2194.4,4363.74,4190.739,173.00123046874978,3.9645173742878765
2025-09-21,Oklahoma City,Tulsa,Dry Van,307.7,748.37,719.34827,29.021733398437505,3.877992623760641
2025-09-21,Harrisburg,Shreveport,Dry Van,1113.4,2177.89,2271.4436,93.55360351562513,4.295607377582207
2025-09-21,Bakersfield,Lubbock,Dry Van,1170.5,2376.16,2421.0679,44.907871093750146,1.8899346463937676
2025-09-21,Shreveport,Amarillo,Dry Van,828.0,1699.23,1709.0057,9.775737304687482,0.5753039497117801
2025-09-21,Houston,Memphis,Dry Van,534.8,1215.54,1239.8239,24.283852539062536,1.9977830872750002
2025-09-21,Atlanta,Phoenix,Dry Van,2093.9,3766.9,3614.3762,152.5237792968751,4.0490530488432155
2025-09-22,Cincinnati,Hartford,Flatbed,954.9,2128.56,2078.3926,50.167421874999945,2.3568714001484548
2025-09-22,Richmond,Cincinnati,Dry Van,646.4,1392.33,1373.6934,18.636640624999927,1.3385218033799406
2025-09-22,Oklahoma City,Hartford,Dry Van,1842.3,3440.26,3365.2715,74.98851562500022,2.1797339626946863
2025-09-22,Jacksonville,Bakersfield,Dry Van,2218.0,4046.17,3962.367,83.80305664062507,2.071169937017601
2025-09-22,Fort Wayne,Little Rock,Dry Van,733.6,1540.67,1500.4679,40.20210449218757,2.609391011195621
2025-09-22,Tampa,Los Angeles,Dry Van,2131.4,3878.45,3815.6833,62.76665039062482,1.6183436782896472
2025-09-22,Amarillo,Las Vegas,Dry Van,756.3,1538.05,1467.8197,70.23029785156245,4.566190816394945
2025-09-22,Baton Rouge,Lexington,Dry Van,734.0,1544.91,1497.4095,47.50045410156258,3.074642154013022
2025-09-22,Toledo,Tucson,Reefer,2083.1,4597.18,4287.97,309.2097851562503,6.726075227775512
2025-09-22,Amarillo,Milwaukee,Reefer,1158.1,2531.03,2451.2563,79.7736523437502,3.151825633981035
2025-09-22,Fresno,Phoenix,Dry Van,446.5,976.23,948.2963,27.933674316406268,2.8613824935113925
2025-09-22,Amarillo,Reno,Reefer,1060.5,2554.85,2421.0288,133.8211914062499,5.237927526322482
2025-09-22,Harrisburg,Little Rock,Dry Van,1029.0,2158.7,2109.7407,48.95927734374982,2.2679982092810405
2025-09-22,Hartford,Kansas City,Dry Van,1178.7,2347.09,2350.7324,3.6424218749998545,0.15518884554916318
2025-09-22,New York,Hartford,Flatbed,120.9,375.07,417.1932,42.12320678710938,11.230758734931982
2025-09-22,Madison,Cincinnati,Dry Van,417.6,923.27,881.8817,41.38828613281248,4.482793346779651
2025-09-22,Lexington,Chattanooga,Dry Van,210.8,555.39,600.61383,45.223830566406264,8.142716031330464
2025-09-22,Cincinnati,Albany,Reefer,1121.6,2538.88,2501.493,37.38708007812511,1.4725816138661578
2025-09-22,Baton Rouge,Chattanooga,Reefer,554.8,1378.44,1410.5044,32.064394531249945,2.326136395581233
2025-09-22,Greensboro,Savannah,Dry Van,202.5,501.37,486.0849,15.285100097656255,3.048666672847648
2025-09-22,Baton Rouge,Hartford,Dry Van,1527.1,2992.86,3016.0142,23.154160156249873,0.7736466174912917
2025-09-22,Baton Rouge,Memphis,Reefer,483.4,1204.25,1150.7112,53.538818359375,4.44582257499481
2025-09-22,Bakersfield,Buffalo,Reefer,2541.4,5426.58,5481.24,54.66023437500007,1.0072685627964588
2025-09-22,Shreveport,Oklahoma City,Dry Van,434.1,1048.6,1066.4081,17.80808105468759,1.698272082270417
2025-09-22,Charleston,Lubbock,Dry Van,1445.9,2931.57,2940.4478,8.877753906249836,0.30283274512462044
2025-09-22,Mobile,Houston,Dry Van,481.1,1099.07,1027.2216,71.84844238281244,6.537203488659725
2025-09-22,Albuquerque,Memphis,Reefer,1302.8,2775.61,3005.155,229.54502929687487,8.270075021234065
2025-09-22,Nashville,Lexington,Dry Van,261.7,633.76,632.47833,1.281667480468741,0.20223230883437593
2025-09-22,Oklahoma City,Tucson,Dry Van,1055.3,2098.04,2133.2227,35.182656250000036,1.6769297177365559
2025-09-22,Little Rock,Toledo,Reefer,820.4,1851.74,1838.2089,13.531137695312509,0.7307255713713864
2025-09-22,Reno,Fresno,Reefer,542.8,1355.55,1324.6443,30.905712890624955,2.27993898348456
2025-09-22,Lexington,Philadelphia,Dry Van,788.3,1625.53,1658.1862,32.65615722656253,2.0089544472610488
2025-09-22,New Orleans,Louisville,Dry Van,517.5,1125.97,1101.6621,24.307890625000027,2.158839989076088
2025-09-22,Salt Lake City,San Antonio,Dry Van,1082.3,2152.81,2113.3862,39.423769531249945,1.8312702714707731
2025-09-22,Raleigh,Savannah,Reefer,369.5,983.53,1124.8212,141.29116699218753,14.365720109420915
2025-09-22,Fort Wayne,Baton Rouge,Dry Van,989.9,1939.61,2014.4788,74.8687597656251,3.8599903983597272
2025-09-22,Charleston,Lubbock,Dry Van,1446.8,2691.8,2792.533,100.73295898437482,3.7422155800718784
2025-09-22,Birmingham,Toledo,Reefer,699.5,1628.59,1608.7189,19.871127929687418,1.2201430642265654
2025-09-22,Shreveport,Fort Wayne,Dry Van,820.5,1699.49,1751.0247,51.53465820312499,3.032360190593942
2025-09-22,Lexington,Fort Wayne,Reefer,369.8,959.92,996.5265,36.60648925781254,3.813493755501765
2025-09-22,Richmond,Birmingham,Dry Van,764.8,1496.18,1461.6538,34.526191406250064,2.307622839915656
2025-09-22,Los Angeles,Kansas City,Reefer,1948.7,4098.74,3992.5796,106.16041015624978,2.5900742705380138
2025-09-22,Buffalo,Oklahoma City,Dry Van,1509.7,2928.12,2794.108,134.0120898437499,4.5767280659177185
2025-09-22,Las Vegas,New York,Flatbed,2662.5,5214.68,4970.086,244.5940625000003,4.69049035607171
2025-09-22,Amarillo,Los Angeles,Dry Van,965.4,1920.81,1922.0558,1.2457861328125546,0.06485733273007505
2025-09-22,Green Bay,Harrisburg,Dry Van,681.2,1342.0,1364.7917,22.791748046875,1.698341881287258
2025-09-22,Greensboro,Columbia,Dry Van,131.7,373.78,375.17203,1.3920275878906523,0.37241895978667994
2025-09-22,Little Rock,Charleston,Reefer,844.7,1977.64,1929.9443,47.6956640625001,2.4117465293228344
2025-09-22,Green Bay,Dayton,Dry Van,390.0,898.29,864.3491,33.940878906249964,3.778387703998705
2025-09-22,Charleston,Detroit,Reefer,828.7,2004.53,1914.9194,89.61056640624997,4.470402857839492
2025-09-22,Tulsa,Oklahoma City,Dry Van,282.2,748.0,818.3504,70.35040283203125,9.405134068453377
2025-09-22,Lexington,Phoenix,Flatbed,2202.0,4486.44,4191.514,294.9258398437496,6.573716350686727
2025-09-22,Nashville,Fort Wayne,Dry Van,530.3,1113.48,1098.4674,15.012592773437518,1.3482588617161977
2025-09-22,Amarillo,Raleigh,Dry Van,1759.8,3244.08,3271.665,27.585039062500073,0.8503193220419987
2025-09-22,Tampa,Memphis,Dry Van,622.0,1349.6,1362.4934,12.893408203125091,0.9553503410732878
2025-09-22,Mobile,Dayton,Reefer,697.5,1733.25,1672.8723,60.377685546875,3.4834954880643303
2025-09-22,Hartford,El Paso,Dry Van,2469.9,4679.78,4509.639,170.14083984374975,3.6356589378934427
2025-09-22,New Orleans,Kansas City,Reefer,594.4,1549.59,1682.2771,132.68709960937508,8.56272301766113
2025-09-22,Nashville,Corpus Christi,Reefer,761.1,1817.52,1731.8594,85.66062499999998,4.713049925172761
2025-09-22,Houston,Raleigh,Dry Van,1223.6,2398.51,2464.9956,66.48560546874978,2.771954482939399
2025-09-22,Charleston,Houston,Reefer,1050.4,2497.67,2431.9614,65.70857421875007,2.6307948695684407
2025-09-22,Richmond,Albany,Dry Van,585.5,1227.05,1229.4036,2.3535644531250455,0.19180672777189564
2025-09-22,Shreveport,Grand Rapids,Flatbed,960.6,2259.47,2137.9683,121.5017382812498,5.377444191834802
2025-09-22,Dallas,Oklahoma City,Dry Van,294.0,782.19,788.9185,6.728518066406195,0.8602153014492893
2025-09-22,Lubbock,Baltimore,Dry Van,1947.2,3823.47,3722.8992,100.5708300781248,2.630354889096156
2025-09-22,Tulsa,Richmond,Flatbed,1230.8,2778.74,2682.5698,96.17017578124978,3.4609274628518607
2025-09-22,Kansas City,San Antonio,Dry Van,949.7,2064.85,1998.9678,65.88222656249991,3.1906543604862296
2025-09-22,Grand Rapids,Buffalo,Dry Van,501.0,1051.24,1060.0859,8.845937499999991,0.8414764944256298
2025-09-22,Bakersfield,Louisville,Reefer,1902.5,3988.91,3931.9062,57.003749999999854,1.4290558072255293
2025-09-22,Dayton,Syracuse,Reefer,581.5,1385.82,1346.2935,39.526542968749936,2.852213344355684
2025-09-22,Oklahoma City,Shreveport,Flatbed,435.9,1175.72,1166.6884,9.031645507812527,0.768179966983
2025-09-22,Memphis,Little Rock,Dry Van,213.3,569.67,608.54486,38.87486083984379,6.824101820324713
2025-09-22,San Antonio,Baltimore,Reefer,1838.6,3963.94,4000.3262,36.386171874999945,0.9179294306926933
2025-09-22,Mobile,Grand Rapids,Reefer,940.3,2063.23,2106.003,42.77292968749998,2.0731052615316754
2025-09-22,Lexington,Cincinnati,Reefer,120.9,383.49,433.60254,50.11253906249999,13.06749564851756
2025-09-22,Fort Wayne,Jacksonville,Dry Van,751.7,1608.15,1539.9122,68.23776855468759,4.243246497819705
2025-09-22,New York,Lexington,Flatbed,737.2,1667.17,1544.232,122.93794433593757,7.374049697147715
2025-09-22,Bakersfield,El Paso,Reefer,453.9,1193.46,1166.2041,27.255898437500036,2.283771424052757
2025-09-22,Indianapolis,Phoenix,Dry Van,1959.2,3775.66,3660.829,114.83089843749985,3.0413463722236607
2025-09-22,St. Louis,Lubbock,Reefer,973.8,2429.57,2274.765,154.80510742187516,6.371708056235266
2025-09-22,Corpus Christi,New York,Flatbed,1746.1,3902.72,3748.1924,154.5276171874998,3.9594851075019424
2025-09-22,New York,Buffalo,Reefer,334.9,884.94,927.25085,42.310854492187445,4.781211663184786
2025-09-22,Albany,Oklahoma City,Dry Van,1979.9,3667.82,3486.304,181.51604492187516,4.948880940773407
2025-09-22,Atlanta,Fresno,Dry Van,2226.6,4192.73,4891.299,698.5688281250004,16.661431289994834
2025-09-22,Savannah,Memphis,Dry Van,521.8,1161.6,1113.3005,48.29946289062491,4.158011612484927
2025-09-22,Birmingham,Mobile,Dry Van,195.5,509.11,505.37875,3.7312463378906386,0.7328959042035392
2025-09-22,Austin,Albany,Dry Van,2132.0,4197.87,4156.615,41.25476562499989,0.9827547214420621
2025-09-22,Philadelphia,Reno,Flatbed,2803.4,5728.27,5497.262,231.00779296875044,4.032767187453636
2025-09-22,Greensboro,Columbia,Dry Van,131.6,344.39,367.68326,23.29325805664064,6.7636278802057666
2025-09-22,Louisville,Amarillo,Dry Van,1107.4,2216.98,2257.5017,40.52170898437498,1.8277886577404838
2025-09-22,Corpus Christi,New York,Reefer,1698.8,3656.53,3521.1848,135.3451855468752,3.7014652018956546
2025-09-22,Tulsa,Grand Rapids,Reefer,975.5,2289.62,2204.1077,85.51233398437489,3.7347828017039895
2025-09-22,Little Rock,Fort Wayne,Reefer,722.0,1834.15,1696.0374,138.1126464843751,7.530062780272884
2025-09-22,Fort Wayne,Chattanooga,Flatbed,526.3,1259.22,1227.2722,31.947783203125027,2.537108940703374
2025-09-22,Milwaukee,Green Bay,Dry Van,392.4,901.25,881.4982,19.75177001953125,2.191597228242025
2025-09-22,Hartford,Nashville,Dry Van,1088.1,2075.25,2104.1199,28.869873046875,1.391151574358511
2025-09-22,Lubbock,Nashville,Dry Van,910.4,1961.33,1904.2357,57.09428222656243,2.910998262738164
2025-09-22,Tucson,Houston,Dry Van,1281.6,2668.74,3261.9575,593.2175195312502,22.228374421309315
2025-09-22,Toledo,Milwaukee,Reefer,319.6,863.66,933.16406,69.50406250000003,8.047618565176116
2025-09-22,Dayton,New Orleans,Dry Van,742.8,1502.5,1442.5703,59.9296875,3.9886647254575704
2025-09-22,Phoenix,Jacksonville,Dry Van,2234.0,4047.61,4373.126,325.5159765624999,8.042177397587709
2025-09-22,Nashville,Boston,Flatbed,1244.4,2745.03,2604.6453,140.3847363281252,5.114142152476483
2025-09-22,Charleston,Madison,Flatbed,919.7,1915.26,1921.3325,6.072519531250009,0.31705980030126507
2025-09-22,Green Bay,San Francisco,Reefer,2215.3,4609.13,4523.598,85.53185546875011,1.855704991370391
2025-09-22,Richmond,Phoenix,Dry Van,2704.4,4898.32,4869.6235,28.69646484374971,0.5858430001255474
2025-09-22,Dallas,Bakersfield,Dry Van,1584.9,3122.02,2955.6755,166.34446289062498,5.328103692180863
2025-09-22,Albany,Madison,Dry Van,1116.5,2249.86,2191.2908,58.56922851562513,2.6032388022199213
2025-09-22,Phoenix,Lubbock,Flatbed,1143.9,2716.18,2549.4429,166.73712890624984,6.138662714041406
2025-09-22,Baton Rouge,Memphis,Dry Van,485.5,1151.79,1129.6976,22.092368164062464,1.918089943831989
2025-09-22,Nashville,Jacksonville,Reefer,357.0,1040.12,1020.31067,19.80933105468739,1.9045236179178742
2025-09-22,Greensboro,Hartford,Flatbed,720.7,1637.66,1615.44,22.220058593750082,1.356817568588723
2025-09-22,Kansas City,Indianapolis,Dry Van,169.7,455.17,461.58124,6.411237792968734,1.4085369846362312
2025-09-22,Richmond,Hartford,Dry Van,339.9,755.4,732.8564,22.543615722656227,2.9843282661710653
2025-09-22,Tulsa,Milwaukee,Dry Van,628.6,1382.93,1384.9536,2.0236132812499363,0.14632796173703197
2025-09-22,Harrisburg,Philadelphia,Reefer,316.3,791.95,820.0165,28.066479492187455,3.5439711461818866
2025-09-22,Washington,Providence,Reefer,521.3,1264.86,1217.0723,47.7877343749999,3.7781046420157094
2025-09-22,Detroit,Grand Rapids,Dry Van,140.2,349.2,362.35403,13.154034423828136,3.7669056196529604
2025-09-22,Salt Lake City,Las Vegas,Reefer,221.9,620.41,637.465,17.055026855468782,2.7489929007380254
2025-09-22,Toledo,Tulsa,Dry Van,943.8,1972.72,1986.5232,13.803193359374973,0.6997036254194702
2025-09-22,Jacksonville,Lexington,Dry Van,425.1,938.4,977.785,39.38497314453127,4.197034648820468
2025-09-22,Lubbock,Houston,Flatbed,378.3,1052.71,1043.0408,9.669228515625036,0.9185082801175097
2025-09-22,Madison,Philadelphia,Flatbed,1069.1,2333.1,2281.7239,51.37612304687491,2.202054050271095
2025-09-22,Atlanta,Charleston,Dry Van,460.6,1094.42,1064.5295,29.890458984375073,2.7311689282336826
2025-09-22,Cincinnati,Buffalo,Reefer,651.4,1486.23,1446.2122,40.01784179687502,2.6925739486401845
2025-09-22,Savannah,Albany,Dry Van,1068.8,2095.39,2177.7617,82.37171875000013,3.9310924815905457
2025-09-22,Memphis,Shreveport,Reefer,318.6,883.79,955.46124,71.67124267578129,8.109533110329522
2025-09-22,Bakersfield,Fort Wayne,Dry Van,2108.7,3727.53,3537.797,189.7328808593752,5.09004302740354
2025-09-22,Baton Rouge,Los Angeles,Dry Van,1713.2,3367.15,3359.6262,7.523779296875091,0.22344651402150453
2025-09-22,Charleston,Savannah,Reefer,193.8,580.22,653.54736,73.32736328124997,12.637855172391502
2025-09-22,Providence,Kansas City,Dry Van,1392.0,2751.44,2780.0981,28.658144531249945,1.0415689432170043
2025-09-22,Chattanooga,Oklahoma City,Dry Van,853.8,1753.47,1721.531,31.938994140625027,1.8214736574121613
2025-09-22,Salt Lake City,Kansas City,Dry Van,1450.4,2831.17,2825.5688,5.601152343750073,0.19783878551093972
2025-09-22,Los Angeles,Toledo,Reefer,2300.1,4986.16,4989.3657,3.2057226562501455,0.06429241452841758
2025-09-22,Indianapolis,Las Vegas,Dry Van,1742.8,3237.63,3062.8064,174.8236035156251,5.399740041809135
2025-09-22,Grand Rapids,Harrisburg,Dry Van,589.6,1167.44,1146.214,21.226010742187555,1.8181671642386377
2025-09-22,Fort Wayne,Tucson,Dry Van,1990.6,3721.9,3622.0835,99.81650390625009,2.681869580221126
2025-09-22,Jacksonville,Dayton,Reefer,647.4,1565.74,1513.5774,52.16260742187501,3.3314986793385244
2025-09-22,Kansas City,Harrisburg,Dry Van,825.2,1636.8,1656.9366,20.136645507812545,1.2302447157754488
2025-09-22,Kansas City,Lubbock,Dry Van,979.2,2014.62,2008.7389,5.881108398437391,0.2919214739473147
2025-09-22,Birmingham,Providence,Reefer,1190.1,2826.25,2669.077,157.173095703125,5.5611887024546665
2025-09-22,Shreveport,Detroit,Dry Van,979.6,1946.28,1951.0956,4.815581054687527,0.2474248851494917
2025-09-22,Bakersfield,Nashville,Dry Van,1938.7,3824.6,3666.0396,158.5604492187499,4.145804769616428
2025-09-22,Nashville,Richmond,Reefer,783.1,1822.63,1756.0251,66.60485351562511,3.654326633251132
2025-09-22,Phoenix,Boston,Dry Van,3077.7,5226.16,5333.702,107.54214843750015,2.057766092838722
2025-09-22,Los Angeles,Memphis,Dry Van,1909.5,3518.72,3494.2314,24.4885546874998,0.6959506493128127
2025-09-22,Mobile,New Orleans,Dry Van,293.4,727.52,720.56836,6.951640624999982,0.9555257071970505
2025-09-22,Hartford,Fresno,Dry Van,3082.1,5484.51,5484.342,0.16820312500021828,0.003066876074621402
2025-09-22,Phoenix,Montgomery,Dry Van,2080.8,4080.13,3882.4146,197.7154492187501,4.845812491728207
2025-09-22,New Orleans,New York,Dry Van,1308.4,2566.19,2579.2163,13.026308593749945,0.5076127875858742
2025-09-22,Mobile,Bakersfield,Dry Van,1929.1,3686.09,3895.6475,209.55746093749985,5.685088018401609
2025-09-22,Memphis,Richmond,Reefer,862.1,2079.7,2009.3179,70.38212890624982,3.3842443095758923
2025-09-22,Birmingham,Los Angeles,Reefer,2143.2,4598.86,4445.026,153.83412109374967,3.34504901418503
2025-09-22,Cincinnati,Houston,Dry Van,739.4,1533.36,1458.5687,74.7912744140624,4.8776069816652585
2025-09-23,Lexington,Birmingham,Dry Van,331.8,790.81,781.1824,9.627626953124945,1.217438696162788
2025-09-23,Fresno,Providence,Dry Van,3239.8,5667.22,5465.943,201.27712890625025,3.551602530098536
2025-09-23,Austin,Greensboro,Dry Van,1253.6,2482.03,2529.2234,47.1933886718748,1.901402830420051
2025-09-23,Green Bay,Tampa,Flatbed,1320.1,2799.55,2590.836,208.71406250000018,7.45527182940116
2025-09-23,Mobile,Charleston,Flatbed,624.2,1557.88,1487.0901,70.78991210937511,4.5439900447643655
2025-09-23,Jacksonville,Raleigh,Dry Van,555.0,1190.7,1229.8983,39.198315429687455,3.2920395926503274
2025-09-23,Bakersfield,Oklahoma City,Reefer,1240.6,3022.15,3069.9236,47.77358398437491,1.580781363743524
2025-09-23,Phoenix,Baton Rouge,Dry Van,1628.8,3231.74,3091.4453,140.29468749999978,4.3411502008206035
2025-09-23,Lexington,Washington,Dry Van,543.5,1124.33,1111.3182,13.011762695312427,1.1572903591750134
2025-09-23,Oklahoma City,Houston,Dry Van,288.5,724.44,764.2755,39.835512695312445,5.498800824818127
2025-09-23,Houston,Lexington,Dry Van,815.9,1739.85,1667.8284,72.02163085937491,4.1395310434448325
2025-09-23,Atlanta,Lexington,Dry Van,223.8,592.8,583.31573,9.484265136718705,1.5999097734005912
2025-09-23,Boston,Jacksonville,Flatbed,1117.5,2522.33,2782.474,260.1441210937501,10.313643381070284
2025-09-23,Hartford,Toledo,Dry Van,776.2,1509.49,1455.4465,54.04346679687501,3.580246758632055
2025-09-23,Los Angeles,Charleston,Dry Van,2552.1,4756.46,4896.999,140.53902343749996,2.9546978937592234
2025-09-23,Nashville,Reno,Flatbed,1946.5,4177.12,3896.3462,280.7738085937499,6.721707985256586
2025-09-23,Nashville,Syracuse,Dry Van,967.4,1885.76,1843.1267,42.63329101562499,2.260801534427763
2025-09-23,Fresno,Birmingham,Reefer,2155.7,4776.1,4674.308,101.79189453125036,2.1312764500586328
2025-09-23,Phoenix,Oklahoma City,Dry Van,1280.2,2635.86,2592.2007,43.65931640625013,1.6563594578714393
2025-09-23,Houston,Kansas City,Dry Van,751.1,1653.44,1605.8591,47.580869140625055,2.8776894922479834
2025-09-23,Grand Rapids,Fort Wayne,Flatbed,189.9,522.62,544.34015,21.720148925781245,4.156011810834113
2025-09-23,Charleston,Kansas City,Dry Van,839.4,1787.64,1648.0674,139.5726171875001,7.807646796194989
2025-09-23,Toledo,Baltimore,Dry Van,784.3,1542.61,1602.6136,60.0036474609376,3.8897483784584312
2025-09-23,Columbia,Fresno,Dry Van,2410.2,4533.05,4604.9727,71.92265624999982,1.586628346256931
2025-09-23,Nashville,Buffalo,Flatbed,798.7,1883.24,1810.8458,72.39417480468751,3.8441289907121505
2025-09-23,Los Angeles,Corpus Christi,Dry Van,1432.2,2810.7,2780.7732,29.926806640624818,1.0647456733420437
2025-09-23,Cincinnati,Amarillo,Reefer,1185.8,2838.34,2883.3733,45.033291015624854,1.5866066438701796
2025-09-23,Raleigh,Cincinnati,Reefer,631.2,1638.9,1843.1188,204.2187744140624,12.460722094945536
2025-09-23,Hartford,Milwaukee,Dry Van,1022.1,2047.55,2020.3208,27.229199218749955,1.3298429449219777
2025-09-23,Kansas City,Birmingham,Reefer,569.0,1398.71,1307.3528,91.35721679687504,6.531533827374869
2025-09-23,El Paso,Shreveport,Dry Van,1230.8,711.03,2890.8071,2179.7771289062503,306.5661264512398
2025-09-23,Fort Wayne,Memphis,Dry Van,551.1,1228.36,1187.7975,40.5625146484374,3.302168309651682
2025-09-23,Providence,Baltimore,Dry Van,240.3,595.46,611.20605,15.746054687499964,2.6443513733080244
2025-09-23,Louisville,Lubbock,Dry Van,1028.7,2231.13,2182.039,49.09093750000011,2.200272395602233
2025-09-23,Houston,Oklahoma City,Dry Van,287.3,742.69,733.5314,9.158627929687555,1.2331696844831024
2025-09-23,Madison,St. Louis,Dry Van,285.4,705.08,680.0371,25.04289062500004,3.5517800285074093
2025-09-23,Buffalo,Washington,Reefer,241.8,646.86,603.71545,43.144545898437514,6.669842917855102
2025-09-23,Tucson,Lexington,Dry Van,1945.0,3862.09,3695.4385,166.65152343750015,4.31506058733743
2025-09-23,Cincinnati,Chattanooga,Dry Van,167.9,435.27,447.86188,12.591877441406268,2.892888883085503
2025-09-23,Kansas City,Hartford,Dry Van,1185.9,2309.76,2308.3335,1.4265039062502183,0.06175983246095777
2025-09-23,Richmond,Tucson,Reefer,2487.2,5088.19,4896.9756,191.2144140624996,3.7580045961825252
2025-09-23,St. Louis,Phoenix,Flatbed,1851.2,3994.83,3789.577,205.25309570312493,5.137968216497947
2025-09-23,Raleigh,Houston,Dry Van,1227.9,2388.93,2480.9485,92.01848632812516,3.8518703489899315
2025-09-23,Syracuse,Fort Wayne,Dry Van,538.7,1101.11,1098.0427,3.0672753906249,0.27856212282377785
2025-09-23,Phoenix,Memphis,Reefer,1880.3,4155.43,3989.439,165.9910351562503,3.994557366054783
2025-09-23,Reno,Kansas City,Reefer,1667.2,3432.98,2936.5273,496.45265625,14.461274352020695
2025-09-23,Montgomery,Indianapolis,Flatbed,626.2,1563.76,1489.7654,73.99461914062499,4.731839869329373
2025-09-23,Shreveport,Phoenix,Dry Van,1707.7,3380.49,3291.6445,88.84546874999978,2.628183155400542
2025-09-23,Nashville,Shreveport,Reefer,390.6,1098.56,1031.0554,67.50458007812495,6.144824140522589
2025-09-23,Albany,Atlanta,Dry Van,1181.8,2277.98,2286.513,8.532939453124982,0.37458359832505034
2025-09-23,Albany,Los Angeles,Dry Van,3215.7,5683.63,5383.686,299.9439648437501,5.277330945957955
2025-09-23,Grand Rapids,Boston,Reefer,1048.6,2337.12,2625.496,288.3760937500001,12.338951091514348
2025-09-23,Reno,Fort Wayne,Dry Van,2073.6,3369.41,3339.6707,29.739345703124854,0.882627691587692
2025-09-23,Albuquerque,Tampa,Flatbed,1661.5,3638.32,3515.1404,123.17961914062516,3.3856180638488413
2025-09-23,Chattanooga,Phoenix,Reefer,2079.9,4202.91,4114.825,88.08480468749985,2.0958051608885238
2025-09-23,Phoenix,Harrisburg,Dry Van,2615.8,4581.19,4561.5166,19.6733984374996,0.4294386051986405
2025-09-23,New York,Mobile,Reefer,1168.3,2736.4,2886.2727,149.8727050781249,5.477002816771119
2025-09-23,Indianapolis,Oklahoma City,Dry Van,835.6,1738.09,1737.6903,0.39969238281241815,0.02299606941023872
2025-09-23,Lexington,Dallas,Dry Van,768.8,1660.43,1601.1852,59.244819335937564,3.568040768712777
2025-09-23,Fresno,Mobile,Reefer,2135.7,4842.97,4441.733,401.23708984375025,8.284938577850994
2025-09-23,Chattanooga,Mobile,Dry Van,298.4,731.1,719.05054,12.049462890625023,1.6481278745212724
2025-09-23,Detroit,St. Louis,Dry Van,560.8,1227.42,1201.3077,26.112260742187573,2.1274104008560695
2025-09-23,Columbia,El Paso,Reefer,1812.1,3958.1,3910.313,47.78701171874991,1.2073219908226147
2025-09-23,Montgomery,Lubbock,Dry Van,979.8,2009.54,2049.754,40.213906250000036,2.001149827821294
2025-09-23,Tulsa,Lexington,Flatbed,749.0,1774.47,1823.0869,48.61691406249997,2.7397991548180567
2025-09-23,Savannah,Reno,Dry Van,2404.8,4600.17,4031.9475,568.2224902343751,12.352206336600062
2025-09-23,Birmingham,San Francisco,Dry Van,2335.7,4515.31,4503.771,11.5390039062504,0.25555286140376626
2025-09-23,Mobile,Hartford,Dry Van,1187.7,2254.26,2286.8467,32.58667968749978,1.445559948164798
2025-09-23,Amarillo,Phoenix,Reefer,871.6,2018.27,1843.4811,174.78892089843748,8.66033389479294
2025-09-23,Montgomery,Tucson,Reefer,1848.3,4140.09,4170.1978,30.107753906249854,0.7272246232871714
2025-09-23,Tucson,Atlanta,Dry Van,1849.5,3530.8,3526.8088,3.991162109375182,0.11303846463620658
2025-09-23,Bakersfield,Greensboro,Reefer,2251.9,4814.82,4619.879,194.9410937499997,4.048772202283776
2025-09-23,Milwaukee,Syracuse,Flatbed,743.8,1666.44,1502.4559,163.98406738281255,9.840382334966307
2025-09-23,Indianapolis,Corpus Christi,Reefer,962.2,2350.24,2258.7073,91.53272460937478,3.8946118102566034
2025-09-23,Mobile,Shreveport,Dry Van,306.4,759.16,745.38214,13.777858886718718,1.8148820916168817
2025-09-23,Grand Rapids,Fresno,Flatbed,2321.3,5033.39,4565.295,468.0950781250003,9.29979751469686
2025-09-23,Kansas City,Baton Rouge,Reefer,737.8,322.34,1699.026,1376.6860009765626,427.09127039044574
2025-09-23,Los Angeles,Albany,Dry Van,3145.4,5577.48,5719.4624,141.98240234375044,2.545637139779084
2025-09-23,Phoenix,Fort Wayne,Flatbed,2193.8,4438.72,4187.8574,250.86257812500025,5.651687381159438
2025-09-23,Milwaukee,Bakersfield,Dry Van,1903.5,3727.19,3676.171,51.019101562500055,1.3688355453438126
2025-09-23,Birmingham,Fort Wayne,Dry Van,660.6,1343.64,1324.6481,18.9919287109376,1.413468541494567
2025-09-23,Toledo,Philadelphia,Dry Van,752.4,1564.53,1512.5486,51.98141601562497,3.322494040742266
2025-09-23,Charleston,Fort Wayne,Reefer,694.5,1745.08,1760.8398,15.759843750000073,0.9031015053751159
2025-09-23,Chattanooga,Cincinnati,Dry Van,167.6,436.33,455.28253,18.952531738281266,4.343623344322248
2025-09-23,Jacksonville,Charleston,Flatbed,372.8,997.52,1010.1391,12.619099121093768,1.265047229237887
2025-09-23,Fresno,New York,Flatbed,2973.8,6078.29,5779.827,298.46285156249996,4.910309504194435
2025-09-23,Raleigh,Memphis,Reefer,811.5,1980.66,1873.597,107.06295410156258,5.405418098086626
2025-09-23,Los Angeles,Nashville,Dry Van,2078.0,4012.31,4145.2393,132.92925781250005,3.313035578320221
2025-09-23,Detroit,Toledo,Reefer,149.7,436.95,455.55197,18.601971435546886,4.257231132977889
2025-09-23,Lexington,Greensboro,Dry Van,193.5,509.49,538.56995,29.07994628906249,5.7076579106680185
2025-09-23,Oklahoma City,Atlanta,Flatbed,852.0,2050.84,2028.7354,22.104648437500146,1.0778338845302482
2025-09-23,Toledo,Lexington,Dry Van,427.6,997.19,961.17096,36.019040527343805,3.6120539242615552
2025-09-23,Oklahoma City,Shreveport,Dry Van,422.1,1068.01,1103.5856,35.57557128906251,3.3310148115712876
2025-09-23,Fort Wayne,Cincinnati,Flatbed,371.7,943.32,902.91907,40.40093261718755,4.282844911290713
2025-09-23,Lexington,Albany,Dry Van,1045.7,2090.75,2120.993,30.242919921875,1.4465105785902188
2025-09-23,Nashville,Chattanooga,Reefer,76.5,269.11,297.84326,28.733261718749986,10.677143814332425
2025-09-23,Raleigh,Fort Wayne,Dry Van,703.5,1458.41,1571.1884,112.77835449218742,7.732966346376356
2025-09-23,Nashville,Shreveport,Dry Van,383.1,893.07,861.2649,31.80510742187505,3.5613230118439816
2025-09-23,Phoenix,Fort Wayne,Reefer,2245.8,4756.33,4618.2134,138.11662109374993,2.903848578499598
2025-09-23,Montgomery,Baton Rouge,Dry Van,468.4,1079.12,1076.9612,2.158818359374891,0.20005359546434975
2025-09-23,Shreveport,Albuquerque,Dry Van,1201.2,2323.37,2374.0522,50.68224609375011,2.181410885642412
2025-09-23,Syracuse,Shreveport,Flatbed,1292.5,2936.24,2757.5977,178.64234374999978,6.0840511589652
2025-09-23,Montgomery,Charleston,Flatbed,497.9,1268.05,1296.1984,28.148364257812545,2.219815011853834
2025-09-23,Louisville,Richmond,Flatbed,699.6,1705.42,1611.2346,94.18538085937507,5.522708825941708
2025-09-23,Oklahoma City,San Francisco,Dry Van,1569.4,3196.74,3066.1772,130.56275390624978,4.084246886085506
2025-09-23,Fresno,Baltimore,Dry Van,3092.3,5914.46,5816.4165,98.04349609375004,1.657691422272702
2025-09-23,Atlanta,Fort Wayne,Flatbed,543.7,1338.37,1253.4276,84.94238769531239,6.346704401272622
2025-09-23,Richmond,Charleston,Dry Van,377.8,887.15,879.9981,7.151892089843727,0.8061649202326245
2025-09-23,Nashville,New York,Reefer,982.2,2179.55,2171.4077,8.142285156250182,0.3735764334954546
2025-09-23,Albany,Chattanooga,Dry Van,1237.7,2404.05,2315.8228,88.22724609375018,3.6699422263992085
2025-09-23,Baltimore,Buffalo,Dry Van,489.6,1083.45,1056.3943,27.055712890625045,2.4971814934353262
2025-09-23,San Antonio,San Francisco,Reefer,1640.8,3650.77,3354.8125,295.9575,8.106714473932895
2025-09-23,Greensboro,Boston,Dry Van,909.0,1876.04,1857.5238,18.516196289062464,0.986983022167036
2025-09-23,Chattanooga,Houston,Dry Van,651.2,1414.99,1211.7648,203.2252294921875,14.36230853166365
2025-09-23,Reno,Savannah,Dry Van,2398.6,4273.9,4084.5447,189.35532226562464,4.430504276319629
2025-09-23,Columbia,Fort Wayne,Flatbed,562.1,1392.01,1339.7762,52.23375488281249,3.7523979628603596
2025-09-23,Nashville,Oklahoma City,Flatbed,748.4,1871.4,1866.3011,5.098852539062591,0.27246192898699323
2025-09-23,Philadelphia,Little Rock,Dry Van,1312.0,2687.38,2561.7935,125.58654296875011,4.673196308997987
2025-09-23,Montgomery,Hartford,Flatbed,1151.8,2666.89,2575.9568,90.93321289062487,3.409709920192617
2025-09-23,Kansas City,Los Angeles,Reefer,1950.5,4386.65,3845.229,541.4209960937496,12.342470816995878
2025-09-23,Little Rock,Syracuse,Flatbed,1192.4,2664.59,2688.8857,24.295742187499854,0.911800396590089
2025-09-23,Atlanta,Fresno,Dry Van,2267.9,3938.41,4477.2056,538.7955664062501,13.6805352009123
2025-09-23,San Francisco,Buffalo,Dry Van,2670.9,4537.16,4600.999,63.839023437500146,1.4070260567734032
2025-09-23,Tucson,El Paso,Dry Van,307.9,745.34,734.08777,11.252231445312532,1.509677656547687
2025-09-23,Fresno,Nashville,Flatbed,2131.7,4440.3,4332.3403,107.95966796875018,2.431359772284534
2025-09-23,Austin,Bakersfield,Dry Van,1202.1,2524.09,2460.6135,63.476474609375146,2.5148261198838053
2025-09-23,Fort Wayne,Chattanooga,Dry Van,508.5,1080.84,1041.0449,39.79507812499992,3.68186578263202
2025-09-23,Green Bay,Montgomery,Dry Van,1071.8,2189.11,2173.5479,15.562148437500127,0.7108892854858881
2025-09-23,Hartford,Amarillo,Dry Van,2118.2,3963.65,3896.6548,66.99521484375009,1.6902404310105608
2025-09-23,Amarillo,Memphis,Dry Van,990.4,2167.86,2038.7229,129.13709960937513,5.95689295477453
2025-09-23,Cincinnati,Raleigh,Reefer,648.3,1554.02,1516.045,37.97495605468748,2.4436594158818727
2025-09-23,Jacksonville,San Antonio,Dry Van,977.7,2039.75,2055.6245,15.87451171875,0.7782577138742492
2025-09-23,Birmingham,Philadelphia,Dry Van,994.2,2024.17,1971.0977,53.07234375000007,2.6219311495576
2025-09-23,Tulsa,New Orleans,Reefer,221.7,681.2,681.6299,0.4298828124999545,0.06310669590427988
2025-09-23,Greensboro,Richmond,Dry Van,420.7,890.9,897.2564,6.356408691406273,0.7134817253795345
2025-09-23,Savannah,Fresno,Reefer,2465.7,5471.67,5358.378,113.29207031250007,2.070520888732326
2025-09-23,Cincinnati,Milwaukee,Dry Van,240.8,590.75,591.49286,0.74285888671875,0.12574843617752857
2025-09-23,Buffalo,Fort Wayne,Dry Van,419.5,873.95,855.8722,18.077807617187545,2.0685173771025283
2025-09-23,Charleston,El Paso,Flatbed,2023.4,4339.94,4163.389,176.5508398437496,4.068047941763011
2025-09-23,Philadelphia,San Francisco,Flatbed,3077.1,6219.04,5924.031,295.00923828124996,4.74364593701359
2025-09-23,Hartford,Shreveport,Dry Van,1405.0,2723.7,2770.4236,46.72358398437518,1.715445312786841
2025-09-23,Jacksonville,Washington,Dry Van,758.0,1592.93,1557.9363,34.993720703125064,2.1968147189848306
2025-09-23,Fort Wayne,Charleston,Reefer,686.8,1570.77,1548.8824,21.887553710937482,1.3934283001927388
2025-09-23,Cincinnati,Nashville,Reefer,180.5,559.36,572.0949,12.734909667968736,2.27669294693377
2025-09-23,Savannah,Reno,Dry Van,2355.7,4467.36,3908.4968,558.8631738281247,12.509920262260591
2025-09-23,Tampa,Philadelphia,Dry Van,1305.1,2608.57,2487.1125,121.45745117187516,4.65609323007913
2025-09-23,Cincinnati,Syracuse,Dry Van,746.9,1457.22,1408.9108,48.30923339843753,3.3151640382672163
2025-09-23,San Antonio,Baton Rouge,Reefer,430.0,1213.26,1202.3647,10.895253906249991,0.8980147623963529
2025-09-24,Albany,Dayton,Dry Van,941.0,1858.56,1790.9698,67.59015136718745,3.636694611268264
2025-09-24,Milwaukee,Tulsa,Reefer,649.3,1640.99,1598.2694,42.72059082031251,2.6033425444586813
2025-09-24,Richmond,Buffalo,Flatbed,308.4,831.82,826.6369,5.1830981445313,0.6231033329964776
2025-09-24,Albuquerque,New York,Dry Van,2312.2,4344.78,4284.5933,60.186738281249745,1.3852654974762761
2025-09-24,Albany,Tucson,Dry Van,2844.4,5375.13,5059.592,315.5382031250001,5.870336217449626
2025-09-24,Tucson,Mobile,Dry Van,1690.2,3243.45,3056.7146,186.73540039062482,5.757307817004264
2025-09-24,Buffalo,Syracuse,Reefer,165.0,486.64,565.0245,78.38447509765626,16.10728158344079
2025-09-24,Jacksonville,Boston,Flatbed,1142.8,2421.53,2316.7266,104.8034375000002,4.3279842702754125
2025-09-24,Mobile,Atlanta,Dry Van,303.5,774.12,757.1699,16.950078125000005,2.1895931024905706
2025-09-24,Los Angeles,Green Bay,Flatbed,2197.4,4504.8,4477.0645,27.735546875000182,0.6156887514429094
2025-09-24,Washington,Hartford,Flatbed,319.0,872.42,845.0534,27.36659423828121,3.1368600259371875
2025-09-24,Raleigh,Greensboro,Reefer,356.6,965.6,1278.9872,313.3871826171875,32.45517632738064
2025-09-24,El Paso,Lexington,Reefer,1659.8,3812.94,3659.408,153.53204101562505,4.0266052184305305
2025-09-24,Nashville,Mobile,Dry Van,300.0,765.42,765.2782,0.14180175781245907,0.018526006351082945
2025-09-24,Los Angeles,Buffalo,Dry Van,2724.3,4913.77,4898.8677,14.902324218750437,0.3032767959988041
2025-09-24,Albany,Toledo,Reefer,793.7,1907.82,1814.9742,92.84575683593744,4.866588925367039
2025-09-24,Charleston,Phoenix,Dry Van,2461.9,4576.82,4920.3867,343.5667187500003,7.506668795145982
2025-09-24,Baltimore,Syracuse,Dry Van,480.8,1075.11,1072.647,2.4630273437499,0.22909538035641935
2025-09-24,Harrisburg,Amarillo,Dry Van,1790.8,3454.06,3412.2554,41.804628906249945,1.2103040742271398
2025-09-24,Albany,Tulsa,Dry Van,1763.2,3492.43,3434.7505,57.679511718749836,1.6515581334128342
2025-09-24,Syracuse,Memphis,Dry Van,1006.8,2006.15,1986.7223,19.42770996093759,0.9684076445399193
2025-09-24,El Paso,Houston,Dry Van,1074.8,2311.97,2229.974,81.9958789062498,3.5465805744127223
2025-09-24,Reno,Hartford,Reefer,2886.3,5685.16,5528.6133,156.54671874999985,2.753602691041235
2025-09-24,San Antonio,Memphis,Dry Van,766.4,1647.88,1617.845,30.03502929687511,1.8226466306330018
2025-09-24,Toledo,Baton Rouge,Reefer,1082.8,2493.63,2354.473,139.1570996093751,5.580503106289831
2025-09-24,Hartford,Memphis,Flatbed,1170.4,2740.24,2703.621,36.61890624999978,1.3363393808571433
2025-09-24,Houston,Fresno,Dry Van,1711.9,3225.05,3146.5315,78.51850585937518,2.434644605800691
2025-09-24,Indianapolis,Green Bay,Dry Van,487.3,1140.94,1088.8334,52.106625976562555,4.566990900184282
2025-09-24,Lexington,Fresno,Dry Van,2277.8,4050.11,4327.1904,277.0804296874999,6.841306277792452
2025-09-24,Richmond,Cincinnati,Dry Van,666.4,1500.33,1390.9514,109.37858398437493,7.290301732577162
2025-09-24,Salt Lake City,Buffalo,Dry Van,2238.8,4161.55,4157.0356,4.514355468750182,0.10847774191707854
2025-09-24,Philadelphia,Lexington,Reefer,813.0,2029.71,1934.943,94.76700683593754,4.66899245882109
2025-09-24,Oklahoma City,Atlanta,Dry Van,845.7,1841.47,1811.9763,29.493681640625027,1.6016379110506838
2025-09-24,Raleigh,Dallas,Dry Van,1168.0,2411.4,2419.8071,8.407128906249909,0.34864099304345647
2025-09-24,Memphis,Syracuse,Reefer,976.7,2419.53,2402.8794,16.6506054687502,0.6881752021570388
2025-09-24,Baltimore,Montgomery,Dry Van,1070.0,2179.13,2224.6296,45.49963867187489,2.087972662111709
2025-09-24,Boston,New Orleans,Dry Van,1535.5,3015.19,2899.8408,115.34917968750005,3.8256023563191723
2025-09-24,Lubbock,Savannah,Flatbed,1227.1,2935.55,2860.006,75.54389648437518,2.573415424175203
2025-09-24,Corpus Christi,Philadelphia,Dry Van,1779.8,3418.66,3710.7378,292.07779296875015,8.54363384977594
2025-09-24,Bakersfield,Charleston,Dry Van,2419.9,4715.78,4718.366,2.5862109375002547,0.054841636749387274
2025-09-24,Chattanooga,Tucson,Flatbed,1826.4,4088.47,3903.0793,185.3906542968748,4.5344751043024605
2025-09-24,Oklahoma City,Baltimore,Dry Van,1786.5,3505.47,3971.1458,465.6757519531252,13.284260083615756
2025-09-24,Philadelphia,Reno,Dry Van,2773.7,5063.42,5151.6724,88.25236328124993,1.7429398169863437
2025-09-24,Amarillo,Philadelphia,Flatbed,2117.6,4446.28,4174.3926,271.88742187499975,6.114941521339182
2025-09-24,Green Bay,Columbia,Dry Van,812.8,1733.22,1684.272,48.94802734375003,2.824109307748008
2025-09-24,Grand Rapids,Lubbock,Dry Van,1415.5,13026.22,2802.8088,10223.411162109374,78.48332948552516
2025-09-24,Tucson,Philadelphia,Flatbed,2728.7,5884.52,5390.6333,493.88669921875044,8.392981912182309
2025-09-24,Green Bay,Shreveport,Dry Van,984.2,2109.73,2120.7368,11.006816406249982,0.5217168266199932
2025-09-24,El Paso,Harrisburg,Reefer,2126.3,4373.32,4272.1294,101.19060546874971,2.3138166305861385
2025-09-24,Albany,Savannah,Dry Van,1102.3,2231.28,2203.891,27.3888867187502,1.2274966260957925
2025-09-24,Providence,El Paso,Dry Van,2743.0,4987.73,4824.007,163.72316406249956,3.282518581849851
2025-09-24,Savannah,Green Bay,Flatbed,943.3,2100.75,2005.6536,95.096435546875,4.526784983785553
2025-09-24,Atlanta,Albany,Reefer,1188.7,2762.46,2714.1665,48.293496093750036,1.7482061674648695
2025-09-24,Phoenix,Birmingham,Reefer,2123.5,5117.77,4561.025,556.7450976562504,10.878665857517051
2025-09-24,Shreveport,Oklahoma City,Flatbed,427.6,1163.04,1121.1044,41.935629882812464,3.6056911097479416
2025-09-24,Hartford,Fresno,Dry Van,3104.3,5724.44,5649.9546,74.4854101562496,1.3011824764736744
2025-09-24,Memphis,Columbia,Dry Van,433.0,1018.98,968.48615,50.49385498046877,4.955333272534178
2025-09-24,Montgomery,Mobile,Flatbed,181.6,564.94,559.0322,5.907773437500055,1.045734668725892
2025-09-24,Birmingham,Greensboro,Dry Van,370.6,926.75,902.8238,23.92620849609375,2.5817327754080117
2025-09-24,New Orleans,Tucson,Dry Van,1440.2,2891.9,2806.8452,85.05478515625009,2.941138530248283
2025-09-24,Harrisburg,St. Louis,Dry Van,772.7,1573.33,1513.0878,60.24223144531243,3.8289635006840546
2025-09-24,Louisville,Lexington,Reefer,181.9,562.12,562.9896,0.8696240234374955,0.1547043377637329
2025-09-24,Milwaukee,Richmond,Reefer,740.7,1761.53,1683.1843,78.34567382812497,4.447592367324143
2025-09-24,Tulsa,Reno,Dry Van,1616.7,3178.09,3131.0776,47.012363281250146,1.4792646929838407
2025-09-24,San Antonio,Albany,Dry Van,2081.1,4088.81,3956.6787,132.13128906249995,3.23153409090909
2025-09-24,Hartford,Grand Rapids,Reefer,914.0,2056.92,1921.5836,135.33638183593757,6.5795646809762935
2025-09-24,Kansas City,Greensboro,Flatbed,615.8,1475.32,1427.6018,47.718193359374936,3.234430046320455
2025-09-24,Jacksonville,Green Bay,Reefer,1019.2,2307.45,2249.2695,58.18046874999982,2.521418394764776
2025-09-24,Greensboro,Raleigh,Flatbed,367.9,944.09,1020.6521,76.56209960937497,8.109618744968698
2025-09-24,Lubbock,Nashville,Flatbed,916.1,2244.31,2169.0938,75.21624999999995,3.3514198127709607
2025-09-24,Harrisburg,Montgomery,Dry Van,848.4,1812.97,1694.4545,118.51553222656253,6.537092849112922
2025-09-24,Albany,Baltimore,Dry Van,496.3,1017.35,1006.6774,10.672570800781273,1.0490559591862458
2025-09-24,Shreveport,Cincinnati,Dry Van,545.9,1223.55,1229.9558,6.4058105468750455,0.5235430139246492
2025-09-24,Tucson,Phoenix,Flatbed,274.5,757.04,869.7852,112.74521728515629,14.892900941186237
2025-09-24,Albuquerque,San Antonio,Flatbed,918.6,2187.59,2064.0747,123.51529296875015,5.646181092835044
2025-09-24,Fort Wayne,Fresno,Dry Van,2266.7,4031.66,3952.446,79.21395507812485,1.964797504703394
2025-09-24,Nashville,Milwaukee,Dry Van,378.2,892.63,855.6716,36.958430175781245,4.140397496810689
2025-09-24,Hartford,Raleigh,Flatbed,508.7,1257.54,1263.4736,5.933632812500036,0.471844459221976
2025-09-24,Oklahoma City,Mobile,Dry Van,712.5,1578.48,828.497,749.9829907226563,47.512986589798814
2025-09-24,Amarillo,Los Angeles,Flatbed,911.0,2122.13,2029.6307,92.49926269531261,4.358793414885639
2025-09-24,Albuquerque,Syracuse,Reefer,2146.3,4599.91,4591.669,8.241054687499854,0.17915686801480582
2025-09-24,Los Angeles,Albany,Dry Van,3161.7,5692.34,5781.983,89.64291015624985,1.5747989430752527
2025-09-24,Amarillo,Milwaukee,Dry Van,1148.4,2230.17,2272.3225,42.15250976562493,1.890102986123252
2025-09-24,Nashville,Lubbock,Reefer,922.4,2184.86,2188.0432,3.1832128906248727,0.14569413557961938
2025-09-24,Detroit,Tampa,Flatbed,1233.5,2740.72,2550.0862,190.6338183593748,6.9556108744919145
2025-09-24,Green Bay,Philadelphia,Dry Van,978.4,1888.07,1844.5043,43.565727539062436,2.3074212046726257
2025-09-24,Corpus Christi,Tucson,Dry Van,1239.1,2647.68,2565.511,82.16901367187484,3.103434466093895
2025-09-24,Richmond,New York,Dry Van,260.9,594.17,537.464,56.70601074218746,9.543735082920286
2025-09-24,Albuquerque,Houston,Dry Van,1068.2,2258.15,2284.4685,26.31850585937491,1.1654897088047698
2025-09-24,Bakersfield,Fort Wayne,Flatbed,2098.0,4305.47,4034.1519,271.31814453125025,6.301707932728605
2025-09-24,Albany,Reno,Dry Van,2865.1,4852.12,4507.218,344.9022265624999,7.108278990678299
2025-09-24,Chattanooga,Nashville,Reefer,73.4,243.49,323.2283,79.73830200195312,32.748080825476656
2025-09-24,Atlanta,Green Bay,Flatbed,794.8,1892.2,1804.9822,87.21782226562505,4.609334228180162
2025-09-24,Mobile,Syracuse,Dry Van,1174.3,2316.44,2343.4255,26.985537109374945,1.1649573098968653
2025-09-24,Tucson,Fresno,Dry Van,507.2,1155.97,1143.6097,12.360258789062527,1.069254287659933
2025-09-24,Oklahoma City,Albany,Reefer,1998.7,4488.03,4315.6274,172.40255859374975,3.841386055658045
2025-09-24,Columbia,Washington,Flatbed,541.4,1357.36,1422.7123,65.3522802734376,4.814660832309602
2025-09-24,Grand Rapids,Charleston,Dry Van,868.1,1715.81,1649.5951,66.21490722656245,3.859104867471483
2025-09-24,Birmingham,Los Angeles,Dry Van,2088.1,4171.88,3936.1243,235.7557324218751,5.651066963140721
2025-09-24,San Francisco,Richmond,Flatbed,2868.2,6023.57,5678.2266,345.3434374999997,5.73320202969335
2025-09-24,Fort Wayne,Hartford,Dry Van,836.5,1682.87,1649.3732,33.49683105468739,1.9904586245335285
2025-09-24,Dallas,Austin,Reefer,422.6,1167.82,1185.6035,17.783515625000064,1.5227959467212469
2025-09-24,Tucson,Albany,Dry Van,2894.4,5177.62,5128.2124,49.40759765624989,0.9542530671669589
2025-09-24,Oklahoma City,Houston,Dry Van,302.8,805.16,812.7766,7.616611328125032,0.9459748780521924
2025-09-24,Cincinnati,Chattanooga,Dry Van,170.7,447.62,454.5512,6.9312084960937455,1.5484581779397135
2025-09-24,Baltimore,Hartford,Dry Van,130.7,348.52,359.07745,10.557453613281268,3.0292246107199787
2025-09-24,Salt Lake City,Mobile,Dry Van,1745.3,3341.3,2850.4097,490.8903320312502,14.69159704400234
2025-09-24,Albany,Atlanta,Flatbed,1229.0,2766.75,2636.5593,130.190673828125,4.7055452725445015
2025-09-24,Philadelphia,Lubbock,Dry Van,1880.5,3547.14,3463.8677,83.27232421874987,2.3475905720876504
2025-09-24,Nashville,Charleston,Reefer,574.1,1407.31,1287.3131,119.99688964843745,8.526684927161567
2025-09-24,Fort Wayne,Tucson,Reefer,2024.5,4228.77,4188.8203,39.94968750000044,0.9447117601572191
2025-09-24,Richmond,Dayton,Dry Van,584.2,1296.7,1262.5261,34.173876953125045,2.635449753460711
2025-09-24,Providence,Bakersfield,Flatbed,3048.3,6474.77,6078.5186,396.25144531250044,6.119930828624034
2025-09-24,Hartford,El Paso,Flatbed,2584.6,5551.14,5047.6514,503.4886328125003,9.070004229987
2025-09-24,San Antonio,Baton Rouge,Dry Van,421.7,1029.93,1014.82916,15.100837402343814,1.466200363359045
2025-09-24,El Paso,Grand Rapids,Reefer,1731.8,3775.4,3751.4868,23.91318359375009,0.6333947023825314
2025-09-24,Baltimore,Milwaukee,Dry Van,1014.2,2032.78,1974.1769,58.60312011718747,2.882905189798575
2025-09-24,Amarillo,Las Vegas,Reefer,735.4,1777.36,1769.1818,8.1782373046874,0.46013397987393667
2025-09-24,Indianapolis,Shreveport,Flatbed,555.2,1369.6,1270.3278,99.27224121093741,7.248265275331295
2025-09-24,Toledo,Madison,Reefer,346.5,933.03,1125.5833,192.55325195312503,20.637412725542053
2025-09-24,Philadelphia,Los Angeles,Dry Van,3061.4,5431.34,5495.2124,63.872402343749854,1.1759971267449627
2025-09-24,Shreveport,Lexington,Dry Van,600.5,1325.03,1326.6483,1.6183154296875273,0.12213424825758869
2025-09-24,Baton Rouge,Bakersfield,Reefer,1661.0,3705.15,3538.6309,166.5191406250001,4.494261787646926
2025-09-24,Montgomery,Oklahoma City,Flatbed,879.0,2122.83,2235.1035,112.27351562500007,5.288860418639272
2025-09-24,Columbia,Montgomery,Dry Van,339.8,787.05,707.71686,79.3331420898437,10.079809680432463
2025-09-24,Boston,Philadelphia,Flatbed,243.7,691.92,680.9454,10.974626464843709,1.5861120454450963
2025-09-24,Greensboro,Savannah,Reefer,200.3,570.79,586.8179,16.027871093750036,2.8080153986142076
2025-09-24,El Paso,Charleston,Dry Van,1984.4,3844.53,3841.365,3.1650097656252,0.08232501152612152
2025-09-24,Greensboro,Mobile,Reefer,506.3,1335.3,1357.2877,21.987719726562545,1.6466501704907173
2025-09-24,Phoenix,Albany,Flatbed,3072.9,6033.69,5989.061,44.6289648437496,0.7396628736933718
2025-09-24,Lexington,Tucson,Reefer,1971.7,4417.55,4093.8713,323.6786621093752,7.32710806010968
2025-09-24,Philadelphia,Washington,Dry Van,278.3,671.84,664.7791,7.060886230468782,1.050977350331743
2025-09-24,Tucson,Nashville,Reefer,1726.2,3973.01,3891.0125,81.99754882812522,2.0638646474115396
2025-09-24,Dayton,Little Rock,Dry Van,626.3,1366.55,1342.6122,23.937817382812455,1.751697148498954
2025-09-24,Kansas City,Nashville,Reefer,402.2,1106.98,1125.6171,18.637065429687482,1.6835954967287108
2025-09-24,Kansas City,Los Angeles,Flatbed,1894.7,3923.25,3511.0952,412.15478515625,10.505442812878353
2025-09-24,Mobile,Fresno,Flatbed,2131.8,4649.34,4338.668,310.67203125000015,6.682067374078904
2025-09-24,Charleston,Los Angeles,Dry Van,2546.3,4853.02,4680.5903,172.42966796875044,3.553038478488661
2025-09-24,Memphis,Oklahoma City,Dry Van,692.2,1615.3,1571.5513,43.748730468749955,2.7083966116975144
2025-09-24,Atlanta,Birmingham,Dry Van,135.0,366.07,391.7166,25.646613769531257,7.005931589458644
2025-09-24,Albany,Hartford,Dry Van,373.4,858.82,858.0916,0.7283862304688,0.0848124438728488
2025-09-24,Mobile,El Paso,Dry Van,1514.6,3101.69,2978.0168,123.67315429687505,3.9872828779431555
2025-09-24,Tampa,Shreveport,Dry Van,525.7,1206.63,1208.6511,2.021123046874891,0.16750147492395273
2025-09-24,Hartford,Kansas City,Dry Van,1192.7,2329.37,2304.5828,24.78723632812489,1.0641176081139918
2025-09-24,Buffalo,Tampa,Dry Van,1172.3,2427.31,2399.0642,28.245791015624945,1.1636664050172802
2025-09-24,Jacksonville,Birmingham,Dry Van,212.5,515.93,498.00278,17.927222900390575,3.474739383325369
2025-09-24,Philadelphia,Tucson,Dry Van,2606.7,4981.33,4641.9653,339.3646679687499,6.812732101040283
2025-09-24,Chattanooga,Amarillo,Dry Van,1159.0,2447.3,2453.6323,6.332324218749818,0.2587473631655219
2025-09-24,San Francisco,Grand Rapids,Flatbed,2284.0,4771.94,4235.444,536.4961523437496,11.242726277860779
2025-09-24,El Paso,Indianapolis,Dry Van,1497.1,2881.01,2611.6685,269.3415429687502,9.348858315963852
2025-09-24,San Francisco,Richmond,Dry Van,2929.9,5092.81,5173.1865,80.3765234374996,1.5782352657471923
2025-09-24,Tulsa,Columbia,Dry Van,792.6,1789.16,1682.7467,106.41329589843758,5.947667950235729
2025-09-24,Boston,Dayton,Reefer,994.1,2331.54,2259.3828,72.15718749999996,3.0948294903797477
2025-09-24,Oklahoma City,Tampa,Dry Van,871.4,1886.18,1870.1178,16.062202148437564,0.8515731345066517
2025-09-24,New York,St. Louis,Dry Van,1028.1,681.3,1987.7671,1306.46708984375,191.76091146980042
2025-09-25,Columbia,Birmingham,Dry Van,278.9,717.72,660.146,57.57400390625003,8.021791772035058
2025-09-25,Charleston,Providence,Reefer,730.5,1756.86,1671.5135,85.3464501953124,4.85789705470626
2025-09-25,Baton Rouge,Grand Rapids,Dry Van,1148.3,2355.19,2412.205,57.015078124999945,2.4208271147975298
2025-09-25,Fort Wayne,Austin,Dry Van,1338.7,2682.7,2623.0173,59.68266601562482,2.2247238235965567
2025-09-25,Dayton,Lubbock,Reefer,1277.3,3126.04,3056.1694,69.87056640624996,2.2351142789679583
2025-09-25,Tucson,Philadelphia,Reefer,2696.1,5887.74,5599.9395,287.8005468749998,4.88813274490721
2025-09-25,Houston,Providence,Flatbed,1745.6,4133.57,3789.2732,344.2968066406247,8.329284532271734
2025-09-25,Montgomery,Corpus Christi,Flatbed,730.8,1756.17,1613.4001,142.76985351562507,8.129614645257865
2025-09-25,Phoenix,Fort Wayne,Reefer,2213.1,4584.97,4437.879,147.09109375000025,3.2081146386999313
2025-09-25,Charleston,Mobile,Reefer,624.8,1605.89,1565.7969,40.0931250000001,2.496629594804133
2025-09-25,Salt Lake City,Phoenix,Dry Van,536.9,1147.94,1166.0488,18.108828124999945,1.5775065007752969
2025-09-25,Los Angeles,Richmond,Dry Van,2765.7,5084.53,5046.612,37.918183593749745,0.7457559222533794
2025-09-25,Richmond,Reno,Flatbed,2624.6,5681.94,5024.7085,657.2315039062496,11.567026471702441
2025-09-25,Fort Wayne,Richmond,Reefer,599.6,1482.22,1427.9575,54.26248046875003,3.660892476740971
2025-09-25,Shreveport,Indianapolis,Reefer,540.5,1396.36,1391.7814,4.5786279296874,0.3278973853223668
2025-09-25,Buffalo,Phoenix,Dry Van,2638.7,4739.76,4497.5415,242.21849609375022,5.110353606379863
2025-09-25,Jacksonville,Harrisburg,Reefer,774.9,1909.96,1823.4166,86.54337402343754,4.531161596234347
2025-09-25,New Orleans,Fort Wayne,Dry Van,821.7,1794.23,1773.9319,20.298115234375018,1.1312995120121176
2025-09-25,Columbia,Fort Wayne,Dry Van,556.2,1233.72,1200.0065,33.71353027343753,2.732672751794372
2025-09-25,Cincinnati,Detroit,Reefer,575.4,1495.26,1551.5223,56.26233886718751,3.7627127634784254
2025-09-25,Fort Wayne,Hartford,Reefer,840.1,1961.16,1833.4432,127.71676269531258,6.51230713941303
2025-09-25,Greensboro,Raleigh,Dry Van,368.3,870.43,858.7014,11.72858398437495,1.3474471220402504
2025-09-25,Oklahoma City,Houston,Flatbed,289.2,804.31,834.2366,29.926572265625055,3.7207758532935133
2025-09-25,Oklahoma City,Albany,Reefer,2045.8,4348.33,4138.6055,209.72453124999993,4.8231052208549015
2025-09-25,Corpus Christi,Toledo,Dry Van,1329.7,2592.04,2665.86,73.82010742187504,2.8479540216152155
2025-09-25,Providence,Greensboro,Reefer,895.7,2109.59,1937.5924,171.99759277343765,8.15312893848746
2025-09-25,Corpus Christi,Amarillo,Dry Van,692.8,1611.88,1573.9331,37.94689453125011,2.3542009660303562
2025-09-25,Atlanta,Philadelphia,Flatbed,923.8,2240.76,2236.0762,4.683828125000218,0.20902854946536967
2025-09-25,San Francisco,Albany,Dry Van,3180.2,5578.56,5454.646,123.9140039062504,2.221254300504976
2025-09-25,Little Rock,Fresno,Reefer,1897.2,4226.82,4018.2632,208.5568164062497,4.934130537999009
2025-09-25,Shreveport,Columbia,Flatbed,649.7,1656.6,1532.3013,124.29873046874991,7.503243418371961
2025-09-25,Louisville,Fort Wayne,Dry Van,353.9,826.89,826.6902,0.19981445312498636,0.02416457486787679
2025-09-25,Mobile,Memphis,Dry Van,334.4,866.09,968.6332,102.54317871093747,11.839783245498444
2025-09-25,Green Bay,Milwaukee,Reefer,384.8,1042.68,1114.4802,71.80022460937494,6.886122742296287
2025-09-25,Raleigh,Washington,Dry Van,305.7,708.86,648.81946,60.040541992187514,8.470014106055853
2025-09-25,Nashville,Montgomery,Dry Van,367.4,857.15,868.822,11.672021484375023,1.3617244921396514
2025-09-25,Lexington,Oklahoma City,Reefer,1013.4,2558.09,2471.6565,86.43350585937515,3.3788297463879355
2025-09-25,Milwaukee,Hartford,Dry Van,1028.3,2094.08,1955.3662,138.71378906249993,6.6240921580121075
2025-09-25,Nashville,Richmond,Dry Van,780.4,1663.96,1587.6674,76.29264160156254,4.585004543472351
2025-09-25,Fort Wayne,Tucson,Dry Van,1966.7,3819.58,3798.7336,20.846357421874927,0.5457761696803033
2025-09-25,Albuquerque,Boston,Dry Van,2610.9,4914.29,4799.6206,114.66939453124996,2.333386807275313
2025-09-25,Bakersfield,Providence,Flatbed,3113.3,6534.49,6203.17,331.3200781249998,5.0703280305731555
2025-09-25,Nashville,Greensboro,Dry Van,371.1,349.14,881.4587,532.3186791992188,152.46568115919655
2025-09-25,Grand Rapids,Hartford,Reefer,926.0,2072.67,1982.7455,89.92451660156257,4.338583402160622
2025-09-25,Tulsa,Savannah,Reefer,851.2,2009.25,1970.6284,38.62158203125,1.9221889775413712
2025-09-25,St. Louis,Providence,Flatbed,1314.4,2805.6,2685.8667,119.73330078124991,4.267654005604859
2025-09-25,Fort Wayne,Tulsa,Dry Van,872.8,1888.51,1808.4344,80.07555175781249,4.240144439680621
2025-09-25,Indianapolis,San Antonio,Reefer,969.8,2359.77,2301.9763,57.79368164062498,2.4491235010456522
2025-09-25,Dayton,Columbia,Dry Van,455.1,1027.96,977.0996,50.860390625000036,4.947701333223086
2025-09-25,Houston,Atlanta,Dry Van,697.3,1591.11,1506.0922,85.0178369140624,5.3433035374086275
2025-09-25,Dallas,New York,Dry Van,1500.8,2812.37,2968.056,155.6859082031251,5.535754833223407
2025-09-25,Lubbock,San Francisco,Reefer,1569.4,3643.04,3377.48,265.56001953124996,7.289516983926885
2025-09-25,Greensboro,Grand Rapids,Reefer,661.3,1603.47,1438.63,164.83999511718753,10.280204501312
2025-09-25,Oklahoma City,Albany,Reefer,2010.9,4294.08,4200.139,93.94083984374993,2.187682573304408
2025-09-25,Lexington,Milwaukee,Dry Van,316.8,800.37,795.2191,5.1508837890625045,0.6435628258258685
2025-09-25,Tulsa,Jacksonville,Flatbed,716.9,1799.66,1738.2823,61.37765136718758,3.4105137285480356
2025-09-25,Bakersfield,Corpus Christi,Dry Van,1466.3,2828.46,2785.348,43.112099609375036,1.5242251829396574
2025-09-25,San Antonio,Los Angeles,Dry Van,1296.1,2614.01,2567.9795,46.03050781250022,1.7609155210768213
2025-09-25,Lexington,Albany,Flatbed,1049.9,2351.77,2196.6707,155.09934570312498,6.59500485604991
2025-09-25,Savannah,Reno,Dry Van,2379.6,4229.68,3926.4229,303.2571484375003,7.169742118493604
2025-09-25,Lexington,Washington,Dry Van,545.6,1135.51,1136.9965,1.486459960937509,0.13090681376099808
2025-09-25,Greensboro,New Orleans,Dry Van,728.4,1636.35,1564.0854,72.26455078124991,4.416203793885777
2025-09-25,Tucson,Washington,Dry Van,2464.0,4626.49,4419.6035,206.88648437499978,4.4717806452623865
2025-09-25,Baltimore,Little Rock,Reefer,1304.7,2890.62,2810.452,80.16809570312489,2.773387567481194
2025-09-25,Corpus Christi,Oklahoma City,Dry Van,327.2,816.62,773.1952,43.424809570312505,5.3176274852823235
2025-09-25,Indianapolis,Syracuse,Dry Van,817.1,1719.66,1722.4421,2.782138671874918,0.1617842289682215
2025-09-25,Albany,Charleston,Reefer,940.1,2209.21,2183.1135,26.096474609375036,1.181258214899219
2025-09-25,Albany,Tucson,Dry Van,2786.1,5345.03,5060.924,284.10617187499975,5.315333531804307
2025-09-25,Albuquerque,Memphis,Dry Van,1323.0,2616.64,2577.7058,38.93418945312487,1.4879459709063867
2025-09-25,Indianapolis,Atlanta,Flatbed,344.8,940.28,952.104,11.824003906250027,1.257498182057475
2025-09-25,Greensboro,Milwaukee,Dry Van,479.9,1116.95,1118.8674,1.9174316406249545,0.1716667389430999
2025-09-25,Philadelphia,Lexington,Dry Van,807.5,1760.83,1693.0896,67.74040039062493,3.847072141582375
2025-09-25,Austin,Madison,Dry Van,1172.6,2281.31,2351.3604,70.05035156250005,3.0706195809644483
2025-09-25,Fort Wayne,Mobile,Flatbed,798.6,1963.71,1820.1129,143.59708496093754,7.31254029163866
2025-09-25,Green Bay,Oklahoma City,Flatbed,1222.6,2622.01,2536.8044,85.20555664062522,3.249627447668972
2025-09-25,Los Angeles,New York,Dry Van,2954.6,5614.38,5341.8945,272.4854687500001,4.853349234465784
2025-09-25,Chattanooga,El Paso,Flatbed,1543.4,3330.13,3037.6738,292.4561718750001,8.782124778161817
2025-09-25,Milwaukee,Mobile,Dry Van,645.7,1498.05,1424.7286,73.32136230468745,4.894453610005504
2025-09-25,Milwaukee,Albany,Dry Van,1105.4,2239.53,2237.378,2.1520703125002,0.09609473025591084
2025-09-25,Fort Wayne,Tulsa,Dry Van,888.9,1851.15,1766.792,84.35800781250009,4.557059547443486
2025-09-25,New York,Charleston,Reefer,609.4,1534.73,1496.651,38.07899902343752,2.481152973059595
2025-09-25,Tulsa,Nashville,Dry Van,478.1,1083.05,1049.1837,33.866284179687455,3.1269363537867556
2025-09-25,Lexington,Raleigh,Flatbed,538.6,1361.77,1325.8256,35.94443847656248,2.639538136143584
2025-09-25,Memphis,New York,Dry Van,1050.1,2143.1,2052.7366,90.36342773437491,4.2164820929669595
2025-09-25,Hartford,Baton Rouge,Dry Van,1561.7,3123.92,3018.2593,105.66072265625007,3.382312052045189
2025-09-25,New Orleans,Tucson,Dry Van,1427.8,2814.56,2760.934,53.625917968749945,1.905303776389558
2025-09-25,Cincinnati,Tampa,Dry Van,735.8,1623.43,1509.4347,113.99530761718756,7.021880069802059
2025-09-25,Fort Wayne,Philadelphia,Dry Van,791.7,1738.95,1571.6187,167.33134765625005,9.622550829882979
2025-09-25,Boston,Baton Rouge,Dry Van,1658.2,3114.73,3076.5496,38.18043945312502,1.2258025399673493
2025-09-25,Buffalo,Richmond,Flatbed,317.1,828.58,768.48975,60.09025390625004,7.252197000440518
2025-09-25,New York,Jacksonville,Flatbed,964.9,2160.03,2063.475,96.5549023437502,4.470072283428943
2025-09-25,Shreveport,Houston,Flatbed,224.2,714.4,728.7694,14.369409179687523,2.011395461882352
2025-09-25,Chattanooga,Hartford,Dry Van,1028.9,2033.38,1997.5149,35.86510742187511,1.7638172610075393
2025-09-25,Oklahoma City,Louisville,Dry Van,877.6,1867.63,1841.7325,25.89745605468761,1.3866481077455175
2025-09-25,Chattanooga,Little Rock,Flatbed,363.4,3286.31,1050.3636,2235.9463525390624,68.03820554174933
2025-09-25,El Paso,Tulsa,Dry Van,1041.1,2228.56,2273.3655,44.805478515625055,2.010512551406516
2025-09-25,Hartford,Fort Wayne,Dry Van,838.3,1708.13,1631.4164,76.71361816406261,4.491087807371956
2025-09-25,Savannah,Kansas City,Dry Van,742.2,1571.24,1510.9818,60.25818847656251,3.835072202627384
2025-09-25,Nashville,Birmingham,Reefer,188.4,602.47,639.45703,36.98703124999997,6.139232036449943
2025-09-25,Chattanooga,Philadelphia,Reefer,993.5,2259.41,2282.962,23.551914062500146,1.042392220203511
2025-09-25,Nashville,Louisville,Flatbed,190.9,577.07,577.4072,0.33722656249995,0.05843772202678184
2025-09-25,Shreveport,Tampa,Reefer,520.6,1473.79,1405.7002,68.08980468749996,4.6200479503524905
2025-09-25,Kansas City,Jacksonville,Dry Van,760.2,1588.38,1493.2021,95.17785156250011,5.992133592874508
2025-09-25,Lubbock,San Antonio,Dry Van,137.1,398.95,380.468,18.482012939453114,4.6326639778050165
2025-09-25,Cincinnati,Bakersfield,Dry Van,1939.6,3622.14,3585.6665,36.47349609374987,1.0069598660943495
2025-09-25,Toledo,Kansas City,Reefer,471.5,1207.78,1217.246,9.465971679687527,0.7837496629922277
2025-09-25,Madison,Albany,Dry Van,1132.5,2122.98,2155.4055,32.42551757812498,1.5273585986737974
2025-09-25,Albany,New Orleans,Dry Van,1618.4,3215.91,3180.4673,35.442714843749854,1.1021053090338304
2025-09-25,Charleston,Phoenix,Flatbed,2492.5,5313.02,5449.5703,136.55031249999956,2.570107255383935
2025-09-25,New York,Madison,Reefer,987.8,2213.6,2357.0554,143.4554199218751,6.480638774931112
2025-09-25,Memphis,Oklahoma City,Dry Van,694.4,1507.78,1419.7819,87.99813964843747,5.836271846584878
2025-09-25,Oklahoma City,Houston,Dry Van,286.8,771.72,839.8495,68.12948730468747,8.8282650837982
2025-09-25,Cincinnati,Harrisburg,Dry Van,599.2,1328.96,1268.758,60.201943359375036,4.530004165616349
2025-09-25,Austin,St. Louis,Dry Van,981.8,2118.79,2027.0568,91.73323730468746,4.3295105840922155
2025-09-25,Los Angeles,Lexington,Dry Van,2276.9,4227.79,4173.9385,53.851523437499964,1.2737511427365116
2025-09-25,Fresno,New York,Dry Van,3025.9,5325.72,5315.0786,10.641386718750255,0.19981123150954716
2025-09-25,Chattanooga,Toledo,Dry Van,575.1,1249.91,1196.5444,53.36556640625008,4.269552720295867
2025-09-25,Harrisburg,Milwaukee,Flatbed,625.0,1512.7,1436.3308,76.36918945312505,5.0485350335906025
2025-09-25,Cincinnati,Baton Rouge,Flatbed,671.1,1609.45,1504.8071,104.64287109375005,6.501778315185315
2025-09-25,Albany,Fort Wayne,Flatbed,886.7,1933.19,1791.3997,141.79034179687505,7.334526963044246
2025-09-25,Providence,Bakersfield,Dry Van,3058.6,5617.44,5476.615,140.8247656249996,2.5069206902966408
2025-09-25,Corpus Christi,Syracuse,Dry Van,1713.9,3234.83,2769.7537,465.0763378906249,14.377149274942576
2025-09-25,Bakersfield,Green Bay,Dry Van,2011.6,3748.42,3587.798,160.62190429687507,4.2850562182699665
2025-09-25,Salt Lake City,Madison,Flatbed,1564.7,3423.2,3288.788,134.41191406249982,3.9264990086030562
2025-09-25,Raleigh,Fort Wayne,Dry Van,675.5,1331.03,1357.6544,26.624418945312527,2.000286916546774
2025-09-25,Bakersfield,Los Angeles,Flatbed,383.6,1059.91,1085.567,25.657016601562418,2.4206787936298757
2025-09-25,Oklahoma City,Mobile,Dry Van,708.4,1504.79,887.35675,617.4332495117187,41.03119036621181
2025-09-25,Amarillo,Milwaukee,Dry Van,1175.0,2393.85,2370.812,23.03798828124991,0.9623822829855635
2025-09-25,Columbia,Chattanooga,Dry Van,266.2,655.29,627.22314,28.066855468749964,4.283119758999827
2025-09-25,Greensboro,Las Vegas,Flatbed,2189.4,4798.24,4300.4517,497.7883398437498,10.374394358009392
2025-09-25,Providence,Chattanooga,Dry Van,1145.2,2274.23,2181.4978,92.73219726562502,4.077520623051539
2025-09-25,Mobile,Cincinnati,Dry Van,462.8,1041.96,1032.8104,9.149575195312536,0.878111942427016
2025-09-25,Harrisburg,Los Angeles,Reefer,2673.9,5701.19,5446.51,254.6802343749996,4.46714167349272
2025-09-25,San Francisco,Milwaukee,Flatbed,2135.2,4495.91,4187.5337,308.37630859374985,6.859040963759281
2025-09-25,Dayton,Savannah,Flatbed,556.7,1422.6,1300.839,121.76101074218741,8.55904757079906
2025-09-25,Savannah,Raleigh,Flatbed,373.5,1011.95,1000.43304,11.516955566406295,1.1380953175953648
2025-09-25,Columbia,Kansas City,Dry Van,628.3,1390.26,1351.6602,38.59984374999999,2.776447840691669
2025-09-25,Madison,Baltimore,Reefer,1093.2,2470.44,2489.56,19.120058593749945,0.7739535707707916
2025-09-25,Memphis,Houston,Flatbed,574.8,1453.23,1420.4216,32.80836914062502,2.2576171108926335
2025-09-25,Lexington,Harrisburg,Dry Van,489.0,1097.99,1049.0334,48.95655273437501,4.458743042684816
2025-09-25,Shreveport,Jacksonville,Flatbed,551.8,1316.62,1343.5825,26.96251953125011,2.04785887585257
2025-09-25,Phoenix,Houston,Dry Van,1452.8,3020.08,2877.9663,142.11369140624993,4.705626718704469
2025-09-25,Lexington,San Antonio,Reefer,1120.5,2731.0,2620.8938,110.106201171875,4.031717362573233
2025-09-25,Providence,Philadelphia,Reefer,281.1,752.07,717.844,34.22600585937505,4.5509069447491655
2025-09-25,Chattanooga,Atlanta,Dry Van,90.0,265.12,264.80392,0.31607543945312955,0.1192197644286095
2025-09-25,Oklahoma City,San Antonio,Reefer,214.9,696.53,682.6964,13.833588867187473,1.9860722247695681
2025-09-25,Milwaukee,Raleigh,Flatbed,784.0,1937.24,1747.7394,189.5006201171875,9.781989847266601
2025-09-25,Hartford,Reno,Reefer,2873.9,5952.63,6184.554,231.9241992187499,3.896163531392845
2025-09-25,Kansas City,San Francisco,Flatbed,2018.2,4370.79,4128.8936,241.89644531249996,5.534387268949091
2025-09-25,Bakersfield,Syracuse,Dry Van,2667.0,4989.37,4863.459,125.91101562499989,2.5235854551777055
2025-09-25,Lubbock,Las Vegas,Flatbed,1131.0,2618.46,2436.8982,181.56180664062504,6.933915608434921
2025-09-25,Tucson,Jacksonville,Dry Van,1961.4,3714.77,3606.2827,108.48728515624998,2.92043074419816
2025-09-25,New York,Jacksonville,Dry Van,946.0,1882.15,1895.7748,13.624780273437409,0.7238944969018095
2025-09-25,Mobile,Oklahoma City,Dry Van,727.8,1660.95,1587.3257,73.62431640625005,4.432663018528555
2025-09-26,Detroit,Tucson,Dry Van,2083.6,3924.21,3747.2307,176.97928710937504,4.509934155138869
2025-09-26,Columbia,Buffalo,Dry Van,658.3,1313.9,1260.1769,53.72312011718759,4.088828686900646
2025-09-26,Shreveport,Fort Wayne,Dry Van,851.0,1851.14,1800.7572,50.3827978515626,2.721717312119159
2025-09-26,San Antonio,Montgomery,Reefer,872.7,2224.97,2154.6252,70.3447558593748,3.1616046894733323
2025-09-26,Raleigh,Tulsa,Reefer,1162.4,2788.7,2826.9763,38.27631835937518,1.3725505920097243
2025-09-26,Raleigh,Corpus Christi,Flatbed,1356.3,2953.83,2843.1462,110.68375976562493,3.7471269424992273
2025-09-26,Grand Rapids,Providence,Flatbed,1113.0,2436.98,2312.4126,124.56740234375002,5.111547995623682
2025-09-26,Philadelphia,Washington,Reefer,271.0,710.92,610.4417,100.47828857421871,14.133557724387934
2025-09-26,Tucson,Lexington,Dry Van,1918.5,3595.49,3525.0767,70.41333984374978,1.9583795211153356
2025-09-26,Hartford,Boston,Dry Van,178.8,438.63,379.8938,58.736201171874995,13.39083080771379
2025-09-26,Hartford,Richmond,Flatbed,336.7,893.91,893.6981,0.21187988281246817,0.02370259677288185
2025-09-26,Harrisburg,Dayton,Reefer,486.5,1258.11,1280.4425,22.3325048828126,1.7750836479173207
2025-09-26,Milwaukee,Oklahoma City,Reefer,936.9,2316.54,2232.925,83.61495117187496,3.609475820485507
2025-09-26,Lexington,Memphis,Flatbed,320.4,917.99,928.41656,10.426564941406241,1.1358037605427336
2025-09-26,Shreveport,San Antonio,Dry Van,502.1,1235.8,1213.7632,22.036816406249955,1.7832024928184136
2025-09-26,Philadelphia,Phoenix,Flatbed,2902.6,5847.69,5277.2207,570.4692968749996,9.755464070000285
2025-09-26,Mobile,Memphis,Dry Van,314.7,827.54,875.1886,47.648598632812536,5.757860482008427
2025-09-26,Mobile,Madison,Dry Van,824.6,1730.12,1788.3911,58.27111328125011,3.368038822812875
2025-09-26,Raleigh,Corpus Christi,Dry Van,1392.0,2799.82,2817.9692,18.149238281249836,0.6482287533216362
2025-09-26,Hartford,Lexington,Reefer,853.6,2000.12,1891.6964,108.42358886718739,5.420854192107844
2025-09-26,Toledo,Memphis,Reefer,618.7,1506.38,1467.6726,38.70739257812511,2.5695636279109593
2025-09-26,Detroit,San Antonio,Reefer,1463.9,3221.62,3079.7415,141.8785449218749,4.403950339328502
2025-09-26,Albany,Green Bay,Dry Van,954.1,1913.19,1913.6472,0.45721679687494543,0.02389813854739704
2025-09-26,Savannah,Birmingham,Dry Van,318.6,764.33,636.43195,127.89805419921879,16.733355252210274
2025-09-26,Toledo,Austin,Dry Van,1445.9,7197.15,2811.534,4385.616064453125,60.93545451259352
2025-09-26,Grand Rapids,Green Bay,Reefer,109.3,331.48,328.43076,3.049244384765643,0.9198878921098235
2025-09-26,Oklahoma City,Hartford,Flatbed,1858.8,4225.65,3860.4448,365.20517578124964,8.642579858276234
2025-09-26,Richmond,San Antonio,Dry Van,1583.4,3139.51,3005.4045,134.10545898437522,4.271541068013009
2025-09-26,San Francisco,St. Louis,Reefer,2081.4,4386.98,4207.6104,179.36964843749956,4.08868169988237
2025-09-26,Cincinnati,Harrisburg,Dry Van,608.3,1267.35,1280.6759,13.325903320312591,1.0514777543940184
2025-09-26,Phoenix,Tucson,Flatbed,276.7,803.21,775.41,27.800026855468786,3.461115630466352
2025-09-26,Shreveport,Fort Wayne,Flatbed,861.0,2102.08,2002.5835,99.49650390624993,4.733240595327006
2025-09-26,Baltimore,El Paso,Dry Van,2459.5,4777.51,4631.6333,145.87669921875022,3.053404372125861
2025-09-26,Mobile,Little Rock,Dry Van,341.1,837.27,741.7285,95.54148437499998,11.411072219833503
2025-09-26,Greensboro,Chattanooga,Dry Van,325.4,772.63,658.34735,114.28264892578125,14.791381246622738
2025-09-26,Reno,Montgomery,Reefer,2248.1,4595.52,4487.912,107.60789062500044,2.3415824678164916
2025-09-26,Austin,Charleston,Dry Van,1419.7,3035.82,2855.2502,180.56975585937516,5.9479730635997905
2025-09-26,Little Rock,San Antonio,Reefer,591.7,1621.3,1716.2822,94.98222656250005,5.858399220532909
2025-09-26,Mobile,Tulsa,Dry Van,479.2,1129.55,1097.7179,31.832104492187455,2.818122658774508
2025-09-26,Fort Wayne,Hartford,Dry Van,840.2,5949.01,1570.9657,4378.044301757813,73.59282135612165
2025-09-26,Fort Wayne,Savannah,Dry Van,665.1,1498.77,1380.5941,118.17588378906248,7.88485783602971
2025-09-26,San Francisco,Shreveport,Dry Van,2002.4,3769.39,3490.054,279.3360449218749,7.410643231978513
2025-09-26,Raleigh,Milwaukee,Reefer,819.2,2016.06,1948.6545,67.40545898437495,3.343425244505369
2025-09-26,Greensboro,Madison,Dry Van,671.5,1452.6,1286.0869,166.5130859374999,11.463106563231442
2025-09-26,Bakersfield,Cincinnati,Dry Van,1962.7,3944.75,3607.2185,337.531494140625,8.556473645747513
2025-09-26,Kansas City,Mobile,Dry Van,639.9,476.98,1235.1243,758.144267578125,158.94676245924882
2025-09-26,Syracuse,Savannah,Reefer,854.3,1954.77,1844.8528,109.91721679687498,5.62302556294986
2025-09-26,Austin,Kansas City,Flatbed,977.6,2346.68,2287.235,59.444892578124836,2.5331486431096204
2025-09-26,Jacksonville,Fresno,Flatbed,2357.3,5213.61,4714.254,499.3560937499997,9.577933404109624
2025-09-26,Tucson,Buffalo,Dry Van,2397.0,4288.85,4190.7544,98.09560546875036,2.2872239753955106
2025-09-26,Lexington,Raleigh,Dry Van,526.5,1171.1,1145.3696,25.73037109374991,2.1971113563102986
2025-09-26,Bakersfield,Savannah,Dry Van,2282.6,4309.85,4257.1914,52.658593750000364,1.2218196398946681
2025-09-26,Montgomery,Austin,Dry Van,957.3,1991.22,1962.4586,28.761381835937527,1.4444100519248264
2025-09-26,Providence,Green Bay,Dry Van,1230.1,2363.42,2276.2576,87.16243164062507,3.687978930559319
2025-09-26,Houston,Boston,Flatbed,1772.4,3795.38,3582.398,212.9820507812501,5.61161335047479
2025-09-26,Kansas City,Hartford,Dry Van,1178.6,2366.45,2344.659,21.791064453124818,0.9208335039035188
2025-09-26,Fort Wayne,Grand Rapids,Dry Van,200.6,486.54,489.17627,2.6362695312499795,0.5418402456632506
2025-09-26,Bakersfield,Madison,Dry Van,1837.7,3358.71,3328.5132,30.196816406250036,0.8990599487973072
2025-09-26,San Antonio,Mobile,Reefer,739.1,1934.7,1902.7927,31.907275390625045,1.6492104920982604
2025-09-26,Indianapolis,Bakersfield,Dry Van,1820.6,3463.26,3494.6116,31.35157226562478,0.9052618707698752
2025-09-26,Mobile,St. Louis,Dry Van,561.4,1226.42,1228.8792,2.4591503906249272,0.20051453748511336
2025-09-26,San Francisco,Baton Rouge,Reefer,2018.6,4536.04,3900.515,635.525107421875,14.010571058056694
2025-09-26,Shreveport,Mobile,Flatbed,316.2,867.93,835.2747,32.6552807617187,3.7624325419928684
2025-09-26,Indianapolis,Nashville,Dry Van,298.5,717.39,706.9731,10.416916503906236,1.4520576679220838
2025-09-26,Baton Rouge,Lubbock,Reefer,521.4,1486.08,1422.1381,63.94193847656243,4.3027251881838415
2025-09-26,Kansas City,Atlanta,Dry Van,487.6,1078.07,1006.91864,71.15135986328119,6.599883111790625
2025-09-26,St. Louis,Atlanta,Dry Van,365.4,855.88,807.8642,48.015803222656245,5.610109270301473
2025-09-26,Lexington,Mobile,Dry Van,485.7,1126.38,1109.1987,17.18126953125011,1.5253528588265157
2025-09-26,Providence,Grand Rapids,Dry Van,1141.6,2335.12,2254.696,80.42395507812489,3.444103732490188
2025-09-26,Charleston,Salt Lake City,Dry Van,2177.4,4188.51,4109.134,79.37621093750022,1.8950942205581511
2025-09-26,El Paso,Amarillo,Dry Van,424.1,1036.67,1058.7682,22.098188476562427,2.131651198217603
2025-09-26,Atlanta,Richmond,Dry Van,675.6,1403.1,1302.8008,100.29921874999991,7.1484013078183954
2025-09-26,San Francisco,Albany,Flatbed,3114.8,6403.51,6118.2476,285.2624414062502,4.454782477207816
2025-09-26,Richmond,Austin,Flatbed,1692.0,3634.68,3293.3438,341.33624999999984,9.391094951962755
2025-09-26,Tucson,Fort Wayne,Flatbed,2006.3,4184.34,3987.1333,197.20669921875015,4.712970246651805
2025-09-26,Tulsa,Toledo,Reefer,961.5,2363.97,2282.8943,81.0757128906248,3.429642207414849
2025-09-26,Cincinnati,Charleston,Flatbed,538.6,1438.09,1341.9287,96.16128906249992,6.686736509015424
2025-09-26,Fort Wayne,Albuquerque,Reefer,1610.5,3636.61,3344.0894,292.5206445312501,8.043772759004955
2025-09-26,Memphis,Grand Rapids,Flatbed,686.4,1632.67,1516.3625,116.30745117187507,7.123757475293542
2025-09-26,Philadelphia,Toledo,Dry Van,762.4,1583.25,1541.987,41.262939453125,2.606217555858203
2025-09-26,St. Louis,Fresno,Flatbed,1974.8,4072.03,3879.9377,192.0922558593752,4.7173585621759955
2025-09-26,Buffalo,Charleston,Reefer,620.3,1455.84,1441.7795,14.060458984374918,0.9657969958494695
2025-09-26,Amarillo,Montgomery,Dry Van,1257.2,2488.14,2499.618,11.477919921875127,0.4613052288808157
2025-09-26,Kansas City,Richmond,Reefer,952.5,2108.81,2045.9467,62.863344726562445,2.9809866572409294
2025-09-26,Buffalo,Hartford,Flatbed,445.0,1117.43,1075.3212,42.108833007812564,3.768364283025564
2025-09-26,Dallas,Atlanta,Dry Van,622.7,1343.06,1490.0939,147.03387207031255,10.94767710082294
2025-09-26,New York,Memphis,Dry Van,1091.4,2082.19,2066.0835,16.106503906250055,0.7735367044434011
2025-09-26,Kansas City,Phoenix,Reefer,1894.6,4204.51,4409.2993,204.78931640624978,4.870705894533484
2025-09-26,Amarillo,Harrisburg,Flatbed,1811.5,3876.29,3782.332,93.95796874999996,2.423914845122526
2025-09-26,Green Bay,Baltimore,Reefer,1011.3,2423.56,2279.7493,143.81073242187495,5.933863094863546
2025-09-26,St. Louis,Shreveport,Reefer,502.2,1323.85,1417.1409,93.29086914062509,7.046936521556453
2025-09-26,Albuquerque,San Antonio,Reefer,906.5,2343.57,2231.8804,111.68962890625016,4.7657901793524475
2025-09-26,Little Rock,Boston,Reefer,1564.3,3422.31,3252.6106,169.69940429687495,4.958621641431517
2025-09-26,Charleston,Las Vegas,Dry Van,2319.4,4348.13,4214.254,133.8760937500001,3.0789349386977873
2025-09-26,Phoenix,Hartford,Dry Van,3102.5,5711.86,5718.2407,6.380722656250327,0.11171006740799544
2025-09-26,Grand Rapids,Oklahoma City,Dry Van,1205.5,2446.06,2446.595,0.5349707031250546,0.02187071057639856
2025-09-26,Phoenix,Madison,Reefer,2042.5,4401.36,3975.656,425.7039941406247,9.672101217365194
2025-09-26,Kansas City,Birmingham,Dry Van,586.9,1276.3,1238.264,38.035961914062455,2.980174090265804
2025-09-26,Harrisburg,Fresno,Flatbed,2647.5,5677.85,5208.4443,469.40566406250036,8.267313579303792
2025-09-26,San Antonio,Lubbock,Dry Van,126.7,373.96,358.27188,15.688118896484355,4.195132874233702
2025-09-26,Philadelphia,Tulsa,Flatbed,1497.7,1005.85,3016.6992,2010.84921875,199.91541668737884
2025-09-26,Lexington,Syracuse,Flatbed,686.1,1504.47,1365.3767,139.09329101562503,9.245334969499227
2025-09-26,New York,Oklahoma City,Reefer,1765.1,3972.93,3774.1577,198.77228515624984,5.003166055184709
2025-09-26,Fresno,Milwaukee,Reefer,2097.9,4452.33,4256.631,195.69914062499993,4.395432068714582
2025-09-26,Houston,Philadelphia,Reefer,1608.3,3515.61,3394.6873,120.92274414062513,3.4395949533829158
2025-09-26,Bakersfield,Atlanta,Dry Van,2046.0,3844.97,3590.8352,254.1347949218748,6.609539084098831
2025-09-26,Dallas,Buffalo,Reefer,1295.4,2842.44,2810.369,32.071103515625055,1.1282948282329637
2025-09-26,Oklahoma City,Tucson,Reefer,1033.3,2536.06,2463.3357,72.72430664062495,2.867609860990077
2025-09-26,Greensboro,Tulsa,Reefer,846.8,2157.59,2043.1833,114.40665039062515,5.302520422815509
2025-09-26,San Antonio,Grand Rapids,Reefer,1400.0,3229.8,3188.7188,41.08125000000018,1.271944083224973
2025-09-26,Philadelphia,Oklahoma City,Dry Van,1790.0,3380.7,3385.3735,4.673535156250182,0.13824164096933128
2025-09-26,Hartford,Milwaukee,Dry Van,1011.6,1945.45,1934.8461,10.603930664062545,0.5450631300759488
2025-09-26,Little Rock,Tulsa,Reefer,221.0,700.79,684.47876,16.311240234374964,2.327550369493709
2025-09-26,Fort Wayne,Detroit,Reefer,230.0,602.06,567.109,34.950991210937445,5.805233898770463
2025-09-26,Oklahoma City,San Francisco,Dry Van,1581.1,3003.63,2811.1128,192.5172070312501,6.409484757818043
2025-09-26,Tampa,Greensboro,Flatbed,692.3,1638.01,1534.2817,103.72826171874999,6.332578050118741
2025-09-26,Amarillo,Toledo,Reefer,1463.2,3511.37,3298.7551,212.6148730468749,6.05504042715165
2025-09-26,Richmond,Indianapolis,Dry Van,751.6,1592.95,1408.1581,184.79191894531255,11.60061012243401
2025-09-26,Montgomery,Albany,Reefer,1380.5,3013.31,2943.6768,69.63324218749995,2.3108555770066785
2025-09-26,Boston,Providence,Reefer,166.8,504.51,528.10297,23.59296630859376,4.676412025250988
2025-09-26,Phoenix,Hartford,Dry Van,2983.6,5547.79,5408.031,139.75923828124996,2.5191876095030628
2025-09-26,Albuquerque,New York,Dry Van,2339.9,4132.72,4008.4854,124.23464843750025,3.0061230481982872
2025-09-26,Nashville,San Antonio,Dry Van,858.1,1922.36,1855.0494,67.3105615234374,3.501454541471806
2025-09-26,Lexington,Atlanta,Reefer,220.4,679.25,666.35406,12.89593505859375,1.8985550325496874
2025-09-26,Indianapolis,Nashville,Dry Van,273.1,708.81,729.3048,20.494809570312555,2.8914391120769394
2025-09-26,Tampa,Charleston,Dry Van,698.6,1546.85,1486.7275,60.12246093749991,3.886767361896752
2025-09-26,Indianapolis,Oklahoma City,Dry Van,851.7,1804.41,1696.022,108.38802734375008,6.006840315878879
2025-09-26,Houston,Fort Wayne,Dry Van,1076.7,2248.78,2129.3254,119.4545605468752,5.3119718490414884
2025-09-26,Jacksonville,Shreveport,Reefer,565.0,1472.19,1501.0143,28.824282226562445,1.9579186264383295
2025-09-26,New York,Baton Rouge,Flatbed,1469.5,3356.17,2955.7476,400.4224414062501,11.930934410540885
2025-09-26,Cincinnati,Shreveport,Dry Van,551.2,1298.09,1239.2992,58.79080566406242,4.529023847657899
2025-09-26,Washington,New York,Flatbed,232.3,624.76,624.3146,0.4454248046874909,0.07129534616292511
2025-09-26,Corpus Christi,Montgomery,Flatbed,725.2,1757.41,1713.9191,43.49093261718758,2.4747174886445156
2025-09-26,Bakersfield,Chattanooga,Reefer,1966.8,4356.9,4166.2495,190.65048828124964,4.375828875605354
2025-09-26,Dayton,Lexington,Flatbed,255.5,726.29,710.44214,15.847861328124964,2.1820293998437217
2025-09-26,Greensboro,Albany,Reefer,954.1,2116.49,2094.1638,22.32618164062478,1.0548682791142308
2025-09-26,Oklahoma City,Chattanooga,Reefer,819.3,2038.12,1985.5398,52.58020507812489,2.5798385314959322
2025-09-26,Bakersfield,Nashville,Dry Van,1923.6,3755.51,3568.3765,187.13353515625022,4.982906054204362
2025-09-27,El Paso,Cincinnati,Dry Van,1588.4,3268.21,3086.53,181.67997070312504,5.559005409784715
2025-09-27,Chattanooga,San Francisco,Dry Van,2282.6,4170.77,4128.8105,41.95945312500044,1.0060361306185772
2025-09-27,Salt Lake City,Tulsa,Dry Van,1268.5,2525.86,2602.329,76.46910156249987,3.027448138950689
2025-09-27,Albany,Lexington,Reefer,1046.1,2319.48,2363.1746,43.69456054687498,1.8838084634002008
2025-09-27,Atlanta,Bakersfield,Dry Van,1973.3,3623.63,3480.4622,143.1678417968751,3.9509508916990725
2025-09-27,Greensboro,Charleston,Dry Van,282.1,671.62,559.0947,112.5252734375,16.754306518194813
2025-09-27,Fort Wayne,Lexington,Dry Van,370.5,875.9,847.6522,28.247778320312477,3.225000379074378
2025-09-27,Chattanooga,Amarillo,Flatbed,1150.4,2703.93,2672.3892,31.540839843749836,1.1664813750263445
2025-09-27,Detroit,Nashville,Flatbed,723.8,1660.86,1576.6901,84.1699365234374,5.06785258982921
2025-09-27,Chattanooga,Albuquerque,Dry Van,1434.9,2947.68,2880.0935,67.58649414062484,2.2928708048575435
2025-09-27,Albany,Corpus Christi,Dry Van,2042.2,3944.36,3693.7363,250.62367187500013,6.353975597435328
2025-09-27,San Antonio,Savannah,Dry Van,1144.1,2402.78,2316.4436,86.3363964843752,3.593187744378395
2025-09-27,Reno,Memphis,Reefer,1899.1,4038.01,3996.4167,41.59325195312522,1.030043312253442
2025-09-27,Fresno,Tulsa,Dry Van,1692.6,3409.5,3242.8853,166.61474609375,4.886779471880041
2025-09-27,Fort Wayne,Richmond,Dry Van,603.0,1308.52,1248.7557,59.76426269531248,4.567317480459793
2025-09-27,Hartford,Corpus Christi,Reefer,1809.6,4072.33,3956.539,115.79093749999993,2.8433584090680255
2025-09-27,Albany,Tulsa,Reefer,1748.1,3812.12,3548.9653,263.1546679687499,6.903105567735274
2025-09-27,Tucson,Baton Rouge,Flatbed,1401.3,2971.41,3229.2495,257.83951171875015,8.677345493174963
2025-09-27,Little Rock,Dayton,Dry Van,609.7,1301.34,1274.3679,26.972080078124918,2.0726389781398344
2025-09-27,Boston,Grand Rapids,Dry Van,1058.2,2120.19,2145.8281,25.638124999999945,1.2092371438408795
2025-09-27,Shreveport,Baton Rouge,Reefer,178.1,584.16,566.3158,17.844204101562468,3.0546775030064484
2025-09-27,Kansas City,Mobile,Flatbed,663.8,1633.96,1386.8265,247.13346191406254,15.124817126126866
2025-09-27,San Antonio,Madison,Dry Van,1163.3,2292.18,2332.8828,40.702812500000164,1.775724964880601
2025-09-27,Nashville,Little Rock,Reefer,291.5,804.32,840.81995,36.49994628906245,4.537988150122146
2025-09-27,Albuquerque,Fresno,Dry Van,722.3,1583.61,1531.2211,52.3889306640624,3.308196504446322
2025-09-27,Shreveport,Mobile,Flatbed,291.6,871.46,823.93756,47.522438964843786,5.453197962596537
2025-09-27,Mobile,Cincinnati,Dry Van,460.2,1076.42,1096.4994,20.079389648437427,1.8653861548872583
2025-09-27,Albany,Tulsa,Dry Van,1733.0,3190.59,2992.473,198.11709960937515,6.209418935349736
2025-09-27,Savannah,Syracuse,Flatbed,836.3,2002.72,1867.7068,135.01321289062503,6.74149221511869
2025-09-27,Cincinnati,Hartford,Flatbed,951.2,2114.27,2053.0,61.26999999999998,2.8979269440516107
2025-09-27,Austin,Richmond,Dry Van,1674.6,3385.79,3271.4934,114.29659179687496,3.3757732108865275
2025-09-27,Harrisburg,San Antonio,Dry Van,1576.5,3171.86,3039.0188,132.84120117187513,4.188116788631122
2025-09-27,Washington,Toledo,Dry Van,520.1,1119.0,1126.5006,7.5006103515625,0.6702958312388293
2025-09-27,Mobile,Montgomery,Flatbed,170.8,526.16,535.95276,9.792758789062532,1.8611750777448934
2025-09-27,Madison,Corpus Christi,Dry Van,1093.8,2119.88,2053.7131,66.16686523437511,3.1212552236152566
2025-09-27,Louisville,Baltimore,Dry Van,936.2,1875.07,1907.9933,32.923286132812564,1.755843042276425
2025-09-27,Columbia,Oklahoma City,Dry Van,1055.8,2146.22,2107.6423,38.5776660156248,1.797470250748982
2025-09-27,Montgomery,Raleigh,Flatbed,668.4,1692.33,1677.7906,14.539350585937427,0.8591321187911003
2025-09-27,Chattanooga,Baton Rouge,Flatbed,554.3,1467.23,1382.345,84.88502929687502,5.785393516822517
2025-09-27,Fort Wayne,Lexington,Flatbed,372.0,965.68,993.4921,27.8121264648438,2.880056174389425
2025-09-27,Nashville,Dallas,Flatbed,527.0,1378.86,1356.7147,22.1452783203124,1.6060570558513847
2025-09-27,Kansas City,Amarillo,Dry Van,983.7,2043.1,2044.4391,1.339086914062591,0.06554191738351481
2025-09-27,Tucson,Lubbock,Reefer,959.2,2271.11,2188.0203,83.08973632812513,3.6585518239154036
2025-09-27,Lubbock,Toledo,Dry Van,1396.8,2706.85,2645.36,61.48989257812491,2.271640193513675
2025-09-27,Las Vegas,Greensboro,Reefer,2168.1,4509.16,4335.867,173.29281249999985,3.8431284873457554
2025-09-27,Milwaukee,Tulsa,Dry Van,663.4,1407.84,1290.4985,117.34146484374992,8.334857998334321
2025-09-27,Amarillo,Baton Rouge,Dry Van,827.5,1840.77,1790.2556,50.51438476562498,2.7441986106697187
2025-09-27,Bakersfield,Lubbock,Dry Van,1184.4,2314.18,2373.0127,58.832695312500164,2.5422696295232075
2025-09-27,Albany,Albuquerque,Reefer,2412.0,5204.12,5002.4517,201.6683398437499,3.8751669800802038
2025-09-27,Chattanooga,Phoenix,Flatbed,2040.2,4380.96,4005.5308,375.42923828125004,8.569565535436299
2025-09-27,Los Angeles,El Paso,Dry Van,573.0,1331.02,1289.0768,41.94321777343748,3.151208680067729
2025-09-27,Amarillo,Oklahoma City,Dry Van,415.2,983.64,1038.7617,55.121718750000014,5.603850875320241
2025-09-27,Raleigh,Dallas,Reefer,1177.3,2703.71,2622.8499,80.86014648437504,2.9907107820134198
2025-09-27,Albuquerque,Richmond,Dry Van,2126.6,3878.07,3731.2292,146.84075195312516,3.786438923307861
2025-09-27,Little Rock,Milwaukee,Dry Van,498.5,1157.62,1115.7991,41.82092773437489,3.6126645820195655
2025-09-27,Baton Rouge,Shreveport,Dry Van,176.4,490.81,513.9248,23.114804687499998,4.709521950958619
2025-09-27,Reno,Little Rock,Dry Van,1722.6,3381.92,3324.4165,57.50349609375007,1.7003210038602354
2025-09-27,Dayton,San Antonio,Dry Van,1183.3,2442.27,2418.9612,23.308818359374982,0.9543915439068974
2025-09-27,Atlanta,Tulsa,Dry Van,576.3,1321.91,1282.6056,39.30440917968758,2.9733044745623816
2025-09-27,Syracuse,Toledo,Flatbed,463.6,1146.87,1120.7161,26.15393554687489,2.280462087845605
2025-09-27,Memphis,Bakersfield,Dry Van,1828.6,3330.74,3375.8406,45.10057617187522,1.3540707522014694
2025-09-27,Bakersfield,Los Angeles,Dry Van,389.7,916.16,939.7741,23.614108886718782,2.5775092654906113
2025-09-27,Boston,Buffalo,Flatbed,587.1,1361.47,1263.7203,97.74966308593753,7.179714799880829
2025-09-27,Amarillo,Montgomery,Dry Van,1211.3,2496.2,2463.4968,32.70317382812482,1.3101183329911394
2025-09-27,Fort Wayne,Shreveport,Reefer,831.0,1886.36,1715.2573,171.1026757812499,9.07052077976897
2025-09-27,Mobile,Grand Rapids,Reefer,973.4,2156.27,2133.7998,22.470195312499982,1.0420863487643004
2025-09-27,Philadelphia,Mobile,Dry Van,1151.6,2290.39,2284.6113,5.778671874999873,0.25230078174458814
2025-09-27,Shreveport,Salt Lake City,Flatbed,1404.8,3171.04,2986.8542,184.18575195312496,5.808370501574403
2025-09-27,Reno,Memphis,Flatbed,1842.9,3802.71,3794.0366,8.673378906250036,0.22808415330777357
2025-09-27,Mobile,Fresno,Dry Van,2159.5,3995.74,3850.599,145.14087890624978,3.6323904685052026
2025-09-27,Los Angeles,Nashville,Dry Van,2012.3,3890.78,4003.9033,113.1233203124998,2.9074715176005785
2025-09-27,El Paso,Green Bay,Flatbed,1650.2,3408.02,3315.6624,92.35764648437498,2.7100089343482425
2025-09-27,Kansas City,Harrisburg,Dry Van,811.9,1700.72,1670.67,30.049956054687527,1.7668961413217652
2025-09-27,Greensboro,Kansas City,Dry Van,615.8,1315.81,1273.0702,42.739809570312445,3.2481748558159955
2025-09-27,Lexington,Buffalo,Reefer,569.1,1349.68,1325.3182,24.361762695312564,1.8050028669990341
2025-09-27,Oklahoma City,Fresno,Flatbed,1453.8,3325.68,3194.1775,131.50250976562484,3.9541540306230556
2025-09-27,Toledo,Indianapolis,Dry Van,397.3,891.87,938.0477,46.177729492187495,5.177630090953557
2025-09-27,Lexington,Milwaukee,Reefer,331.2,952.82,972.3475,19.5274731445312,2.0494398883872296
2025-09-27,Amarillo,Lexington,Dry Van,1285.2,2583.02,2538.5415,44.47849609374998,1.7219570926183296
2025-09-27,Jacksonville,Mobile,Reefer,273.2,815.6,823.98596,8.385961914062477,1.028195428403933
2025-09-27,Mobile,Savannah,Dry Van,437.6,976.42,1025.1296,48.70963867187504,4.988594935773032
2025-09-27,Lubbock,Philadelphia,Reefer,1905.2,4427.33,4189.851,237.47892578124993,5.363930987327575
2025-09-27,Shreveport,Hartford,Reefer,1448.3,3311.83,3352.9856,41.15559570312507,1.24268442834098
2025-09-27,Philadelphia,Phoenix,Dry Van,2949.2,5438.66,5291.3643,147.29574218749985,2.70830943996315
2025-09-27,Bakersfield,Charleston,Dry Van,2538.1,4489.52,4319.7173,169.80271484375044,3.78220199138773
2025-09-27,Toledo,Columbia,Dry Van,590.0,1233.05,1244.1465,11.096484375000045,0.899921688090511
2025-09-27,Phoenix,Shreveport,Reefer,1656.5,3859.28,3689.4963,169.7836621093752,4.399361075365746
2025-09-27,Lubbock,Indianapolis,Dry Van,1048.7,2272.14,2130.7634,141.37657226562487,6.222176990221768
2025-09-27,Oklahoma City,Amarillo,Dry Van,411.9,1014.25,1061.3541,47.1041259765625,4.644232287558541
2025-09-27,Fort Wayne,Tampa,Reefer,1056.0,2532.76,2332.1985,200.56151367187522,7.918693980948658
2025-09-27,Milwaukee,Baton Rouge,Dry Van,781.3,1677.41,1627.727,49.68294921875008,2.961884644705235
2025-09-27,Mobile,Greensboro,Reefer,519.9,1317.5,1292.6705,24.8294677734375,1.8845895843216318
2025-09-27,Jacksonville,Shreveport,Dry Van,566.8,1347.11,1344.1943,2.9156640624999,0.21643845435784012
2025-09-27,Tulsa,Grand Rapids,Dry Van,985.2,2056.61,1951.7351,104.87489257812513,5.099405943670658
2025-09-27,Boston,Phoenix,Dry Van,3183.8,13420.59,5649.1787,7771.4112890625,57.90662920976276
2025-09-27,Grand Rapids,Baton Rouge,Reefer,1128.8,2701.16,2502.5576,198.60238281249985,7.352484962479078
2025-09-27,Cincinnati,Houston,Dry Van,758.9,1587.63,1476.483,111.14696777343761,7.000810502033699
2025-09-27,Toledo,Greensboro,Dry Van,519.9,1077.11,1044.2457,32.8642724609374,3.0511528498423934
2025-09-27,Jacksonville,Grand Rapids,Dry Van,963.2,1919.24,1776.6753,142.56470703125,7.428185481297285
2025-09-27,Shreveport,Lubbock,Dry Van,580.9,1371.1,1332.8491,38.25087890624991,2.7897949752935536
2025-09-27,Milwaukee,Mobile,Dry Van,638.4,1433.8,1379.0436,54.756420898437455,3.818972025278104
2025-09-27,Toledo,Baton Rouge,Dry Van,1074.2,2087.18,2069.7593,17.420722656249836,0.8346535831241118
2025-09-27,Fort Wayne,Dayton,Dry Van,141.9,386.73,382.8294,3.900593261718768,1.0086089162254719
2025-09-27,Los Angeles,Boston,Dry Van,3232.0,6039.73,5833.5957,206.13429687499956,3.4129720513168564
2025-09-27,Boston,Houston,Dry Van,1781.2,3466.52,3451.4722,15.047832031249982,0.4340904431894229
2025-09-27,Philadelphia,Jacksonville,Reefer,936.6,2248.59,2227.2908,21.299228515625146,0.9472259734155691
2025-09-27,Chattanooga,San Antonio,Dry Van,907.7,1938.08,1916.6843,21.395673828124927,1.1039623662658367
2025-09-27,Oklahoma City,Harrisburg,Dry Van,1453.1,2948.77,2937.5696,11.200419921874982,0.3798336228961561
2025-09-27,Albuquerque,Oklahoma City,Reefer,811.6,1944.78,1825.7356,119.04440429687497,6.121227300613693
2025-09-27,Detroit,Philadelphia,Flatbed,769.6,1726.89,1482.6604,244.2295996093751,14.142742132352096
2025-09-27,St. Louis,Jacksonville,Flatbed,638.9,1529.34,1412.9895,116.35049804687492,7.607889550189946
2025-09-27,Chattanooga,Philadelphia,Reefer,974.8,2304.14,2226.4102,77.72984374999987,3.3734861488451164
2025-09-27,Reno,Columbia,Dry Van,2279.0,4190.5,4155.418,35.08203125,0.8371800799427277
2025-09-27,Baton Rouge,Lexington,Reefer,742.8,1840.83,1765.4186,75.41142089843743,4.096598865644162
2025-09-27,Louisville,Albany,Dry Van,1114.6,2186.6,2166.5103,20.08974609374991,0.9187663996044046
2025-09-27,Nashville,Bakersfield,Dry Van,1863.4,3436.63,3343.5598,93.07018554687511,2.7081817229924403
2025-09-27,Hartford,Amarillo,Reefer,2204.2,4662.25,4199.21,463.0400390625,9.93168618290525
2025-09-27,Oklahoma City,Austin,Dry Van,239.0,634.61,625.4206,9.189406738281264,1.4480400148565675
2025-09-27,Lubbock,Savannah,Dry Van,1241.1,2438.48,2468.9602,30.480205078124982,1.2499674009270112
2025-09-27,Greensboro,Louisville,Dry Van,336.1,784.6,762.81726,21.782739257812523,2.7762859110135767
2025-09-27,San Antonio,St. Louis,Reefer,917.1,2296.04,2195.9844,100.05562499999996,4.357747469556278
2025-09-27,Charleston,Phoenix,Reefer,2487.1,5454.91,5596.559,141.64908203125015,2.5967262893659133
2025-09-27,Oklahoma City,Baltimore,Reefer,1785.6,3974.29,4604.4106,630.12064453125,15.854923634944859
2025-09-27,Albany,Philadelphia,Flatbed,417.6,1001.0,949.06885,51.93115234375,5.187927307067932
2025-09-27,Atlanta,Tucson,Flatbed,1823.4,3900.3,3708.3774,191.92255859375018,4.920712729629777
2025-09-27,Hartford,Atlanta,Reefer,977.8,2212.19,2169.0452,43.144833984375055,1.9503222591357456
2025-09-27,Buffalo,New York,Flatbed,330.0,839.84,790.62366,49.21634277343753,5.8602046548672995
2025-09-27,Lexington,Green Bay,Reefer,616.0,1537.28,1542.3586,5.078642578125027,0.33036548827312057
2025-09-27,Richmond,Mobile,Reefer,935.8,2180.76,2109.1018,71.65819335937522,3.28592753716022
2025-09-27,Philadelphia,Chattanooga,Dry Van,989.4,1957.42,1960.4196,2.9995556640624272,0.15324026851991024
2025-09-27,Fort Wayne,Baltimore,Reefer,839.1,1929.82,1830.1188,99.70122558593744,5.166348446276722
2025-09-27,Atlanta,Oklahoma City,Reefer,851.5,2057.32,2024.4908,32.829155273437664,1.5957243050880594
2025-09-27,Reno,Buffalo,Dry Van,2489.8,4317.37,4385.955,68.58507812500011,1.588584673655492
2025-09-27,Milwaukee,St. Louis,Reefer,154.4,476.13,494.4178,18.287785644531255,3.840922782544947
2025-09-27,Hartford,Baton Rouge,Dry Van,1527.3,3101.26,2944.6262,156.63377929687522,5.05064971324156
2025-09-27,Charleston,Tucson,Dry Van,2314.1,4249.3,4260.0186,10.718554687499818,0.2522428326430193
2025-09-27,Detroit,Buffalo,Reefer,377.7,989.93,970.92224,19.00775878906245,1.9201114007114088
2025-09-27,Lexington,Albuquerque,Dry Van,1587.3,3184.6,3101.6042,82.99575195312491,2.6061593906024276
2025-09-27,Nashville,Grand Rapids,Dry Van,691.0,1345.5,1356.7438,11.2437744140625,0.8356577045011148
2025-09-27,Columbia,San Antonio,Reefer,1112.0,2627.09,2512.5996,114.49039062500015,4.358068837573137
2025-09-27,Chattanooga,Amarillo,Reefer,1122.7,2577.85,2479.7947,98.05532226562491,3.8037636893389806
2025-09-27,Reno,Harrisburg,Reefer,2505.3,5195.38,4958.0303,237.3497265625001,4.568476734377469
2025-09-27,Salt Lake City,Providence,Dry Van,2811.7,5082.25,4960.8687,121.38134765625,2.3883387801908604
2025-09-27,Milwaukee,Louisville,Dry Van,224.8,530.21,517.9397,12.270302734375036,2.3142344984770253
2025-09-27,Little Rock,Nashville,Dry Van,295.6,747.51,737.4196,10.090383300781241,1.3498659952082568
2025-09-27,Jacksonville,Grand Rapids,Flatbed,939.6,2129.9,2001.278,128.6220458984376,6.038877219514418
2025-09-27,Baton Rouge,Louisville,Reefer,673.5,1672.82,1594.4023,78.41765624999994,4.687752193900117
2025-09-27,St. Louis,Lexington,Dry Van,334.9,752.71,734.76984,17.940163574218786,2.3834097559775724
2025-09-27,Oklahoma City,Cincinnati,Reefer,905.9,2119.15,2001.614,117.53598632812509,5.546374080557067
2025-09-27,Shreveport,Indianapolis,Flatbed,527.6,1412.29,1376.2207,36.069296874999964,2.5539582433494514
2025-09-27,Fresno,Providence,Dry Van,3285.9,6112.28,5727.93,384.34982421874975,6.288158006811694
2025-09-27,San Antonio,Reno,Dry Van,1580.4,2999.69,2810.4023,189.28765625000005,6.310240599861987
2025-09-27,Fresno,Jacksonville,Dry Van,2428.2,4493.91,4442.038,51.871914062499854,1.1542713152355044
2025-09-27,Charleston,New York,Dry Van,620.6,1279.9,1274.7657,5.134252929687591,0.40114484957321594
2025-09-27,Savannah,Las Vegas,Dry Van,2231.3,4286.1,4365.124,79.02402343749964,1.8437279446933024
2025-09-27,Louisville,Grand Rapids,Dry Van,509.6,1138.54,1121.1547,17.385336914062464,1.526985166446718
2025-09-28,Baltimore,Albany,Dry Van,493.0,1093.77,1066.744,27.025981445312482,2.4709016927976157
2025-09-28,Shreveport,Amarillo,Reefer,820.0,2008.04,2014.032,5.991982421875036,0.2983995548831217
2025-09-28,Raleigh,Oklahoma City,Dry Van,1457.5,2928.47,2904.1804,24.2895800781248,0.829429021916728
2025-09-28,Baton Rouge,Charleston,Reefer,956.7,2285.6,2225.9216,59.67836914062491,2.611059202862483
2025-09-28,Toledo,Montgomery,Reefer,832.1,2108.91,1927.9142,180.99581542968735,8.58243431107479
2025-09-28,Milwaukee,Lexington,Dry Van,318.2,773.3,750.22235,23.077648925781205,2.984307374341291
2025-09-28,Houston,Amarillo,Dry Van,693.6,1490.97,1431.6171,59.35293457031253,3.980826882520274
2025-09-28,Greensboro,Detroit,Dry Van,622.2,1251.3,1214.7761,36.523876953124955,2.9188745267421847
2025-09-28,Milwaukee,Greensboro,Dry Van,484.3,1081.43,1061.2042,20.225776367187564,1.8702806808750971
2025-09-28,Philadelphia,Washington,Dry Van,281.3,662.77,650.95386,11.816142578124982,1.7828420987861522
2025-09-28,Corpus Christi,Syracuse,Dry Van,1690.0,3176.32,2365.1956,811.1244433593752,25.536609767258184
2025-09-28,Houston,San Antonio,Dry Van,286.0,713.74,667.36993,46.37006591796876,6.496772762906487
2025-09-28,Houston,Austin,Reefer,391.7,1137.0,1081.013,55.987060546875,4.9241038299802105
2025-09-28,Buffalo,Tulsa,Dry Van,1219.7,2519.53,2445.8367,73.6933300781252,2.924884009244787
2025-09-28,Hartford,Salt Lake City,Flatbed,2540.7,5116.14,4717.8843,398.2557226562503,7.78430071609163
2025-09-28,Buffalo,Columbia,Flatbed,647.7,1451.38,1346.1765,105.20348632812511,7.248514264226123
2025-09-28,Shreveport,Baton Rouge,Dry Van,185.1,515.71,510.42587,5.284127197265661,1.024631517183235
2025-09-28,Phoenix,Nashville,Flatbed,1932.8,3964.27,3831.1294,133.14060546874998,3.3585150726047917
2025-09-28,San Antonio,Baton Rouge,Dry Van,417.9,1046.48,1080.8129,34.33286621093748,3.280795257524031
2025-09-28,Lubbock,Dayton,Dry Van,1285.0,2576.92,2531.2307,45.68928710937507,1.7730192287449775
2025-09-28,Lexington,Syracuse,Dry Van,688.2,1416.65,1329.4666,87.18344726562509,6.154198091668731
2025-09-28,Memphis,Madison,Dry Van,508.9,1137.5,1126.1528,11.34716796875,0.997553228021978
2025-09-28,Richmond,Green Bay,Dry Van,837.7,1714.87,1650.6785,64.19153320312489,3.7432302858598545
2025-09-28,Madison,Atlanta,Dry Van,599.8,1320.09,1253.2081,66.88187011718742,5.06646290155879
2025-09-28,Dallas,Columbia,Flatbed,768.8,1953.03,1808.7865,144.24350097656247,7.38562648687232
2025-09-28,Montgomery,Phoenix,Dry Van,2041.2,3981.74,3771.689,210.05103515624978,5.275357887663428
2025-09-28,New York,Montgomery,Dry Van,1053.3,2043.62,2081.0674,37.44738281250011,1.832404400646897
2025-09-28,Little Rock,Detroit,Dry Van,910.8,1811.32,1811.7896,0.46955078125006366,0.02592312684948345
2025-09-28,Jacksonville,Tucson,Dry Van,1943.0,12797.54,3460.6277,9336.912314453126,72.9586491970576
2025-09-28,El Paso,Phoenix,Dry Van,544.8,1152.43,1165.532,13.101982421874936,1.1369004991084002
2025-09-28,New York,Raleigh,Dry Van,456.7,988.29,920.4528,67.83718017578121,6.86409658863099
2025-09-28,Albuquerque,Los Angeles,Dry Van,738.9,1604.79,1538.8141,65.97591308593746,4.111186702679944
2025-09-28,Dallas,Memphis,Flatbed,484.0,1244.65,1219.9514,24.69858398437509,1.9843798645703685
2025-09-28,Philadelphia,Memphis,Flatbed,1131.2,2440.28,2385.0015,55.2785351562502,2.2652537887558064
2025-09-28,Hartford,Indianapolis,Dry Van,1067.5,2161.46,2216.0552,54.595175781249964,2.5258471487443654
2025-09-28,Atlanta,Buffalo,Reefer,753.5,1781.92,1767.9009,14.019121093750073,0.7867424516111875
2025-09-28,Baton Rouge,Tampa,Dry Van,435.5,1060.01,1081.8713,21.86133789062501,2.062370910710749
2025-09-28,Richmond,Cincinnati,Flatbed,647.3,1519.45,1457.0343,62.415698242187545,4.107782305583438
2025-09-28,San Antonio,Philadelphia,Flatbed,1833.8,3934.89,3864.5825,70.30748046874987,1.786771179594598
2025-09-28,Savannah,Kansas City,Dry Van,771.0,1628.9,1600.5924,28.30759277343759,1.7378349053617528
2025-09-28,New Orleans,Milwaukee,Dry Van,615.6,1410.12,1368.5338,41.58618652343739,2.9491239414686263
2025-09-28,Charleston,Tulsa,Flatbed,995.9,2438.58,2315.805,122.77506835937493,5.034695124185999
2025-09-28,Montgomery,Baton Rouge,Dry Van,470.5,1084.53,1064.0571,20.472871093749973,1.8877182829197876
2025-09-28,Bakersfield,Baton Rouge,Dry Van,1625.6,3188.14,3105.2932,82.84678710937487,2.5985931329670238
2025-09-28,Shreveport,Amarillo,Flatbed,834.4,2010.31,1878.5494,131.76056152343745,6.554240964002441
2025-09-28,Nashville,Columbia,Dry Van,323.7,753.24,731.3288,21.91120361328126,2.908927249386817
2025-09-28,Hartford,Oklahoma City,Reefer,1844.9,4230.2,4319.7134,89.51337890625018,2.1160554797941042
2025-09-28,Grand Rapids,Philadelphia,Dry Van,885.0,1639.84,1664.8295,24.989467773437582,1.5238967078152492
2025-09-28,Richmond,Bakersfield,Flatbed,2578.1,5406.93,5052.43,354.4998242187503,6.556397516127456
2025-09-28,San Antonio,Columbia,Dry Van,1110.2,2151.5,2267.904,116.404052734375,5.41036731277597
2025-09-28,Bakersfield,Salt Lake City,Dry Van,296.5,718.39,717.02966,1.3603369140624864,0.1893591105197019
2025-09-28,Hartford,Columbia,Flatbed,822.1,1873.55,1814.588,58.961987304687455,3.147073059415946
2025-09-28,Green Bay,Lexington,Dry Van,610.2,1296.2,1286.9685,9.231494140625045,0.7121967397488849
2025-09-28,Detroit,El Paso,Dry Van,1831.0,3288.85,3336.8875,48.03745117187509,1.460615448314003
2025-09-28,Reno,Lexington,Dry Van,2071.6,3645.77,3529.3904,116.37961914062498,3.192182149192763
2025-09-28,Fresno,Charleston,Flatbed,2695.0,5754.21,5243.733,510.47708984375004,8.871367048539245
2025-09-28,Columbia,Montgomery,Flatbed,332.5,930.58,945.6041,15.024125976562459,1.6144905302674095
2025-09-28,Lubbock,Madison,Reefer,1159.3,2641.2,2543.754,97.44609374999982,3.68946288618809
2025-09-28,Fort Wayne,Corpus Christi,Dry Van,1251.4,2453.74,2453.753,0.012929687500218279,0.000526937960020959
2025-09-28,Louisville,Baltimore,Flatbed,955.2,2306.76,2176.2632,130.49681640625022,5.657147531873719
2025-09-28,Oklahoma City,Philadelphia,Dry Van,1778.7,3441.04,3440.2925,0.7475195312499636,0.021723651316170798
2025-09-28,Providence,Charleston,Reefer,718.4,1652.67,1620.494,32.17598144531257,1.9469090287421307
2025-09-28,Kansas City,St. Louis,Reefer,121.2,389.7,357.44556,32.25444335937499,8.276736812772644
2025-09-28,Cincinnati,Memphis,Flatbed,243.9,690.48,698.59515,8.115153808593732,1.1752916534285904
2025-09-28,Tucson,Houston,Dry Van,1313.7,2741.16,3144.428,403.26797851562515,14.711581174233727
2025-09-28,Raleigh,Tampa,Reefer,861.4,2075.87,2002.617,73.25305664062489,3.5287882497759924
2025-09-28,Tucson,Montgomery,Reefer,1869.4,4097.27,4140.738,43.46779296874956,1.0608964742072053
2025-09-28,Nashville,Lubbock,Dry Van,931.9,1969.64,1990.1725,20.5324853515624,1.0424486379014641
2025-09-28,Memphis,Charleston,Reefer,697.2,1723.88,1682.1077,41.77233398437511,2.423157875511933
2025-09-28,Dallas,Oklahoma City,Flatbed,316.2,901.55,933.3458,31.795825195312545,3.5267955404927678
2025-09-28,Oklahoma City,Shreveport,Reefer,457.5,1309.13,1257.7526,51.37743652343761,3.9245480986179833
2025-09-28,Albuquerque,Columbia,Reefer,1751.0,3751.81,3659.2893,92.52069335937495,2.4660282199624968
2025-09-28,Montgomery,Phoenix,Dry Van,2098.9,3906.11,3644.0457,262.0643457031251,6.709087703703304
2025-09-28,Cincinnati,Tucson,Reefer,1842.1,4028.7,3948.7717,79.92827148437482,1.9839717895195679
2025-09-28,Albuquerque,Chattanooga,Dry Van,1454.8,2724.61,2591.1472,133.46278320312513,4.898417872764363
2025-09-28,Mobile,San Francisco,Dry Van,2246.0,4211.03,4147.5767,63.453339843749745,1.506836565964853
2025-09-28,Atlanta,Kansas City,Flatbed,479.1,1207.36,1146.8481,60.5118554687499,5.011914877811913
2025-09-28,Dayton,Mobile,Reefer,691.8,1687.68,1459.5177,228.16229980468756,13.519286820054013
2025-09-28,Jacksonville,Corpus Christi,Dry Van,882.7,1834.37,1863.286,28.91601074218761,1.576345597790392
2025-09-28,El Paso,New Orleans,Reefer,1234.3,2811.69,2723.225,88.46490234375005,3.146324891568774
2025-09-28,Amarillo,Mobile,Dry Van,1103.7,2222.13,2078.6404,143.4896191406251,6.457300839312961
2025-09-28,Atlanta,Phoenix,Dry Van,2080.5,3940.37,3786.4944,153.8756152343749,3.9051057447492217
2025-09-28,Bakersfield,Albuquerque,Dry Van,495.2,1130.78,1092.1576,38.62240722656247,3.41555450455106
2025-09-28,Bakersfield,Lubbock,Dry Van,1217.2,2349.87,2367.0896,17.21959960937511,0.7327894568369787
2025-09-28,Madison,Buffalo,Dry Van,696.3,1405.8,1283.1425,122.65754394531245,8.725106270117546
2025-09-28,Fort Wayne,Madison,Dry Van,292.0,679.49,657.348,22.14197753906251,3.2586171303569604
2025-09-28,Raleigh,Shreveport,Reefer,1010.5,2341.7,2306.2158,35.48417968749982,1.515317063991964
2025-09-28,Dayton,Shreveport,Dry Van,734.7,1592.02,1512.0319,79.98813964843748,5.02431751161653
2025-09-28,Buffalo,Memphis,Reefer,863.3,1914.47,1835.2706,79.19937011718753,4.136882276410052
2025-09-28,Green Bay,Washington,Flatbed,763.1,1741.04,1489.8607,251.17928222656246,14.426967917254196
2025-09-28,Austin,Atlanta,Reefer,1044.7,2431.83,2302.9287,128.90128906249993,5.300587995974222
2025-09-28,Dayton,Los Angeles,Dry Van,2171.3,4092.63,4110.749,18.11902343749989,0.4427232229031183
2025-09-28,Harrisburg,Tampa,Dry Van,1087.6,835.1,2196.4097,1361.30966796875,163.01157561594422
2025-09-28,Harrisburg,Tampa,Dry Van,1086.1,2027.96,2036.4745,8.514487304687464,0.41985479519751195
2025-09-28,Toledo,Dayton,Flatbed,203.5,572.78,605.3497,32.56967041015628,5.686244353880421
2025-09-28,Atlanta,Mobile,Reefer,285.2,774.13,813.36163,39.231633300781255,5.067835286163985
2025-09-28,El Paso,Memphis,Dry Van,1362.2,2562.73,2707.4658,144.73582031249998,5.647720216819563
2025-09-28,Detroit,Tulsa,Dry Van,1097.5,2265.28,2231.875,33.4050000000002,1.4746521401327959
2025-09-28,Atlanta,Memphis,Reefer,221.3,659.63,675.6923,16.062321777343755,2.435050221691517
2025-09-28,Buffalo,Columbia,Reefer,650.1,1517.69,1452.5769,65.11309570312505,4.290276387346893
2025-09-28,Los Angeles,Corpus Christi,Dry Van,1546.2,3064.0,3068.9895,4.989501953125,0.1628427530393277
2025-09-28,Kansas City,Lexington,Flatbed,459.6,1163.05,1161.6996,1.3504150390624545,0.11610980087377624
2025-09-28,Montgomery,Phoenix,Dry Van,2067.8,3865.31,3639.8523,225.45770507812495,5.832849243091109
2025-09-28,Raleigh,New York,Reefer,461.1,1110.79,1078.5707,32.219321289062464,2.9005771828214573
2025-09-28,Providence,Savannah,Dry Van,917.6,1877.01,1774.8792,102.13084960937499,5.441145737602623
2025-09-28,Shreveport,Bakersfield,Dry Van,1631.3,3175.1,3129.4531,45.64687499999991,1.4376515700292876
2025-09-28,Atlanta,Raleigh,Dry Van,589.0,1235.23,1157.4196,77.81044433593752,6.299267693946675
2025-09-28,Bakersfield,Los Angeles,Reefer,398.1,1071.17,1190.6215,119.45145996093743,11.151494156944034
2025-09-28,Memphis,Syracuse,Dry Van,1003.2,1998.56,1974.4745,24.085512695312445,1.20514333796896
2025-09-28,Hartford,Grand Rapids,Dry Van,896.3,1837.98,1739.049,98.93104980468752,5.382596644396974
2025-09-28,Mobile,Buffalo,Dry Van,1028.1,1970.93,2000.2871,29.357109374999936,1.4895054301776285
2025-09-28,Salt Lake City,Fort Wayne,Flatbed,1840.5,3646.22,3568.901,77.3191210937498,2.120528138558557
2025-09-28,Tucson,Charleston,Dry Van,2287.0,4095.03,4078.6655,16.3644726562502,0.3996178942828306
2025-09-28,Mobile,Albuquerque,Dry Van,1465.4,2946.68,2850.879,95.80109374999984,3.2511536288297282
2025-09-28,Baltimore,Los Angeles,Reefer,3030.7,6276.34,6075.9336,200.40640625000015,3.193045728083567
2025-09-28,Houston,Savannah,Reefer,862.6,759.15,2096.919,1337.7689453125,176.21931704043996
2025-09-28,Houston,Lexington,Reefer,830.8,2019.44,2006.8395,12.600522460937555,0.6239612199885886
2025-09-28,El Paso,Memphis,Dry Van,1384.4,2636.98,2734.9138,97.93381835937498,3.713862765715894
2025-09-28,Chattanooga,Charleston,Dry Van,518.8,1154.54,1242.9323,88.39225097656254,7.656057908479788
2025-09-28,Amarillo,Baton Rouge,Dry Van,837.7,1784.89,1702.3456,82.5444189453126,4.6246221865388115
2025-09-28,Bakersfield,Albuquerque,Dry Van,526.9,1173.97,1202.7751,28.805146484374973,2.453652689964392
2025-09-28,Harrisburg,Richmond,Flatbed,173.3,510.64,493.6945,16.94551147460936,3.3184849354945487
2025-09-28,Baltimore,Mobile,Flatbed,1159.5,2643.41,2604.126,39.284023437499854,1.4861116299590247
2025-09-28,Reno,Hartford,Reefer,2840.3,5745.39,5570.091,175.29917968750033,3.0511275942538334
2025-09-28,Lubbock,Charleston,Dry Van,1439.2,2841.04,2826.5503,14.489707031249964,0.5100141860463058
2025-09-28,Columbia,Charleston,Dry Van,249.2,652.12,676.6575,24.537470703124995,3.7627232262658703
2025-09-28,Toledo,Austin,Flatbed,1412.9,3089.81,2811.5515,278.25848632812495,9.005682754865992
2025-09-28,Atlanta,Toledo,Reefer,602.3,1412.41,1335.3295,77.08053222656258,5.457376556846991
2025-09-28,Austin,Reno,Flatbed,1482.3,3167.21,2880.7366,286.47342773437504,9.044977369179026
2025-09-28,Richmond,Hartford,Dry Van,333.8,783.73,773.52673,10.203266601562518,1.3018854199229986
2025-09-28,Houston,Oklahoma City,Dry Van,291.2,746.15,747.4285,1.2785278320312727,0.1713499741380785
2025-09-28,Little Rock,Phoenix,Reefer,1685.4,3665.41,3719.6865,54.276523437500146,1.4807763234535876
2025-09-28,Dayton,New York,Dry Van,730.7,1541.54,1461.3923,80.14766601562496,5.199194702416088
2025-09-28,Providence,Cincinnati,Dry Van,1136.5,2347.52,2260.5332,86.98679687499998,3.7054762845470957
2025-09-28,Madison,Little Rock,Dry Van,637.1,1348.4,1253.0975,95.30246582031259,7.067818586496038
2025-09-28,Atlanta,Lexington,Dry Van,213.6,550.8,549.5847,1.2152832031249545,0.22063965198347033
2025-09-28,Cincinnati,Lexington,Dry Van,132.9,351.36,347.66452,3.6954797363281386,1.0517644969057771
2025-09-28,Fort Wayne,El Paso,Dry Van,1728.1,3319.67,3306.5022,13.167802734375073,0.39665999133573737
2025-09-28,Shreveport,Toledo,Flatbed,899.1,2022.01,1890.8104,131.1995751953125,6.4885720246345215
2025-09-28,Corpus Christi,Savannah,Flatbed,1027.8,2406.52,2301.9785,104.54148437499998,4.344093727664843
2025-09-28,Columbia,Richmond,Reefer,518.9,1363.38,1335.1619,28.21813476562511,2.0697189899826247
2025-09-28,Memphis,Lubbock,Reefer,848.7,2100.8,2000.603,100.19697265625018,4.769467472212974
2025-09-28,Grand Rapids,Austin,Dry Van,1429.8,2936.55,2832.889,103.66108398437518,3.5300295920169984
2025-09-28,Reno,San Antonio,Dry Van,1581.0,3212.43,3016.4143,196.01569335937484,6.101788781681619
2025-09-28,Bakersfield,Toledo,Dry Van,2148.6,4164.97,4111.3647,53.605253906250255,1.2870501805835397
2025-09-28,Oklahoma City,Fort Wayne,Flatbed,1146.8,2650.56,2565.3262,85.23382812499995,3.2156913303226466
2025-09-28,Lexington,Los Angeles,Dry Van,2233.0,4195.51,4201.4736,5.963632812499782,0.14214321530635804
2025-09-28,New York,Milwaukee,Reefer,926.1,2127.87,2082.2124,45.65759765624989,2.1456948806200518
2025-09-29,Phoenix,Columbia,Dry Van,2184.2,4238.86,4137.82,101.04017578124967,2.383663904475488
2025-09-29,Madison,Harrisburg,Dry Van,744.9,1516.81,1416.8386,99.97137695312495,6.590896483615281
2025-09-29,Nashville,Cincinnati,Reefer,189.1,603.85,607.48956,3.6395629882812273,0.6027263373820033
2025-09-29,Baton Rouge,Harrisburg,Dry Van,1231.7,2420.76,2480.836,60.07593749999978,2.481697380161593
2025-09-29,Tulsa,Columbia,Dry Van,763.4,1581.01,1511.0352,69.97484374999999,4.425958327271807
2025-09-29,Los Angeles,Albany,Reefer,3177.8,6620.24,6517.025,103.21509765624978,1.5590839252995325
2025-09-29,Nashville,Shreveport,Flatbed,376.4,1033.77,1006.4506,27.319377441406232,2.6426939688137816
2025-09-29,Albuquerque,Cincinnati,Reefer,1497.1,3381.26,3411.5881,30.32813476562478,0.8969477285279682
2025-09-29,Cincinnati,Hartford,Dry Van,938.9,1939.71,1920.1201,19.589882812500036,1.0099387440648362
2025-09-29,Baltimore,Oklahoma City,Dry Van,1782.2,3538.32,3460.3801,77.93987304687516,2.2027366955751644
2025-09-29,Mobile,Houston,Dry Van,471.3,1140.78,1071.5939,69.18612792968747,6.064808984176395
2025-09-29,Corpus Christi,Fort Wayne,Dry Van,1216.4,2480.38,2420.9016,59.47838867187511,2.3979546953239064
2025-09-29,Los Angeles,Madison,Reefer,2111.8,4317.28,4054.2703,263.00973632812475,6.092024059781269
2025-09-29,Philadelphia,Baton Rouge,Reefer,1467.2,3510.14,3363.686,146.45396484374987,4.17231121390457
2025-09-29,El Paso,Chattanooga,Dry Van,1532.6,3127.58,3004.2263,123.35368164062493,3.9440615952469615
2025-09-29,Richmond,Tampa,Flatbed,1045.3,2257.84,2190.0073,67.83267578125015,3.004317213852626
2025-09-29,Indianapolis,San Antonio,Dry Van,945.7,2049.02,2025.6696,23.350444335937482,1.139590845181476
2025-09-29,Baton Rouge,Lubbock,Flatbed,524.4,1393.82,1314.6855,79.13445312499994,5.677523146819528
2025-09-29,Tucson,Bakersfield,Reefer,315.0,861.86,876.5211,14.661118164062486,1.701102054169179
2025-09-29,Milwaukee,Toledo,Dry Van,318.0,734.67,716.9314,17.73860351562496,2.4144995053050975
2025-09-29,Fort Wayne,Lubbock,Dry Van,1322.3,2575.9,2522.6638,53.23618164062509,2.0667021872209745
2025-09-29,Phoenix,Mobile,Dry Van,1919.3,3770.99,3578.0674,192.92261718749978,5.115967350417259
2025-09-29,Hartford,Little Rock,Reefer,1365.1,3179.94,3279.2144,99.27435546874995,3.1218939812936704
2025-09-29,Kansas City,Syracuse,Dry Van,941.6,1902.01,2002.7842,100.77417968750001,5.29829915129258
2025-09-29,Greensboro,Charleston,Flatbed,267.1,731.51,713.2464,18.26360107421874,2.496698756574584
2025-09-29,Los Angeles,Baton Rouge,Flatbed,1687.6,3849.56,3456.0847,393.47528320312495,10.221305375240936
2025-09-29,San Antonio,Detroit,Dry Van,1460.5,13503.63,2999.3523,10504.277705078124,77.78854800581861
2025-09-29,Richmond,Columbia,Dry Van,507.1,1115.22,1105.876,9.344023437500027,0.8378636894514111
2025-09-29,Jacksonville,Memphis,Reefer,472.7,1280.61,1274.5516,6.0583642578124,0.47308425342706995
2025-09-29,Las Vegas,Oklahoma City,Dry Van,1134.5,2415.33,2258.553,156.77702148437493,6.490915174505137
2025-09-29,Columbia,Reno,Dry Van,2305.3,4163.43,3818.9097,344.5203320312503,8.274915923439334
2025-09-29,Albuquerque,Amarillo,Dry Van,403.5,995.38,1002.9518,7.5717822265625045,0.7606926225725356
2025-09-29,St. Louis,Baltimore,Flatbed,1085.1,2359.68,2365.3398,5.659843750000164,0.2398564106150056
2025-09-29,Boston,Bakersfield,Dry Van,3163.0,5885.2,5761.8496,123.35039062499982,2.0959422045979714
2025-09-29,Memphis,Jacksonville,Reefer,460.5,1187.96,1126.298,61.662026367187536,5.190581026902214
2025-09-29,St. Louis,New York,Flatbed,1022.7,2211.3,2163.4573,47.84272460937518,2.163556487558232
2025-09-29,Houston,Boston,Reefer,1852.6,4272.31,4109.408,162.9017968750004,3.8129676188057604
2025-09-29,Albuquerque,Memphis,Dry Van,1340.0,2699.63,2770.0085,70.37854492187489,2.606970026332308
2025-09-29,Nashville,Montgomery,Reefer,368.8,1041.35,1033.2837,8.066308593749909,0.7746011037355269
2025-09-29,Mobile,Austin,Reefer,815.6,2068.14,1910.5219,157.61814941406237,7.621251434335314
2025-09-29,Philadelphia,Fresno,Dry Van,3032.0,5691.61,5587.161,104.44886718749967,1.8351374600069168
2025-09-29,Corpus Christi,Montgomery,Dry Van,727.6,1652.47,1655.7615,3.2914746093749727,0.19918513554708847
2025-09-29,Oklahoma City,Mobile,Reefer,721.9,1753.06,1378.8705,374.18951660156245,21.34493494812285
2025-09-29,Fort Wayne,Corpus Christi,Dry Van,1243.4,2473.32,2438.0144,35.305595703125164,1.4274576562323178
2025-09-29,Atlanta,Fort Wayne,Flatbed,544.1,1385.48,1287.0109,98.46913574218752,7.107221738472408
2025-09-29,Las Vegas,Bakersfield,Dry Van,107.4,297.77,378.89764,81.12764404296877,27.245069699086134
2025-09-29,El Paso,Tampa,Dry Van,1654.5,3187.62,3110.5884,77.03162109374989,2.4165873314181083
2025-09-29,Lexington,Boston,Flatbed,1000.9,2315.78,2246.4097,69.3703320312502,2.995549319505747
2025-09-29,Greensboro,Mobile,Reefer,513.4,1367.89,1351.8782,16.0118261718751,1.170549252635453
2025-09-29,Shreveport,Phoenix,Reefer,1622.5,3543.74,3410.4785,133.26148437499978,3.7604757791203585
2025-09-29,Savannah,Lexington,Reefer,348.0,958.88,1004.69635,45.816350097656255,4.778110931258996
2025-09-29,El Paso,Nashville,Dry Van,1466.4,3033.86,2881.4128,152.44715820312513,5.0248580423330385
2025-09-29,Grand Rapids,Cincinnati,Dry Van,517.5,1126.7,1083.0642,43.635791015625045,3.8728846201850575
2025-09-29,Toledo,Memphis,Dry Van,607.4,1325.46,1270.9171,54.542885742187536,4.11501559776889
2025-09-29,Montgomery,Tulsa,Flatbed,638.4,1682.02,1685.9854,3.965351562500018,0.23574937054850822
2025-09-29,Phoenix,Baton Rouge,Dry Van,1599.5,3275.31,2981.5105,293.79950195312495,8.970128078048335
2025-09-29,Louisville,Tucson,Dry Van,1806.0,3427.48,3430.4248,2.944804687499982,0.08591748711881562
2025-09-29,Shreveport,Columbia,Flatbed,637.7,1536.58,1356.3269,180.25309570312493,11.730797986640782
2025-09-29,Buffalo,Albuquerque,Reefer,1972.0,4242.7,4178.6196,64.08037109374982,1.5103677161654092
2025-09-29,Fort Wayne,Philadelphia,Dry Van,784.4,1622.59,1555.1823,67.40774902343742,4.1543303621640355
2025-09-29,Corpus Christi,Fort Wayne,Reefer,1259.6,2949.32,2944.8284,4.491630859375164,0.15229377820565973
2025-09-29,Dayton,Jacksonville,Flatbed,663.9,1636.32,1496.856,139.46404296874994,8.523029906665563
2025-09-29,Phoenix,Little Rock,Flatbed,1732.5,3937.63,3704.686,232.9439648437501,5.915841885696475
2025-09-29,Savannah,Bakersfield,Flatbed,2346.3,5037.89,4613.2603,424.6297460937503,8.428722066058416
2025-09-29,Oklahoma City,San Antonio,Dry Van,203.4,543.25,485.8102,57.439788818359375,10.573361954599056
2025-09-29,Buffalo,Columbia,Dry Van,666.0,1343.69,1317.8287,25.861264648437555,1.924645167295846
2025-09-29,Philadelphia,Raleigh,Reefer,446.7,1176.75,1159.0658,17.6842041015625,1.502800433529849
2025-09-29,Dallas,Bakersfield,Flatbed,1508.9,3627.2,3301.3616,325.8384277343748,8.983194412615097
2025-09-29,New Orleans,San Antonio,Dry Van,523.0,1202.33,1140.7566,61.57340820312493,5.1211737379192845
2025-09-29,San Antonio,Atlanta,Dry Van,959.1,2093.05,1969.6622,123.38776855468768,5.8951180599932
2025-09-29,Boston,Indianapolis,Flatbed,1213.1,2666.6,2474.6318,191.9681640624999,7.198986126996922
2025-09-29,Las Vegas,Columbia,Dry Van,2126.7,4073.7,3987.8066,85.89335937499982,2.108485145567907
2025-09-29,Richmond,Oklahoma City,Dry Van,1530.6,2989.61,2960.038,29.571914062500127,0.9891562465505577
2025-09-29,Cincinnati,Milwaukee,Dry Van,243.0,606.85,578.74255,28.107446289062523,4.631695853845682
2025-09-29,Detroit,Montgomery,Dry Van,1001.8,1928.87,2052.715,123.84508789062511,6.420603145397311
2025-09-29,Albuquerque,Las Vegas,Reefer,438.6,1101.73,1126.2828,24.552836914062482,2.2285711484721737
2025-09-29,Tucson,Dayton,Dry Van,1948.5,3690.01,3658.9646,31.04540039062522,0.8413364839289111
2025-09-29,Greensboro,Richmond,Reefer,426.3,1058.02,1073.1257,15.105732421875018,1.4277359994967032
2025-09-29,Grand Rapids,Phoenix,Dry Van,2273.3,4190.81,4256.3955,65.5855078124996,1.5649840439556935
2025-09-29,Philadelphia,Albany,Dry Van,409.8,914.56,917.9557,3.3956884765625546,0.37129203951217576
2025-09-29,New York,Lubbock,Dry Van,1901.5,3614.61,3566.5593,48.05067382812513,1.3293460104444221
2025-09-29,Fort Wayne,Richmond,Flatbed,627.3,1479.07,1358.0425,121.02751953124994,8.182676920717068
2025-09-29,Madison,Oklahoma City,Flatbed,950.2,2218.14,2041.3895,176.75047363281237,7.968409281326354
2025-09-29,Montgomery,Toledo,Reefer,862.4,2067.31,2087.7139,20.403867187500055,0.9869766598865218
2025-09-29,Montgomery,Buffalo,Reefer,992.2,2214.66,2155.2708,59.389248046874854,2.6816417891177364
2025-09-29,Oklahoma City,Atlanta,Dry Van,891.7,1909.99,1852.8638,57.12623046875001,2.9909177780381055
2025-09-29,San Antonio,Fort Wayne,Flatbed,1337.9,3109.58,3132.0754,22.495439453125073,0.723423724526305
2025-09-29,Grand Rapids,Oklahoma City,Dry Van,1246.5,2506.95,2527.2854,20.335400390625182,0.8111609880781501
2025-09-29,Charleston,Tulsa,Reefer,1019.4,2575.84,2397.2534,178.58658203125015,6.933139559570864
2025-09-29,Tulsa,Tucson,Dry Van,1285.6,2697.94,2587.843,110.09698242187505,4.080779499242944
2025-09-29,Los Angeles,Albuquerque,Dry Van,728.7,1494.4,1448.5099,45.89011230468759,3.070805159574919
2025-09-29,Los Angeles,Nashville,Dry Van,2013.6,3730.45,3900.649,170.19892578125018,4.562423455112659
2025-09-29,Fort Wayne,Columbia,Dry Van,561.5,1170.87,1168.544,2.326054687499891,0.19866037113427545
2025-09-29,Bakersfield,Los Angeles,Dry Van,395.4,843.31,816.7567,26.553286132812445,3.148698122020662
2025-09-29,Louisville,Tampa,Flatbed,735.7,1801.36,1756.7349,44.6251367187499,2.477302522469129
2025-09-29,Phoenix,Detroit,Dry Van,2345.4,4116.74,4252.1753,135.43529296875022,3.289867540062045
2025-09-29,Oklahoma City,Nashville,Dry Van,754.3,1689.45,1635.3536,54.096362304687545,3.2020102580536594
2025-09-29,Las Vegas,Birmingham,Dry Van,1929.5,3462.39,3248.1177,214.27232421874987,6.188566978842646
2025-09-29,Kansas City,Greensboro,Reefer,606.4,1500.36,1468.1132,32.2468408203124,2.1492735623658588
2025-09-29,Lexington,Milwaukee,Flatbed,308.0,869.6,918.59436,48.99436035156248,5.6341260753866695
2025-09-29,Phoenix,Baton Rouge,Dry Van,1599.2,3112.89,3000.3281,112.56187499999987,3.6159926948912386
2025-09-29,Tampa,Baltimore,Dry Van,1250.4,2364.94,2390.1885,25.248476562499945,1.0676159463876438
2025-09-29,Phoenix,Providence,Dry Van,3120.1,5868.16,5704.523,163.63705078124985,2.788558096255894
2025-09-29,Harrisburg,Indianapolis,Dry Van,691.5,1469.39,1387.8685,81.5214697265626,5.5479804358654
2025-09-29,Bakersfield,Tampa,Dry Van,2084.0,4026.53,3783.1765,243.3534863281252,6.043751973240611
2025-09-29,San Antonio,Los Angeles,Reefer,1292.8,3055.72,3067.4324,11.7123730468752,0.3832933988348147
2025-09-29,Salt Lake City,Shreveport,Dry Van,1423.1,2840.5,2850.8857,10.3857421875,0.36563077583171977
2025-09-29,Madison,Indianapolis,Flatbed,264.7,752.54,673.4843,79.05568603515621,10.505180593078935
2025-09-29,El Paso,Albany,Reefer,2555.9,5401.18,5285.523,115.65705078125029,2.1413293165799008
2025-09-29,Lubbock,Amarillo,Flatbed,423.1,1166.42,1127.2406,39.17939941406257,3.35894441230968
2025-09-29,Chattanooga,Madison,Dry Van,560.6,1250.51,1229.7222,20.78783203124999,1.6623483243836508
2025-09-29,Syracuse,Baltimore,Dry Van,471.1,1039.93,1013.7864,26.143623046875064,2.5139791184863465
2025-09-29,Syracuse,Lexington,Reefer,723.7,1713.41,1621.8276,91.58236328125008,5.345034946758224
2025-09-29,Hartford,St. Louis,Dry Van,1121.7,2173.05,2167.4666,5.583447265625182,0.256940579628871
2025-09-29,Tulsa,Greensboro,Dry Van,820.8,1785.72,1768.796,16.923979492187527,0.9477398187950814
2025-09-29,Albany,Lexington,Flatbed,1021.1,2310.73,2212.6748,98.05519531250002,4.243472639057788
2025-09-29,Atlanta,Phoenix,Flatbed,2078.2,4332.87,4064.2644,268.6055957031249,6.199253513332384
2025-09-29,Mobile,Corpus Christi,Dry Van,612.2,1423.88,1336.857,87.02294433593761,6.111676850291991
2025-09-29,Bakersfield,San Antonio,Dry Van,1264.0,2429.29,2372.3257,56.964316406249964,2.3448956858279564
2025-09-29,Cincinnati,Fort Wayne,Dry Van,364.6,822.8,803.42664,19.373364257812455,2.3545654178187236
2025-09-29,Baton Rouge,Detroit,Dry Van,1189.8,2417.99,2364.6821,53.30787109374978,2.2046357137022814
2025-09-29,Washington,Mobile,Reefer,931.2,2067.22,2003.433,63.7870166015623,3.0856423893713445
2025-09-29,Little Rock,Boston,Flatbed,1503.0,3397.49,3277.3347,120.15528320312478,3.5365897531155293
2025-09-29,Nashville,Shreveport,Reefer,383.9,1047.29,1019.199,28.091025390624964,2.682258533035259
2025-09-29,Las Vegas,Baton Rouge,Dry Van,1552.8,3017.03,2717.8252,299.2048046875002,9.917196868692065
2025-09-29,Memphis,Grand Rapids,Dry Van,689.4,1401.54,1366.4281,35.111899414062464,2.505237054530193
2025-09-29,Atlanta,Tucson,Reefer,1825.4,4120.13,3948.7302,171.3997753906251,4.160057459124472
2025-09-29,Atlanta,Oklahoma City,Dry Van,857.8,1891.3,1850.4053,40.894726562499955,2.162254880902023
2025-09-29,Columbia,Montgomery,Dry Van,341.9,845.31,819.51,25.799990234374945,3.0521335645354895
2025-09-29,Dallas,Green Bay,Flatbed,1108.9,2563.03,2710.5671,147.5371386718748,5.756356292040077
2025-09-29,Washington,New York,Flatbed,235.0,650.29,662.86945,12.579445800781286,1.9344362977719614
2025-09-29,Syracuse,Buffalo,Flatbed,159.1,449.54,445.99,3.5500097656250205,0.7896983061852161
2025-09-29,Washington,Montgomery,Reefer,845.8,1969.6,1900.675,68.92495117187491,3.4994390318782957
2025-09-29,Little Rock,Bakersfield,Flatbed,1657.4,3574.92,3247.2903,327.6297167968751,9.16467268629438
2025-09-29,Atlanta,Shreveport,Flatbed,449.7,1247.17,1166.4935,80.67646972656257,6.4687628572337825
2025-09-29,Birmingham,Bakersfield,Flatbed,2018.0,4217.34,3928.2998,289.04019531250015,6.853613778175347
2025-09-29,Houston,Hartford,Dry Van,1667.1,10119.16,2948.601,7170.55892578125,70.86120711384393
2025-09-29,Syracuse,Greensboro,Dry Van,667.5,1371.52,1350.6008,20.919169921874982,1.5252544565062838
2025-09-29,Birmingham,Bakersfield,Flatbed,2045.0,4431.8,4127.2593,304.5407226562502,6.871716292618127
2025-09-29,New York,Houston,Reefer,1571.7,3565.92,3362.7844,203.13557617187507,5.696582541724858
2025-09-29,Los Angeles,Richmond,Dry Van,2698.0,4815.72,4799.767,15.952910156250255,0.3312673942058561
2025-09-30,San Antonio,Richmond,Dry Van,1632.2,3338.79,3189.54,149.24996093749996,4.470181141596206
2025-09-30,New York,Grand Rapids,Flatbed,801.1,1853.42,1633.2794,220.14058105468757,11.877533481600908
2025-09-30,Albuquerque,Providence,Dry Van,2653.8,5043.62,4958.7773,84.84265624999989,1.6821778058220067
2025-09-30,Kansas City,Phoenix,Reefer,1850.2,4138.2,4272.961,134.76093750000018,3.256510983036107
2025-09-30,Raleigh,Lexington,Dry Van,524.0,1170.91,1154.8037,16.106289062500082,1.3755360414122417
2025-09-30,Cincinnati,Columbia,Dry Van,338.7,780.1,755.12823,24.971765136718773,3.2010979536878317
2025-09-30,Fort Wayne,Savannah,Dry Van,657.9,1379.76,1324.3314,55.42857910156249,4.01726235733479
2025-09-30,Baltimore,Lexington,Dry Van,804.1,1718.71,1636.5697,82.14029785156254,4.779183099624866
2025-09-30,Greensboro,Chattanooga,Flatbed,304.9,839.98,777.17944,62.80055664062502,7.476434753282818
2025-09-30,Memphis,Madison,Dry Van,514.3,1129.32,1051.9677,77.35234863281244,6.849462387349241
2025-09-30,Albany,Fort Wayne,Reefer,872.8,1991.19,1901.6174,89.57256835937505,4.498444064070985
2025-09-30,San Antonio,Cincinnati,Dry Van,994.0,2189.03,2067.7017,121.3283398437502,5.542561766798545
2025-09-30,Baltimore,Hartford,Dry Van,129.7,357.0,333.04413,23.95587158203125,6.710328174238446
2025-09-30,Bakersfield,Nashville,Flatbed,1931.9,4293.84,3965.8572,327.98282226562515,7.638450018296562
2025-09-30,Toledo,Oklahoma City,Dry Van,1240.6,2499.88,2476.317,23.56310546875011,0.9425694620841844
2025-09-30,Tucson,Amarillo,Dry Van,648.6,1467.25,1370.3145,96.935546875,6.606614201737945
2025-09-30,Lubbock,Tulsa,Dry Van,477.2,1190.36,1166.8927,23.4672998046874,1.9714455966839781
2025-09-30,Louisville,Tucson,Dry Van,1760.9,3419.14,3437.281,18.141005859375127,0.5305721865549562
2025-09-30,Syracuse,Baton Rouge,Dry Van,1457.1,2795.58,2736.2776,59.30241210937493,2.1212919004061743
2025-09-30,Houston,New Orleans,Flatbed,231.0,690.34,691.04297,0.7029687499999682,0.10182935220325753
2025-09-30,Raleigh,Houston,Dry Van,1241.1,2421.83,2433.4294,11.599443359375073,0.47895365733247475
2025-09-30,New York,Cincinnati,Reefer,858.9,2011.7,1939.6614,72.03862304687505,3.5809824052729056
2025-09-30,Philadelphia,Greensboro,Flatbed,695.2,1592.4,1531.121,61.27902832031259,3.8482183069776807
2025-09-30,Columbia,Memphis,Dry Van,437.7,1029.31,1021.6547,7.655275878906195,0.7437288940072666
2025-09-30,Baton Rouge,Baltimore,Dry Van,1455.7,2838.18,2805.3367,32.843330078124836,1.1571968683496057
2025-09-30,Cincinnati,Las Vegas,Flatbed,1906.4,4018.97,3739.4854,279.4846484374998,6.95413621991455
2025-09-30,Milwaukee,Bakersfield,Reefer,1922.7,4366.61,4193.3936,173.21644531249967,3.9668403020306298
2025-09-30,Green Bay,Phoenix,Dry Van,2218.8,4260.11,4065.6372,194.47279296874967,4.564971161982899
2025-09-30,Mobile,Baton Rouge,Dry Van,337.0,848.73,824.33026,24.399738769531268,2.8748528707046135
2025-09-30,Hartford,Baltimore,Dry Van,121.3,331.22,289.9492,41.27081176757815,12.460241461137054
2025-09-30,Greensboro,Madison,Dry Van,680.2,1375.18,1232.5171,142.66291015625006,10.374126307556105
2025-09-30,Albuquerque,Corpus Christi,Dry Van,1139.8,2550.66,2320.9268,229.73324218749985,9.006815576654665
2025-09-30,Las Vegas,Tucson,Reefer,224.3,651.21,626.10736,25.102639160156286,3.854768686008551
2025-09-30,Bakersfield,Richmond,Dry Van,2548.7,4795.09,4773.2134,21.876621093750146,0.4562296243396922
2025-09-30,San Antonio,Phoenix,Flatbed,1215.1,2765.85,2303.699,462.1510253906249,16.709186159431095
2025-09-30,Richmond,San Antonio,Dry Van,1566.3,3055.97,2988.6897,67.2803027343748,2.2016021994448507
2025-09-30,Reno,Grand Rapids,Reefer,1967.8,4048.13,3779.335,268.7950390625001,6.639980412252079
2025-09-30,Toledo,Hartford,Flatbed,769.0,1829.79,1637.1149,192.67513183593746,10.52990407838809
2025-09-30,Amarillo,Atlanta,Dry Van,1194.5,2322.98,2390.8623,67.88230468749998,2.9222078833007594
2025-09-30,Phoenix,Shreveport,Dry Van,1693.3,3453.46,3274.5283,178.93167968750004,5.181229250881725
2025-09-30,Mobile,Milwaukee,Dry Van,658.7,1483.96,1414.6241,69.33585449218754,4.672353331099729
2025-09-30,Milwaukee,Memphis,Flatbed,349.9,944.64,964.74567,20.105666503906264,2.128394574007692
2025-09-30,Richmond,Cincinnati,Dry Van,660.2,1440.38,1408.4127,31.96728027343761,2.2193643533954655
2025-09-30,Baton Rouge,Montgomery,Dry Van,467.1,1009.23,1029.9404,20.710429687499982,2.0521020666745917
2025-09-30,Bakersfield,Albuquerque,Dry Van,532.4,1224.2,1181.3872,42.812792968750045,3.4972057644788466
2025-09-30,Los Angeles,Charleston,Dry Van,2593.6,4764.98,4629.597,135.38283203124956,2.8412046227108942
2025-09-30,Kansas City,Philadelphia,Reefer,1166.1,2823.19,2710.222,112.96807617187505,4.001433703430341
2025-09-30,New Orleans,Lubbock,Reefer,575.3,1570.24,1629.8036,59.56358886718749,3.793279299163662
2025-09-30,Albany,San Antonio,Dry Van,2114.9,4027.94,3952.8835,75.05645507812505,1.863395558973695
2025-09-30,Baltimore,St. Louis,Reefer,1052.4,2381.69,2247.947,133.74297851562505,5.615465426467132
2025-09-30,Nashville,Tucson,Reefer,1782.9,4038.74,3777.5076,261.2324316406248,6.4681665975186515
2025-09-30,New York,Memphis,Dry Van,1044.6,2149.82,2083.4604,66.35955078125016,3.086749159522665
2025-09-30,Lubbock,Columbia,Dry Van,1232.6,2519.02,2498.3315,20.688457031249982,0.8212899076327295
2025-09-30,Fresno,Hartford,Dry Van,2976.4,5093.93,5099.4043,5.474296874999709,0.10746706128666292
2025-09-30,Philadelphia,Albany,Dry Van,415.6,870.54,811.3452,59.194785156249964,6.799777742119829
2025-09-30,Fort Wayne,El Paso,Dry Van,1741.0,3335.73,3197.6074,138.12257812500002,4.1407001803203505
2025-09-30,Montgomery,Green Bay,Dry Van,1035.5,2108.84,2069.868,38.972080078125146,1.8480339939552142
2025-09-30,Amarillo,Salt Lake City,Dry Van,599.6,1416.74,1370.5616,46.17835449218751,3.2594798263751645
2025-09-30,Phoenix,Columbia,Reefer,2255.0,5046.46,4648.6743,397.78568359375004,7.882469762838704
2025-09-30,Fort Wayne,Philadelphia,Dry Van,792.6,1623.96,1556.2303,67.72965332031254,4.170647880508913
2025-09-30,Los Angeles,Dayton,Reefer,2251.0,4884.93,4791.922,93.00812500000029,1.90398071210847
2025-09-30,Nashville,Oklahoma City,Dry Van,765.6,1718.35,1680.2812,38.06874999999991,2.2154246806529465
2025-09-30,Green Bay,Cincinnati,Reefer,573.4,1371.66,1277.1179,94.54208007812508,6.8925302245545605
2025-09-30,Albany,Phoenix,Dry Van,3129.9,5343.79,5279.7485,64.04146484374996,1.198427798318234
2025-09-30,Raleigh,Cincinnati,Dry Van,616.4,1340.72,1301.8058,38.91421386718753,2.9024862661247335
2025-09-30,Milwaukee,El Paso,Reefer,1537.4,3511.31,3422.26,89.04999023437495,2.5360902408040005
2025-09-30,Syracuse,Nashville,Reefer,904.4,2113.68,2006.3512,107.32880371093734,5.077817063649055
2025-09-30,Lexington,Fresno,Flatbed,2211.8,4609.2,4617.6978,8.497753906250182,0.18436505046971668
2025-09-30,Las Vegas,Albuquerque,Reefer,422.4,1109.63,1102.1018,7.528193359375109,0.6784417652167938
2025-09-30,New York,Baton Rouge,Dry Van,1467.4,2905.43,2856.468,48.961982421874836,1.6851888505961194
2025-09-30,Dayton,Richmond,Reefer,583.1,1412.3,1375.135,37.164990234374955,2.63152235604156
2025-09-30,Toledo,Houston,Reefer,1112.4,2642.23,2574.1497,68.08034179687502,2.576624358851236
2025-09-30,Tulsa,Oklahoma City,Dry Van,305.5,2610.3,830.68085,1779.6191528320314,68.17680545653876
2025-09-30,Fresno,Nashville,Dry Van,2144.6,4026.49,4025.1301,1.3598730468747817,0.033773163397271114
2025-09-30,Columbia,El Paso,Dry Van,1807.7,3531.35,3495.2449,36.10512695312491,1.0224171196036902
2025-09-30,New York,Richmond,Reefer,262.2,716.88,638.3644,78.5156201171875,10.952407671742481
2025-09-30,Baltimore,Grand Rapids,Dry Van,903.2,1736.2,1760.4652,24.265209960937455,1.3976045363977336
2025-09-30,Milwaukee,Montgomery,Dry Van,705.6,1480.19,1428.2375,51.952451171875055,3.5098501659837624
2025-09-30,Kansas City,Houston,Reefer,754.4,1913.03,1904.8236,8.206391601562473,0.4289734923949166
2025-09-30,Baton Rouge,Grand Rapids,Reefer,1135.3,2600.14,2471.001,129.13902343749987,4.966618083545496
2025-09-30,Lexington,Charleston,Dry Van,436.3,2522.62,1000.3987,1522.221318359375,60.34287044261026
2025-09-30,Baltimore,Raleigh,Dry Van,387.5,876.64,866.6162,10.023789062499986,1.1434327731451892
2025-09-30,Memphis,Chattanooga,Dry Van,155.1,434.29,489.4905,55.200509033203105,12.710518094637937
2025-09-30,Corpus Christi,Dallas,Dry Van,299.7,801.38,806.1627,4.7827197265625045,0.5968104677634212
2025-09-30,Nashville,Dayton,Dry Van,411.7,989.5,963.84393,25.65606689453125,2.592831419356367
2025-09-30,Louisville,Greensboro,Flatbed,333.8,896.69,901.4599,4.769899902343695,0.5319452544740876
2025-09-30,Oklahoma City,Los Angeles,Dry Van,1331.8,2726.84,2639.898,86.94205078125015,3.188381085111343
2025-09-30,Montgomery,Raleigh,Dry Van,670.9,1484.02,1536.6628,52.64284179687502,3.5473134996074864
2025-09-30,Toledo,Harrisburg,Dry Van,444.3,940.89,922.23096,18.659042968749986,1.9831269296889102
2025-09-30,Nashville,Cincinnati,Dry Van,194.2,532.29,521.7555,10.534506835937464,1.9790916297389514
2025-09-30,San Antonio,Amarillo,Dry Van,522.4,1185.03,1148.7643,36.26571777343747,3.0603206478686173
2025-09-30,Bakersfield,Indianapolis,Dry Van,1832.2,3365.72,3397.2043,31.4843457031252,0.9354416203108161
2025-09-30,New York,Hartford,Flatbed,125.2,365.66,341.36533,24.29467407226565,6.6440611694649805
2025-09-30,Baton Rouge,Oklahoma City,Flatbed,421.4,1200.94,1180.517,20.423032226562555,1.7005872255535293
2025-09-30,Oklahoma City,Little Rock,Reefer,495.8,1352.62,1292.9062,59.71374999999989,4.414673004982914
2025-09-30,Bakersfield,Corpus Christi,Dry Van,1451.2,2889.42,2839.8945,49.52546875000007,1.7140280315772742
2025-09-30,Fort Wayne,Shreveport,Dry Van,833.6,1771.8,1677.1455,94.65449218749995,5.342278597330396
2025-09-30,Columbia,Hartford,Flatbed,835.9,1946.45,1761.1272,185.32280273437505,9.521066697545534
2025-09-30,Milwaukee,El Paso,Flatbed,1533.8,3300.91,3147.9666,152.94344726562485,4.633372229646517
2025-09-30,Mobile,Chattanooga,Dry Van,310.7,715.18,691.448,23.73200195312495,3.318325729624004
2025-09-30,Buffalo,Las Vegas,Dry Van,2441.6,4299.66,3834.4346,465.22542968749985,10.82005157820618
2025-09-30,Amarillo,Houston,Reefer,701.5,1811.26,1754.7462,56.51378417968749,3.120136489498332
2025-09-30,Columbia,Phoenix,Dry Van,2288.6,4205.63,4232.209,26.57898437499989,0.6319857993927162
2025-09-30,Fort Wayne,Cincinnati,Dry Van,367.1,838.67,813.51697,25.15303222656246,2.999157264068401
2025-09-30,Los Angeles,Providence,Flatbed,3101.8,6610.21,6224.928,385.28177734375004,5.828586041044838
2025-09-30,Fort Wayne,Albany,Reefer,874.4,7443.31,1897.0387,5546.271303710938,74.51350680961745
2025-09-30,Madison,Buffalo,Dry Van,723.3,1500.18,1435.6915,64.48847167968756,4.298715599440571
2025-09-30,Fresno,Nashville,Reefer,2087.7,4526.15,4334.5522,191.59775390624964,4.233128683456131
2025-09-30,Los Angeles,Buffalo,Reefer,2663.7,5382.19,5130.703,251.4868749999996,4.6725751970851945
2025-09-30,Raleigh,Lubbock,Flatbed,1575.4,3542.5,3360.7,181.800048828125,5.131970326834862
2025-09-30,Phoenix,Jacksonville,Flatbed,2201.7,4713.14,4589.1426,123.99742187500033,2.630887728244871
2025-09-30,New York,Atlanta,Flatbed,912.5,2050.87,1908.1016,142.7684374999999,6.961359691252976
2025-09-30,Phoenix,Columbia,Dry Van,2303.1,4361.64,4448.9287,87.28871093749967,2.0012818787772413
2025-09-30,Grand Rapids,Charleston,Reefer,873.3,2023.59,1926.569,97.02103027343742,4.794500381670073
2025-09-30,Kansas City,Raleigh,Reefer,942.6,2275.62,2234.4978,41.12219726562489,1.8070766325495862
2025-09-30,Memphis,Philadelphia,Dry Van,1127.2,2250.21,2249.965,0.24491210937503638,0.010883966801988987
2025-09-30,Syracuse,Lubbock,Reefer,1765.1,3981.2,3680.0303,301.1697265624998,7.564797713315078
2025-09-30,Tampa,Philadelphia,Dry Van,1294.8,2489.82,2423.9084,65.91155273437516,2.647241677485728
2025-09-30,Madison,Mobile,Flatbed,833.5,1856.04,1673.9733,182.06673339843746,9.809418622359296
2025-09-30,El Paso,Buffalo,Dry Van,2131.0,3878.4,3700.7478,177.6521972656251,4.580553766131009
2025-09-30,Atlanta,Fort Wayne,Flatbed,543.6,1371.12,1268.9174,102.20264160156239,7.453953089559076
2025-09-30,Kansas City,Jacksonville,Flatbed,721.2,1818.34,1743.4528,74.88724121093742,4.118439962324836
2025-09-30,Toledo,Lexington,Dry Van,432.3,968.44,929.2785,39.161496582031305,4.043771073275711
2025-09-30,Amarillo,Grand Rapids,Reefer,1414.9,3308.06,3310.2266,2.1665625000000546,0.06549344630992347
2025-09-30,Kansas City,Mobile,Dry Van,654.1,1454.09,1297.6378,156.45218261718742,10.759456609782573
2025-09-30,Fresno,Milwaukee,Flatbed,2098.4,4726.9,4145.243,581.6568359374996,12.305249443345526
2025-09-30,Buffalo,New York,Dry Van,330.9,749.67,659.82355,89.84645263671871,11.984800330374526
2025-09-30,Columbia,Albany,Dry Van,1093.9,2009.55,2032.0422,22.492236328125045,1.1192673149772359
2025-09-30,Grand Rapids,Bakersfield,Dry Van,2071.1,3784.87,3498.7979,286.0721484374999,7.558308434305534
2025-09-30,Columbia,Los Angeles,Flatbed,2340.6,4713.82,4191.162,522.6578906249997,11.087777866464984
2025-09-30,Fresno,Tucson,Dry Van,490.8,1095.54,1060.0156,35.524374999999964,3.2426360516275046
2025-09-30,Green Bay,Providence,Dry Van,1249.0,2423.41,2433.7998,10.389804687500146,0.4287266573753573
2025-09-30,Phoenix,Hartford,Flatbed,3031.1,6031.83,5712.1567,319.6732617187499,5.29977240271609
2025-09-30,Boston,Oklahoma City,Reefer,1999.4,4633.29,4283.935,349.35494140624996,7.540105225579446
2025-09-30,Charleston,Nashville,Dry Van,568.0,4000.2,1234.0132,2766.18681640625,69.15121284951378
2025-09-30,Mobile,Austin,Flatbed,824.4,2040.44,1936.634,103.80596679687505,5.0874304952301985
2025-09-30,Cincinnati,Fresno,Dry Van,2204.8,4265.6,4326.505,60.904882812499636,1.427815144704136
2025-09-30,Shreveport,Cincinnati,Dry Van,558.6,1280.48,1260.4932,19.986835937500018,1.5608862252827078
2025-09-30,Amarillo,Nashville,Flatbed,1121.4,2711.58,2571.1836,140.39640624999993,5.1776604876123855
2025-09-30,Hartford,Louisville,Dry Van,1013.1,1997.28,1954.1138,43.16623046874997,2.161250824558899
2025-09-30,Baton Rouge,Chattanooga,Flatbed,534.2,1351.46,1290.7012,60.758828125000036,4.495791819587708
2025-09-30,Fresno,Boston,Dry Van,3302.0,5812.69,5549.4297,263.2603124999996,4.529061630673572
2025-09-30,New York,Atlanta,Flatbed,910.5,2108.23,1980.4443,127.78566406250002,6.061277188091433
2025-09-30,Bakersfield,Madison,Dry Van,1850.7,3252.91,3264.6907,11.780673828125146,0.3621580009322467
2025-09-30,Bakersfield,Buffalo,Reefer,2471.3,5237.53,5094.994,142.53585937499975,2.721432800862234
2025-09-30,Los Angeles,Tampa,Reefer,2069.0,4514.51,4104.7188,409.7912500000002,9.077203284520362
2025-09-30,Philadelphia,Green Bay,Dry Van,970.6,1980.3,1945.7562,34.543774414062455,1.744370772815354
2025-09-30,Albuquerque,Oklahoma City,Reefer,803.6,1931.07,1802.4419,128.62810546874994,6.660975804541003
2025-09-30,Kansas City,Tucson,Reefer,1623.9,3707.12,3528.0774,179.0426074218749,4.829695489271319
2025-09-30,Lexington,Dallas,Dry Van,744.2,1650.2,1583.1989,67.00114746093755,4.060183460243458
2025-09-30,Oklahoma City,Indianapolis,Dry Van,860.4,1938.61,1830.7109,107.8990624999999,5.565795208938358
2025-10-01,Phoenix,Dayton,Dry Van,2211.8,4001.45,3953.7583,47.69169921874982,1.1918604310624854
2025-10-01,Nashville,Albany,Dry Van,1244.7,2466.25,2550.1313,83.88134765625,3.401169697161683
2025-10-01,Baton Rouge,Toledo,Reefer,1083.9,2526.28,2400.6729,125.6071484375002,4.972020062601936
2025-10-01,Houston,Nashville,Reefer,605.5,1518.22,1492.3303,25.889677734375027,1.7052652273303623
2025-10-01,Tulsa,Albany,Dry Van,1663.3,2999.76,2735.5544,264.2055566406252,8.807556492540243
2025-10-01,Nashville,Corpus Christi,Dry Van,780.4,1704.26,1655.8627,48.39732910156249,2.8397855433773307
2025-10-01,Lexington,Chattanooga,Reefer,216.5,605.83,632.4209,26.59089843749996,4.389168320733532
2025-10-01,Grand Rapids,Louisville,Dry Van,520.5,1176.88,1124.2438,52.63622558593761,4.472522736892258
2025-10-01,Mobile,Grand Rapids,Dry Van,987.8,1900.8,1925.1843,24.384326171875045,1.2828454425439313
2025-10-01,Atlanta,Philadelphia,Dry Van,945.3,1914.59,1845.3405,69.24954589843742,3.6169386604148888
2025-10-01,Greensboro,Fort Wayne,Reefer,479.1,1223.46,1223.0671,0.3928613281250364,0.03211068021226982
2025-10-01,Shreveport,Fort Wayne,Flatbed,857.4,1941.22,1902.7682,38.45181152343753,1.980806478577262
2025-10-01,Dayton,Baton Rouge,Reefer,917.8,2156.97,2143.8503,13.1196582031248,0.6082448157890374
2025-10-01,Jacksonville,Los Angeles,Dry Van,2203.9,4262.62,4202.7563,59.86365234374989,1.4043863244612442
2025-10-01,Amarillo,Tucson,Dry Van,639.4,1430.05,1408.6117,21.438305664062455,1.4991297971443276
2025-10-01,Fresno,Buffalo,Dry Van,2754.3,4744.55,4798.362,53.81181640624982,1.1341816696261988
2025-10-01,San Antonio,Kansas City,Dry Van,931.0,2022.34,1937.61,84.73001464843742,4.189701763721106
2025-10-01,St. Louis,El Paso,Flatbed,1373.6,2990.31,3045.796,55.485898437500055,1.855523288137352
2025-10-01,Kansas City,Fort Wayne,Reefer,399.8,982.16,953.8426,28.317409667968718,2.8831768416519425
2025-10-01,Fort Wayne,Buffalo,Reefer,415.8,1023.56,1016.9491,6.610903320312445,0.6458735511657788
2025-10-01,Shreveport,Syracuse,Reefer,1278.8,2873.9,2814.5947,59.30527343750009,2.0635816638539994
2025-10-01,Albuquerque,Buffalo,Flatbed,2049.6,4042.16,4125.476,83.31607421875015,2.0611770493684105
2025-10-01,Indianapolis,Dayton,Reefer,246.4,712.29,659.5712,52.718771972656214,7.401307328848674
2025-10-01,Grand Rapids,Philadelphia,Dry Van,884.2,1794.49,1750.5259,43.96412109375001,2.4499507433170433
2025-10-01,Reno,Boston,Flatbed,3014.7,5589.34,5572.4507,16.889316406250146,0.30217013826766925
2025-10-01,Hartford,Atlanta,Flatbed,998.5,2086.11,2100.9885,14.878525390624873,0.7132186409453418
2025-10-01,Raleigh,Richmond,Dry Van,242.5,579.08,550.0065,29.07353027343754,5.020641409379971
2025-10-01,Toledo,Harrisburg,Dry Van,449.7,974.24,971.549,2.690988769531259,0.2762141535485362
2025-10-01,Columbia,Chattanooga,Flatbed,282.2,755.24,810.2161,54.97612548828124,7.279292077787359
2025-10-01,Dayton,Baton Rouge,Flatbed,884.8,2004.9,1908.9028,95.99716796875009,4.788127486096568
2025-10-01,Nashville,Baltimore,Dry Van,1022.5,2015.6,1944.598,71.00197753906241,3.522622422061045
2025-10-01,Jacksonville,Charleston,Flatbed,378.6,906.83,918.01355,11.183549804687459,1.2332575901423044
2025-10-01,Richmond,Salt Lake City,Flatbed,2336.6,4627.89,4522.39,105.49986328125033,2.2796536495303545
2025-10-01,Philadelphia,Detroit,Dry Van,777.6,1500.39,1466.3279,34.0621191406251,2.2702176861099512
2025-10-01,Madison,Green Bay,Dry Van,277.8,628.71,615.85266,12.857338867187536,2.0450348916332706
2025-10-01,Green Bay,Greensboro,Reefer,764.2,1789.15,1722.4833,66.66672363281259,3.726167377403381
2025-10-01,Richmond,Fort Wayne,Dry Van,589.6,1184.39,1200.9569,16.5669091796874,1.3987714502560304
2025-10-01,Fort Wayne,Atlanta,Reefer,548.4,6477.13,1208.737,5268.392939453125,81.33838504790123
2025-10-01,Syracuse,Greensboro,Flatbed,684.8,1498.58,1419.3362,79.24381835937493,5.2879271283064595
2025-10-01,Oklahoma City,Austin,Reefer,244.7,757.75,742.2096,15.5404052734375,2.0508617978802377
2025-10-01,Memphis,Syracuse,Dry Van,993.2,2022.07,1977.1393,44.930717773437436,2.2220159427436954
2025-10-01,Milwaukee,Mobile,Dry Van,650.6,1372.49,1275.9812,96.50879882812501,7.031657704473257
2025-10-01,Baton Rouge,Montgomery,Dry Van,461.0,1000.3,1019.8243,19.524279785156295,1.9518424257878932
2025-10-01,Tulsa,Atlanta,Dry Van,562.0,1206.96,1186.4083,20.551674804687536,1.7027635385337987
2025-10-01,Lubbock,Tulsa,Dry Van,470.7,1133.3,1118.3389,14.961132812499955,1.3201387816553387
2025-10-01,Reno,Columbia,Flatbed,2273.8,4333.35,4227.916,105.43398437500036,2.433082589105435
2025-10-01,Los Angeles,San Antonio,Dry Van,1273.2,2647.58,2623.9749,23.605146484374927,0.8915744371983068
2025-10-01,Kansas City,Atlanta,Dry Van,495.9,1100.57,1027.3477,73.22234374999994,6.653129173973481
2025-10-01,Fort Wayne,Jacksonville,Flatbed,758.8,1733.31,1684.7133,48.596743164062445,2.8036960015267
2025-10-01,Los Angeles,Milwaukee,Reefer,2051.9,4360.08,4301.5386,58.54142578124993,1.3426686157421408
2025-10-01,Mobile,Corpus Christi,Dry Van,597.4,1310.24,1312.4803,2.240346679687491,0.17098750455546244
2025-10-01,Baltimore,Los Angeles,Dry Van,3035.7,5448.66,5389.883,58.777187499999854,1.0787457374840759
2025-10-01,Oklahoma City,San Antonio,Dry Van,210.1,572.62,594.7497,22.129694824218745,3.8646388222937977
2025-10-01,Harrisburg,Oklahoma City,Dry Van,1471.5,2839.21,2803.44,35.770058593750036,1.2598595593052306
2025-10-01,Nashville,Tulsa,Dry Van,463.4,1033.26,978.0039,55.25609374999999,5.347743428565897
2025-10-01,Mobile,Green Bay,Dry Van,1010.9,1986.82,1975.9841,10.835869140624936,0.5453875610586232
2025-10-01,Shreveport,Richmond,Reefer,1124.8,2400.85,2403.0525,2.202490234375091,0.09173793591332616
2025-10-01,Kansas City,Tampa,Dry Van,951.8,1936.07,1962.4895,26.419501953125064,1.3645943562539093
2025-10-01,Lexington,Providence,Dry Van,988.0,1929.23,1735.152,194.07802246093752,10.059869609167258
2025-10-01,Fresno,El Paso,Reefer,647.7,1483.98,1483.5266,0.4533886718750182,0.030552209050999216
2025-10-01,Green Bay,Fresno,Dry Van,2216.0,3829.84,3809.2097,20.630283203125146,0.5386721952646885
2025-10-01,Toledo,Columbia,Dry Van,605.9,1217.54,1242.3973,24.857338867187536,2.041603468238213
2025-10-01,Shreveport,Buffalo,Dry Van,1159.0,2360.65,2377.2764,16.62636718749991,0.7043130996759328
2025-10-01,Philadelphia,Cincinnati,Reefer,922.4,2088.6,2174.0789,85.47885742187509,4.0926389649466195
2025-10-01,Washington,San Francisco,Dry Van,2784.9,4778.86,4961.304,182.44419921875033,3.8177347572172096
2025-10-01,Indianapolis,Raleigh,Flatbed,803.1,1722.03,1610.0588,111.97116210937497,6.50227708630947
2025-10-01,Dayton,Raleigh,Flatbed,637.7,1412.16,1170.4417,241.71834960937508,17.116923692030298
2025-10-01,El Paso,Richmond,Reefer,2179.4,4500.92,4308.9883,191.93171875000007,4.26427749771158
2025-10-01,Shreveport,Boston,Dry Van,1553.5,3181.84,3100.6428,81.19717773437515,2.551893801522865
2025-10-01,Bakersfield,Austin,Dry Van,1203.3,2498.9,2455.7131,43.18686523437509,1.7282350327894311
2025-10-01,Phoenix,Baton Rouge,Dry Van,1635.8,3208.55,3111.482,97.06806640625018,3.0252938681413775
2025-10-01,Boston,El Paso,Dry Van,2628.8,4900.51,4878.248,22.26195312500022,0.45427829195329095
2025-10-01,El Paso,Mobile,Dry Van,1507.7,3028.96,2953.1501,75.80985351562504,2.502834422231559
2025-10-01,Mobile,Cincinnati,Dry Van,458.5,1008.48,1013.5527,5.072673339843732,0.5030018780584377
2025-10-01,Tucson,Albuquerque,Reefer,451.9,1170.12,1236.0771,65.95714843750011,5.63678498252317
2025-10-01,Amarillo,Memphis,Reefer,1005.8,2521.43,2367.992,153.43805664062484,6.085358571946271
2025-10-01,Grand Rapids,Milwaukee,Dry Van,358.0,835.03,855.1191,20.089079589843777,2.4057913595731626
2025-10-01,Phoenix,Syracuse,Flatbed,2633.9,4810.57,4652.7954,157.7745898437497,3.2797483425820584
2025-10-01,Grand Rapids,Syracuse,Reefer,562.6,1244.63,1231.7544,12.87560546875011,1.0344926177860174
2025-10-01,Chattanooga,Grand Rapids,Dry Van,678.9,1446.38,1074.1194,372.2606152343751,25.7374006301508
2025-10-01,Dayton,Indianapolis,Dry Van,244.1,563.96,572.3401,8.380087890624964,1.4859365718534938
2025-10-01,Albuquerque,Tucson,Dry Van,447.2,1023.4,999.2266,24.173376464843727,2.362065318042186
2025-10-01,Cincinnati,Harrisburg,Flatbed,607.5,1421.17,1349.8025,71.36750976562507,5.0217433358166215
2025-10-01,Baltimore,Greensboro,Dry Van,685.5,1397.01,1378.5126,18.49742675781249,1.3240726092019734
2025-10-01,Montgomery,Amarillo,Dry Van,1253.7,2477.14,2499.8958,22.755751953125127,0.9186300311296547
2025-10-01,Charleston,New York,Reefer,632.4,1490.25,1435.6168,54.6331787109375,3.666041181743835
2025-10-01,Tucson,Tulsa,Dry Van,1283.2,2459.43,2541.2532,81.82317382812516,3.3269161483809326
2025-10-01,Raleigh,Greensboro,Dry Van,359.6,789.03,845.3492,56.31918212890628,7.137774498929861
2025-10-01,Greensboro,Mobile,Dry Van,509.2,1164.68,1129.6636,35.016425781250064,3.0065276111249495
2025-10-01,Fresno,Harrisburg,Reefer,2731.3,5555.29,5045.779,509.51119140624996,9.171639849697314
2025-10-01,Tucson,Atlanta,Dry Van,1875.4,3533.64,3577.0059,43.36585937500013,1.227229128462439
2025-10-01,Indianapolis,Dayton,Dry Van,256.8,648.29,625.4146,22.875388183593714,3.528573351986567
2025-10-01,New Orleans,Hartford,Dry Van,1435.0,2853.94,2879.7764,25.836367187499945,0.9052876790507138
2025-10-01,Fresno,Lubbock,Dry Van,1431.7,2817.95,2809.42,8.530078124999818,0.30270509146719493
2025-10-01,Nashville,Kansas City,Flatbed,412.3,1002.17,965.01324,37.15675537109371,3.7076299800526566
2025-10-01,Columbia,Amarillo,Dry Van,1434.7,2898.42,2900.9836,2.5636425781249272,0.0884496580248869
2025-10-01,Buffalo,Jacksonville,Reefer,862.0,1968.55,1970.9528,2.4027587890625455,0.12205729034378326
2025-10-01,Montgomery,Tulsa,Dry Van,624.8,1398.29,1362.6469,35.643149414062464,2.549052729695733
2025-10-01,Detroit,Raleigh,Dry Van,790.4,1614.53,1586.6283,27.901704101562473,1.728162629468791
2025-10-01,Mobile,Lubbock,Dry Van,833.4,1793.3,1792.2229,1.0770996093749545,0.06006243290999579
2025-10-01,Phoenix,Charleston,Dry Van,2442.1,4537.86,4459.1167,78.74330078124967,1.7352518760219502
2025-10-01,Richmond,Memphis,Dry Van,824.1,1641.95,1671.5438,29.593823242187455,1.8023583691456777
2025-10-01,Shreveport,Syracuse,Flatbed,1259.6,2505.88,2633.123,127.24304687499989,5.077778938935619
2025-10-01,Corpus Christi,Harrisburg,Dry Van,1519.1,2902.34,2868.7996,33.540439453125146,1.1556344002813297
2025-10-01,Toledo,Fort Wayne,Reefer,104.7,311.26,346.6192,35.35920166015626,11.360021094954783
2025-10-01,Phoenix,Detroit,Dry Van,2267.7,4200.14,4122.003,78.13707031250033,1.8603444245310945
2025-10-01,Baton Rouge,Shreveport,Dry Van,176.0,517.66,549.7782,32.11819824218753,6.204496820729346
2025-10-01,Salt Lake City,Fort Wayne,Reefer,1837.0,3773.93,3854.741,80.81096679687516,2.14129479870785
2025-10-01,Atlanta,San Antonio,Reefer,933.6,2219.91,1965.4213,254.48873535156235,11.463921300933928
2025-10-01,Lubbock,Baton Rouge,Dry Van,538.3,1283.16,1260.397,22.763027343750082,1.7739819931848002
2025-10-01,Syracuse,Houston,Dry Van,1522.5,2877.77,2738.129,139.64109374999998,4.852406333723682
2025-10-01,Tulsa,Boston,Dry Van,1726.6,3332.2,3382.4326,50.23261718750018,1.5074910625862847
2025-10-01,New York,Tucson,Reefer,2615.5,5124.5,4789.408,335.091796875,6.539014477022148
2025-10-01,Green Bay,Bakersfield,Reefer,2004.8,4070.24,4089.1682,18.92821289062522,0.46503923332838404
2025-10-01,Memphis,Philadelphia,Reefer,1123.5,2458.0,2358.2488,99.751220703125,4.058227042437958
2025-10-01,Philadelphia,Nashville,Dry Van,1039.6,2010.76,2016.8848,6.124765625000009,0.30459953574767795
2025-10-01,Lexington,Phoenix,Dry Van,2254.2,4221.49,3401.8062,819.6838476562498,19.416932117717913
2025-10-01,Shreveport,Grand Rapids,Reefer,959.6,2113.04,2109.293,3.7470312499999636,0.17732893130276586
2025-10-01,Indianapolis,San Francisco,Flatbed,2164.4,4464.73,4389.044,75.68605468749956,1.695198918803591
2025-10-01,Lexington,San Francisco,Dry Van,2291.1,4310.7,4282.0474,28.652636718749818,0.6646864017154944
2025-10-01,Green Bay,Bakersfield,Reefer,2012.0,4298.29,4244.751,53.539023437499964,1.2455889071584272
2025-10-01,Charleston,Milwaukee,Dry Van,734.0,1487.21,1478.3998,8.810219726562536,0.5923991720444682
2025-10-01,Tucson,Phoenix,Dry Van,275.2,650.49,795.12537,144.6353662109375,22.23483315822495
2025-10-01,Amarillo,Phoenix,Dry Van,875.0,1730.09,1645.0342,85.05582031249992,4.9162656458623495
2025-10-01,Lexington,Fort Wayne,Dry Van,371.4,841.42,801.40466,40.01533691406246,4.755691202260757
2025-10-01,Jacksonville,Los Angeles,Dry Van,2261.5,4384.26,4311.5786,72.68138671875022,1.657780029440549
2025-10-01,Indianapolis,Mobile,Dry Van,561.1,1274.28,1195.0201,79.25985839843747,6.219971936971268
2025-10-01,San Antonio,Memphis,Dry Van,791.9,1749.18,1689.6462,59.533759765625064,3.4035239235313153
2025-10-01,El Paso,Louisville,Dry Van,1577.7,3134.93,3046.7375,88.19245117187484,2.8132191523215777
2025-10-01,Montgomery,Oklahoma City,Dry Van,855.9,1791.66,1849.79,58.13003906249992,3.244479368992996
2025-10-01,Greensboro,Harrisburg,Reefer,442.4,1098.12,1199.6962,101.57616699218761,9.250006100625399
2025-10-01,Charleston,Atlanta,Dry Van,445.9,977.98,1005.67896,27.698955078124982,2.832261915184869
2025-10-01,Nashville,Houston,Flatbed,583.0,1398.37,1428.7794,30.40941894531261,2.1746332476606773
2025-10-01,San Antonio,Albuquerque,Dry Van,912.2,1927.67,1898.8533,28.816728515625073,1.4948994649304639
2025-10-01,Providence,Milwaukee,Dry Van,1227.5,2331.68,2366.5046,34.824638671875164,1.4935427962617154
2025-10-01,Fort Wayne,Amarillo,Dry Van,1396.3,2846.07,2810.4504,35.619560546875164,1.2515349428114966
2025-10-01,Dayton,Charleston,Reefer,629.3,1458.78,1416.5256,42.25436523437497,2.896555014078543
2025-10-01,Richmond,Boston,Reefer,489.6,1157.74,1141.9425,15.797495117187509,1.3645114721083758
2025-10-01,Milwaukee,Jacksonville,Dry Van,660.7,1443.07,1409.4985,33.571464843749936,2.3263919867885785
2025-10-01,Cincinnati,Louisville,Dry Van,70.0,194.26,190.3686,3.8913934326171784,2.00318821817007
2025-10-01,Boston,Amarillo,Reefer,2337.0,5076.68,4072.1462,1004.5337597656253,19.7872184137197
2025-10-01,Toledo,Richmond,Dry Van,565.0,1140.24,1129.8944,10.345590820312509,0.9073169525987957
2025-10-01,Charleston,Syracuse,Reefer,733.9,1645.12,1598.4211,46.69885742187489,2.838629244181269
2025-10-01,Charleston,Lexington,Dry Van,407.9,921.92,952.7291,30.80912597656254,3.3418437583046843
2025-10-01,Atlanta,Grand Rapids,Dry Van,699.1,1498.47,1435.3326,63.13735839843753,4.213454950612126
2025-10-01,Shreveport,Lubbock,Reefer,594.4,1456.25,1423.4247,32.8253173828125,2.2540990477467813
2025-10-01,New York,Grand Rapids,Flatbed,801.6,1717.39,1565.9412,151.4488378906251,8.818546625438898
2025-10-01,Kansas City,Bakersfield,Dry Van,1732.8,3374.09,3368.053,6.0370214843751455,0.1789229535778579
2025-10-01,Charleston,Toledo,Dry Van,735.6,1509.89,1492.9983,16.8917089843751,1.1187377215807177
2025-10-01,Hartford,Philadelphia,Dry Van,70.0,203.0,230.61697,27.616973876953125,13.604420629040948
2025-10-01,Tulsa,San Antonio,Dry Van,414.8,1013.72,1021.2213,7.501313476562473,0.7399788379989023
2025-10-01,Lubbock,Syracuse,Flatbed,1869.1,3856.36,3847.2764,9.083632812500127,0.23554939923918222
2025-10-01,Savannah,Atlanta,Dry Van,320.9,767.51,690.3068,77.20317626953124,10.058914707239156
2025-10-01,Amarillo,Fresno,Reefer,1056.2,2447.96,2564.651,116.69087890624996,4.766862158950716
2025-10-01,Atlanta,Chattanooga,Reefer,84.4,280.13,302.27072,22.14072143554688,7.90373092333805
2025-10-01,Atlanta,Phoenix,Reefer,2083.1,13894.55,4358.824,9535.72578125,68.62925234174551
2025-10-01,Atlanta,Richmond,Dry Van,684.6,1456.68,1329.2566,127.42340820312506,8.747522324952978
2025-10-01,San Francisco,Amarillo,Dry Van,1194.6,2368.1,2404.9045,36.80454101562509,1.5541801873073389
2025-10-01,Baton Rouge,Detroit,Dry Van,1212.8,2279.69,2350.8198,71.12982421874995,3.120153363779722
2025-10-01,Albany,Tucson,Dry Van,2824.9,4949.49,4740.5527,208.93726562499978,4.221389792180604
2025-10-01,Bakersfield,New York,Reefer,2801.8,5510.91,4865.765,645.1448632812499,11.70668479944782
2025-10-01,Mobile,Birmingham,Dry Van,159.3,432.91,447.4261,14.516086425781225,3.3531418599203584
2025-10-02,Dayton,Baton Rouge,Reefer,914.5,2142.88,2105.4465,37.43346679687511,1.746876483838344
2025-10-02,Baton Rouge,Tampa,Reefer,444.9,1200.45,1153.7802,46.669848632812545,3.8876961666718763
2025-10-02,Chattanooga,Albuquerque,Dry Van,1468.5,2968.11,2934.5066,33.60340820312513,1.1321483436639856
2025-10-02,Tucson,Columbia,Dry Van,2027.3,3842.4,3732.5466,109.85336914062509,2.858977960145354
2025-10-02,Toledo,Montgomery,Flatbed,862.8,1843.79,1779.9604,63.829550781249964,3.4618666323849223
2025-10-02,Phoenix,Cincinnati,Dry Van,2060.5,3792.71,3751.8984,40.811562500000036,1.0760528092050283
2025-10-02,San Antonio,Richmond,Reefer,1622.8,3421.97,3371.2512,50.7187792968748,1.4821514886709937
2025-10-02,Fort Wayne,Charleston,Dry Van,689.3,1467.83,1394.0612,73.76884277343743,5.025707525628815
2025-10-02,Shreveport,Cincinnati,Dry Van,562.4,1236.69,1236.5469,0.14312500000005457,0.011573231771911682
2025-10-02,Chattanooga,Tucson,Dry Van,1776.6,3405.12,3454.562,49.44201171875011,1.4519902887049534
2025-10-02,Montgomery,Charleston,Dry Van,507.6,1143.93,1192.0929,48.162895507812436,4.210300936929046
2025-10-02,Syracuse,Greensboro,Dry Van,664.9,1378.93,1293.4474,85.48261230468756,6.199198821164784
2025-10-02,Fresno,Raleigh,Dry Van,2803.5,5012.79,4999.6133,13.176718749999964,0.2628619740703274
2025-10-02,Corpus Christi,Cincinnati,Reefer,937.3,2169.46,2243.0676,73.60762695312496,3.392900857961196
2025-10-02,El Paso,Hartford,Reefer,2554.1,5024.96,4784.1895,240.77054687500004,4.7914918103825705
2025-10-02,Tucson,Oklahoma City,Reefer,1005.7,2467.62,2419.6743,47.94568359374989,1.9429929889427826
2025-10-02,Buffalo,San Francisco,Dry Van,2738.2,4932.23,4665.168,267.06203124999956,5.414630527165189
2025-10-02,Baton Rouge,Harrisburg,Dry Van,1210.0,2347.61,2414.079,66.46910156249987,2.8313519520916963
2025-10-02,Bakersfield,Richmond,Flatbed,2586.0,4970.96,4921.743,49.216835937500036,0.9900871448875073
2025-10-02,Austin,Toledo,Dry Van,1440.3,2770.73,2763.5972,7.132832031250018,0.2574351175051347
2025-10-02,Mobile,Albany,Dry Van,1430.6,2802.12,2798.479,3.640996093749891,0.12993719375865026
2025-10-02,Boston,Mobile,Dry Van,1337.8,2727.55,2606.4263,121.12373046875018,4.440751974070142
2025-10-02,Columbia,El Paso,Flatbed,1754.5,3588.13,3535.2703,52.85973632812511,1.4731834222317783
2025-10-02,Phoenix,Oklahoma City,Dry Van,1214.9,2414.96,2462.3325,47.372519531249964,1.9616275023706382
2025-10-02,Nashville,El Paso,Reefer,1487.4,3168.66,3183.8674,15.207431640625146,0.47993257845982673
2025-10-02,Fort Wayne,Toledo,Reefer,92.6,274.24,248.19261,26.04738830566407,9.498026657549618
2025-10-02,Madison,Greensboro,Flatbed,648.8,1429.94,1349.2744,80.66558593750005,5.641186758710159
2025-10-02,Lexington,Baton Rouge,Dry Van,762.7,1729.78,1607.528,122.25204589843747,7.067491004546096
2025-10-02,Harrisburg,New York,Reefer,281.2,745.43,742.3021,3.12787597656245,0.41960693513307085
2025-10-02,Buffalo,San Francisco,Reefer,2831.4,5505.02,5157.415,347.60496093750044,6.314326940456174
2025-10-02,Atlanta,New Orleans,Flatbed,458.5,1142.27,1185.5157,43.24574707031252,3.7859478993856546
2025-10-02,Chattanooga,Lexington,Reefer,225.6,624.99,607.55426,17.43573974609376,2.789762995582931
2025-10-02,Philadelphia,Memphis,Flatbed,1114.2,2301.92,2371.8936,69.97355468749993,3.039790900096438
2025-10-02,Salt Lake City,Reno,Flatbed,532.7,1175.29,1206.3905,31.100502929687536,2.646198208926098
2025-10-02,Shreveport,Richmond,Dry Van,1122.3,2214.59,2257.1777,42.587734374999854,1.923052771619119
2025-10-02,Austin,Madison,Dry Van,1213.2,2592.64,2475.7808,116.85923828124987,4.507345342247666
2025-10-02,Milwaukee,Amarillo,Dry Van,1152.6,2287.12,2249.7847,37.33533203124989,1.6324168400105765
2025-10-02,Syracuse,Salt Lake City,Reefer,2391.8,4754.03,4952.1177,198.08767578125025,4.166731715644416
2025-10-02,Montgomery,Charleston,Dry Van,497.1,1140.26,1112.318,27.94200683593749,2.4504943465470586
2025-10-02,Dayton,Hartford,Dry Van,842.1,1672.88,1693.1284,20.24841796874989,1.2103927340125944
2025-10-02,Philadelphia,Shreveport,Flatbed,1356.3,2718.68,2724.865,6.184990234375164,0.22749975114302398
2025-10-02,Oklahoma City,Austin,Dry Van,233.9,611.62,592.8653,18.754704589843755,3.0663981867570964
2025-10-02,Fresno,Lubbock,Flatbed,1391.0,3094.08,3228.2483,134.16829101562507,4.336290303276743
2025-10-02,Greensboro,Amarillo,Dry Van,1475.3,2843.33,2833.3752,9.954755859374927,0.3501090573157153
2025-10-02,Grand Rapids,Boston,Flatbed,1096.9,2265.33,2584.8252,319.4951953125001,14.103693294685545
2025-10-02,Baton Rouge,Green Bay,Dry Van,1140.1,2393.81,2314.8992,78.91083007812495,3.296453355868885
2025-10-02,Memphis,Savannah,Dry Van,525.3,1174.22,1222.1476,47.92758300781247,4.0816527573889445
2025-10-02,Austin,Salt Lake City,Dry Van,1030.0,2169.9,2180.4573,10.557275390624909,0.48653280753144884
2025-10-02,Raleigh,New Orleans,Dry Van,1039.7,2168.46,2108.9236,59.536416015625036,2.7455621047021865
2025-10-02,El Paso,Fort Wayne,Flatbed,1697.5,3535.11,3779.6956,244.58555664062487,6.918753776844988
2025-10-02,Los Angeles,Austin,Dry Van,1211.5,2482.49,2494.6553,12.165273437500218,0.4900432000733223
2025-10-02,Syracuse,Tampa,Dry Van,1323.2,2530.95,2586.7668,55.81684570312518,2.20537133104665
2025-10-02,Washington,Milwaukee,Dry Van,732.4,1481.8,1403.094,78.70600585937495,5.311513420122483
2025-10-02,Dallas,Oklahoma City,Reefer,291.3,836.03,860.5091,24.479094238281277,2.9280162480151763
2025-10-02,Mobile,Oklahoma City,Flatbed,721.1,1721.74,1667.5347,54.20533203125001,3.1482878966191183
2025-10-02,Tampa,Syracuse,Dry Van,1329.0,2529.85,2471.396,58.45400390624991,2.3105719274364054
2025-10-02,Fresno,Jacksonville,Dry Van,2414.8,4621.92,4617.5835,4.336503906250073,0.09382472881940995
2025-10-02,Cincinnati,Lexington,Reefer,128.1,386.18,392.44498,6.264976806640618,1.6222944757990105
2025-10-02,Greensboro,Albuquerque,Flatbed,1750.6,3633.54,3611.2986,22.241416015624964,0.6121142471425928
2025-10-02,Baltimore,El Paso,Dry Van,2445.4,4333.71,4288.817,44.893105468750036,1.0359046975628279
2025-10-02,Nashville,Hartford,Dry Van,1100.8,2038.03,2072.3054,34.27541992187503,1.6817917264159523
2025-10-02,Phoenix,Tulsa,Dry Van,1509.4,2825.29,2862.5554,37.265419921875036,1.3189945075328562
2025-10-02,San Francisco,Bakersfield,Flatbed,389.0,974.77,941.7783,32.99167968749998,3.3845604283574566
2025-10-02,Shreveport,Lubbock,Reefer,585.9,1557.11,1547.4486,9.6613916015624,0.6204694338590337
2025-10-02,Detroit,Raleigh,Flatbed,769.4,1673.46,1619.1616,54.298378906250036,3.24467742917369
2025-10-02,Grand Rapids,Detroit,Flatbed,137.9,378.74,394.70578,15.965780029296866,4.215498766778493
2025-10-02,Lexington,Providence,Dry Van,1018.0,2084.23,1840.9674,243.26259277343752,11.671581004660595
2025-10-02,Lexington,Fort Wayne,Reefer,354.1,901.41,892.0916,9.318386230468718,1.0337566956733026
2025-10-02,Albuquerque,Chattanooga,Flatbed,1471.9,3087.75,3140.4287,52.6787109375,1.7060549247024535
2025-10-02,Atlanta,Toledo,Dry Van,605.0,1262.04,1215.9338,46.106162109374964,3.653304341334265
2025-10-02,St. Louis,Charleston,Reefer,764.0,1740.07,1644.9502,95.11980468749994,5.466435527737387
2025-10-02,Buffalo,Bakersfield,Dry Van,2545.4,4425.69,3805.3926,620.2974218749996,14.015835313250582
2025-10-02,Charleston,Albany,Dry Van,956.5,1948.49,1905.4835,43.00647949218751,2.207169628388522
2025-10-02,Kansas City,San Antonio,Dry Van,920.3,1985.82,1921.9082,63.911796874999936,3.218408359015416
2025-10-02,Providence,Dallas,Dry Van,1735.4,3312.03,3136.9404,175.0895703125002,5.286472958049902
2025-10-02,Lexington,Lubbock,Dry Van,1187.0,11696.44,2368.627,9327.813046875,79.74916339394721
2025-10-02,Baton Rouge,New Orleans,Dry Van,180.2,487.55,488.51154,0.9615356445312386,0.19721785345733536
2025-10-02,Green Bay,Grand Rapids,Dry Van,119.5,321.82,336.54077,14.720771484375007,4.574225183138092
2025-10-02,Cincinnati,Greensboro,Reefer,307.1,779.12,802.76447,23.644465332031245,3.0347655472881256
2025-10-02,Green Bay,Milwaukee,Dry Van,423.5,946.74,935.0506,11.689401855468759,1.2347003248482962
2025-10-02,Nashville,Mobile,Reefer,293.5,825.3,875.6299,50.329882812500045,6.0983742654186415
2025-10-02,Las Vegas,Richmond,Flatbed,2559.4,4936.62,4965.3,28.67980468750011,0.5809603471099681
2025-10-02,New York,Shreveport,Dry Van,1366.8,2706.68,2661.6328,45.047187499999836,1.664296758390347
2025-10-02,Greensboro,Fort Wayne,Flatbed,467.1,1096.8,1115.3768,18.576831054687545,1.6937300378088573
2025-10-02,Providence,Amarillo,Dry Van,2294.0,4472.5,4324.17,148.330078125,3.3164914058133035
2025-10-02,Bakersfield,Albany,Dry Van,2976.3,4946.27,4869.3267,76.94333984375044,1.5555830927901313
2025-10-02,Toledo,Green Bay,Dry Van,286.6,667.99,679.6855,11.695485839843741,1.750847443800617
2025-10-02,Montgomery,Shreveport,Dry Van,443.7,1024.78,1049.0635,24.283476562500027,2.3696282677745493
2025-10-02,Albuquerque,Philadelphia,Flatbed,2317.3,4743.82,4542.3594,201.4606249999997,4.246801628223662
2025-10-02,Albuquerque,Grand Rapids,Dry Van,1572.5,2930.65,2927.3655,3.284521484375091,0.1120748463438176
2025-10-02,Harrisburg,Fresno,Dry Van,2661.4,4983.92,5028.055,44.13517578124993,0.8855514490852567
2025-10-02,Buffalo,Boston,Dry Van,593.6,1229.98,1295.2288,65.24875976562498,5.304863474660156
2025-10-02,Syracuse,Philadelphia,Flatbed,396.8,890.15,886.882,3.2679809570312273,0.3671269962400974
2025-10-02,Lexington,Lubbock,Dry Van,1170.4,2371.63,2373.7283,2.098271484374891,0.08847381271003027
2025-10-02,Kansas City,Tampa,Dry Van,943.7,1904.66,1884.8309,19.829067382812582,1.0410817354705082
2025-10-02,Chattanooga,Corpus Christi,Dry Van,807.2,1706.76,1648.0886,58.67137695312499,3.4375880002534034
2025-10-02,Baton Rouge,Boston,Dry Van,1671.0,3242.19,3137.3416,104.84844726562505,3.233877325684955
2025-10-02,El Paso,Hartford,Reefer,2499.4,5196.65,4578.6313,618.0186523437496,11.892635685369415
2025-10-02,Dallas,Green Bay,Dry Van,1118.4,2278.96,2481.3933,202.43331054687496,8.882705731863435
2025-10-02,Columbia,Baltimore,Dry Van,735.0,1485.65,1442.9427,42.70725097656259,2.8746508919706923
2025-10-02,Nashville,Harrisburg,Dry Van,736.5,1545.59,1501.9255,43.66446289062492,2.82509998710039
2025-10-02,Los Angeles,Lexington,Flatbed,2148.9,4135.86,4276.292,140.43199218750033,3.3954725785568263
2025-10-02,Richmond,Albany,Flatbed,600.3,1399.65,1321.4509,78.19907226562509,5.587044780168263
2025-10-02,Bakersfield,Lexington,Dry Van,2114.8,3762.94,3801.9204,38.980410156249945,1.0359030480488645
2025-10-02,Washington,Amarillo,Reefer,1847.0,3797.45,3938.0098,140.55976562500018,3.7014250516794216
2025-10-02,Buffalo,Jacksonville,Reefer,879.1,1869.49,1822.5356,46.95435546875001,2.5116130853200613
2025-10-02,Mobile,El Paso,Flatbed,1519.2,3241.54,3249.2363,7.696328125000036,0.23742813986562056
2025-10-02,Austin,Houston,Dry Van,366.1,912.12,905.14545,6.9745532226562545,0.764653030594248
2025-10-02,Lexington,Albany,Reefer,1016.7,2326.48,2282.0483,44.43166015625002,1.9098234309450335
2025-10-02,Richmond,Dayton,Flatbed,611.1,1397.82,1343.3049,54.515068359374936,3.9000063212269778
2025-10-02,Philadelphia,Lubbock,Dry Van,1989.3,3790.2,3684.27,105.92998046874982,2.794838807153971
2025-10-02,Los Angeles,Salt Lake City,Dry Van,590.5,1211.06,1261.0907,50.030698242187555,4.131149426303201
2025-10-02,Savannah,Indianapolis,Dry Van,588.5,1251.72,1233.916,17.803984375000027,1.4223615804652818
2025-10-02,Columbia,Phoenix,Dry Van,2269.9,4337.3,4304.8965,32.40351562500018,0.7470895632075296
2025-10-02,Tampa,Nashville,Reefer,579.8,1470.73,1443.2747,27.455341796875018,1.8667832842788965
2025-10-02,Dayton,Charleston,Reefer,592.0,1414.03,1393.3875,20.642548828124973,1.459838110091368
2025-10-02,Tampa,Lexington,Dry Van,739.0,1606.91,1576.6006,30.309414062500082,1.886192385541199
2025-10-02,Cincinnati,Oklahoma City,Reefer,906.6,2215.28,2155.3735,59.9064648437502,2.704238960481302
2025-10-02,Chattanooga,Charleston,Dry Van,535.1,1135.72,1137.2526,1.5325634765624727,0.13494201709598075
2025-10-02,Memphis,Richmond,Flatbed,881.8,2038.06,1967.8129,70.24713378906245,3.4467647561437076
2025-10-02,Dayton,El Paso,Reefer,1680.4,3407.25,3427.991,20.740966796875,0.6087304071281826
2025-10-02,Charleston,Los Angeles,Reefer,2645.4,5158.13,4927.681,230.4488476562501,4.467682040899514
2025-10-02,Memphis,Harrisburg,Dry Van,808.4,1608.58,1594.3354,14.244550781249927,0.8855357384307854
2025-10-02,Phoenix,Lexington,Dry Van,2147.8,3888.18,3946.3467,58.166679687500164,1.4959873176524792
2025-10-02,Lexington,Columbia,Flatbed,224.7,614.52,620.3845,5.864521484375018,0.9543255686348725
2025-10-02,New York,Detroit,Dry Van,704.9,574.1,1427.2688,853.168798828125,148.609789031201
2025-10-02,Amarillo,Baton Rouge,Dry Van,843.1,1888.11,1860.7374,27.3725732421874,1.4497340325609949
2025-10-02,San Francisco,Tucson,Reefer,690.9,1595.86,1753.8749,158.0148779296876,9.901550131570916
2025-10-02,Austin,Jacksonville,Dry Van,1099.9,2339.89,2339.5027,0.38731445312487267,0.016552677823524726
2025-10-02,Austin,Boston,Reefer,2131.9,4530.09,4434.058,96.03189453125015,2.119867254982796
2025-10-02,Lexington,Memphis,Dry Van,341.7,822.57,886.6509,64.08087890624995,7.7903253104598935
2025-10-02,Lexington,Los Angeles,Flatbed,2261.5,4517.4,4460.8994,56.500585937499636,1.250732411066092
2025-10-02,Tampa,Milwaukee,Flatbed,930.4,1992.02,1964.6741,27.345927734374982,1.3727737539971978
2025-10-02,Grand Rapids,Atlanta,Dry Van,714.0,1401.38,1395.2711,6.108881835937609,0.43591901097044405
2025-10-02,New Orleans,Harrisburg,Dry Van,1084.2,2099.72,2107.7417,8.0216992187502,0.3820366152987161
2025-10-02,Cincinnati,Raleigh,Dry Van,645.0,1326.06,1317.3848,8.675234374999945,0.6542113007707001
2025-10-02,Phoenix,New York,Dry Van,2969.9,5179.39,5008.2144,171.17564453125033,3.304938313802404
2025-10-02,Little Rock,El Paso,Dry Van,1235.0,2440.48,2522.299,81.81907226562498,3.3525811424648015
2025-10-02,El Paso,Providence,Flatbed,2702.1,5393.16,5174.2324,218.92757812499985,4.059356260986135
2025-10-02,Baltimore,Baton Rouge,Dry Van,1434.7,2941.66,2929.1616,12.498378906249854,0.42487503335701116
2025-10-02,Columbia,Louisville,Dry Van,379.8,907.34,848.35626,58.98373779296878,6.500731566223111
2025-10-02,Little Rock,Montgomery,Dry Van,469.0,1115.99,1114.393,1.597055664062509,0.14310662855962053
2025-10-02,San Antonio,Nashville,Reefer,858.8,2066.62,2038.7024,27.91760742187489,1.3508824758240456
2025-10-02,Oklahoma City,Nashville,Reefer,773.0,1850.9,1949.8895,98.98952636718741,5.348183390090626
2025-10-02,Cincinnati,Atlanta,Dry Van,204.9,544.03,526.842,17.188020019531223,3.1593882726193816
2025-10-02,Toledo,Albuquerque,Reefer,1638.1,3455.38,2575.3127,880.0672558593751,25.469478200932315
2025-10-02,Milwaukee,El Paso,Reefer,1503.5,3247.42,3351.8696,104.44962890624993,3.2163880528619617
2025-10-02,Milwaukee,Houston,Reefer,853.8,2055.14,2054.9736,0.16636718749987267,0.008095175389504982
2025-10-02,Philadelphia,Boston,Dry Van,232.6,561.81,563.95184,2.1418432617188046,0.3812397895585349
2025-10-02,Fort Wayne,Savannah,Reefer,645.9,1530.92,1452.0336,78.88643066406257,5.152877398169895
2025-10-02,Corpus Christi,Bakersfield,Reefer,1489.8,3338.08,3259.3135,78.76652343749993,2.35963558205615
2025-10-02,Hartford,Oklahoma City,Reefer,1782.6,3912.89,4122.923,210.03285156250013,5.367716740376043
2025-10-02,Syracuse,San Francisco,Dry Van,2867.3,5059.84,4942.797,117.04312500000015,2.313178381134584
2025-10-02,Cincinnati,Reno,Dry Van,1980.6,3626.2,3630.1848,3.984814453125182,0.10988953872166957
2025-10-03,Montgomery,Lubbock,Flatbed,973.8,2208.66,2157.8171,50.842861328124854,2.3019777298508988
2025-10-03,Detroit,Charleston,Reefer,819.4,1870.73,1892.5675,21.837504882812482,1.1673253159361576
2025-10-03,Albany,Hartford,Flatbed,379.9,884.41,821.3364,63.07357421874997,7.1317120135174825
2025-10-03,Harrisburg,Little Rock,Flatbed,978.6,2283.48,2205.9548,77.52516601562502,3.395044669347882
2025-10-03,Indianapolis,Green Bay,Flatbed,494.7,1149.7,1129.6183,20.081713867187545,1.7466916471416496
2025-10-03,Atlanta,Albany,Dry Van,1197.0,2383.72,2374.7522,8.9678027343748,0.37621040786563864
2025-10-03,Hartford,Albuquerque,Dry Van,2353.8,4527.45,4534.4287,6.978710937500182,0.15414219787077013
2025-10-03,Phoenix,El Paso,Flatbed,532.0,1279.64,1252.3568,27.2831884765626,2.132098752505595
2025-10-03,Shreveport,Jacksonville,Dry Van,563.1,1207.78,1211.2756,3.4956347656250273,0.28942644899112646
2025-10-03,Hartford,Albuquerque,Dry Van,2360.4,4573.2,4533.884,39.31621093749982,0.8597089770292098
2025-10-03,Milwaukee,Reno,Reefer,1835.9,3926.18,3853.3367,72.84333007812484,1.8553232423914552
2025-10-03,San Antonio,Tampa,Reefer,819.9,2107.89,2087.929,19.961044921874873,0.9469680543991799
2025-10-03,Nashville,Philadelphia,Dry Van,1015.3,2069.38,2021.3707,48.00927246093761,2.3199833989377305
2025-10-03,New Orleans,Bakersfield,Flatbed,1635.3,3639.69,3250.213,389.47710937500005,10.700831921812023
2025-10-03,Bakersfield,Lexington,Flatbed,2079.3,4325.53,4152.1846,173.34542968749975,4.007495721622547
2025-10-03,Birmingham,Montgomery,Dry Van,199.2,541.62,574.1429,32.522883300781245,6.004741940988376
2025-10-03,Hartford,Albany,Dry Van,381.6,864.05,838.0472,26.002819824218705,3.0094114720466068
2025-10-03,Tampa,Mobile,Dry Van,307.7,789.67,783.0147,6.655290527343709,0.842793892049047
2025-10-03,Memphis,Bakersfield,Dry Van,1858.7,3694.25,3630.6003,63.649658203125,1.7229385721898898
2025-10-03,Toledo,Albuquerque,Dry Van,1653.9,3102.58,2942.3306,160.24943359374993,5.165037923075309
2025-10-03,Dayton,San Antonio,Reefer,1200.6,2760.6,2756.6284,3.971582031249909,0.14386662432985253
2025-10-03,Washington,Fort Wayne,Reefer,568.2,1347.45,1299.5813,47.868701171875045,3.552540069900556
2025-10-03,Jacksonville,Toledo,Dry Van,843.9,1703.91,1693.9429,9.967128906250082,0.5849563008756379
2025-10-03,Milwaukee,Buffalo,Dry Van,636.2,1365.42,1339.9182,25.501787109375073,1.8676881186283394
2025-10-03,El Paso,Baton Rouge,Dry Van,1227.9,2648.98,2583.4324,65.54762695312502,2.474447785680715
2025-10-03,Savannah,Boston,Flatbed,955.3,2110.12,2141.4185,31.29845703125011,1.4832548400683427
2025-10-03,Memphis,Grand Rapids,Reefer,686.8,1536.64,1519.079,17.5610205078126,1.142819431214377
2025-10-03,Columbia,Indianapolis,Dry Van,494.1,1116.63,1096.6298,20.00023925781261,1.791125015252376
2025-10-03,Tucson,Tampa,Dry Van,1880.5,3806.59,3675.2593,131.33072265625015,3.4500884691088385
2025-10-03,San Antonio,Atlanta,Dry Van,958.2,2122.53,1991.6713,130.8587353515627,6.165224300790221
2025-10-03,Charleston,Milwaukee,Dry Van,717.3,1531.3,1452.1957,79.10432128906245,5.165827812255108
2025-10-03,Kansas City,Providence,Dry Van,1363.9,2744.43,2732.77,11.659980468749836,0.42485982403449296
2025-10-03,Charleston,Reno,Dry Van,2512.7,4490.45,4387.604,102.84599609374982,2.290327163062718
2025-10-03,Hartford,Raleigh,Flatbed,497.6,1104.16,1121.7617,17.601718749999918,1.5941275494493474
2025-10-03,Montgomery,Houston,Flatbed,608.4,1433.36,1474.0952,40.7352148437501,2.8419388600037747
2025-10-03,Columbia,Philadelphia,Dry Van,776.9,1645.35,1636.7563,8.593652343749909,0.5222993493025745
2025-10-03,Lubbock,Los Angeles,Reefer,1192.5,2662.01,2188.0713,473.9387109375002,17.803791531117472
2025-10-03,San Antonio,Grand Rapids,Flatbed,1374.7,2864.16,2652.2046,211.95541015624985,7.400264306332392
2025-10-03,Grand Rapids,Milwaukee,Dry Van,352.4,815.37,810.261,5.1090136718750045,0.6265883797386468
2025-10-03,Baton Rouge,Providence,Flatbed,1701.7,3618.39,3374.9036,243.48643554687487,6.729137421529323
2025-10-03,Dallas,Greensboro,Dry Van,853.4,1740.91,1752.6536,11.743564453124918,0.6745647077175108
2025-10-03,Little Rock,Grand Rapids,Reefer,842.0,1969.27,1895.1959,74.07407714843748,3.761499294075342
2025-10-03,Nashville,Philadelphia,Dry Van,1038.6,2147.08,2105.2024,41.87760742187493,1.950444670057703
2025-10-03,Bakersfield,Memphis,Flatbed,1731.6,3819.43,3707.504,111.92609374999984,2.9304397187538416
2025-10-03,Amarillo,Syracuse,Reefer,1910.1,4201.07,4167.553,33.51677734374971,0.7978152552504413
2025-10-03,Kansas City,Reno,Reefer,1678.9,3590.52,3442.9058,147.61423828124998,4.111221725021723
2025-10-03,Lexington,Lubbock,Dry Van,1160.4,2398.53,2354.3853,44.1447460937502,1.8404917217524983
2025-10-03,Columbia,Syracuse,Reefer,764.2,1711.77,1624.9902,86.77976562499998,5.069592621964398
2025-10-03,Atlanta,Montgomery,Dry Van,305.5,774.59,744.6899,29.900119628906282,3.860122081217971
2025-10-03,Fresno,Syracuse,Reefer,2766.0,5521.8,5241.2026,280.5973632812502,5.081628513913039
2025-10-03,Albuquerque,Greensboro,Reefer,1771.2,3646.15,3677.7913,31.64125976562491,0.867799179014163
2025-10-03,Richmond,Memphis,Reefer,868.3,2132.15,2018.4807,113.66928710937509,5.331204986017639
2025-10-03,Philadelphia,Albuquerque,Flatbed,2312.2,4849.98,4563.3315,286.64845703124956,5.910301836940556
2025-10-03,Austin,Oklahoma City,Dry Van,240.5,620.43,614.8093,5.62067382812495,0.9059319871903276
2025-10-03,Chattanooga,Milwaukee,Reefer,365.5,1011.24,1090.2505,79.01048828124999,7.8132281437888125
2025-10-03,Philadelphia,Lexington,Dry Van,808.0,1629.83,1596.6992,33.13078124999993,2.0327752741083382
2025-10-03,Jacksonville,San Francisco,Dry Van,2505.2,4652.93,4520.7983,132.1316601562503,2.8397517296896857
2025-10-03,Memphis,Toledo,Dry Van,615.0,1385.93,1246.8372,139.09284179687506,10.036065443195188
2025-10-03,Madison,Baltimore,Dry Van,1104.3,2201.44,2099.6577,101.78228515625005,4.62344125464469
2025-10-03,Cincinnati,Bakersfield,Flatbed,1955.1,4040.38,4014.5583,25.82165039062511,0.6390896497513875
2025-10-03,Baton Rouge,Nashville,Dry Van,507.9,1176.24,1153.1504,23.08960937500001,1.9630015451778555
2025-10-03,Las Vegas,Bakersfield,Dry Van,111.7,323.69,363.66312,39.97311645507813,12.349197211862624
2025-10-03,Phoenix,Boston,Dry Van,3147.1,5465.63,5580.4077,114.77771484374989,2.0999905746226855
2025-10-03,San Antonio,New York,Dry Van,1804.0,3633.88,3545.0605,88.81945312500011,2.4442043525102672
2025-10-03,Albuquerque,Hartford,Dry Van,2291.5,4131.55,4140.264,8.714160156249818,0.2109174560697515
2025-10-03,Greensboro,Tulsa,Dry Van,860.4,1913.02,1823.8873,89.13267089843748,4.659264978852154
2025-10-03,Cincinnati,Fresno,Dry Van,2242.9,4305.39,4424.083,118.69300781249967,2.756846831820106
2025-10-03,Detroit,Montgomery,Dry Van,1000.5,2020.28,2073.9749,53.69485351562503,2.657792658226831
2025-10-03,Nashville,Shreveport,Dry Van,359.6,920.36,885.6449,34.715102539062514,3.7719047480401704
2025-10-03,Columbia,Bakersfield,Reefer,2260.6,4962.26,4884.1655,78.09447265625022,1.5737682559206938
2025-10-03,Lexington,Fresno,Dry Van,2291.3,4484.17,4796.9434,312.7733593749999,6.975055793491325
2025-10-03,New York,Montgomery,Dry Van,1085.2,2279.97,2238.33,41.6399218749998,1.8263363936806098
2025-10-03,Greensboro,Lubbock,Dry Van,1276.7,2676.0,2654.7385,21.261474609375,0.7945244622337444
2025-10-03,Hartford,Baton Rouge,Flatbed,1561.9,3216.36,3087.319,129.04090820312513,4.01201694471779
2025-10-03,Tulsa,Hartford,Dry Van,1537.0,2925.73,2787.0237,138.70631835937502,4.740913151909951
2025-10-03,Phoenix,Toledo,Reefer,2303.4,5231.69,4798.9385,432.7515234374996,8.271734820631567
2025-10-03,Milwaukee,Bakersfield,Dry Van,1893.0,17514.11,3664.4067,13849.70326171875,79.0774025155646
2025-10-03,Oklahoma City,Dayton,Dry Van,1066.7,2131.74,2158.1816,26.44164062500022,1.2403783118485472
2025-10-03,Albuquerque,Reno,Dry Van,676.7,1419.12,1370.3368,48.78320800781239,3.437567507174333
2025-10-03,New York,Columbia,Dry Van,760.2,1590.91,1513.0474,77.86263671875008,4.8942200827671005
2025-10-03,San Antonio,El Paso,Reefer,885.6,2135.05,2076.6729,58.37714843750018,2.734228633404378
2025-10-03,Fort Wayne,Tucson,Dry Van,1995.2,3795.8,3633.6702,162.12983398437518,4.271295484071215
2025-10-03,Mobile,Memphis,Dry Van,325.7,841.39,934.12494,92.73493896484376,11.02163550373118
2025-10-03,Amarillo,Baton Rouge,Dry Van,863.5,1881.14,1849.4706,31.6694189453126,1.6835227014104532
2025-10-03,Kansas City,Albany,Dry Van,1274.1,2584.5,2505.2534,79.24658203125,3.0662248802959957
2025-10-03,Phoenix,Tampa,Dry Van,2111.2,3867.37,3820.2102,47.15979492187489,1.219428058910187
2025-10-03,Dallas,Dayton,Flatbed,868.7,1992.33,2016.1719,23.841875000000073,1.196683029417821
2025-10-03,New York,Houston,Dry Van,1510.0,2854.85,2810.1355,44.71450195312491,1.5662644956171046
2025-10-03,Atlanta,Memphis,Dry Van,257.5,634.0,605.39685,28.6031494140625,4.511537762470426
2025-10-03,Shreveport,San Francisco,Reefer,1985.3,4305.52,4113.165,192.35496093750044,4.467635986768158
2025-10-03,Kansas City,Cincinnati,Flatbed,343.0,896.64,883.5841,13.055893554687486,1.4560909121484082
2025-10-03,Richmond,Buffalo,Dry Van,339.5,750.47,665.3222,85.14779541015628,11.3459292723435
2025-10-03,Green Bay,Houston,Dry Van,1204.9,2426.3,2497.4893,71.18925781249982,2.9340665957424807
2025-10-03,Toledo,Bakersfield,Dry Van,2173.9,3888.25,3753.7063,134.543701171875,3.4602636448755866
2025-10-03,Baltimore,Cincinnati,Dry Van,922.6,2007.17,1923.9375,83.23250000000007,4.146758869453014
2025-10-03,Reno,Louisville,Dry Van,1992.9,3858.38,3795.1877,63.19225585937511,1.6377924377426565
2025-10-03,Jacksonville,Savannah,Dry Van,218.0,620.2,711.6288,91.42878417968745,14.741822666831256
2025-10-03,Albany,Los Angeles,Dry Van,3296.4,5909.05,5406.411,502.6388671875002,8.506255103400719
2025-10-03,Baltimore,Tucson,Dry Van,2736.2,4774.43,4764.911,9.518867187500291,0.19937180328332996
2025-10-03,Buffalo,Indianapolis,Reefer,686.0,1693.26,1640.1335,53.12645507812499,3.137524956481875
2025-10-03,Lubbock,Louisville,Dry Van,1019.9,2056.32,2063.926,7.606025390624836,0.3698852994973951
2025-10-03,Fresno,Bakersfield,Dry Van,228.3,602.77,605.2592,2.489216308593768,0.412962872836035
2025-10-03,Tampa,Montgomery,Dry Van,267.3,649.32,662.9517,13.6317211914062,2.099384154408643
2025-10-03,Birmingham,San Francisco,Flatbed,2253.6,4603.49,4371.195,232.29517578124978,5.046066696815889
2025-10-03,Jacksonville,Oklahoma City,Dry Van,970.5,2092.92,2208.8118,115.89176757812493,5.53732429228661
2025-10-03,Houston,Montgomery,Reefer,622.8,1619.31,1523.706,95.60394531249995,5.903992769296796
2025-10-03,Mobile,Fort Wayne,Reefer,813.8,1988.15,1947.3553,40.79465332031259,2.0518901149466884
2025-10-03,Kansas City,Columbia,Dry Van,638.3,1403.26,1349.7787,53.48131347656249,3.81121912379477
2025-10-03,Raleigh,Tampa,Dry Van,864.1,1748.97,1703.2555,45.71450683593753,2.61379593909201
2025-10-03,Mobile,Indianapolis,Flatbed,542.4,1277.48,1259.0431,18.436909179687518,1.4432248786429156
2025-10-03,Nashville,Lexington,Dry Van,274.3,678.25,673.538,4.71197509765625,0.694725410638592
2025-10-03,Toledo,Mobile,Dry Van,835.5,1704.81,1687.6272,17.182802734374945,1.0079013341296066
2025-10-03,Milwaukee,Savannah,Flatbed,644.1,1501.24,1399.9368,101.30323242187501,6.747970505840173
2025-10-03,Tulsa,Bakersfield,Flatbed,1497.0,3245.38,2939.316,306.0640820312501,9.430762561895682
2025-10-03,Reno,Little Rock,Flatbed,1783.4,3858.97,3802.0327,56.9372851562498,1.4754529098762055
2025-10-03,Fresno,Tulsa,Dry Van,1675.9,3163.93,3031.311,132.61896484374984,4.191589726819172
2025-10-03,El Paso,Greensboro,Reefer,1815.5,4077.19,4160.6772,83.48724609374995,2.047666311693837
2025-10-03,Grand Rapids,Hartford,Reefer,907.8,2037.82,2012.4011,25.418876953124936,1.2473563392804536
2025-10-03,Reno,San Antonio,Reefer,1604.3,3653.22,3406.5603,246.6596972656248,6.7518435042407745
2025-10-03,Mobile,Los Angeles,Reefer,2013.9,4179.42,4216.132,36.71183593749993,0.8783954696465042
2025-10-03,Nashville,Fresno,Dry Van,2118.1,4155.33,4124.0557,31.274335937499927,0.7526318231644642
2025-10-03,Toledo,Greensboro,Reefer,484.7,1141.76,1118.7152,23.04479003906249,2.018356750898831
2025-10-03,Columbia,Cincinnati,Dry Van,313.5,729.41,604.59955,124.81045166015622,17.1111517061949
2025-10-03,Hartford,Atlanta,Dry Van,1010.5,2059.41,2063.2832,3.8732031250001455,0.1880734348672749
2025-10-03,Jacksonville,Kansas City,Dry Van,757.1,1550.98,1503.026,47.95399902343752,3.09185154053808
2025-10-03,Louisville,Kansas City,Reefer,314.3,846.72,825.20715,21.512846679687527,2.5407273572949176
2025-10-03,Bakersfield,Greensboro,Dry Van,2231.9,4391.59,4414.834,23.243984374999854,0.5292840264004575
2025-10-03,San Francisco,Raleigh,Reefer,2900.8,6011.56,6192.8657,181.3057226562496,3.0159513114108414
2025-10-03,Indianapolis,Louisville,Dry Van,127.8,360.5,348.52264,11.97735595703125,3.322428836901872
2025-10-03,Tucson,Dayton,Dry Van,1952.6,3719.42,3644.595,74.82502929687507,2.0117391769919792
2025-10-03,Raleigh,Lexington,Dry Van,533.1,1138.44,1126.763,11.677060546875055,1.025707156009544
2025-10-03,Lexington,Houston,Dry Van,826.3,1815.62,1781.9454,33.67456542968739,1.8547143912100217
2025-10-03,Shreveport,Los Angeles,Dry Van,1714.7,3392.57,3438.2517,45.681708984374836,1.3465222231044558
2025-10-03,El Paso,Lubbock,Flatbed,814.1,2040.58,1841.2476,199.33244140624993,9.76842081203628
2025-10-03,San Antonio,Savannah,Dry Van,1129.1,2373.1,2375.1057,2.005712890625091,0.08451868402617213
2025-10-03,Atlanta,Phoenix,Dry Van,2040.6,3871.02,3770.6455,100.37449218749998,2.5929727097121686
2025-10-03,Nashville,Green Bay,Reefer,740.1,1782.45,1833.5028,51.052807617187455,2.8641929713140595
2025-10-03,Salt Lake City,Columbia,Dry Van,2025.3,4020.29,3794.261,226.02901367187496,5.622206698319648
2025-10-03,Harrisburg,Grand Rapids,Flatbed,592.0,1312.03,1289.3597,22.670258789062473,1.7278765568670287
2025-10-03,Baton Rouge,Raleigh,Dry Van,1105.1,2342.27,2324.3914,17.878642578124982,0.7633040844191739
2025-10-03,Tucson,Kansas City,Dry Van,1565.9,3220.84,3072.332,148.50796875000015,4.610845889581604
2025-10-03,Austin,Bakersfield,Flatbed,1213.8,2734.86,2635.0981,99.76185546875013,3.6477865583156035
2025-10-03,Salt Lake City,Syracuse,Dry Van,2292.4,4300.69,4319.437,18.7470117187504,0.43590706883663793
2025-10-03,Indianapolis,Phoenix,Reefer,1921.8,4309.19,4209.987,99.2031835937496,2.3021306462177256
2025-10-03,Lubbock,Lexington,Reefer,1176.4,2768.84,2687.315,81.52505859375015,2.9443759333782427
2025-10-03,Providence,Reno,Dry Van,3096.5,5421.97,5362.2686,59.701445312500255,1.1011024648328975
2025-10-03,Chattanooga,Phoenix,Dry Van,2071.7,4008.9,3893.244,115.65610351562509,2.884983499604008
2025-10-03,Fort Wayne,Memphis,Dry Van,534.0,1170.72,1157.5549,13.165068359375027,1.1245275009716267
2025-10-03,Philadelphia,Tucson,Flatbed,2696.2,5165.38,5089.413,75.96691406250011,1.4706936191045017
2025-10-03,Tucson,Bakersfield,Reefer,321.3,903.02,841.5882,61.43180419921873,6.802928417888722
2025-10-03,Oklahoma City,Nashville,Dry Van,784.4,1652.81,1606.6332,46.176821289062445,2.793837240158424
2025-10-03,Los Angeles,Fresno,Dry Van,439.7,953.94,972.7532,18.813173828124945,1.9721548344890605
2025-10-03,Columbia,Hartford,Flatbed,826.0,1842.01,1822.8851,19.12486816406249,1.0382608218230351
2025-10-03,Shreveport,Oklahoma City,Dry Van,448.4,1055.81,1028.886,26.924013671874945,2.5500813282574466
2025-10-03,Chattanooga,Albany,Dry Van,1234.9,2471.27,2394.4395,76.83054687499998,3.1089499275676062
2025-10-03,Grand Rapids,Baton Rouge,Reefer,1123.5,2713.34,2363.7832,349.55679687500015,12.882896978447231
2025-10-03,Lexington,Tulsa,Dry Van,728.8,1681.52,1560.3153,121.20469238281248,7.208043459656293
2025-10-03,San Francisco,Lubbock,Dry Van,1562.4,3102.36,3011.6008,90.75916992187513,2.925488013056999
2025-10-03,Grand Rapids,Jacksonville,Dry Van,953.6,1954.35,1895.4031,58.94692382812491,3.016190745164628
2025-10-03,Boston,Fort Wayne,Dry Van,988.9,2099.59,1960.9106,138.67935546875015,6.605068392817176
2025-10-03,Hartford,Tucson,Reefer,2866.1,6260.64,5654.861,605.7791601562503,9.675994150058944
2025-10-03,San Antonio,Bakersfield,Dry Van,1306.6,2574.34,2531.3503,42.989658203125146,1.6699293101581432
2025-10-03,Jacksonville,Hartford,Dry Van,1047.1,2164.69,2128.307,36.383115234375055,1.6807540679901072
2025-10-03,Fort Wayne,Lexington,Flatbed,355.5,920.52,873.40265,47.11735107421873,5.118558105659707
2025-10-03,New York,Cincinnati,Reefer,855.6,1923.65,1830.8926,92.75742187500009,4.821948996698988
2025-10-03,Toledo,Montgomery,Flatbed,872.7,1990.73,1919.9773,70.75270507812502,3.554108547021696
2025-10-03,Dayton,Montgomery,Flatbed,709.9,1664.69,1533.015,131.67498535156255,7.909880239057275
2025-10-03,Nashville,Tulsa,Dry Van,488.3,1137.99,1085.31,52.67994140625001,4.6292095190862845
2025-10-03,Milwaukee,Savannah,Flatbed,645.1,1504.21,1388.9829,115.22708984375004,7.66030606389733
2025-10-03,Amarillo,Tucson,Dry Van,656.0,1469.29,1416.1154,53.174643554687464,3.6190706773126795
2025-10-03,Milwaukee,Little Rock,Dry Van,505.5,1151.86,1101.7242,50.1357568359374,4.352591186076207
2025-10-03,Atlanta,Dallas,Dry Van,629.3,1411.05,1359.2887,51.761303710937455,3.6682827476657422
2025-10-03,Baton Rouge,Baltimore,Dry Van,1424.8,2798.24,2803.4412,5.201162109375218,0.18587262384124373
2025-10-03,El Paso,Richmond,Dry Van,2232.1,4336.33,4343.6,7.270097656250073,0.16765554411795397
2025-10-03,Albany,Salt Lake City,Dry Van,2653.0,4743.68,4593.807,149.8728710937503,3.159422032973352
2025-10-03,Philadelphia,Amarillo,Dry Van,2114.2,3959.56,3891.4878,68.07220703124995,1.719186147734848
2025-10-03,Oklahoma City,Little Rock,Reefer,509.0,1369.01,1314.6216,54.38841796874999,3.972828391958422
2025-10-04,Lubbock,Buffalo,Dry Van,1629.0,3116.04,3092.2622,23.777792968749964,0.76307727014897
2025-10-04,Amarillo,Hartford,Reefer,2173.0,4712.14,4431.7705,280.3694921875003,5.9499397765664925
2025-10-04,Milwaukee,Baltimore,Dry Van,985.2,8236.26,1860.795,6375.464956054688,77.4072814123727
2025-10-04,Raleigh,Kansas City,Flatbed,937.3,2107.24,2116.405,9.165029296875218,0.4349304918697072
2025-10-04,Richmond,Grand Rapids,Reefer,723.3,1636.11,1581.3197,54.7902978515624,3.3488150461498556
2025-10-04,Lexington,Bakersfield,Reefer,2077.2,4496.97,4261.1445,235.82546875000025,5.2440969975339
2025-10-04,Amarillo,Shreveport,Dry Van,829.0,1760.84,1723.413,37.42703613281242,2.1255216903757534
2025-10-04,Jacksonville,Atlanta,Dry Van,283.1,714.11,751.2321,37.122116699218736,5.1983751381746135
2025-10-04,St. Louis,Tucson,Reefer,1705.1,3624.75,3740.4202,115.670166015625,3.191121208790262
2025-10-04,Phoenix,Columbia,Reefer,2303.3,4847.61,4620.121,227.48890624999967,4.692805449489536
2025-10-04,Kansas City,Cincinnati,Dry Van,351.9,820.92,778.0954,42.82460205078121,5.216659607608684
2025-10-04,Cincinnati,Madison,Flatbed,428.0,993.82,927.09814,66.72185546875005,6.713676064956435
2025-10-04,Green Bay,Bakersfield,Dry Van,2008.5,3708.06,3573.3088,134.75116210937495,3.6340070578516785
2025-10-04,Baton Rouge,Green Bay,Dry Van,1140.5,2419.17,2304.862,114.30793945312507,4.7250891608743935
2025-10-04,Cincinnati,Los Angeles,Flatbed,2044.1,4046.09,3857.5625,188.52750000000015,4.659498429347843
2025-10-04,San Francisco,Syracuse,Dry Van,2883.7,4938.57,4840.753,97.81707031249971,1.9806759914813339
2025-10-04,Reno,Mobile,Flatbed,2037.8,4076.29,4079.1753,2.8852929687500364,0.07078232826295569
2025-10-04,Oklahoma City,Grand Rapids,Reefer,1248.7,2792.04,2691.0952,100.94478515624996,3.6154491037467213
2025-10-04,Las Vegas,Lexington,Dry Van,2073.0,4024.07,3833.5056,190.56438476562516,4.735613067506906
2025-10-04,Corpus Christi,Syracuse,Dry Van,1669.4,3412.66,3081.099,331.56087890624985,9.715614180910196
2025-10-04,Mobile,Dayton,Dry Van,684.3,1506.16,1411.7454,94.41463867187508,6.26856633238667
2025-10-04,Montgomery,Albany,Dry Van,1397.7,2798.93,2830.505,31.574882812500164,1.1281054836133868
2025-10-04,Reno,Mobile,Flatbed,1993.5,4036.53,3917.145,119.3849804687502,2.957614100941903
2025-10-04,Albany,Dayton,Dry Van,940.6,1861.61,1784.0143,77.5957177734374,4.168204821280365
2025-10-04,Grand Rapids,Chattanooga,Dry Van,662.7,1419.09,1328.4146,90.67544921874992,6.389689816625438
2025-10-04,Lexington,Richmond,Flatbed,560.8,1329.77,1363.2439,33.47389648437502,2.5172696394395286
2025-10-04,Grand Rapids,Philadelphia,Dry Van,886.2,1776.12,1736.0645,40.05554687499989,2.2552275113730995
2025-10-04,Raleigh,Montgomery,Flatbed,694.1,1577.96,1473.565,104.39505859375004,6.61582413963282
2025-10-04,Albuquerque,Harrisburg,Reefer,2046.0,4340.8,4134.9004,205.89960937500018,4.7433562793724695
2025-10-04,Austin,Buffalo,Reefer,1686.4,3787.11,3660.3645,126.74549804687513,3.3467604069296932
2025-10-04,Houston,Reno,Dry Van,1708.9,3276.76,3257.4019,19.35814453125022,0.5907708996463036
2025-10-04,Baton Rouge,Reno,Dry Van,1789.5,3482.73,3451.2417,31.488300781250018,0.9041269573366302
2025-10-04,Fort Wayne,Providence,Flatbed,1061.1,2257.75,2237.7983,19.95166015625,0.8836966075185473
2025-10-04,Milwaukee,Los Angeles,Flatbed,2071.4,1274.95,4195.494,2920.544140625,229.07126872622453
2025-10-04,Charleston,Green Bay,Flatbed,936.6,2050.65,1965.9858,84.66416015625009,4.1286499478823835
2025-10-04,Grand Rapids,Green Bay,Dry Van,122.1,328.91,309.51038,19.399624023437525,5.898155733616346
2025-10-04,Raleigh,Reno,Flatbed,2712.1,5235.99,4926.572,309.4182226562498,5.909450221567456
2025-10-04,Grand Rapids,Hartford,Dry Van,890.2,1666.27,1607.887,58.38303710937498,3.503816134802582
2025-10-04,Madison,Grand Rapids,Dry Van,269.9,620.95,523.99066,96.9593383789063,15.61467724919982
2025-10-04,Savannah,Houston,Reefer,893.4,2192.5,2123.7732,68.726806640625,3.134632001852908
2025-10-04,Memphis,Dallas,Reefer,468.7,1227.83,1162.4478,65.38224609374993,5.32502431881856
2025-10-04,Mobile,Madison,Flatbed,807.3,1880.52,1849.5782,30.941752929687482,1.6453828159066364
2025-10-04,Charleston,Amarillo,Dry Van,1624.9,3260.47,3228.544,31.9260546874998,0.9791856599661952
2025-10-04,Indianapolis,Savannah,Dry Van,596.5,1327.19,1335.692,8.502016601562445,0.6406028226224162
2025-10-04,Dallas,Syracuse,Reefer,1445.5,3302.07,3440.1873,138.11725585937484,4.1827476661419905
2025-10-04,Nashville,Little Rock,Reefer,290.1,823.97,852.9105,28.940522460937473,3.5123272037741025
2025-10-04,San Antonio,Fresno,Dry Van,1491.4,3109.53,2982.6685,126.8615429687502,4.079765847853219
2025-10-04,Atlanta,Nashville,Flatbed,153.4,459.09,454.1404,4.94958862304685,1.07813034983268
2025-10-04,Bakersfield,Dallas,Dry Van,1515.7,2945.56,2810.8916,134.66839843749995,4.571911569871262
2025-10-04,New Orleans,San Antonio,Flatbed,507.9,1314.59,1325.0571,10.467128906250082,0.7962276379897979
2025-10-04,New York,Greensboro,Flatbed,693.1,548.16,1392.5985,844.4385107421875,154.04964075127475
2025-10-04,Austin,San Antonio,Flatbed,114.4,367.01,336.3792,30.63078857421874,8.346036504242047
2025-10-04,Philadelphia,Memphis,Reefer,1108.6,2476.11,2470.9858,5.124160156250127,0.20694396275812169
2025-10-04,Toledo,Atlanta,Dry Van,587.1,1283.4,1222.605,60.79501953125009,4.737028169802874
2025-10-04,Albany,San Antonio,Flatbed,2123.6,4203.77,4042.9084,160.86155273437544,3.8266021388985467
2025-10-04,Fresno,El Paso,Dry Van,665.6,1475.54,1462.7296,12.810385742187464,0.8681828850581796
2025-10-04,Indianapolis,Toledo,Reefer,397.0,1033.03,1029.135,3.8949902343749727,0.3770452198266239
2025-10-04,Nashville,Oklahoma City,Dry Van,748.7,1697.51,1646.8121,50.69786621093749,2.9866019175697045
2025-10-04,Jacksonville,Baton Rouge,Dry Van,585.1,1321.52,1284.7411,36.77891113281248,2.7830763917922154
2025-10-04,Grand Rapids,Memphis,Reefer,650.5,1474.42,1425.4026,49.01741210937507,3.3245216498267163
2025-10-04,Milwaukee,Oklahoma City,Dry Van,889.0,1832.33,1764.9545,67.37553222656243,3.6770413750013606
2025-10-04,Charleston,Memphis,Reefer,661.2,1604.25,1591.1862,13.0638427734375,0.8143271169354838
2025-10-04,St. Louis,Tulsa,Dry Van,519.4,1206.42,1133.0756,73.34443847656257,6.0795111550341145
2025-10-04,Austin,Lubbock,Flatbed,70.0,236.92,204.44849,32.47151367187499,13.70568701328507
2025-10-04,New York,Austin,Reefer,1943.2,785.33,4094.9844,3309.654375,421.4348585944762
2025-10-04,Jacksonville,Lexington,Dry Van,436.6,1021.77,1045.8529,24.082905273437518,2.3569790925000262
2025-10-04,San Antonio,Charleston,Dry Van,1398.2,2768.1,2702.8474,65.25258789062491,2.3573060182300103
2025-10-04,Boston,Richmond,Flatbed,496.5,1208.93,1183.0594,25.870551757812564,2.1399544851904215
2025-10-04,Philadelphia,Tucson,Flatbed,2641.3,5280.63,5018.7017,261.9283398437501,4.960172173466994
2025-10-04,San Antonio,Indianapolis,Dry Van,985.1,2130.66,2050.5188,80.14120117187485,3.7613322243753045
2025-10-04,Toledo,Atlanta,Dry Van,599.7,1231.13,1196.5804,34.54955566406261,2.8063287925777622
2025-10-04,Baton Rouge,Phoenix,Reefer,1650.6,3788.94,3284.8186,504.12139648437505,13.305077316726447
2025-10-04,Nashville,Grand Rapids,Flatbed,661.9,1530.87,1441.0195,89.85046874999989,5.869242244606002
2025-10-04,Oklahoma City,Grand Rapids,Flatbed,1202.8,2663.29,2694.9492,31.659218750000036,1.1887259273304835
2025-10-04,Houston,Richmond,Dry Van,1354.6,2579.7,2571.3726,8.327441406249818,0.32280658240298554
2025-10-04,Atlanta,Fort Wayne,Reefer,540.1,1324.87,1291.8855,32.98450195312489,2.489640640449621
2025-10-04,Los Angeles,Dallas,Reefer,1540.0,3270.72,3239.0483,31.6716601562498,0.9683390860804288
2025-10-04,Providence,Phoenix,Reefer,3143.8,6619.87,6497.387,122.48279296874989,1.8502295810756086
2025-10-04,Jacksonville,Atlanta,Dry Van,264.1,659.64,607.33057,52.309433593749986,7.929997209652233
2025-10-04,Fresno,Columbia,Reefer,2425.1,5192.29,5107.2217,85.06832031249996,1.6383584182027577
2025-10-04,Tulsa,Washington,Reefer,1231.7,2769.33,2827.1501,57.82014648437507,2.087874918640071
2025-10-04,San Antonio,Tucson,Dry Van,1052.4,2299.67,2240.86,58.80989257812507,2.557318770872563
2025-10-04,Tucson,Las Vegas,Dry Van,254.3,628.7,625.3337,3.3663208007812955,0.5354415143599961
2025-10-04,Shreveport,Cincinnati,Dry Van,529.6,1229.26,1208.4458,20.81419921874999,1.693230009822982
2025-10-04,El Paso,Hartford,Reefer,2578.6,5479.97,5063.551,416.41921875000025,7.598932453097375
2025-10-04,Madison,Los Angeles,Dry Van,2031.1,3853.49,3560.3928,293.0971777343748,7.60601890064266
2025-10-04,Reno,Toledo,Dry Van,2117.6,8592.93,3551.8203,5041.1096875,58.66578323691686
2025-10-04,Nashville,Fort Wayne,Flatbed,516.9,1252.52,1210.6215,41.89854003906248,3.345139402090384
2025-10-04,Baton Rouge,Tulsa,Flatbed,298.9,878.24,927.0061,48.76610351562499,5.552708088406926
2025-10-04,Shreveport,Nashville,Dry Van,385.6,1000.57,956.1597,44.4102709960938,4.438497156230328
2025-10-04,Raleigh,Lexington,Dry Van,525.2,1173.39,1132.3793,41.0107275390626,3.4950636650271947
2025-10-04,San Francisco,Providence,Dry Van,3228.2,5555.83,5375.558,180.27189453124993,3.2447338117121998
2025-10-04,Washington,Mobile,Dry Van,935.5,1938.54,1872.807,65.73299316406246,3.390850493880057
2025-10-04,Baltimore,Washington,Dry Van,296.7,729.62,671.60645,58.013554687500005,7.951201267440585
2025-10-04,Bakersfield,Cincinnati,Dry Van,1977.2,3909.68,3565.9978,343.68219726562484,8.790545447853146
2025-10-04,Cincinnati,Nashville,Flatbed,189.0,544.04,564.4537,20.413674316406286,3.75223776126871
2025-10-04,Austin,San Antonio,Dry Van,111.0,311.38,286.88962,24.49038208007812,7.865110822813964
2025-10-04,Boston,Montgomery,Dry Van,1306.2,2523.73,2453.7212,70.00880859375002,2.7740213332547463
2025-10-04,Hartford,Reno,Reefer,2899.8,5601.89,5375.2812,226.60875000000033,4.045219559827135
2025-10-04,Baltimore,Boston,Dry Van,245.7,584.56,534.6945,49.865480957031195,8.530429888639524
2025-10-04,Lexington,Baltimore,Reefer,826.0,1977.98,1892.2091,85.77089355468752,4.33628719980422
2025-10-04,Mobile,Fort Wayne,Dry Van,815.0,1708.09,1720.8674,12.777431640625082,0.7480537700370052
2025-10-04,Boston,Jacksonville,Reefer,1166.9,2682.14,3136.8298,454.6898339843751,16.95250188224236
2025-10-04,Mobile,Baton Rouge,Dry Van,332.8,850.3,823.64575,26.654248046874955,3.134687527563796
2025-10-04,Lubbock,Shreveport,Dry Van,559.0,1297.39,1210.0115,87.3785253906251,6.734946730792213
2025-10-04,New York,Bakersfield,Dry Van,2748.5,4845.69,4676.935,168.7549414062496,3.4825781551492074
2025-10-04,Dallas,Hartford,Reefer,1603.8,3598.91,3429.538,169.37191406249985,4.706200323500723
2025-10-04,New York,El Paso,Dry Van,2405.0,4429.13,4307.928,121.20177734375011,2.736469178907598
2025-10-04,Cincinnati,Nashville,Dry Van,201.0,533.64,526.02057,7.619431152343736,1.4278223432171007
2025-10-04,Houston,Providence,Reefer,1800.5,3891.84,3676.7004,215.13956054687515,5.527965192476442
2025-10-04,Fort Wayne,Baton Rouge,Reefer,1026.7,2290.3,2271.32,18.979931640625182,0.8287094110214898
2025-10-04,Chattanooga,Memphis,Flatbed,166.0,475.85,464.2069,11.643090820312523,2.44679853321688
2025-10-04,Phoenix,Chattanooga,Dry Van,1970.2,3865.88,3657.7014,208.1785839843751,5.385024470091547
2025-10-04,Savannah,Boston,Flatbed,956.6,2070.69,2071.0396,0.34955078124994543,0.016880884210091582
2025-10-04,Montgomery,Fort Wayne,Dry Van,803.2,1756.9,1682.1414,74.75864257812509,4.2551450041621655
2025-10-04,Fresno,Tampa,Dry Van,2317.4,4610.23,4166.4204,443.80958984374956,9.626625783176753
2025-10-04,Mobile,Tucson,Dry Van,1749.8,3297.05,3194.1287,102.92133789062518,3.121618959088433
2025-10-04,Albany,Houston,Dry Van,1932.5,3828.19,3582.4731,245.71685546875005,6.4186170349107545
2025-10-04,Memphis,Nashville,Reefer,114.5,382.8,347.5176,35.282391357421886,9.21692564195974
2025-10-04,El Paso,Harrisburg,Dry Van,2108.4,3873.89,3656.7385,217.15147460937487,5.60551473091324
2025-10-04,Syracuse,Hartford,Reefer,393.7,966.85,923.9314,42.91860351562502,4.439013654199206
2025-10-04,Raleigh,Chattanooga,Dry Van,660.5,1479.39,1424.2107,55.1793066406251,3.7298688405778795
2025-10-04,Syracuse,Raleigh,Dry Van,612.3,1312.59,1235.7722,76.81778320312492,5.852382175936501
2025-10-04,Cincinnati,Savannah,Reefer,418.6,1058.82,1034.3871,24.432915039062436,2.3075607788918266
2025-10-04,Albany,Amarillo,Flatbed,2256.1,4554.3,4389.701,164.59882812500018,3.614141100169075
2025-10-04,Chattanooga,Los Angeles,Dry Van,2090.0,3893.45,3712.7703,180.67973632812482,4.640607592960609
2025-10-04,Buffalo,Baton Rouge,Reefer,1260.3,2911.9,2799.8743,112.02573242187509,3.847169628829118
2025-10-04,Atlanta,Memphis,Flatbed,238.1,666.14,664.25934,1.8806616210937364,0.2823222777634936
2025-10-04,Corpus Christi,Salt Lake City,Dry Van,1296.3,2671.78,2587.69,84.0900585937502,3.1473421686572323
2025-10-04,Raleigh,Oklahoma City,Flatbed,1416.4,3207.15,3120.7864,86.36362304687509,2.6928463915587075
2025-10-04,Albany,Mobile,Reefer,1511.2,3377.25,3255.0286,122.221435546875,3.6189632259049525
2025-10-04,New York,Corpus Christi,Reefer,1746.9,3892.47,3771.5989,120.8711230468748,3.1052550962981043
2025-10-04,Harrisburg,Fresno,Dry Van,2757.0,5122.83,5140.3633,17.533281250000073,0.3422577218061125
2025-10-04,Indianapolis,Richmond,Dry Van,769.2,1527.39,1355.1527,172.2372900390626,11.276575729778418
2025-10-04,St. Louis,Richmond,Dry Van,865.0,1810.92,1723.1794,87.74055664062507,4.845081872232074
2025-10-04,Shreveport,Lexington,Dry Van,603.7,1358.72,1275.9075,82.81252929687503,6.094892935768593
2025-10-04,Louisville,Baton Rouge,Dry Van,670.1,1445.2,1393.5776,51.622363281250045,3.571987495242876
2025-10-04,Corpus Christi,Phoenix,Dry Van,1428.4,2882.24,2874.978,7.261972656249782,0.25195586267104
2025-10-04,Greensboro,San Francisco,Reefer,2514.7,5443.87,5269.299,174.5711718749999,3.206747623932972
2025-10-04,Columbia,Houston,Dry Van,880.6,1859.45,1841.9655,17.484545898437545,0.9403073972646506
2025-10-04,Philadelphia,Cincinnati,Flatbed,906.1,2008.07,1980.1921,27.877861328124936,1.388291310966497
2025-10-04,Washington,Las Vegas,Dry Van,2568.1,4695.78,4690.8926,4.887421874999745,0.10408115105477143
2025-10-04,Harrisburg,Reno,Dry Van,2499.3,4291.14,4338.9907,47.85072265624967,1.1151051388733453
2025-10-04,Salt Lake City,Amarillo,Dry Van,596.0,1321.48,1289.1869,32.29311035156252,2.4437078390564
2025-10-04,Harrisburg,Kansas City,Flatbed,806.7,1832.78,1870.5068,37.72683593750003,2.0584486920143186
2025-10-04,Houston,Harrisburg,Reefer,1307.4,2841.05,2984.2053,143.15532226562482,5.03881741840604
2025-10-04,Richmond,Columbia,Dry Van,517.0,1171.18,1110.1626,61.017402343750064,5.209908156197174
2025-10-04,Salt Lake City,Lexington,Flatbed,1822.1,3781.63,3773.5781,8.05187500000011,0.21292075110468525
2025-10-04,San Antonio,Oklahoma City,Flatbed,202.7,589.08,564.2307,24.84928710937504,4.218321299208093
2025-10-04,Albuquerque,Little Rock,Dry Van,1168.8,2476.4,2440.9656,35.43442382812509,1.4308845028317352
2025-10-04,Kansas City,Milwaukee,Dry Van,169.3,454.21,477.7734,23.563406982421895,5.187778116382708
2025-10-04,Columbia,Lexington,Dry Van,231.2,608.66,569.96814,38.69186035156247,6.35689224715974
2025-10-04,Greensboro,Shreveport,Dry Van,704.5,1589.78,1501.543,88.23703124999997,5.550266782196277
2025-10-05,Cincinnati,Lexington,Dry Van,137.7,362.84,364.2811,1.4410974121094,0.39717159412121045
2025-10-05,San Antonio,El Paso,Reefer,886.5,2190.49,2099.0288,91.46119140624978,4.175375893350337
2025-10-05,Little Rock,Albany,Dry Van,1490.2,2930.08,2868.7012,61.37882812499993,2.0947833548913315
2025-10-05,Fresno,Lexington,Reefer,2278.4,4821.17,4761.6987,59.47126953125007,1.2335443373963182
2025-10-05,Hartford,El Paso,Dry Van,2513.2,4297.75,4217.5435,80.20654296875,1.8662449646617416
2025-10-05,San Antonio,Madison,Dry Van,1137.7,2227.95,2208.363,19.586962890624818,0.8791473278406077
2025-10-05,San Antonio,Kansas City,Flatbed,957.8,2175.85,2098.6343,77.21572265624991,3.548761295872873
2025-10-05,Phoenix,St. Louis,Flatbed,1933.0,3724.48,3766.382,41.90208007812498,1.1250451090655602
2025-10-05,Lubbock,Nashville,Flatbed,886.1,2032.14,1997.0033,35.1367041015626,1.7290493815171493
2025-10-05,Syracuse,Cincinnati,Dry Van,781.8,1539.19,1529.6699,9.520078125000055,0.618512212592341
2025-10-05,Indianapolis,Phoenix,Reefer,1887.5,4145.69,4091.0684,54.6216406249996,1.3175524611102039
2025-10-05,Memphis,Providence,Reefer,1329.6,3099.4,3246.8567,147.4566894531249,4.7575882252411725
2025-10-05,Lubbock,Lexington,Flatbed,1143.4,2437.21,2438.5994,1.3893652343749636,0.05700638165668792
2025-10-05,Philadelphia,Tucson,Reefer,2703.5,5540.6,5360.6016,179.99843750000036,3.2487174223008406
2025-10-05,Oklahoma City,Richmond,Reefer,1513.4,3262.76,3167.8767,94.88329101562522,2.9080683536522827
2025-10-05,Greensboro,Indianapolis,Flatbed,459.1,1125.42,1136.3368,10.916791992187427,0.9700193698519155
2025-10-05,Milwaukee,Las Vegas,Reefer,1858.0,3858.91,3845.6875,13.222499999999854,0.3426485717469403
2025-10-05,Nashville,Atlanta,Flatbed,159.5,439.04,459.89648,20.85648437499998,4.750474757425287
2025-10-05,Bakersfield,Lexington,Dry Van,2077.1,4057.63,3642.631,414.9988964843751,10.227618005692364
2025-10-05,Oklahoma City,Fort Wayne,Dry Van,1142.1,2331.03,2210.7651,120.2648632812502,5.159301393858088
2025-10-05,Milwaukee,Boston,Dry Van,1167.6,2384.15,2332.8284,51.32163085937509,2.1526175307499567
2025-10-05,Hartford,Buffalo,Reefer,455.2,1122.82,1094.4426,28.377373046874936,2.5273305647276443
2025-10-05,Philadelphia,Grand Rapids,Dry Van,883.1,1729.91,1662.9431,66.96688476562508,3.871119582268735
2025-10-05,Harrisburg,Charleston,Reefer,479.2,1118.16,1089.476,28.684047851562582,2.565290106206856
2025-10-05,Mobile,Chattanooga,Reefer,314.3,868.53,1115.6154,247.08535644531253,28.44868414969115
2025-10-05,Chattanooga,Nashville,Flatbed,80.8,263.56,234.76529,28.794710693359377,10.92529621086636
2025-10-05,Kansas City,Houston,Dry Van,751.0,1633.97,1565.0247,68.94534179687503,4.219498631974579
2025-10-05,San Francisco,Indianapolis,Flatbed,2093.1,4178.31,4134.6357,43.6742578125004,1.045261309297309
2025-10-05,Oklahoma City,El Paso,Reefer,816.3,2094.64,2021.0873,73.55271972656237,3.5114730801742726
2025-10-05,Fresno,Toledo,Dry Van,2363.0,4177.17,4142.362,34.80818359375007,0.8332958341113738
2025-10-05,Atlanta,Columbia,Flatbed,225.0,646.74,675.2756,28.53557373046874,4.412217232654349
2025-10-05,Richmond,Raleigh,Flatbed,230.3,632.92,589.37665,43.54335205078121,6.879756059341025
2025-10-05,Philadelphia,Greensboro,Reefer,703.2,1652.34,1651.0188,1.3212011718749181,0.07995940132629593
2025-10-05,Bakersfield,Hartford,Dry Van,2922.8,5079.21,4957.0327,122.17728515625004,2.4054387425652815
2025-10-05,Fresno,Providence,Flatbed,3310.6,6152.73,5783.1523,369.57765624999956,6.006726384060402
2025-10-05,Dallas,Syracuse,Dry Van,1389.2,2785.51,2724.6284,60.88158203125022,2.1856529695190545
2025-10-05,Tampa,Fresno,Flatbed,2275.0,4402.88,3756.7046,646.1754101562501,14.676198537235857
2025-10-05,Los Angeles,Raleigh,Flatbed,2794.3,5433.87,5445.959,12.08898437500011,0.22247467044666341
2025-10-05,Grand Rapids,Greensboro,Dry Van,663.6,1429.58,1217.0049,212.57511718749993,14.869760152457362
2025-10-05,St. Louis,Las Vegas,Dry Van,1734.3,3352.17,3281.4705,70.69954101562507,2.1090678878345988
2025-10-05,Lubbock,Raleigh,Dry Van,1572.4,3063.16,2972.6394,90.52059570312485,2.9551376912444947
2025-10-05,Charleston,Kansas City,Dry Van,822.5,1606.06,1590.0515,16.008486328124945,0.9967551852436985
2025-10-05,Oklahoma City,Lubbock,Dry Van,209.4,584.99,557.35986,27.63013671875001,4.723181031940719
2025-10-05,Greensboro,Atlanta,Dry Van,265.0,651.87,605.93256,45.937443847656255,7.047025303765514
2025-10-05,Savannah,Dayton,Flatbed,574.2,1355.11,1311.5431,43.5669091796874,3.21500905311653
2025-10-05,El Paso,Savannah,Dry Van,1849.4,3490.4,3647.388,156.9879394531249,4.497706264414535
2025-10-05,Charleston,New York,Dry Van,624.3,1243.66,1189.6901,53.96993652343758,4.33960540046617
2025-10-05,Fort Wayne,Philadelphia,Flatbed,767.8,1688.78,1461.7885,226.99154785156247,13.441155618349487
2025-10-05,Madison,Atlanta,Reefer,610.4,1502.59,1403.9532,98.63675292968742,6.564448913521814
2025-10-05,Albany,Columbia,Dry Van,1065.9,2109.69,2172.532,62.841982421874945,2.9787306391875084
2025-10-05,Little Rock,Indianapolis,Dry Van,411.8,955.05,939.07635,15.973645019531205,1.6725454185153872
2025-10-05,Savannah,New York,Dry Van,749.7,1574.04,1532.5331,41.506918945312464,2.636967227345713
2025-10-05,Birmingham,Harrisburg,Dry Van,788.2,1652.68,1572.7095,79.97052734375006,4.8388391790153005
2025-10-05,Nashville,Atlanta,Dry Van,143.6,409.03,393.64413,15.385865478515598,3.7615493921021925
2025-10-05,Montgomery,Grand Rapids,Dry Van,980.8,2029.81,1981.5737,48.236269531249945,2.3763933339204133
2025-10-05,Columbia,Tampa,Dry Van,573.7,1291.36,1402.4059,111.0458837890626,8.599142283256613
2025-10-05,Houston,Baton Rouge,Dry Van,173.7,462.62,450.32788,12.292119140625005,2.657066088933683
2025-10-05,Salt Lake City,Austin,Reefer,1005.4,2438.43,2402.7385,35.691474609374836,1.4637071644203377
2025-10-05,Cincinnati,Montgomery,Dry Van,461.1,1094.31,1094.7227,0.41265625000005457,0.03770926428526237
2025-10-05,New York,Boston,Dry Van,285.5,688.95,661.55133,27.398669433593795,3.976873420944015
2025-10-05,Shreveport,Nashville,Reefer,385.3,1055.69,1038.7052,16.984799804687555,1.60888137660559
2025-10-05,Houston,Los Angeles,Reefer,1554.5,3402.93,3241.4685,161.46149414062484,4.744778591996451
2025-10-05,Montgomery,Tucson,Reefer,1849.6,3850.45,3895.6921,45.24213867187518,1.1749831492909968
2025-10-05,Lubbock,Hartford,Dry Van,1986.9,3761.16,3526.6877,234.47225585937485,6.234040983616088
2025-10-05,Montgomery,Phoenix,Dry Van,2046.2,4124.94,3762.579,362.3608984374996,8.78463440528831
2025-10-05,Lubbock,Shreveport,Flatbed,576.4,1464.25,1366.9309,97.319091796875,6.646343984761824
2025-10-05,Boston,Nashville,Dry Van,1282.2,2569.74,2572.0447,2.3046777343752183,0.08968524965075138
2025-10-05,Harrisburg,Bakersfield,Dry Van,2475.6,4474.48,4523.089,48.60886718750044,1.0863579049967917
2025-10-05,Las Vegas,Tucson,Flatbed,250.4,679.73,675.36554,4.364460449218768,0.6420873654566913
2025-10-05,Oklahoma City,St. Louis,Dry Van,786.8,1641.35,1616.4153,24.93471679687491,1.5191590335318435
2025-10-05,Baltimore,Los Angeles,Flatbed,3053.3,5800.91,5555.4355,245.47445312499985,4.231654225371534
2025-10-05,El Paso,Tucson,Flatbed,275.8,766.17,801.3767,35.20670898437504,4.595156294866028
2025-10-05,Shreveport,Oklahoma City,Flatbed,462.5,1232.04,1237.8848,5.844765625000036,0.4743973917242976
2025-10-05,Phoenix,Charleston,Dry Van,2447.7,4487.22,4472.8384,14.381621093750255,0.32050180498728065
2025-10-05,Toledo,Reno,Reefer,2099.1,4287.3,4143.6577,143.64228515625018,3.3504136672556193
2025-10-05,Raleigh,Reno,Dry Van,2616.3,4614.15,4423.8594,190.29062499999964,4.124066729516805
2025-10-05,Houston,Bakersfield,Reefer,1516.7,3454.75,3361.0974,93.652587890625,2.710835455260873
2025-10-05,Las Vegas,Tampa,Dry Van,2004.8,3896.22,3668.2085,228.0115039062498,5.852120873725041
2025-10-05,Philadelphia,Richmond,Reefer,288.1,737.2,808.7421,71.5421264648437,9.704574940971744
2025-10-05,Memphis,Fort Wayne,Reefer,540.3,1295.99,1232.513,63.47706054687501,4.8979591313879745
2025-10-05,Jacksonville,Richmond,Dry Van,725.1,1462.8,1488.9695,26.169482421875045,1.7889993452197872
2025-10-05,Las Vegas,Milwaukee,Dry Van,1806.8,3359.38,3245.9585,113.42150390625011,3.376262998120192
2025-10-05,Atlanta,Reno,Flatbed,2098.5,4200.54,3552.7422,647.7978125,15.421774640879505
2025-10-05,Baton Rouge,Lexington,Reefer,765.8,1814.57,1827.9974,13.427436523437564,0.73997897702693
2025-10-05,Memphis,Atlanta,Dry Van,243.1,593.84,589.945,3.894992675781282,0.6558993459149404
2025-10-05,Jacksonville,Madison,Dry Van,855.4,1804.12,1753.8389,50.28113281249989,2.7870170948994466
2025-10-05,Amarillo,Toledo,Dry Van,1477.3,2935.08,2885.8486,49.23136718749993,1.6773432815289508
2025-10-05,Baton Rouge,Jacksonville,Reefer,606.6,1530.9,1505.8313,25.06870117187509,1.637513957271872
2025-10-05,Albuquerque,Hartford,Dry Van,2366.1,4209.75,4161.9355,47.814453125,1.1358026753370154
2025-10-05,Houston,Austin,Dry Van,388.2,957.06,934.43933,22.620668945312445,2.3635580784185364
2025-10-05,Albuquerque,Lexington,Dry Van,1559.8,2958.24,3063.8994,105.65941406250022,3.57169851203757
2025-10-05,Baton Rouge,Toledo,Reefer,1057.5,2491.41,2371.1118,120.29818359374985,4.828518132051724
2025-10-05,Dayton,Montgomery,Reefer,680.7,1643.22,1575.5161,67.70388671875003,4.120196122171714
2025-10-05,Shreveport,Baltimore,Reefer,1348.4,11052.72,3048.447,8004.272978515624,72.41903331049393
2025-10-05,Nashville,Bakersfield,Reefer,1851.9,3737.91,3738.4653,0.5553320312501455,0.014856752336202464
2025-10-05,Columbia,Philadelphia,Flatbed,766.8,1765.8,1664.5316,101.26838378906245,5.7349860566917235
2025-10-05,Richmond,Mobile,Dry Van,931.4,1911.29,1808.8677,102.42232421874996,5.358806053437728
2025-10-05,Cincinnati,Kansas City,Dry Van,324.4,779.31,758.2571,21.052919921874945,2.701482070276905
2025-10-05,Phoenix,Madison,Reefer,2023.7,4284.86,4006.9792,277.8807519531247,6.485176924173127
2025-10-05,Hartford,Tulsa,Reefer,1517.0,3396.71,3372.969,23.741005859375036,0.6989412066197891
2025-10-05,Chattanooga,Atlanta,Reefer,82.9,279.76,319.82123,40.06122802734376,14.319855600280155
2025-10-05,Lexington,Grand Rapids,Dry Van,532.9,1160.12,1137.7776,22.34241210937489,1.9258707814169995
2025-10-05,Oklahoma City,Charleston,Reefer,1294.8,2848.75,2845.389,3.361083984375,0.11798451897762176
2025-10-05,Madison,Chattanooga,Dry Van,556.0,1167.81,1085.3732,82.43683105468745,7.059096176149156
2025-10-05,Savannah,Jacksonville,Dry Van,203.2,507.62,489.88736,17.73264038085938,3.4932903315195185
2025-10-05,Charleston,Buffalo,Reefer,625.4,1472.72,1430.2856,42.43435546875003,2.8813593533563764
2025-10-05,Atlanta,Raleigh,Flatbed,592.6,1393.73,1417.1963,23.466289062499982,1.6837040935116545
2025-10-05,Albuquerque,Fresno,Flatbed,713.0,1607.33,1535.8844,71.44560058593743,4.444986442481471
2025-10-05,Bakersfield,Baton Rouge,Dry Van,1654.9,3247.32,3104.9316,142.38835937500016,4.3847960587499895
2025-10-05,Montgomery,Corpus Christi,Flatbed,720.5,1689.73,1523.3309,166.39906738281252,9.847671958408297
2025-10-05,Harrisburg,Nashville,Dry Van,731.4,1531.51,1487.9375,43.57249999999999,2.84506793948456
2025-10-05,Hartford,Columbia,Flatbed,823.0,1830.18,1808.4094,21.770576171875064,1.1895319679963208
2025-10-05,Tulsa,Los Angeles,Dry Van,1547.6,3017.98,2932.71,85.27003906250002,2.825401065033566
2025-10-05,Milwaukee,Grand Rapids,Dry Van,345.5,809.89,730.3625,79.52751220703124,9.819544902027587
2025-10-05,Memphis,San Antonio,Dry Van,762.3,1697.73,1607.808,89.92201660156252,5.296602911037828
2025-10-05,San Antonio,Richmond,Dry Van,1649.8,3194.09,3198.5928,4.5027734374998545,0.1409720276354096
2025-10-05,Baltimore,Harrisburg,Dry Van,374.8,875.46,840.6674,34.792580566406286,3.974205625203468
2025-10-05,Dayton,Richmond,Flatbed,595.1,1330.8,1288.3228,42.477246093749955,3.19185798720694
2025-10-05,New York,Bakersfield,Dry Van,2781.5,4904.69,4777.7227,126.9673437499996,2.58869253204585
2025-10-05,Grand Rapids,Madison,Reefer,283.6,811.04,754.88635,56.153647460937464,6.923659432449382
2025-10-05,Philadelphia,Fort Wayne,Reefer,805.2,1843.84,1807.0037,36.83633789062492,1.9978055520340658
2025-10-05,Nashville,Montgomery,Reefer,358.9,953.32,949.5759,3.74407226562505,0.3927403459095634
2025-10-05,Bakersfield,Tucson,Dry Van,335.3,808.69,812.40924,3.7192407226561954,0.45990932528610406
2025-10-05,Nashville,Dayton,Dry Van,424.2,4646.65,877.9408,3768.709204101562,81.10594092736837
2025-10-05,Mobile,Nashville,Dry Van,293.0,698.11,716.9612,18.851181640624986,2.7003168040315977
2025-10-05,Albany,Buffalo,Dry Van,492.7,1017.32,1023.1792,5.85919921874995,0.5759445620601138
2025-10-05,Greensboro,Tucson,Dry Van,1989.6,3621.78,3565.3687,56.4113476562502,1.5575586495107434
2025-10-05,Syracuse,Lubbock,Flatbed,1798.7,3572.79,3462.0046,110.78536132812496,3.1008080891439174
2025-10-05,Hartford,Amarillo,Flatbed,2127.4,4471.7,4246.2856,225.41435546874982,5.0409096198034264
2025-10-05,Toledo,Lexington,Dry Van,421.3,960.58,931.4097,29.17027099609379,3.0367352012423523
2025-10-05,Mobile,Tampa,Dry Van,305.9,742.04,724.29456,17.745444335937464,2.3914403988919015
2025-10-05,Oklahoma City,Greensboro,Dry Van,1122.7,2256.96,2056.0454,200.91458984375004,8.90200047159675
2025-10-05,Toledo,Grand Rapids,Dry Van,176.1,442.63,410.52658,32.10341918945312,7.252879196948495
2025-10-05,Amarillo,Fresno,Flatbed,1073.6,2343.92,2431.7874,87.86735351562493,3.748735175075298
2025-10-05,Raleigh,New York,Dry Van,446.7,963.41,977.01337,13.603366699218782,1.4120018163833448
2025-10-05,Shreveport,Lubbock,Dry Van,586.9,1354.82,1319.2992,35.520805664062436,2.6218099573421147
2025-10-05,Amarillo,Phoenix,Dry Van,891.6,1881.9,1833.78,48.11997070312509,2.556988719014033
2025-10-05,Oklahoma City,Cincinnati,Flatbed,919.6,2080.68,2020.8009,59.879096679687336,2.8778618855223934
2025-10-05,Indianapolis,Buffalo,Dry Van,685.1,1426.28,1547.0942,120.81423828125003,8.470583495614466
2025-10-05,Lubbock,Dayton,Dry Van,1214.4,2509.73,2430.2324,79.49757812500002,3.167574923398135
2025-10-05,Grand Rapids,Fort Wayne,Reefer,206.3,579.38,597.5969,18.216923828125005,3.1442099879396954
2025-10-05,Tulsa,Baton Rouge,Flatbed,293.4,829.88,993.6012,163.7211962890625,19.728297620024886
2025-10-05,Fresno,Tampa,Reefer,2279.4,4697.97,4050.308,647.6618945312503,13.785994685603573
2025-10-05,Syracuse,Dallas,Dry Van,1444.5,2865.78,2785.4475,80.3324902343752,2.803163195862041
2025-10-05,San Antonio,Tucson,Dry Van,1028.1,2220.22,2147.2341,72.9858691406248,3.287325992046951
2025-10-05,Corpus Christi,Nashville,Reefer,763.2,1922.64,1897.4333,25.2066503906251,1.3110436894387456
2025-10-05,Indianapolis,Tucson,Flatbed,1738.9,3299.32,3489.9907,190.67072265624984,5.779091529656106
2025-10-06,Fort Wayne,Phoenix,Reefer,2201.7,4468.77,4277.3203,191.44968750000044,4.284169637282751
2025-10-06,Nashville,Philadelphia,Dry Van,1023.1,2034.14,1974.905,59.2349707031251,2.9120400121488736
2025-10-06,Tucson,Memphis,Dry Van,1657.9,3118.92,3071.1365,47.78352539062507,1.532053575937346
2025-10-06,Kansas City,Lexington,Dry Van,452.9,1020.65,1006.0304,14.619604492187477,1.4323817657558886
2025-10-06,San Antonio,Boston,Dry Van,2087.0,4138.77,3655.6748,483.09519531250044,11.672433967398536
2025-10-06,Los Angeles,Chattanooga,Dry Van,2091.5,4043.62,3834.2844,209.3355761718749,5.176934928897248
2025-10-06,Montgomery,Kansas City,Dry Van,729.3,1573.69,1571.3442,2.3457617187500546,0.14906123307322627
2025-10-06,Fort Wayne,Lubbock,Dry Van,1298.2,2537.6,2540.0823,2.482275390625091,0.09781980574657516
2025-10-06,Amarillo,San Antonio,Reefer,507.0,1354.69,1351.3202,3.3698095703125546,0.24875134313478023
2025-10-06,New York,Columbia,Flatbed,775.6,1810.66,1690.8842,119.77584472656258,6.6150378716358995
2025-10-06,Bakersfield,Buffalo,Reefer,2555.8,5246.48,4914.486,331.99416015624956,6.327941022480779
2025-10-06,Atlanta,Fresno,Dry Van,2231.8,3971.46,4709.948,738.4882421875,18.594880527249423
2025-10-06,Grand Rapids,Richmond,Dry Van,741.8,1552.77,1443.9338,108.83616210937498,7.0091618275324095
2025-10-06,Cincinnati,Milwaukee,Dry Van,235.9,624.15,649.0302,24.880212402343773,3.986255291571541
2025-10-06,Oklahoma City,Corpus Christi,Dry Van,337.7,858.03,848.4883,9.541718749999973,1.1120495495495464
2025-10-06,Jacksonville,Indianapolis,Reefer,639.6,1486.69,1459.9976,26.692441406250055,1.7954275206162722
2025-10-06,Richmond,Tulsa,Reefer,1273.2,2718.63,2689.6953,28.93468750000011,1.0643113443168106
2025-10-06,Providence,Memphis,Dry Van,1310.6,2460.16,2258.718,201.44198242187485,8.188165908797593
2025-10-06,Los Angeles,Bakersfield,Dry Van,410.2,947.3,925.23645,22.063549804687455,2.3290984698287187
2025-10-06,Milwaukee,Fort Wayne,Dry Van,260.4,618.64,592.2613,26.378708496093736,4.2639836570693355
2025-10-06,Phoenix,Albany,Reefer,3183.4,6161.01,6065.8345,95.17552734375022,1.544803974409232
2025-10-06,Milwaukee,Chattanooga,Flatbed,376.7,946.19,919.7044,26.485593261718805,2.7991833840686122
2025-10-06,Los Angeles,Savannah,Reefer,2423.6,4912.37,4814.16,98.20984374999989,1.9992354759515243
2025-10-06,Tucson,Phoenix,Reefer,273.2,747.96,817.59436,69.63436035156246,9.309904319958616
2025-10-06,Phoenix,Louisville,Dry Van,2012.4,3624.9,3541.596,83.30405273437509,2.29810623008566
2025-10-06,Fort Wayne,Albany,Reefer,901.0,2061.34,2011.233,50.106967773437646,2.430795879061079
2025-10-06,Milwaukee,Houston,Dry Van,830.5,1761.62,1716.8457,44.77429687499989,2.5416546630374253
2025-10-06,Fort Wayne,Atlanta,Flatbed,554.1,1293.64,1155.2618,138.3781591796876,10.696805848589065
2025-10-06,Reno,Bakersfield,Reefer,517.6,1318.59,1226.4285,92.16153320312492,6.989400283873298
2025-10-06,San Antonio,San Francisco,Dry Van,1658.3,3182.58,3009.2373,173.34269531249993,5.446609207388343
2025-10-06,Philadelphia,Charleston,Reefer,588.9,1408.96,1412.6552,3.6951513671874636,0.2622609135239796
2025-10-06,Los Angeles,Oklahoma City,Dry Van,1304.0,2653.8,2740.9934,87.19340820312482,3.2856058558717613
2025-10-06,Raleigh,Reno,Dry Van,2554.5,4564.71,4476.317,88.39310546875004,1.9364451513623
2025-10-06,Hartford,Houston,Dry Van,1673.7,3230.92,3071.6462,159.27375976562507,4.929672036621923
2025-10-06,Greensboro,Houston,Dry Van,935.1,1890.03,1858.5831,31.446870117187473,1.663829151769415
2025-10-06,Milwaukee,Nashville,Dry Van,373.7,903.04,876.9179,26.122092285156214,2.892683855106774
2025-10-06,Phoenix,Tulsa,Reefer,1525.8,3330.57,3253.1133,77.45671875000016,2.3256295093632673
2025-10-06,Cincinnati,Harrisburg,Flatbed,606.9,1290.78,1263.8096,26.970429687499973,2.089467584522535
2025-10-06,Fresno,Phoenix,Flatbed,463.2,1136.45,1154.2682,17.818188476562455,1.5678814269490478
2025-10-06,Columbia,Cincinnati,Reefer,331.3,863.94,757.56445,106.37554687500005,12.312839650322944
2025-10-06,Oklahoma City,Phoenix,Dry Van,1251.2,2609.34,2572.4534,36.886630859375146,1.413638347604189
2025-10-06,Madison,Lexington,Dry Van,494.1,1061.3,1027.2833,34.016674804687455,3.205189371967159
2025-10-06,Savannah,Boston,Reefer,968.7,2172.14,2217.0017,44.86170898437513,2.0653230907941076
2025-10-06,Nashville,Atlanta,Dry Van,130.2,363.74,366.12805,2.388051757812491,0.6565271231683321
2025-10-06,Tulsa,Bakersfield,Reefer,1479.7,3195.86,3064.8816,130.97840820312513,4.098377532280048
2025-10-06,Fort Wayne,Albany,Reefer,898.3,1974.12,1898.6431,75.47693359374989,3.8233204462621266
2025-10-06,Columbia,Amarillo,Reefer,1454.0,3107.72,3082.9956,24.7243945312498,0.7955798634127206
2025-10-06,Hartford,Baltimore,Flatbed,134.5,363.14,362.23917,0.9008337402343614,0.24806789123598652
2025-10-06,Philadelphia,Montgomery,Reefer,1103.6,2586.91,2439.308,147.60189453124985,5.705722059571066
2025-10-06,Hartford,St. Louis,Dry Van,1103.3,2332.39,2229.919,102.47105468749987,4.3933928154167985
2025-10-06,Memphis,Corpus Christi,Reefer,721.1,1795.1,1710.528,84.57204589843741,4.711272124028601
2025-10-06,Kansas City,Savannah,Dry Van,737.8,1546.97,1495.5131,51.45693847656253,3.3263048718826176
2025-10-06,Albany,Raleigh,Reefer,806.3,1796.04,1739.039,57.001059570312464,3.173707688598944
2025-10-06,Atlanta,Dayton,Reefer,427.0,1058.89,1019.468,39.4219824218751,3.722953509984521
2025-10-06,Shreveport,Tucson,Reefer,1472.1,3165.13,3060.3472,104.78283203125011,3.3105380199628485
2025-10-06,Louisville,Savannah,Dry Van,457.3,1067.6,997.3002,70.29982910156241,6.584847236939155
2025-10-06,Green Bay,Phoenix,Flatbed,2187.0,4472.27,4332.7827,139.48728515625044,3.1189370309988087
2025-10-06,Kansas City,Tucson,Reefer,1604.2,3579.44,3432.4478,146.99224609375005,4.106571030489407
2025-10-06,Hartford,Columbia,Dry Van,834.0,1662.93,1628.4985,34.431464843750064,2.070530018927439
2025-10-06,Philadelphia,Fresno,Dry Van,3059.4,5836.48,5720.166,116.31398437499956,1.9928790019840652
2025-10-06,Richmond,Oklahoma City,Reefer,1515.1,3215.63,3066.856,148.7740429687501,4.62659083814836
2025-10-06,Mobile,San Francisco,Dry Van,2234.6,4373.47,4344.9966,28.473417968750255,0.6510486631610656
2025-10-06,Mobile,Milwaukee,Dry Van,642.8,1363.25,1325.9432,37.3067626953125,2.736604635636347
2025-10-06,Tucson,Greensboro,Dry Van,2097.2,3980.77,3762.6116,218.15842773437498,5.480307270562604
2025-10-06,Milwaukee,Hartford,Dry Van,1023.5,2030.02,1896.9681,133.05186035156248,6.554214261512817
2025-10-06,Phoenix,Indianapolis,Flatbed,2009.4,3811.81,4006.578,194.76788085937505,5.1095904795720415
2025-10-06,Columbia,Nashville,Dry Van,345.5,807.11,744.1361,62.973891601562514,7.80239268520555
2025-10-06,Houston,Little Rock,Dry Van,360.6,905.93,904.28986,1.6401440429687,0.1810453393715519
2025-10-06,Baton Rouge,Grand Rapids,Reefer,1155.1,2506.97,2516.145,9.1750195312502,0.36598042781725354
2025-10-06,Fort Wayne,Toledo,Reefer,92.7,291.93,277.41324,14.516761474609382,4.972685737885583
2025-10-06,Jacksonville,Salt Lake City,Flatbed,1890.8,3918.02,3870.8066,47.21335937499998,1.2050310967019051
2025-10-06,Bakersfield,Philadelphia,Reefer,2796.2,5501.66,5795.3726,293.71255859375015,5.3386170463778235
2025-10-06,Chattanooga,St. Louis,Reefer,318.3,875.47,885.814,10.344025878906223,1.1815397305340243
2025-10-06,Tulsa,El Paso,Flatbed,1052.9,2275.74,2346.3574,70.61742187500022,3.103053155237427
2025-10-06,Atlanta,Richmond,Dry Van,663.0,337.89,1288.0026,950.1125634765625,281.1899030680288
2025-10-06,Fort Wayne,Cincinnati,Reefer,374.0,956.77,920.0992,36.67081787109373,3.83277254419492
2025-10-06,Raleigh,Austin,Dry Van,1592.3,3218.43,3054.5808,163.84918945312484,5.090966385881465
2025-10-06,El Paso,San Antonio,Dry Van,872.5,1879.08,1894.8715,15.791459960937573,0.8403825255410933
2025-10-06,Houston,Reno,Dry Van,1711.4,3286.71,3314.7578,28.047812499999964,0.8533704677321687
2025-10-06,Richmond,Nashville,Dry Van,786.3,1656.21,1683.3995,27.189536132812464,1.6416720182110034
2025-10-06,Columbia,Amarillo,Flatbed,1429.1,2929.0,2855.3767,73.623291015625,2.5135981910421648
2025-10-06,Boston,Oklahoma City,Flatbed,1961.5,4098.02,4073.817,24.203105468750437,0.590604864513849
2025-10-06,Lexington,Dallas,Flatbed,767.0,1687.81,1581.1356,106.67437988281245,6.320283674276871
2025-10-06,Fort Wayne,Memphis,Dry Van,559.7,1235.98,1199.5106,36.46937988281252,2.950644822959313
2025-10-06,Tulsa,Jacksonville,Dry Van,703.8,1504.38,1461.3107,43.06933105468761,2.8629289843448866
2025-10-06,Atlanta,Tampa,Dry Van,537.4,1204.0,1229.3701,25.3701171875,2.10715259032392
2025-10-06,Indianapolis,Little Rock,Flatbed,412.3,1044.13,997.8959,46.23412597656261,4.428004748121652
2025-10-06,Albuquerque,San Francisco,Dry Van,819.4,1759.53,1784.6476,25.117583007812527,1.4275166099931533
2025-10-06,Bakersfield,Oklahoma City,Flatbed,1212.8,2734.73,2761.1975,26.467509765624982,0.9678289910018533
2025-10-06,Tampa,Kansas City,Reefer,984.1,2246.92,2222.2676,24.652421875000073,1.0971650915475437
2025-10-06,Buffalo,Albany,Flatbed,518.2,1171.5,1177.0431,5.5430908203125,0.47316182845177124
2025-10-06,Lubbock,Montgomery,Dry Van,940.5,1942.68,1957.0022,14.322197265624936,0.7372391369461228
2025-10-06,Montgomery,Savannah,Dry Van,318.6,811.41,790.06744,21.342556152343718,2.6303047968774993
2025-10-06,Richmond,Mobile,Dry Van,920.7,1954.55,1864.0151,90.53486328124995,4.6320054887953725
2025-10-06,Memphis,Lexington,Dry Van,333.9,848.67,827.0273,21.64271728515621,2.5501923344947044
2025-10-06,New York,Los Angeles,Reefer,3028.4,5870.7,5611.093,259.6072265624998,4.422082997981498
2025-10-06,San Antonio,Los Angeles,Dry Van,1255.0,2574.17,2578.8176,4.647626953124927,0.18054856334760047
2025-10-06,Nashville,Amarillo,Dry Van,1113.4,2346.53,2395.5466,49.0166308593748,2.0888985378143383
2025-10-06,Milwaukee,Albany,Reefer,1102.7,2491.67,2338.6423,153.02766601562507,6.141570353041336
2025-10-06,Cincinnati,Bakersfield,Dry Van,1992.9,3773.44,3651.2102,122.22979492187505,3.239213951245417
2025-10-06,Fort Wayne,Tulsa,Dry Van,893.1,1856.42,1712.6144,143.80562011718757,7.746394679931673
2025-10-06,Fort Wayne,Philadelphia,Dry Van,768.7,1532.18,1418.6388,113.54120605468756,7.4104352004782434
2025-10-06,Nashville,Memphis,Reefer,114.4,350.78,352.40973,1.6297290039062773,0.4646014607179079
2025-10-06,Albany,Shreveport,Reefer,1584.8,3533.81,3282.8953,250.91473632812495,7.100402577618064
2025-10-06,Phoenix,Chattanooga,Dry Van,2047.2,3900.6,3628.2737,272.3263183593749,6.981652011469388
2025-10-06,Boston,Lexington,Reefer,1030.7,2340.45,2354.3337,13.883740234375182,0.5932081537471504
2025-10-06,Chattanooga,Birmingham,Dry Van,172.1,474.64,462.1487,12.491287841796861,2.631739390231936
2025-10-06,Boston,Las Vegas,Dry Van,2960.9,5573.55,5410.8223,162.72773437500018,2.9196424967031813
2025-10-06,Fort Wayne,Lexington,Dry Van,360.6,864.11,843.4553,20.654677734375014,2.3902833822516825
2025-10-06,Memphis,Hartford,Dry Van,1144.7,2352.33,2309.7766,42.55338867187493,1.8089889034223483
2025-10-06,Kansas City,Savannah,Dry Van,744.4,1676.58,1561.4786,115.10136230468743,6.865247247652211
2025-10-06,Mobile,Tampa,Dry Van,324.7,784.02,767.27216,16.747844238281232,2.136150128604019
2025-10-06,Oklahoma City,Dallas,Reefer,318.2,891.23,898.9735,7.743510742187482,0.8688566074063353
2025-10-06,New York,Richmond,Flatbed,249.5,610.58,597.65857,12.921430664062541,2.116255144954394
2025-10-06,Albany,San Antonio,Flatbed,2107.1,4116.8,3905.3066,211.49335937500018,5.13732412006899
2025-10-06,Little Rock,Lexington,Reefer,530.7,1320.52,1315.7004,4.819560546874982,0.36497444543626617
2025-10-06,Montgomery,Fort Wayne,Reefer,824.7,1877.91,1879.2253,1.3153417968749181,0.07004285598750302
2025-10-06,Kansas City,El Paso,Dry Van,1372.5,2863.58,2713.5464,150.03361328124993,5.23937215936869
2025-10-06,Philadelphia,Indianapolis,Flatbed,1009.0,2169.35,2179.3674,10.017431640625091,0.4617711130350147
2025-10-06,Grand Rapids,Mobile,Dry Van,953.5,1929.48,1801.5469,127.93312500000002,6.630445767771628
2025-10-06,Cincinnati,Harrisburg,Dry Van,591.0,1203.53,1230.6721,27.142119140625027,2.255209188023982
2025-10-06,Amarillo,Green Bay,Dry Van,1361.8,2541.47,2542.986,1.5160839843752,0.05965382177933245
2025-10-06,Oklahoma City,Austin,Dry Van,233.1,626.22,624.51855,1.7014453125000273,0.2717008898629918
2025-10-06,Savannah,Hartford,Flatbed,827.8,1779.27,1697.3877,81.88230468749998,4.602016820802913
2025-10-06,Raleigh,Greensboro,Flatbed,360.7,882.45,991.7755,109.32551269531245,12.388861997315706
2025-10-06,El Paso,Baton Rouge,Reefer,1230.0,2885.04,2826.476,58.563925781249964,2.0299172899249216
2025-10-06,Charleston,St. Louis,Dry Van,779.4,1687.5,1624.5817,62.9183349609375,3.7284939236111114
2025-10-06,Baton Rouge,Hartford,Dry Van,1561.0,3118.32,3063.6772,54.642753906250164,1.7523138711309345
2025-10-06,Lubbock,Los Angeles,Dry Van,1211.0,2401.07,2381.9397,19.130302734375164,0.7967407336885289
2025-10-06,Dayton,Atlanta,Dry Van,429.3,969.91,964.7254,5.184597167968718,0.5345441502787598
2025-10-06,El Paso,Tampa,Flatbed,1675.0,3518.03,3543.9988,25.9687792968748,0.7381625312141965
2025-10-06,Milwaukee,Montgomery,Flatbed,673.3,1636.43,1516.7063,119.72370117187506,7.3161516943514275
2025-10-06,Buffalo,Los Angeles,Dry Van,2631.3,4831.89,4570.319,261.5711523437503,5.413433508290758
2025-10-06,Lexington,Bakersfield,Dry Van,2148.6,4100.88,4007.797,93.08288085937511,2.26982698492458
2025-10-06,Greensboro,Reno,Dry Van,2276.9,4337.77,4252.7266,85.04343750000044,1.9605335806186226
2025-10-06,Atlanta,Hartford,Dry Van,995.4,1872.82,1929.7289,56.908881835937564,3.038673328773591
2025-10-06,Hartford,Montgomery,Reefer,1131.3,2474.26,2448.6033,25.65672851562522,1.036945531820634
2025-10-06,Cincinnati,Kansas City,Dry Van,369.0,867.2,876.79736,9.597363281249955,1.1067070204393397
2025-10-06,Atlanta,Columbia,Dry Van,217.4,561.58,563.6359,2.055925292968709,0.36609660119105186
2025-10-06,Nashville,Greensboro,Dry Van,363.9,880.74,870.98645,9.753549804687509,1.1074266871820866
2025-10-06,Washington,Chattanooga,Flatbed,712.2,1607.56,1472.2078,135.35223632812495,8.4197315389861
2025-10-06,Shreveport,Tulsa,Flatbed,202.9,568.52,551.7391,16.780925292968732,2.951686008050505
2025-10-06,Boston,Philadelphia,Dry Van,236.3,595.93,576.9369,18.99311035156245,3.187137810072064
2025-10-06,Richmond,Atlanta,Reefer,692.0,1612.8,1543.1906,69.60944824218745,4.316062018984837
2025-10-06,Las Vegas,Bakersfield,Dry Van,117.1,309.64,321.65485,12.014846191406264,3.8802629477477923
2025-10-06,Albuquerque,Chattanooga,Reefer,1465.9,3379.8,3477.1934,97.39335937499982,2.8816308472394763
2025-10-06,Corpus Christi,Baltimore,Flatbed,1778.3,3604.59,3711.4316,106.84164062499985,2.964044194346648
2025-10-06,Oklahoma City,Providence,Dry Van,1922.2,3621.3,3537.7803,83.51972656250018,2.3063465209317147
2025-10-06,Tucson,Dayton,Dry Van,1862.5,3520.84,3466.2905,54.549472656250146,1.5493312009705111
2025-10-06,Grand Rapids,Hartford,Flatbed,910.8,1865.44,1772.8607,92.57928222656255,4.9628657167511445
2025-10-06,Nashville,Fresno,Dry Van,2087.3,3796.72,3670.1897,126.5303027343748,3.3326213872599193
2025-10-06,Lubbock,Syracuse,Dry Van,1780.3,3400.27,3444.8735,44.60353515625002,1.3117645115314376
2025-10-06,Cincinnati,Milwaukee,Dry Van,242.1,641.14,658.765,17.625014648437514,2.749011861440171
2025-10-07,Los Angeles,Memphis,Dry Van,1898.8,3521.79,3636.3992,114.60916992187504,3.2542874481975086
2025-10-07,Fresno,Tucson,Dry Van,481.3,1081.64,1031.37,50.2700048828126,4.647572656596704
2025-10-07,Lexington,Las Vegas,Dry Van,2019.8,4002.03,3865.7808,136.2492382812502,3.4045031716716316
2025-10-07,Buffalo,Lubbock,Reefer,1691.0,3613.18,2930.6921,682.4878613281248,18.888841998686058
2025-10-07,Birmingham,Shreveport,Reefer,406.6,1129.78,1127.6888,2.0911572265624727,0.18509419768118332
2025-10-07,Atlanta,Lexington,Dry Van,195.7,543.25,563.8638,20.61376953125,3.7945272952139897
2025-10-07,San Antonio,Amarillo,Dry Van,512.9,1191.94,1137.3156,54.624448242187555,4.582818618570361
2025-10-07,Lexington,Richmond,Flatbed,528.9,1221.71,1293.3993,71.68929199218746,5.867946729762993
2025-10-07,Nashville,Shreveport,Dry Van,379.6,941.96,901.6002,40.359780273437536,4.2846596748734065
2025-10-07,Little Rock,Baton Rouge,Dry Van,310.3,810.34,819.06177,8.721767578124968,1.076309645102669
2025-10-07,Los Angeles,Providence,Dry Van,3185.8,5766.93,5537.089,229.8411328125003,3.985502387101981
2025-10-07,Hartford,Oklahoma City,Reefer,1913.4,4281.85,4341.537,59.687109374999636,1.3939561025024143
2025-10-07,Syracuse,Buffalo,Dry Van,164.7,417.09,405.58615,11.5038488769531,2.758121479046033
2025-10-07,Baton Rouge,Chattanooga,Dry Van,556.5,1254.51,1229.2904,25.21959472656249,2.0103143639000476
2025-10-07,Greensboro,Columbia,Dry Van,135.8,347.21,341.4228,5.7872094726562295,1.666774998604945
2025-10-07,Nashville,Amarillo,Reefer,1093.9,2628.55,2700.0356,71.48564453124982,2.719584734216576
2025-10-07,Montgomery,Los Angeles,Dry Van,2202.0,4005.12,3964.8132,40.30676757812489,1.0063810217452884
2025-10-07,Salt Lake City,Savannah,Reefer,2021.5,4566.62,4291.043,275.5770312499999,6.034595198418083
2025-10-07,Hartford,Baltimore,Dry Van,137.8,378.59,366.16025,12.4297521972656,3.2831697079335433
2025-10-07,Tulsa,Toledo,Reefer,970.7,2202.48,2207.0012,4.521220703124982,0.20527862696255958
2025-10-07,Memphis,Chattanooga,Dry Van,180.7,467.61,463.95078,3.6592248535156386,0.782537767266662
2025-10-07,Bakersfield,Reno,Reefer,525.1,1276.25,1281.505,5.2550048828125,0.4117535657443682
2025-10-07,Louisville,Richmond,Dry Van,721.4,1459.87,1407.2896,52.58044921874989,3.6017213326357753
2025-10-07,Phoenix,Toledo,Flatbed,2267.3,4654.5,4399.1074,255.392578125,5.487003504672897
2025-10-07,Greensboro,Hartford,Dry Van,755.2,1495.33,1401.1925,94.13749511718743,6.295432788560881
2025-10-07,Amarillo,Milwaukee,Flatbed,1149.8,2550.13,2578.8594,28.72937499999989,1.1265847231317576
2025-10-07,Los Angeles,Albany,Dry Van,3162.1,5368.81,5085.9385,282.8715234375004,5.268793707311311
2025-10-07,Milwaukee,Toledo,Flatbed,309.7,764.04,742.7389,21.301108398437464,2.787957227165785
2025-10-07,Lexington,Phoenix,Reefer,2221.3,4560.49,4473.3335,87.15650390624978,1.9111214783115367
2025-10-07,Lexington,Oklahoma City,Reefer,1003.3,2492.07,2348.6028,143.46721679687516,5.756949716375349
2025-10-07,Phoenix,Mobile,Dry Van,1927.0,3882.76,3685.7253,197.03465820312522,5.074603071091832
2025-10-07,Philadelphia,Charleston,Dry Van,609.2,1329.78,1285.0691,44.71090820312497,3.362278587670515
2025-10-07,Los Angeles,Little Rock,Reefer,1780.3,3987.15,3809.8967,177.2532714843751,4.445613319899555
2025-10-07,Oklahoma City,Dayton,Dry Van,1031.1,2199.94,2118.6506,81.28936523437505,3.695071921705822
2025-10-07,Richmond,Los Angeles,Flatbed,2803.0,5209.11,5160.363,48.74720703124967,0.9358068274858791
2025-10-07,Toledo,Amarillo,Reefer,1429.7,3013.41,2763.485,249.92489257812485,8.293756660332475
2025-10-07,Fresno,Louisville,Dry Van,2148.6,3930.32,3884.5522,45.767753906250164,1.1644790731098273
2025-10-07,Grand Rapids,Kansas City,Dry Van,466.3,1076.93,1033.2009,43.729072265625064,4.060530606968425
2025-10-07,San Antonio,Greensboro,Dry Van,1206.8,2481.63,2462.228,19.40197265625011,0.7818237471440186
2025-10-07,Lubbock,Los Angeles,Dry Van,1197.8,2596.05,2445.1167,150.93330078125018,5.8139596995916945
2025-10-07,Montgomery,Lexington,Reefer,483.1,1188.47,1208.0035,19.533540039062473,1.6435871363233798
2025-10-07,Indianapolis,Fort Wayne,Reefer,334.0,872.03,854.85864,17.171357421874973,1.9691246197808532
2025-10-07,Oklahoma City,Milwaukee,Flatbed,909.8,2120.59,2104.5847,16.005283203125146,0.7547561387691701
2025-10-07,Tampa,Tucson,Dry Van,1838.4,3521.73,3470.1648,51.56520507812502,1.4642009773073184
2025-10-07,Fort Wayne,Corpus Christi,Dry Van,1221.6,2442.27,2394.018,48.25193359374998,1.9757002130702168
2025-10-07,Charleston,Albuquerque,Dry Van,1990.5,3713.4,3672.8794,40.52060546875009,1.0911995871371274
2025-10-07,Hartford,Baltimore,Dry Van,143.8,383.5,350.68814,32.811859130859375,8.555895470889016
2025-10-07,San Antonio,Buffalo,Dry Van,1601.8,3098.51,2983.4624,115.04759765625022,3.7129974618849126
2025-10-07,Cincinnati,Baltimore,Flatbed,925.0,1996.97,2070.7944,73.82443359374997,3.6968223655713395
2025-10-07,Milwaukee,Tucson,Dry Van,1764.6,3494.0,3496.6824,2.682373046875,0.07677083705995992
2025-10-07,Harrisburg,Hartford,Flatbed,395.6,950.43,955.21313,4.78313476562505,0.5032600786617689
2025-10-07,Boston,Montgomery,Dry Van,1290.6,2486.75,2539.9927,53.24267578125,2.1410546207399217
2025-10-07,Salt Lake City,Philadelphia,Flatbed,2526.2,4845.95,4659.213,186.73710937499982,3.853467521848138
2025-10-07,Jacksonville,Reno,Reefer,2336.4,5058.57,4529.889,528.6808398437497,10.45119153918498
2025-10-07,Phoenix,Hartford,Dry Van,2943.1,5346.93,5297.1216,49.80841796875029,0.9315330099468346
2025-10-07,San Antonio,Buffalo,Reefer,1562.1,3549.06,3433.2795,115.78045898437495,3.262285196203359
2025-10-07,Lubbock,Las Vegas,Dry Van,1072.7,2303.95,2277.9578,25.992236328124818,1.1281597399303294
2025-10-07,Providence,Montgomery,Reefer,1231.0,2964.61,2870.2573,94.35267578125013,3.1826336611308106
2025-10-07,Salt Lake City,Green Bay,Dry Van,1778.0,3303.47,2838.153,465.3169238281248,14.085701514714069
2025-10-07,Cincinnati,Fort Wayne,Dry Van,380.5,910.55,891.188,19.362011718749955,2.1264084035747577
2025-10-07,Oklahoma City,Kansas City,Dry Van,796.6,1743.43,1694.8911,48.538886718750064,2.784102987716746
2025-10-07,Greensboro,Milwaukee,Dry Van,485.3,1101.55,1157.7185,56.168505859375045,5.099042790556493
2025-10-07,Tulsa,Milwaukee,Dry Van,650.3,1525.43,1413.1615,112.26850097656256,7.35979369597835
2025-10-07,Indianapolis,Buffalo,Flatbed,711.8,1554.33,1566.4418,12.111772460937573,0.7792278641561041
2025-10-07,Oklahoma City,Phoenix,Dry Van,1189.0,2448.67,2429.0999,19.570146484375073,0.7992153489190079
2025-10-07,Tucson,Fort Wayne,Dry Van,2010.4,3635.27,3568.693,66.57688476562498,1.8314151291547804
2025-10-07,Jacksonville,Amarillo,Flatbed,1363.3,3181.62,3087.6401,93.97986328124989,2.9538368278188436
2025-10-07,Milwaukee,Baton Rouge,Dry Van,806.2,1778.31,1694.0891,84.22088867187495,4.736007145653736
2025-10-07,Baton Rouge,Detroit,Flatbed,1189.2,8425.34,2368.1816,6057.158359375,71.89215342496564
2025-10-07,Little Rock,Tucson,Dry Van,1461.7,2928.06,2963.115,35.054990234375055,1.19720874006595
2025-10-07,Fresno,Baltimore,Dry Van,3071.7,5768.57,5722.6494,45.92058593749971,0.7960479969472454
2025-10-07,Lubbock,Richmond,Dry Van,1674.0,3282.71,3136.417,146.29300781250004,4.456470654200341
2025-10-07,Hartford,San Antonio,Dry Van,1858.7,3603.1,3537.3179,65.78212890624991,1.8257092200119316
2025-10-07,El Paso,Cincinnati,Dry Van,1576.8,3028.7,3035.4,6.699902343750182,0.2212137994436617
2025-10-07,Albany,Corpus Christi,Reefer,2002.6,4204.74,4145.619,59.12085937499978,1.4060526780490539
2025-10-07,Amarillo,Washington,Reefer,1864.5,4287.51,4082.6865,204.82347656250022,4.7772128009614026
2025-10-07,Austin,El Paso,Reefer,829.8,2085.87,2064.4165,21.45349609374989,1.0285154920368906
2025-10-07,New York,Madison,Dry Van,969.1,2005.58,1944.2715,61.30851562499993,3.0568970385125462
2025-10-07,Philadelphia,Nashville,Flatbed,1032.3,2142.38,2175.3145,32.93445312499989,1.5372834476143302
2025-10-07,Washington,Providence,Reefer,507.7,1277.52,1273.2598,4.260234374999982,0.3334769220834102
2025-10-07,Harrisburg,Kansas City,Dry Van,841.7,1734.56,1862.8612,128.30120605468755,7.396758028242758
2025-10-07,Fresno,Toledo,Reefer,2362.6,4817.58,4721.8013,95.77873046874993,1.9881087697298214
2025-10-07,Raleigh,Milwaukee,Flatbed,796.6,463.05,1692.8658,1229.8158447265625,265.5902914861381
2025-10-07,Houston,Greensboro,Reefer,925.2,2293.83,2286.3066,7.523359374999927,0.32798243004058397
2025-10-07,Albany,San Antonio,Flatbed,2101.9,4489.14,4184.487,304.6531835937503,6.786448709413169
2025-10-07,Chattanooga,Mobile,Dry Van,285.5,713.84,656.9805,56.85947021484378,7.965296174891261
2025-10-07,Houston,Chattanooga,Reefer,647.2,1671.84,1559.1901,112.64993652343742,6.738081187400555
2025-10-07,Boston,Green Bay,Dry Van,1160.7,2193.1,2287.783,94.68295898437509,4.317311521789937
2025-10-07,San Antonio,Lexington,Reefer,1072.1,2518.87,2457.2727,61.59729492187489,2.4454336635822767
2025-10-07,Columbia,Dayton,Reefer,467.6,1147.73,1144.0289,3.701069335937518,0.32246864122550756
2025-10-07,Hartford,Chattanooga,Flatbed,1030.0,2193.67,2215.4834,21.813398437499927,0.9943792109797702
2025-10-07,Baton Rouge,Tulsa,Dry Van,312.4,777.68,750.8165,26.86347167968745,3.4543091862575164
2025-10-07,Richmond,Corpus Christi,Dry Van,1510.6,2903.55,2808.3882,95.16181640625018,3.2774299187632443
2025-10-07,Kansas City,Toledo,Dry Van,468.8,1013.2,978.1435,35.056506347656295,3.4599789131125434
2025-10-07,Richmond,Louisville,Flatbed,696.1,1561.6,1240.16,321.4399658203124,20.584014204681893
2025-10-07,Columbia,Phoenix,Reefer,2278.1,4752.22,4575.8936,176.32644531250025,3.710401566267981
2025-10-07,Madison,Nashville,Flatbed,530.4,1234.37,1166.6918,67.67822753906239,5.4828153259608055
2025-10-07,New York,Fort Wayne,Dry Van,742.6,1460.12,1421.7704,38.34961425781239,2.626470033819987
2025-10-07,Lubbock,Indianapolis,Dry Van,986.1,2074.22,2008.8855,65.3345019531248,3.1498347307963868
2025-10-07,Baltimore,Lubbock,Dry Van,1910.9,3829.1,3693.067,136.0331054687499,3.552613028355225
2025-10-07,Mobile,Atlanta,Dry Van,296.0,760.31,757.9201,2.3898950195311954,0.3143316567625305
2025-10-07,Little Rock,Greensboro,Dry Van,644.8,1451.78,1402.2019,49.57809570312497,3.4149868232876175
2025-10-07,Boston,Richmond,Dry Van,490.9,1086.79,1023.1084,63.681601562499964,5.859605035241396
2025-10-07,Providence,Baton Rouge,Reefer,1621.3,3527.99,3364.2092,163.78077148437478,4.642325275422402
2025-10-07,Philadelphia,Raleigh,Flatbed,439.4,1109.09,1175.0366,65.94662109375008,5.946011693708363
2025-10-07,Houston,Tulsa,Dry Van,217.4,600.81,597.8756,2.9343896484374454,0.48840559385453736
2025-10-07,Amarillo,Chattanooga,Dry Van,1128.4,2342.36,2366.9202,24.560166015624873,1.0485222602684843
2025-10-07,Columbia,Fresno,Reefer,2452.9,5264.82,5299.0215,34.20148437500029,0.6496230521651318
2025-10-07,Charleston,Jacksonville,Dry Van,388.5,934.61,915.33246,19.277541503906264,2.062629492933551
2025-10-07,Syracuse,Lubbock,Dry Van,1812.5,3669.51,3486.4004,183.10960937500022,4.990028896909948
2025-10-07,Detroit,Columbia,Dry Van,730.7,1561.47,1460.3397,101.13027832031253,6.476607191960943
2025-10-07,St. Louis,Kansas City,Reefer,107.4,343.65,362.28577,18.635766601562523,5.422891488887684
2025-10-07,Baton Rouge,Oklahoma City,Dry Van,422.7,1050.79,1008.5406,42.249411621093714,4.0207283682842165
2025-10-07,Chattanooga,Buffalo,Reefer,764.8,1843.82,1823.2836,20.536430664062436,1.1137980206344675
2025-10-07,St. Louis,Memphis,Dry Van,254.9,646.5,624.08026,22.41973876953125,3.467863692116203
2025-10-07,Philadelphia,Reno,Flatbed,2819.1,5552.48,5500.3257,52.15431640624956,0.9392976905139608
2025-10-07,Fort Wayne,Jacksonville,Reefer,772.2,1769.05,1791.9229,22.872851562500045,1.2929454544812213
2025-10-07,Montgomery,Austin,Reefer,946.5,2209.39,2156.8044,52.58555664062487,2.380093901059789
2025-10-07,Columbia,Harrisburg,Flatbed,545.6,1246.09,1187.2783,58.81167968749992,4.719697589058569
2025-10-07,New Orleans,San Antonio,Dry Van,488.3,1148.19,1122.0079,26.182065429687555,2.2802903203901406
2025-10-07,Jacksonville,Boston,Flatbed,1199.2,2411.14,2480.6738,69.53382812500013,2.883856935930727
2025-10-07,Nashville,Tucson,Dry Van,1770.0,725.75,3337.5369,2611.786865234375,359.8741805352222
2025-10-07,Philadelphia,Lexington,Dry Van,780.2,1548.72,1500.1328,48.58718750000003,3.137248017717859
2025-10-07,Albany,Kansas City,Dry Van,1263.9,2462.56,2430.1245,32.435488281249945,1.3171450962108515
2025-10-07,Harrisburg,Lexington,Flatbed,502.8,1145.57,1144.9423,0.6277392578124363,0.054797110417734086
2025-10-07,Albuquerque,Tucson,Dry Van,444.6,1054.4,1040.9321,13.467871093750091,1.277301886736541
2025-10-07,Phoenix,Baton Rouge,Dry Van,1659.3,3137.27,3035.562,101.70798828124998,3.2419265246934432
2025-10-07,Tulsa,Syracuse,Flatbed,1383.6,2978.41,2882.4355,95.97445312499985,3.2223385338150177
2025-10-07,Lubbock,Charleston,Reefer,1414.1,3087.54,3061.9797,25.560263671874964,0.8278520657829522
2025-10-07,Atlanta,Bakersfield,Flatbed,2036.2,4294.78,4161.892,132.88791015624975,3.094172697000772
2025-10-07,Chattanooga,Phoenix,Dry Van,2032.0,3853.42,3716.7498,136.67024414062507,3.546725873136722
2025-10-07,Grand Rapids,Syracuse,Dry Van,564.5,1195.74,1117.1226,78.61744140625001,6.5747939691111785
2025-10-07,El Paso,Tulsa,Dry Van,1046.8,2100.06,2279.5447,179.48467773437505,8.54664522605902
2025-10-07,Corpus Christi,Greensboro,Reefer,1063.1,2338.11,2390.2876,52.17759765624987,2.2316143233744294
2025-10-07,Milwaukee,Atlanta,Flatbed,412.4,981.78,929.38324,52.39676025390622,5.336914609577118
2025-10-07,Greensboro,Raleigh,Reefer,377.7,979.31,982.8705,3.5604833984375546,0.36357061588644607
2025-10-07,Nashville,Buffalo,Dry Van,804.4,1628.75,1641.8928,13.142822265625,0.806926923445894
2025-10-07,Atlanta,Providence,Reefer,1109.9,2527.69,2200.2102,327.47979492187505,12.955694524323594
2025-10-07,Detroit,Austin,Dry Van,1542.6,2997.84,2807.662,190.17789062500015,6.34383057885011
2025-10-07,Boston,Tampa,Reefer,1456.7,2996.55,2998.0193,1.469287109374818,0.049032624497332526
2025-10-07,Madison,Mobile,Flatbed,810.3,1751.13,1632.2253,118.90465820312511,6.7901673892358145
2025-10-07,Nashville,Richmond,Dry Van,806.6,1697.88,1678.0172,19.86278808593761,1.1698581811398692
2025-10-07,San Antonio,Nashville,Reefer,850.4,2134.87,2095.381,39.48889648437489,1.8497096537201279
2025-10-07,Detroit,Lubbock,Dry Van,1466.4,2838.8,2721.1577,117.64228515625018,4.144085006208615
2025-10-07,El Paso,Fresno,Dry Van,655.9,1458.81,1452.4604,6.349550781249945,0.43525550148751
2025-10-07,Houston,Oklahoma City,Dry Van,294.4,798.7,792.2886,6.4114257812500455,0.8027326632340108
2025-10-07,Buffalo,Baton Rouge,Reefer,1320.6,2936.32,2850.131,86.18889648437516,2.9352691969667872
2025-10-07,Bakersfield,Phoenix,Dry Van,387.5,896.02,890.7635,5.256511230468732,0.5866511049383644
2025-10-07,Milwaukee,Baton Rouge,Flatbed,801.2,1807.79,1674.07,133.72005371093746,7.396879820716867
2025-10-07,New York,Atlanta,Dry Van,911.5,1912.19,1820.0704,92.11956542968755,4.817490177737963
2025-10-07,Greensboro,Bakersfield,Reefer,2259.0,4914.48,4734.2354,180.24464843749956,3.6676240098138475
2025-10-07,Lubbock,Baton Rouge,Flatbed,530.4,1341.93,1332.2412,9.688789062500064,0.7220040585201958
2025-10-07,Greensboro,Fresno,Dry Van,2427.0,4578.11,4591.6123,13.502304687500327,0.2949318537016439
2025-10-07,Philadelphia,Grand Rapids,Flatbed,894.7,1934.91,1839.9181,94.99190917968758,4.909370936099745
2025-10-07,New York,Amarillo,Flatbed,2058.0,4255.76,4142.6543,113.10570312500022,2.657708684817758
2025-10-07,Hartford,Reno,Dry Van,2896.8,5055.75,5047.2856,8.46435546875,0.16742037222469464
2025-10-07,Lexington,El Paso,Dry Van,1706.7,3200.14,3155.4683,44.67173828124987,1.3959307493187758
2025-10-07,San Antonio,Phoenix,Reefer,1231.4,2812.67,2707.1855,105.48445312500007,3.7503316466204737
2025-10-07,Austin,Amarillo,Dry Van,469.9,1139.45,1107.9585,31.491503906250045,2.763746009587963
2025-10-07,Fresno,Syracuse,Dry Van,2754.5,4886.24,4724.6484,161.59156249999978,3.307073792936896
2025-10-07,Syracuse,Providence,Dry Van,651.9,1369.5,1299.2855,70.2144775390625,5.12701551946422
2025-10-07,Baton Rouge,Richmond,Dry Van,1197.9,2443.14,2445.083,1.9430078125001273,0.07952912287057343
2025-10-07,Little Rock,Phoenix,Dry Van,1761.5,3332.67,3354.5789,21.908857421874927,0.657396544568617
2025-10-07,Reno,San Antonio,Reefer,1578.1,3461.27,3240.739,220.53098632812498,6.371389297226885
2025-10-07,Oklahoma City,Richmond,Dry Van,1504.1,3016.26,2971.7407,44.51927734375022,1.4759761208831539
2025-10-07,Salt Lake City,Houston,Dry Van,1300.1,2714.39,2635.4314,78.95860351562487,2.9088894195611124
2025-10-08,Harrisburg,Bakersfield,Reefer,2558.4,5189.95,5080.2754,109.67460937499982,2.1132112905711966
2025-10-08,Albany,Bakersfield,Reefer,3008.3,6037.04,5830.008,207.03218749999996,3.4293658398817954
2025-10-08,Amarillo,Toledo,Reefer,1484.5,3142.74,2929.2805,213.45948242187478,6.7921457843116135
2025-10-08,New Orleans,Mobile,Reefer,297.7,855.24,857.48804,2.248037109374991,0.2628545331573583
2025-10-08,Atlanta,Little Rock,Dry Van,406.1,950.68,968.36597,17.68596679687505,1.860349097159407
2025-10-08,San Antonio,Tulsa,Dry Van,429.3,1071.43,1064.0571,7.372871093750064,0.6881337179050486
2025-10-08,Nashville,Green Bay,Dry Van,741.1,1578.75,1507.9799,70.7701416015625,4.482669301761678
2025-10-08,Buffalo,Indianapolis,Dry Van,686.6,1441.53,1396.025,45.50497558593747,3.156713740673969
2025-10-08,Albany,Albuquerque,Dry Van,2492.6,14425.42,4231.749,10193.6709765625,70.66463906466848
2025-10-08,Harrisburg,Milwaukee,Dry Van,651.6,1423.7,1344.3784,79.32158203125005,5.571509589889025
2025-10-08,El Paso,Baton Rouge,Reefer,1263.1,3015.04,2962.168,52.872031249999964,1.753609612144448
2025-10-08,Columbia,Kansas City,Reefer,652.1,313.15,1517.5598,1204.409814453125,384.61114943417687
2025-10-08,Oklahoma City,Charleston,Reefer,1293.6,3157.99,3056.9275,101.06250976562478,3.200216269387325
2025-10-08,Tucson,Syracuse,Dry Van,2470.5,4227.08,4148.0044,79.07560546874993,1.870691008184135
2025-10-08,Los Angeles,Phoenix,Dry Van,74.7,222.72,244.06839,21.348389892578126,9.585304369871645
2025-10-08,St. Louis,Tulsa,Dry Van,531.5,1222.99,1164.0171,58.97291015625001,4.822027175712803
2025-10-08,Atlanta,Boston,Dry Van,1119.0,2211.67,2180.6174,31.052568359375073,1.4040326250921282
2025-10-08,Atlanta,Indianapolis,Reefer,345.2,895.44,849.2915,46.148496093750055,5.153722872973069
2025-10-08,Dayton,Fort Wayne,Flatbed,127.0,372.9,380.7526,7.852593994140648,2.1058176439100693
2025-10-08,Nashville,Montgomery,Flatbed,359.1,882.73,890.0354,7.305400390624982,0.8275917200757855
2025-10-08,Baltimore,Oklahoma City,Flatbed,1837.1,3785.69,3721.7344,63.955625000000055,1.689404705615094
2025-10-08,Corpus Christi,Philadelphia,Dry Van,1723.3,3332.32,3508.1055,175.78546874999984,5.275167713484894
2025-10-08,Grand Rapids,Buffalo,Flatbed,492.3,1186.99,1160.3177,26.67225097656251,2.2470493413223793
2025-10-08,Cincinnati,Buffalo,Dry Van,647.8,1331.38,1284.2972,47.08275878906261,3.536387717185372
2025-10-08,New York,Albuquerque,Reefer,2310.5,5018.12,4821.3384,196.7816210937499,3.921421191477085
2025-10-08,Las Vegas,Columbia,Dry Van,2142.2,3965.18,3936.3496,28.830390624999836,0.7270890760318532
2025-10-08,Fort Wayne,Cincinnati,Dry Van,363.8,820.16,785.2535,34.90652099609372,4.256062353210803
2025-10-08,Mobile,Richmond,Dry Van,944.9,4729.66,1849.0647,2880.595302734375,60.90491288452817
2025-10-08,Syracuse,Shreveport,Flatbed,1251.6,2571.46,2533.8535,37.606484375000036,1.4624565178925604
2025-10-08,Milwaukee,Buffalo,Dry Van,646.7,1318.04,1362.5331,44.493081054687536,3.3757003622566493
2025-10-08,Kansas City,Washington,Dry Van,878.1,1802.45,1768.9235,33.526538085937545,1.8600537094475602
2025-10-08,Syracuse,Charleston,Flatbed,701.8,1551.27,1530.1233,21.146708984374982,1.3631868716841673
2025-10-08,Nashville,Los Angeles,Reefer,2002.2,4277.65,4249.6978,27.952246093749636,0.6534486480602583
2025-10-08,Columbia,Baton Rouge,Reefer,730.2,1950.32,1895.4275,54.892509765624936,2.814538627795692
2025-10-08,Mobile,Memphis,Reefer,328.7,917.6,927.94916,10.349157714843727,1.1278506663953496
2025-10-08,Nashville,Memphis,Dry Van,108.8,302.65,354.1301,51.4800964355469,17.00977909649658
2025-10-08,Louisville,Washington,Flatbed,683.0,1548.61,1423.5455,125.0644677734374,8.075917614727878
2025-10-08,Phoenix,Albany,Reefer,3148.3,6263.27,6278.6797,15.409687499999563,0.24603262353370625
2025-10-08,Indianapolis,Lexington,Reefer,292.9,837.86,831.1803,6.679702148437514,0.797233684438631
2025-10-08,Shreveport,Nashville,Dry Van,357.1,906.63,918.28174,11.651738281250005,1.2851701665784283
2025-10-08,Madison,Albuquerque,Flatbed,1351.5,2996.39,3005.2754,8.885390625000127,0.29653651977880474
2025-10-08,Atlanta,Montgomery,Flatbed,310.5,825.14,760.56824,64.57176269531249,7.825552354183834
2025-10-08,Mobile,St. Louis,Dry Van,557.1,1315.64,1258.0245,57.6154638671876,4.379272739289441
2025-10-08,Baton Rouge,Oklahoma City,Dry Van,459.2,1103.62,1047.601,56.01904785156239,5.075936268965984
2025-10-08,Bakersfield,Cincinnati,Dry Van,1995.2,3801.19,3683.2124,117.97759765625005,3.103701673850822
2025-10-08,Lexington,Charleston,Dry Van,435.3,981.87,972.85815,9.011845703125005,0.9178247327166534
2025-10-08,Jacksonville,Richmond,Reefer,736.2,1659.84,1666.5555,6.715541992187582,0.40458971902036234
2025-10-08,Lexington,Milwaukee,Dry Van,328.0,812.96,766.19147,46.768532714843786,5.75287009383534
2025-10-08,Fort Wayne,Raleigh,Reefer,716.6,1719.38,1602.5762,116.80382812500011,6.79336901237656
2025-10-08,Atlanta,Los Angeles,Flatbed,2108.9,4330.69,4198.2446,132.4453710937496,3.058297201918161
2025-10-08,Tucson,Memphis,Dry Van,1665.9,3208.13,3114.487,93.64293945312511,2.918925961638871
2025-10-08,Phoenix,Albany,Dry Van,3166.1,5697.12,5869.21,172.0899609375001,3.0206483440317236
2025-10-08,Mobile,Houston,Dry Van,478.4,411.17,1064.5056,653.3356152343749,158.89671309540455
2025-10-08,Lubbock,Raleigh,Dry Van,1580.7,3197.76,3073.393,124.36693359375022,3.8891891071797198
2025-10-08,Corpus Christi,Mobile,Dry Van,618.7,1387.71,1308.7935,78.91654296875004,5.686818064923509
2025-10-08,Atlanta,San Antonio,Dry Van,945.8,2051.57,1762.1073,289.46270019531266,14.109326037878924
2025-10-08,Lubbock,Amarillo,Dry Van,434.0,1066.71,1055.2347,11.475258789062536,1.0757618086511362
2025-10-08,Milwaukee,Lubbock,Reefer,1085.5,2517.8,2461.5386,56.26142578125018,2.2345470562097933
2025-10-08,New York,St. Louis,Dry Van,1034.4,2121.19,2121.3774,0.18744140624994543,0.008836615590774304
2025-10-08,Madison,Bakersfield,Dry Van,1826.8,3384.59,3383.5396,1.0504492187501455,0.031036232416633787
2025-10-08,Raleigh,Philadelphia,Dry Van,427.9,988.67,957.1931,31.47688476562496,3.183760482832994
2025-10-08,Milwaukee,Fort Wayne,Dry Van,261.7,626.31,602.18536,24.124636230468695,3.851868280958103
2025-10-08,San Antonio,Hartford,Reefer,1896.7,3896.37,3877.6252,18.74475585937489,0.48108254245297266
2025-10-08,Nashville,Milwaukee,Flatbed,366.1,923.77,911.5873,12.182719726562482,1.3188044347145373
2025-10-08,Columbia,Raleigh,Flatbed,417.8,1025.83,1016.65356,9.176435546874927,0.894537647258798
2025-10-08,Houston,Richmond,Reefer,1315.9,2880.8,2818.5286,62.27143554687518,2.1616021781059143
2025-10-08,Greensboro,San Antonio,Dry Van,1182.0,2475.13,2482.4316,7.301640624999891,0.29500028786366334
2025-10-08,Las Vegas,Fresno,Dry Van,339.6,779.8,744.50964,35.290356445312455,4.525565073776924
2025-10-08,Chattanooga,Jacksonville,Flatbed,339.8,919.26,913.91174,5.348256835937491,0.581800234529675
2025-10-08,Salt Lake City,Memphis,Flatbed,1593.0,3104.79,3133.5728,28.782753906250036,0.9270435007279088
2025-10-08,Kansas City,Fort Wayne,Flatbed,391.6,977.05,902.8505,74.1994750976562,7.594235207784269
2025-10-08,Boston,Philadelphia,Dry Van,236.0,578.45,561.91516,16.534838867187545,2.858473310949528
2025-10-08,Memphis,Amarillo,Reefer,1045.9,2499.24,2363.6716,135.56836914062478,5.424383778293593
2025-10-08,Buffalo,Lexington,Dry Van,565.0,1188.73,1178.4275,10.302509765625018,0.86668206957215
2025-10-08,Grand Rapids,Savannah,Dry Van,844.2,1778.52,1666.4833,112.03672363281248,6.29943568994515
2025-10-08,Boston,Fresno,Dry Van,3288.9,5920.59,5592.957,327.63296875000015,5.533789178950073
2025-10-08,Houston,Greensboro,Reefer,927.0,2154.76,2186.1182,31.35816406249978,1.4552972981909715
2025-10-08,Syracuse,Richmond,Dry Van,398.6,895.22,867.68384,27.536162109375027,3.075910067846454
2025-10-08,El Paso,Cincinnati,Dry Van,1591.5,3124.21,3089.2166,34.993447265625036,1.1200734670724772
2025-10-08,El Paso,Kansas City,Dry Van,1344.8,2842.65,2769.5898,73.06015625000009,2.5701425166657903
2025-10-08,Lexington,Raleigh,Flatbed,523.1,1249.95,1232.3812,17.568774414062545,1.4055581754520217
2025-10-08,Hartford,San Francisco,Flatbed,3155.7,6512.76,6213.0586,299.7014062500002,4.601757261898184
2025-10-08,Chattanooga,Las Vegas,Flatbed,1902.4,3955.44,3927.6365,27.803525390625055,0.702918648510028
2025-10-08,Atlanta,Fort Wayne,Dry Van,533.1,1216.74,1181.0236,35.71644042968751,2.935420914056208
2025-10-08,St. Louis,Amarillo,Dry Van,1014.6,2089.49,2091.3494,1.8593652343752183,0.08898655817329676
2025-10-08,Lexington,Albany,Dry Van,1040.0,10566.25,2092.1538,8474.09619140625,80.1996563719981
2025-10-08,Bakersfield,Harrisburg,Dry Van,2480.9,4668.25,4656.516,11.73388671875,0.2513551484764098
2025-10-08,Raleigh,Jacksonville,Reefer,547.5,1334.51,1291.5792,42.93077636718749,3.2169692521740187
2025-10-08,Corpus Christi,Oklahoma City,Reefer,339.8,972.88,914.7681,58.111872558593745,5.9731798946009524
2025-10-08,Shreveport,Providence,Dry Van,1528.0,3174.36,3073.8887,100.47132812500013,3.1650892817764875
2025-10-08,Baton Rouge,Salt Lake City,Dry Van,1448.0,3098.28,3412.4636,314.1836230468748,10.140581969572626
2025-10-08,Hartford,San Francisco,Flatbed,3189.5,6080.94,6079.1104,1.8296484374995998,0.030088250130729792
2025-10-08,Syracuse,Reno,Reefer,2512.9,5136.23,4723.9233,412.30666015624956,8.027418167727099
2025-10-08,Madison,Houston,Dry Van,972.4,1984.99,1956.6326,28.35743164062501,1.4285931738006241
2025-10-08,Nashville,Harrisburg,Reefer,740.7,1763.19,1673.2738,89.91619628906255,5.099631706682919
2025-10-08,Savannah,Green Bay,Flatbed,936.9,2070.12,2079.9678,9.84777343750011,0.4757102698152817
2025-10-08,Savannah,Philadelphia,Dry Van,763.7,1645.67,1569.7496,75.92036621093757,4.613340840565701
2025-10-08,Charleston,Bakersfield,Reefer,2451.3,5333.52,5191.897,141.62302734375044,2.655338825836416
2025-10-08,Kansas City,Madison,Reefer,201.4,585.34,555.9213,29.418674316406282,5.02591217350707
2025-10-08,San Antonio,Chattanooga,Flatbed,894.7,2056.8,2037.0565,19.743481445312682,0.9599125556842028
2025-10-08,Green Bay,Phoenix,Flatbed,2189.8,4397.12,4198.581,198.5389453124999,4.51520416346381
2025-10-08,St. Louis,Austin,Dry Van,1008.3,2071.17,2101.0195,29.849531249999927,1.4411917539361774
2025-10-08,Tulsa,Detroit,Flatbed,1047.0,2242.32,2231.8196,10.500419921875164,0.46828373835470244
2025-10-08,Baton Rouge,San Antonio,Dry Van,431.2,1085.63,1010.8727,74.75731933593761,6.886077147457017
2025-10-08,Lubbock,Richmond,Dry Van,1667.9,3277.97,3322.156,44.1860058593752,1.3479685860265715
2025-10-08,Milwaukee,Raleigh,Dry Van,805.1,1712.04,1668.6713,43.368735351562464,2.533161336859096
2025-10-08,Cincinnati,Corpus Christi,Reefer,934.1,2247.82,2492.6057,244.78571289062484,10.889916136106308
2025-10-08,Baton Rouge,Fresno,Reefer,1824.4,4165.0,4059.727,105.27294921875,2.5275618059723888
2025-10-08,Louisville,Shreveport,Flatbed,527.8,1396.12,1424.4364,28.31640136718761,2.0282211677497357
2025-10-08,Green Bay,Detroit,Dry Van,215.5,501.69,530.9986,29.308596191406252,5.841973368296409
2025-10-08,Syracuse,Fort Wayne,Dry Van,529.9,1152.09,1132.1653,19.924716796874918,1.7294409982618477
2025-10-08,Mobile,Indianapolis,Reefer,559.4,1461.55,1455.5514,5.9986083984374545,0.4104278607257675
2025-10-08,Greensboro,Los Angeles,Dry Van,2320.8,4493.05,4500.992,7.942187499999818,0.1767660609163
2025-10-08,Phoenix,Kansas City,Dry Van,1824.8,3534.58,3530.953,3.6271191406249272,0.1026181085341095
2025-10-08,Los Angeles,Austin,Flatbed,1237.0,2917.59,2816.3271,101.26285156250015,3.4707704496690814
2025-10-08,Fresno,Kansas City,Dry Van,1971.0,3657.67,3669.458,11.788007812499927,0.32228188471075647
2025-10-08,Kansas City,Richmond,Dry Van,921.4,1838.07,1797.7819,40.288139648437436,2.191871889995345
2025-10-08,Lubbock,Greensboro,Reefer,1246.1,3042.93,2917.585,125.34503906249984,4.119221903313577
2025-10-08,Baltimore,Montgomery,Dry Van,1044.5,2100.15,2172.5547,72.40468749999991,3.447596005047254
2025-10-08,San Antonio,Austin,Dry Van,86.8,257.52,309.07376,51.55376098632814,20.01932315405722
2025-10-08,Tulsa,Baton Rouge,Dry Van,285.1,741.71,725.1663,16.543679199218786,2.2304781112859184
2025-10-08,Tucson,Green Bay,Dry Van,2006.4,3741.48,3664.585,76.89503906250002,2.0552037980291225
2025-10-08,Reno,Amarillo,Dry Van,1047.3,1996.66,2187.5474,190.88736328124992,9.560333921711754
2025-10-08,San Antonio,Oklahoma City,Dry Van,215.9,621.68,655.1198,33.4398120117188,5.378942866381226
2025-10-08,Milwaukee,Mobile,Reefer,664.8,1700.19,1500.3577,199.83233398437505,11.75352954577871
2025-10-08,Kansas City,Greensboro,Reefer,618.4,1500.99,1469.1482,31.84180664062501,2.1213869939589878
2025-10-08,New York,Shreveport,Dry Van,1325.9,2666.75,2599.2808,67.46923828125,2.530017372503984
2025-10-08,New York,Grand Rapids,Reefer,821.8,1875.44,1785.2965,90.14349121093755,4.806524933398966
2025-10-08,Memphis,Philadelphia,Flatbed,1090.4,2445.03,2444.5303,0.4997265625002001,0.020438463433994677
2025-10-08,Los Angeles,Baltimore,Dry Van,3006.7,5670.75,5790.289,119.5390625,2.1079938720627784
2025-10-08,Bakersfield,Milwaukee,Dry Van,1897.3,3544.19,3483.086,61.104062500000055,1.7240628324102276
2025-10-08,Buffalo,Columbia,Dry Van,659.3,1308.91,1285.2322,23.677822265625082,1.8089725241326813
2025-10-08,Amarillo,Fort Wayne,Flatbed,1366.0,2945.22,2690.8694,254.3506152343748,8.636048079069639
2025-10-08,Raleigh,Tucson,Flatbed,2439.9,5009.84,4865.821,144.01919921875015,2.8747265225785683
2025-10-08,Syracuse,Atlanta,Dry Van,869.6,1847.58,1751.8561,95.72392089843743,5.18104335933694
2025-10-08,Grand Rapids,Fresno,Flatbed,2265.0,4694.66,4695.7812,1.1212500000001455,0.02388351872127365
2025-10-08,El Paso,Baton Rouge,Flatbed,1223.4,2735.4,2729.298,6.101904296875091,0.22307173710883568
2025-10-08,Greensboro,Phoenix,Dry Van,2334.3,4225.88,4364.67,138.7899218749999,3.2842845010979933
2025-10-08,Savannah,Amarillo,Dry Van,1492.0,3194.31,2987.8916,206.41839843749995,6.462065311053089
2025-10-08,Baton Rouge,Salt Lake City,Reefer,1441.3,3375.73,3788.8647,413.13474609375,12.238382397103736
2025-10-08,Shreveport,Cincinnati,Reefer,558.5,1438.13,1386.6174,51.51256835937511,3.5819132039089028
2025-10-08,Fort Wayne,Mobile,Dry Van,796.9,1719.59,1673.4734,46.11661132812492,2.6818376082743516
2025-10-08,New Orleans,Albuquerque,Flatbed,1205.4,2735.62,2703.963,31.65710937499989,1.157218816027076
2025-10-08,Reno,Corpus Christi,Flatbed,1751.3,3817.37,3697.5542,119.81580078124989,3.1387002250567773
2025-10-08,Providence,Tulsa,Dry Van,1703.6,3441.81,3364.0935,77.71649414062495,2.2580123289962244
2025-10-08,Savannah,Mobile,Dry Van,424.1,1053.16,1036.7358,16.424160156250082,1.5595123396492538
2025-10-08,Kansas City,Albuquerque,Dry Van,1234.9,2584.59,2531.4614,53.128574218750146,2.055590024675099
2025-10-08,El Paso,Richmond,Dry Van,2156.1,3962.36,3976.8242,14.464218749999873,0.36504049985361936
2025-10-08,Houston,Providence,Dry Van,1736.7,3502.63,3269.35,233.2799023437501,6.660135450896901
2025-10-08,Little Rock,Cincinnati,Reefer,439.3,1196.54,1147.7231,48.816855468749964,4.079834812772658
2025-10-08,Indianapolis,Amarillo,Reefer,1097.7,2670.34,2421.5715,248.76846679687515,9.315984735909103
2025-10-08,Mobile,Syracuse,Reefer,1145.9,2641.96,2405.6895,236.27054687500004,8.943002425282746
2025-10-08,Richmond,Harrisburg,Reefer,182.1,515.65,507.07883,8.571173095703102,1.662207523650364
2025-10-08,Lubbock,Mobile,Reefer,837.5,2047.8,1989.9998,57.800244140624955,2.8225531858885122
2025-10-08,Memphis,Atlanta,Dry Van,242.4,2281.75,674.35486,1607.3951416015625,70.44571673503069
2025-10-08,Lexington,Grand Rapids,Flatbed,549.4,1264.02,1213.1743,50.84568359374998,4.022537902386828
2025-10-08,Raleigh,Tucson,Dry Van,2434.8,4584.93,4629.9946,45.06462890624971,0.9828858653512639
2025-10-08,El Paso,Indianapolis,Dry Van,1473.1,3093.95,2738.159,355.7910644531248,11.499573828055555
2025-10-08,Madison,Charleston,Flatbed,894.5,1945.36,1860.8376,84.5223535156249,4.344818106449444
2025-10-08,Columbia,Tampa,Dry Van,598.6,1324.61,1418.2848,93.6747900390626,7.071877008256212
2025-10-08,Cincinnati,Lexington,Dry Van,127.3,350.21,359.03265,8.82265380859377,2.5192466830169815
2025-10-08,Philadelphia,Cincinnati,Dry Van,911.6,1777.07,1770.4365,6.633476562499936,0.3732816694052534
2025-10-08,Nashville,Lexington,Dry Van,248.1,596.8,591.2169,5.5830810546874545,0.9355028576889168
2025-10-08,Montgomery,Raleigh,Dry Van,679.7,4747.88,1618.5051,3129.374873046875,65.91099339172168
2025-10-09,Lexington,San Antonio,Reefer,1078.9,2664.93,2514.3862,150.54376953124984,5.649070314464164
2025-10-09,Amarillo,Baton Rouge,Dry Van,876.7,1880.05,1771.4994,108.55061035156245,5.77381507680979
2025-10-09,Grand Rapids,Oklahoma City,Dry Van,1252.3,2542.03,2530.7188,11.3112500000002,0.44496917817650455
2025-10-09,Las Vegas,Philadelphia,Dry Van,2678.9,5016.11,4977.905,38.20521484374967,0.7616502597381173
2025-10-09,Bakersfield,Fresno,Dry Van,238.3,599.05,581.5266,17.523388671874955,2.9251963395167278
2025-10-09,Grand Rapids,Tucson,Reefer,1967.7,4113.37,3954.3015,159.0684863281249,3.8671086318061563
2025-10-09,Cincinnati,Philadelphia,Flatbed,942.2,2121.88,2112.353,9.52697265625011,0.44898734406517377
2025-10-09,Atlanta,Boston,Reefer,1126.9,2658.76,2499.9995,158.76048828125022,5.971222986702456
2025-10-09,Fort Wayne,Memphis,Flatbed,555.2,1313.69,1255.0515,58.638486328125055,4.46364715634016
2025-10-09,Montgomery,Fort Wayne,Dry Van,825.7,1849.4,1763.8475,85.55246582031259,4.625957922586385
2025-10-09,Harrisburg,Toledo,Dry Van,447.1,1021.86,980.43536,41.424636230468764,4.053846537732054
2025-10-09,Lubbock,Corpus Christi,Reefer,324.2,961.45,951.1333,10.316699218750045,1.0730354380103015
2025-10-09,Shreveport,Raleigh,Dry Van,1022.9,2090.03,2042.2498,47.7802441406252,2.2861032684040516
2025-10-09,Albany,Savannah,Dry Van,1114.9,2211.15,2139.218,71.93198242187509,3.2531480189889916
2025-10-09,Greensboro,Raleigh,Flatbed,363.6,911.78,922.12134,10.341337890625027,1.1341922273602214
2025-10-09,Los Angeles,New Orleans,Flatbed,1722.2,3852.58,3689.2253,163.35465820312493,4.24013669289476
2025-10-09,Boston,Tucson,Dry Van,2902.6,5332.05,5284.3887,47.66132812500018,0.8938649886066368
2025-10-09,Kansas City,Mobile,Reefer,662.6,1585.9,1438.5463,147.3537353515626,9.291489712564637
2025-10-09,Albany,Fresno,Flatbed,3087.5,5938.75,5885.2876,53.46240234375,0.9002298858135129
2025-10-09,Greensboro,Memphis,Dry Van,444.9,995.1,981.0238,14.076196289062523,1.414550928455685
2025-10-09,Lexington,San Francisco,Dry Van,2326.7,4275.91,4237.129,38.781093749999854,0.9069670257325307
2025-10-09,Tampa,Reno,Reefer,2295.4,4782.28,4272.317,509.96310546874975,10.66359781252352
2025-10-09,Greensboro,Buffalo,Dry Van,564.5,1266.91,1194.6467,72.26327148437508,5.703899368098372
2025-10-09,Raleigh,El Paso,Flatbed,2166.4,4404.31,4409.228,4.9180273437496,0.1116639687885185
2025-10-09,Savannah,Reno,Dry Van,2458.0,4516.71,3955.3428,561.3672265625,12.428675442135981
2025-10-09,Lubbock,Dallas,Dry Van,436.1,1119.61,1107.425,12.1849511718749,1.0883210378502248
2025-10-09,Baton Rouge,El Paso,Flatbed,1240.4,2617.72,2574.1816,43.5383593749998,1.6632168213177805
2025-10-09,Dayton,Albany,Dry Van,977.5,1954.43,1934.5055,19.924506835937564,1.0194535918880472
2025-10-09,Indianapolis,Cincinnati,Dry Van,189.7,506.9,465.282,41.61798706054685,8.210295336466137
2025-10-09,Mobile,Baton Rouge,Dry Van,350.9,920.64,919.0676,1.5723730468749864,0.17079130244992466
2025-10-09,Fresno,Corpus Christi,Reefer,1715.8,3737.47,3598.7258,138.7441699218748,3.7122483905389156
2025-10-09,Raleigh,El Paso,Dry Van,2177.2,4327.96,4197.216,130.74417968750004,3.0209193173573703
2025-10-09,Boston,Columbia,Reefer,977.7,2254.47,2302.9695,48.4994824218752,2.1512587180967238
2025-10-09,Savannah,Madison,Dry Van,826.6,1795.99,1739.6804,56.30958007812501,3.13529474429841
2025-10-09,Nashville,San Antonio,Dry Van,853.7,1922.84,1897.0857,25.754306640624918,1.3393889580321254
2025-10-09,Baton Rouge,Reno,Reefer,1835.5,4049.21,3872.2544,176.95560546875004,4.370126653563289
2025-10-09,Cincinnati,Shreveport,Reefer,530.0,1371.17,1332.3938,38.77620117187507,2.827964524593965
2025-10-09,Phoenix,Baltimore,Dry Van,3033.0,5791.84,5990.5293,198.68929687499985,3.4305038964301473
2025-10-09,Columbia,Dayton,Dry Van,467.8,1058.31,1030.6997,27.610292968749945,2.6089040988698913
2025-10-09,Montgomery,Grand Rapids,Dry Van,997.8,2054.89,2021.1345,33.75547851562487,1.642690290751567
2025-10-09,Richmond,Houston,Reefer,1343.5,3037.14,3051.7876,14.647597656250127,0.4822825966616662
2025-10-09,Fort Wayne,Lexington,Dry Van,358.4,816.77,793.7781,22.991923828124982,2.814981430283309
2025-10-09,Columbia,Buffalo,Reefer,654.4,1573.0,1482.299,90.7010498046875,5.76611886870232
2025-10-09,Raleigh,Syracuse,Dry Van,614.4,1260.89,1220.846,40.0440527343751,3.175856159885089
2025-10-09,Boston,Mobile,Dry Van,1405.6,2916.35,2778.5696,137.7804199218749,4.72441304788091
2025-10-09,Los Angeles,Phoenix,Dry Van,77.5,223.86,225.79066,1.9306646728515489,0.8624428986203648
2025-10-09,Lexington,New York,Flatbed,759.6,1777.76,1714.6813,63.07872558593749,3.5482137963469476
2025-10-09,Syracuse,Reno,Dry Van,2534.4,4774.04,4434.5654,339.47457031249996,7.1108446999292
2025-10-09,Bakersfield,Kansas City,Dry Van,1716.1,3423.01,3406.5344,16.47557617187522,0.4813183768634978
2025-10-09,Syracuse,Jacksonville,Reefer,1004.8,2413.73,2357.2678,56.46217773437502,2.3392085168753347
2025-10-09,Hartford,Corpus Christi,Dry Van,1797.4,3383.17,3324.3594,58.81062500000007,1.7383289932223351
2025-10-09,Corpus Christi,Oklahoma City,Reefer,348.9,1029.53,926.62695,102.90304687499997,9.995147968004815
2025-10-09,Dayton,Jacksonville,Reefer,664.9,1550.3,1473.6282,76.67182617187495,4.945612215176092
2025-10-09,Shreveport,Savannah,Dry Van,696.8,1544.43,1451.363,93.06696289062506,6.025974818581941
2025-10-09,Columbia,Tucson,Dry Van,2079.5,4135.5,3876.2383,259.26171875,6.269174676580825
2025-10-09,Jacksonville,Mobile,Dry Van,278.4,707.53,704.4612,3.0688183593749727,0.4337368534726404
2025-10-09,Reno,Fort Wayne,Flatbed,2059.1,4078.06,4231.64,153.58013671875005,3.766009737932989
2025-10-09,Austin,Memphis,Dry Van,875.4,1955.55,1880.2988,75.25117187499995,3.8480822211142622
2025-10-09,Nashville,Albuquerque,Dry Van,1416.3,2973.63,2883.7366,89.89342773437511,3.023019936386676
2025-10-09,Tulsa,Greensboro,Dry Van,872.6,1956.4,1815.253,141.1469482421876,7.2146262646793895
2025-10-09,Nashville,Raleigh,Reefer,716.8,1643.75,1615.0176,28.732421875,1.7479800380228137
2025-10-09,Oklahoma City,Dallas,Flatbed,282.8,811.54,825.6288,14.088784179687536,1.7360554229843923
2025-10-09,Kansas City,Cincinnati,Dry Van,355.2,802.51,777.4574,25.05260253906249,3.1217807303413654
2025-10-09,Milwaukee,Albany,Dry Van,1074.1,2089.95,2056.116,33.83403320312482,1.6188919927809193
2025-10-09,Hartford,Detroit,Reefer,781.4,1834.67,1823.521,11.149003906250073,0.607684428602968
2025-10-09,Bakersfield,Los Angeles,Dry Van,386.0,841.52,855.8836,14.363605957031268,1.706864478209819
2025-10-09,Los Angeles,Indianapolis,Dry Van,2012.5,3969.29,3855.403,113.88692382812496,2.869201389370012
2025-10-09,Greensboro,Shreveport,Dry Van,705.5,1521.83,1393.1542,128.67582519531243,8.455335037114029
2025-10-09,Boston,Hartford,Dry Van,186.7,464.23,435.37885,28.851154785156268,6.21484065768181
2025-10-09,Madison,Philadelphia,Dry Van,1059.5,2195.41,2193.731,1.6790429687498545,0.07647969940693787
2025-10-09,Boston,Toledo,Dry Van,954.8,1962.57,1974.6168,12.046821289062564,0.6138288717886529
2025-10-09,Grand Rapids,Milwaukee,Flatbed,359.8,905.33,917.93774,12.607744140624959,1.3926130958462615
2025-10-09,Fresno,Los Angeles,Reefer,441.7,1125.21,1043.1339,82.07608886718754,7.294290742811345
2025-10-09,Los Angeles,Hartford,Reefer,3061.6,6610.87,6379.8765,230.9935351562499,3.4941472931134614
2025-10-09,Nashville,Albuquerque,Dry Van,1427.1,2958.24,2925.34,32.89991210937478,1.112144792490629
2025-10-09,Richmond,Bakersfield,Reefer,2652.5,5686.14,5378.7944,307.3455664062503,5.405170579800187
2025-10-09,Bakersfield,Dallas,Reefer,1494.7,3519.69,3503.7644,15.925595703125055,0.4524715444577521
2025-10-09,Toledo,Tucson,Dry Van,2059.8,3828.39,3616.0972,212.29283203124987,5.545224808111239
2025-10-09,San Francisco,Milwaukee,Dry Van,2162.5,4282.29,4146.687,135.60298828124996,3.1665998398345265
2025-10-09,Columbia,Shreveport,Dry Van,650.2,5511.27,1324.4104,4186.859599609375,75.96905249805172
2025-10-09,Cincinnati,Memphis,Reefer,235.9,656.59,620.9,35.68997558593753,5.435656282602161
2025-10-09,Greensboro,Memphis,Dry Van,467.8,1044.29,1004.018,40.271994628906214,3.8563995278041747
2025-10-09,Shreveport,Albuquerque,Flatbed,1190.1,2611.99,2602.185,9.804941406249782,0.37538204228384425
2025-10-09,Tampa,El Paso,Reefer,1680.5,3806.22,3768.0063,38.2136523437498,1.0039790748761186
2025-10-09,Nashville,Toledo,Reefer,581.0,1457.28,1426.0461,31.233857421874973,2.143298296955628
2025-10-09,Houston,Lubbock,Flatbed,368.1,973.83,956.15015,17.67985351562504,1.8154969055815737
2025-10-09,Fort Wayne,Montgomery,Reefer,831.4,1926.36,1796.86,129.5000146484374,6.722524068628783
2025-10-09,Shreveport,Cincinnati,Reefer,548.2,1431.35,1413.0259,18.32412109374991,1.2801984904984742
2025-10-09,Oklahoma City,Montgomery,Flatbed,869.2,2149.17,1884.4308,264.7392138671876,12.318207208698594
2025-10-09,Tampa,Savannah,Dry Van,546.0,1241.75,1327.4241,85.674072265625,6.899462231981075
2025-10-09,Tucson,Baltimore,Dry Van,2763.2,5053.13,4988.1475,64.98253906250011,1.285985895128368
2025-10-09,Albany,New York,Flatbed,383.6,958.28,897.8635,60.41647460937497,6.304678654399025
2025-10-09,Chattanooga,Charleston,Dry Van,512.3,1203.76,1142.9021,60.85790039062499,5.055650660482571
2025-10-09,Chattanooga,Providence,Dry Van,1147.3,2237.63,2254.9229,17.29285156249989,0.772819973029495
2025-10-09,Montgomery,Charleston,Dry Van,512.4,1117.48,1095.3707,22.109272460937518,1.9784937950511436
2025-10-09,Los Angeles,Baton Rouge,Flatbed,1696.1,3466.55,3452.3745,14.175488281250182,0.4089220776059823
2025-10-09,Atlanta,Dallas,Reefer,611.0,1571.77,1521.9331,49.83689453124998,3.1707498254356543
2025-10-09,Nashville,Richmond,Reefer,778.6,1901.84,1842.6343,59.20572265624992,3.1130758978804693
2025-10-09,Madison,San Antonio,Reefer,1135.0,2504.88,2561.4536,56.57361328124989,2.2585358692332522
2025-10-09,Baltimore,Boston,Flatbed,223.0,611.91,602.94745,8.962551269531218,1.4646845564758246
2025-10-09,Tampa,Mobile,Dry Van,310.0,2940.49,696.82,2243.669992675781,76.30258877519668
2025-10-09,Tucson,Toledo,Dry Van,2016.7,3704.53,3687.955,16.5749218750002,0.44742307053796837
2025-10-09,Charleston,Harrisburg,Dry Van,476.7,1095.83,1051.008,44.82194335937493,4.090227805350732
2025-10-09,Tucson,Greensboro,Dry Van,2073.2,4016.71,3896.164,120.54593750000004,3.0011112950648675
2025-10-09,Buffalo,Kansas City,Dry Van,792.5,1701.51,1600.371,101.13902832031249,5.944074869986806
2025-10-09,Philadelphia,Tucson,Reefer,2673.7,5687.25,5269.9424,417.3076171875,7.337599317552419
2025-10-09,Reno,Syracuse,Reefer,2471.1,4901.87,4920.504,18.63390625000011,0.3801387276692387
2025-10-09,Lexington,Fresno,Flatbed,2254.9,4501.42,4603.9844,102.56437499999993,2.278489343362759
2025-10-09,El Paso,Raleigh,Reefer,2194.2,4628.73,4488.4087,140.32130859374956,3.031529352408751
2025-10-09,Fresno,Mobile,Reefer,2205.7,5069.63,4627.076,442.5538281250001,8.729509414395135
2025-10-09,Los Angeles,New Orleans,Flatbed,1730.1,3540.21,3478.4507,61.759316406250036,1.7445099699241013
2025-10-09,Oklahoma City,Boston,Dry Van,2012.3,3957.89,3795.7417,162.14830078124987,4.09683697074072
2025-10-09,Atlanta,Phoenix,Dry Van,2082.8,3939.62,3776.661,162.9591113281249,4.136416997784682
2025-10-09,Madison,Mobile,Dry Van,820.8,1639.77,1658.5518,18.781757812500018,1.1453897688395336
2025-10-09,Fort Wayne,Madison,Dry Van,285.2,665.88,619.5679,46.312128906249995,6.955026266932479
2025-10-09,Little Rock,Kansas City,Dry Van,407.1,942.96,894.11035,48.849648437500036,5.18045817823662
2025-10-09,Phoenix,San Antonio,Dry Van,1270.4,2603.65,2622.671,19.02089843749991,0.730547440612214
2025-10-09,Syracuse,Chattanooga,Reefer,896.3,2071.76,1961.4337,110.32628417968772,5.325244438529932
2025-10-09,Lexington,Dallas,Dry Van,746.9,1691.61,1643.8015,47.8084863281249,2.826212089555211
2025-10-09,Los Angeles,Columbia,Dry Van,2308.3,4241.74,3838.3357,403.4043066406248,9.510349682927874
2025-10-09,Albany,Oklahoma City,Dry Van,1982.6,3757.74,3574.4817,183.25831054687478,4.876822519569603
2025-10-09,Shreveport,Cincinnati,Dry Van,525.2,1152.84,1128.105,24.735019531249918,2.1455726320434683
2025-10-09,Nashville,Corpus Christi,Dry Van,775.1,1789.11,1738.2758,50.8342431640624,2.8413145733947274
2025-10-09,Tulsa,Oklahoma City,Dry Van,285.1,742.74,713.25256,29.48743652343751,3.970088661367034
2025-10-09,Tucson,Bakersfield,Dry Van,314.6,794.34,793.31775,1.0222509765625318,0.12869186702955054
2025-10-09,Harrisburg,Jacksonville,Dry Van,776.3,1612.45,1635.1461,22.696118164062455,1.4075548490844647
2025-10-09,Milwaukee,Phoenix,Flatbed,2025.9,4242.66,4187.7773,54.882656249999854,1.2935907249225687
2025-10-09,Madison,Richmond,Dry Van,880.1,1769.34,1735.5526,33.78738769531242,1.9096040159218928
2025-10-09,Tucson,Amarillo,Dry Van,641.8,1423.71,1348.4885,75.22147460937504,5.2834829150160525
2025-10-09,Memphis,Corpus Christi,Dry Van,711.4,1653.45,1577.7286,75.72136230468755,4.57959795002495
2025-10-09,Mobile,Detroit,Dry Van,988.9,2008.89,2004.0343,4.8556982421876,0.24171050889733137
2025-10-09,Baton Rouge,San Antonio,Dry Van,439.5,1077.79,1035.3859,42.404135742187464,3.9343597307627145
2025-10-09,Milwaukee,Greensboro,Dry Van,455.6,367.67,985.6748,618.0048046874999,168.0868182575407
2025-10-09,Corpus Christi,Lubbock,Flatbed,322.1,874.67,879.91406,5.244062500000041,0.5995475436450366
2025-10-09,Montgomery,Atlanta,Reefer,312.9,856.91,828.81744,28.092556152343718,3.2783555043521164
2025-10-09,Phoenix,Raleigh,Flatbed,2724.0,5584.9,5394.203,190.69687499999964,3.414508317069234
2025-10-09,Little Rock,Kansas City,Dry Van,431.3,1059.7,996.98224,62.717761230468795,5.918444958994884
2025-10-09,Amarillo,San Francisco,Reefer,1189.9,2781.77,2768.8474,12.922587890624982,0.4645455192422444
2025-10-09,Toledo,Baltimore,Dry Van,836.5,1776.94,1863.8489,86.90887695312495,4.890929178988877
2025-10-09,Charleston,Boston,Dry Van,791.4,1556.42,1516.5573,39.86274902343757,2.5611820089331654
2025-10-09,Detroit,Mobile,Flatbed,1021.1,2283.31,2219.5806,63.729433593749945,2.791098606573349
2025-10-09,Kansas City,Shreveport,Reefer,560.4,1484.72,1428.609,56.11099121093753,3.779230508845946
2025-10-09,Charleston,Cincinnati,Flatbed,519.5,1264.57,1283.393,18.822944335937564,1.4884857568926644
2025-10-09,Boston,Milwaukee,Dry Van,1154.0,2415.68,2375.7266,39.953437499999836,1.653920945655047
2025-10-09,Toledo,Fort Wayne,Dry Van,82.8,231.71,234.36798,2.657980957031242,1.1471153411726909
2025-10-09,Corpus Christi,Syracuse,Dry Van,1751.0,3521.35,3095.9165,425.4334960937499,12.081545319089267
2025-10-09,Hartford,Memphis,Dry Van,1156.8,2405.13,2508.5828,103.45276367187489,4.301337710305675
2025-10-09,Chattanooga,Atlanta,Reefer,83.1,282.04,331.18362,49.143624267578105,17.42434557778262
2025-10-09,Buffalo,Green Bay,Dry Van,581.0,1163.86,1149.7675,14.0925439453124,1.2108452859718868
2025-10-09,Dallas,St. Louis,Dry Van,626.7,1445.85,1400.9004,44.94960937499991,3.1088708631600728
2025-10-09,Syracuse,Corpus Christi,Dry Van,1689.3,3348.58,3054.6477,293.9322949218749,8.777819103078766
2025-10-09,Jacksonville,Montgomery,Dry Van,140.5,396.7,392.50427,4.195727539062489,1.057657559632591
2025-10-09,Bakersfield,Birmingham,Flatbed,2060.7,4226.48,4128.6533,97.82667968749956,2.314613571754736
2025-10-09,Corpus Christi,Mobile,Dry Van,611.8,1415.91,1347.5757,68.33431640625008,4.826176551210888
2025-10-10,Los Angeles,Syracuse,Reefer,2821.2,5360.52,4942.9194,417.60056640625044,7.7902995680689635
2025-10-10,Montgomery,New York,Flatbed,1061.4,2275.93,2299.5608,23.630791015625164,1.0382916441026377
2025-10-10,El Paso,Lubbock,Dry Van,793.1,1853.27,1580.2638,273.0062060546875,14.731054085734268
2025-10-10,Louisville,Toledo,Reefer,436.0,1128.32,1092.8584,35.461601562499936,3.1428674101761858
2025-10-10,Louisville,Philadelphia,Dry Van,925.9,1898.58,1982.5828,84.00276367187507,4.424504823177062
2025-10-10,St. Louis,Bakersfield,Dry Van,1794.9,3378.19,3278.326,99.86407226562505,2.9561413735054884
2025-10-10,Raleigh,New York,Dry Van,451.0,1028.21,1025.8844,2.3256005859375364,0.22617953394127038
2025-10-10,Shreveport,Atlanta,Reefer,450.8,1244.46,1208.8138,35.646157226562536,2.8643875437187645
2025-10-10,Shreveport,Grand Rapids,Reefer,975.1,2302.46,2213.1458,89.31424804687504,3.879079247712231
2025-10-10,Tampa,Albuquerque,Flatbed,1694.8,3759.04,3393.3145,365.72554687499996,9.729227325992806
2025-10-10,New Orleans,Richmond,Dry Van,1126.9,2435.89,2385.7856,50.10435546874987,2.056921924584028
2025-10-10,Lubbock,Los Angeles,Dry Van,1160.7,2421.18,2353.8586,67.32135742187484,2.780518483626779
2025-10-10,Las Vegas,Chattanooga,Reefer,1889.9,4254.93,4043.1243,211.8057324218753,4.977889939949078
2025-10-10,Chattanooga,New York,Dry Van,956.9,2033.38,1979.1967,54.18334472656261,2.6646935017833657
2025-10-10,Albany,Buffalo,Dry Van,476.1,993.54,1012.04877,18.508767089843786,1.8629111147858954
2025-10-10,Hartford,Albany,Dry Van,368.8,789.41,717.30365,72.10635009765622,9.134207838468758
2025-10-10,Tulsa,Toledo,Reefer,939.1,2242.33,2184.7034,57.62663085937493,2.5699442481425536
2025-10-10,Los Angeles,Montgomery,Flatbed,2164.4,4589.65,4406.52,183.12998046874964,3.990064176326074
2025-10-10,Tulsa,New York,Reefer,1475.2,3217.79,3195.1313,22.658652343749964,0.7041681509281204
2025-10-10,Corpus Christi,Detroit,Dry Van,1403.3,2864.16,2830.9517,33.208339843749854,1.1594442993320855
2025-10-10,Green Bay,Philadelphia,Reefer,951.6,2174.63,2137.9766,36.65343750000011,1.6855022463591558
2025-10-10,Grand Rapids,Baton Rouge,Dry Van,1136.1,2343.86,2230.9106,112.94935546875013,4.818946330785547
2025-10-10,Fresno,Fort Wayne,Dry Van,2294.4,4335.83,4356.833,21.003007812500073,0.484405703463929
2025-10-10,Salt Lake City,Green Bay,Reefer,1737.0,3522.2,3366.89,155.31010742187482,4.409463046444689
2025-10-10,Bakersfield,San Francisco,Dry Van,388.0,915.66,891.9162,23.743801269531218,2.5930805396687875
2025-10-10,Shreveport,Washington,Reefer,1134.6,2507.38,2485.503,21.87707031250011,0.8725071713302375
2025-10-10,Oklahoma City,Baltimore,Flatbed,1791.8,3614.88,4230.3203,615.4403124999999,17.02519343657327
2025-10-10,Kansas City,Tampa,Flatbed,941.5,2154.79,2140.7585,14.031455078124964,0.6511750601276673
2025-10-10,San Francisco,Charleston,Flatbed,2752.5,5539.54,5283.613,255.92720703124996,4.6200082864506795
2025-10-10,Reno,Grand Rapids,Dry Van,1985.6,3574.14,3425.1013,149.03868164062487,4.169917284734926
2025-10-10,Philadelphia,Nashville,Dry Van,1031.6,1984.11,2043.6698,59.5597998046876,3.0018396059032817
2025-10-10,Buffalo,Amarillo,Reefer,1787.3,4085.99,3771.311,314.6789648437498,7.7014129952288135
2025-10-10,El Paso,Tampa,Dry Van,1650.0,3224.7,3259.5747,34.87470703125018,1.0814868679644676
2025-10-10,Los Angeles,Memphis,Dry Van,1979.1,3692.86,3701.1433,8.283310546874873,0.22430610818917782
2025-10-10,New Orleans,Phoenix,Reefer,1625.9,3564.26,3405.095,159.16502929687522,4.465584140799919
2025-10-10,Syracuse,New Orleans,Dry Van,1295.1,2527.85,2430.7935,97.05654296874991,3.839489802351798
2025-10-10,Tampa,Mobile,Reefer,307.6,2094.59,938.8957,1155.6943090820314,55.17520417275129
2025-10-10,Indianapolis,Tulsa,Dry Van,540.2,1264.94,1230.7538,34.186215820312555,2.7025958401436077
2025-10-10,Jacksonville,Austin,Dry Van,1060.8,2194.61,2149.5503,45.05970703125013,2.053198838574969
2025-10-10,Tampa,Los Angeles,Dry Van,2161.9,4045.17,3987.5898,57.58015625000007,1.4234298249517343
2025-10-10,Atlanta,Tucson,Reefer,1829.1,3893.83,3805.3381,88.49186523437493,2.2726175830576816
2025-10-10,Milwaukee,Montgomery,Flatbed,689.3,1653.38,1597.6792,55.70080078125011,3.368904957193755
2025-10-10,Nashville,Reno,Flatbed,2026.0,4118.68,4067.6853,50.99469726562529,1.2381320536100229
2025-10-10,Lexington,Bakersfield,Flatbed,2051.9,4176.34,3896.22,280.12002929687515,6.7073090145169
2025-10-10,Tampa,Toledo,Dry Van,1074.6,2062.28,2144.7034,82.4233691406248,3.9967108802211526
2025-10-10,Tampa,Lexington,Reefer,730.3,1806.72,1784.531,22.188994140625027,1.2281368524522354
2025-10-10,Fresno,Buffalo,Dry Van,2708.6,4782.29,4660.102,122.18794921874996,2.555009194732021
2025-10-10,Atlanta,Richmond,Dry Van,681.8,1473.33,1304.6486,168.68144042968743,11.448992447699254
2025-10-10,Greensboro,Kansas City,Reefer,611.3,1562.83,1489.0072,73.82279785156243,4.723661425206991
2025-10-10,Hartford,Grand Rapids,Reefer,919.7,2032.95,1944.6091,88.34086914062505,4.345452133137806
2025-10-10,Reno,Baton Rouge,Reefer,1820.1,3836.59,3739.2107,97.37930664062515,2.538173394619314
2025-10-10,Bakersfield,Green Bay,Flatbed,2011.1,4088.24,4106.4263,18.18626953125022,0.44484349087260583
2025-10-10,Corpus Christi,New York,Dry Van,1702.5,3500.41,3285.508,214.90194335937485,6.1393363451531355
2025-10-10,Birmingham,Buffalo,Dry Van,823.1,1738.92,1758.407,19.486982421874927,1.120637086345256
2025-10-10,Hartford,Tucson,Flatbed,2797.9,5899.4,5162.4746,736.9253906249996,12.491531183255919
2025-10-10,Hartford,Lubbock,Flatbed,1980.2,4160.02,3960.7231,199.29685546875044,4.7907667623893735
2025-10-10,Bakersfield,Toledo,Reefer,2106.5,4594.27,4260.096,334.17380859375044,7.273708523742628
2025-10-10,Buffalo,Fort Wayne,Flatbed,431.3,960.78,922.2446,38.53537109374997,4.010842346192674
2025-10-10,Houston,Buffalo,Dry Van,1401.6,2855.05,2827.312,27.737988281250182,0.9715412438048434
2025-10-10,Toledo,Detroit,Dry Van,153.4,379.54,370.73666,8.803336181640645,2.319475201992055
2025-10-10,Tampa,Baton Rouge,Flatbed,457.6,1199.69,1198.082,1.6079687500000546,0.13403202077203732
2025-10-10,Cincinnati,Corpus Christi,Dry Van,968.9,2093.43,2298.815,205.38494140625016,9.810929498777135
2025-10-10,Providence,El Paso,Reefer,2692.2,5694.27,5122.317,571.9531054687504,10.044362235523613
2025-10-10,Los Angeles,Memphis,Flatbed,1887.2,3828.99,3892.7092,63.71922851562522,1.6641262713045797
2025-10-10,Kansas City,Phoenix,Reefer,1829.7,3758.85,4024.2166,265.3665527343751,7.059780324683749
2025-10-10,Fresno,Washington,Flatbed,2821.0,5681.14,5571.074,110.06578125000033,1.9373889967506577
2025-10-10,Milwaukee,Grand Rapids,Dry Van,347.8,803.07,685.627,117.4429858398438,14.624252660396204
2025-10-10,Cincinnati,Syracuse,Dry Van,769.4,1590.39,1469.4406,120.9494482421876,7.605018155432792
2025-10-10,Amarillo,Charleston,Dry Van,1708.9,3398.84,3431.6423,32.802333984374854,0.9651037996603209
2025-10-10,Buffalo,Los Angeles,Dry Van,2672.2,4761.97,4464.8076,297.16238281250025,6.2403245466162165
2025-10-10,Hartford,Tampa,Flatbed,1316.7,2890.9,2802.1057,88.79428710937509,3.0715101563310765
2025-10-10,Little Rock,Baton Rouge,Reefer,324.1,866.98,826.48145,40.49855468750002,4.67122133007682
2025-10-10,Indianapolis,Providence,Dry Van,1265.9,2545.24,2456.7888,88.45118164062478,3.4751607565740277
2025-10-10,Columbia,Oklahoma City,Reefer,1042.9,2601.44,2450.7559,150.68414062500005,5.792335807283661
2025-10-10,Baton Rouge,Lubbock,Dry Van,517.5,1283.49,1302.6703,19.18028808593749,1.494385471327201
2025-10-10,Shreveport,Lexington,Dry Van,615.0,1327.27,1288.5374,38.73264648437498,2.918219087629117
2025-10-10,Birmingham,Lubbock,Flatbed,952.6,2213.71,2220.5051,6.795126953124964,0.3069565098014177
2025-10-10,Austin,Lexington,Dry Van,1177.0,2460.2,2614.614,154.41401367187518,6.27648214258496
2025-10-10,Nashville,Indianapolis,Reefer,272.9,798.7,824.1158,25.415783691406205,3.182143945336948
2025-10-10,St. Louis,Atlanta,Dry Van,383.0,906.37,892.5956,13.774418945312505,1.5197346497912005
2025-10-10,El Paso,Memphis,Dry Van,1376.4,2636.13,2694.8489,58.71887695312489,2.2274651459952617
2025-10-10,Nashville,Baton Rouge,Dry Van,500.7,1146.59,1106.3949,40.19510253906242,3.505621236803253
2025-10-10,Charleston,Tampa,Dry Van,672.6,1430.83,1352.442,78.38798339843743,5.478497333606189
2025-10-10,San Antonio,Dayton,Dry Van,1189.8,2381.74,2356.3281,25.41187499999978,1.0669458043279192
2025-10-10,Savannah,Syracuse,Flatbed,821.5,1862.97,1849.8616,13.108427734375027,0.7036306400197012
2025-10-10,Columbia,Charleston,Dry Van,246.4,634.08,587.50104,46.57896240234379,7.345912566607335
2025-10-10,Mobile,Baton Rouge,Dry Van,333.1,877.06,847.1991,29.860903320312445,3.404659124838945
2025-10-10,Corpus Christi,El Paso,Flatbed,1094.2,2343.09,2357.1565,14.066494140624854,0.6003394722620494
2025-10-10,Mobile,Shreveport,Dry Van,292.3,770.02,773.42926,3.409260253906268,0.4427495719469972
2025-10-10,Baton Rouge,Nashville,Dry Van,514.2,1180.98,1118.3427,62.63734863281252,5.303844995919704
2025-10-10,San Antonio,Columbia,Dry Van,1140.1,2260.68,2438.3923,177.71233398437516,7.861012349575136
2025-10-10,Albuquerque,Montgomery,Reefer,1627.4,3613.73,3481.9731,131.75685546875002,3.646007185615694
2025-10-10,Columbia,Buffalo,Dry Van,656.4,1431.42,1331.4017,100.01826660156257,6.987345894395955
2025-10-10,Tampa,Baton Rouge,Dry Van,444.7,200.31,1029.7664,829.456357421875,414.0863448763791
2025-10-10,Lubbock,Reno,Dry Van,1475.4,2740.91,2656.9417,83.96834960937485,3.0635208602024457
2025-10-10,Richmond,Oklahoma City,Dry Van,1540.1,3052.02,2871.1118,180.90818359374998,5.927490107985858
2025-10-10,Oklahoma City,Baltimore,Dry Van,1781.8,3638.92,4018.3972,379.4772167968749,10.42829237237628
2025-10-10,Los Angeles,New Orleans,Dry Van,1709.6,3223.52,3160.834,62.68601562499998,1.944644848643718
2025-10-10,Richmond,Tucson,Reefer,2440.1,5148.13,5074.149,73.98107421875011,1.4370475147043704
2025-10-10,Albany,Los Angeles,Reefer,3094.1,6336.16,5971.9365,364.22347656249985,5.74833142727614
2025-10-10,Montgomery,Raleigh,Dry Van,692.6,1505.85,1511.8617,6.011694335937591,0.39922265404506374
2025-10-10,Grand Rapids,Oklahoma City,Dry Van,1237.2,2540.67,2455.7612,84.90876953125007,3.3419833953740574
2025-10-10,Columbia,Toledo,Dry Van,627.3,1331.84,1247.4204,84.41958984374992,6.338568434928364
2025-10-10,Greensboro,Green Bay,Dry Van,750.3,1633.71,1528.906,104.80399414062504,6.415091671142677
2025-10-10,Chattanooga,Phoenix,Flatbed,1978.5,4065.44,3985.2168,80.22320312500005,1.9732969401835978
2025-10-10,Shreveport,Albuquerque,Reefer,1177.8,2737.93,2753.4624,15.532402343750164,0.5673045820656542
2025-10-10,Washington,Lexington,Dry Van,540.8,1092.65,1144.6636,52.01357421874991,4.760314301812099
2025-10-10,Tampa,San Francisco,Dry Van,2496.8,4871.12,4781.785,89.33484374999989,1.833969266821591
2025-10-10,Raleigh,Jacksonville,Dry Van,545.7,1190.14,1169.4545,20.6855322265626,1.738075539563631
2025-10-10,Milwaukee,Green Bay,Dry Van,389.5,905.9,848.18896,57.71103515624998,6.370574583977258
2025-10-10,Hartford,Harrisburg,Dry Van,384.7,875.41,860.74493,14.665065917968718,1.6752225720483793
2025-10-10,Chattanooga,San Antonio,Flatbed,899.3,2080.96,2072.2334,8.726601562500036,0.41935460376461037
2025-10-10,Fresno,San Antonio,Flatbed,1501.1,3355.91,3270.8289,85.08114257812485,2.5352629414413634
2025-10-10,Fort Wayne,Houston,Flatbed,1064.8,2357.78,2298.5144,59.2655957031252,2.51361856081251
2025-10-10,Bakersfield,Shreveport,Reefer,1672.5,3711.34,3646.5425,64.79751953125015,1.7459332621438655
2025-10-10,New York,Milwaukee,Dry Van,914.1,362.69,1735.604,1372.91400390625,378.5364922954176
2025-10-10,San Antonio,Baltimore,Flatbed,1827.8,3873.54,3791.58,81.95992187499996,2.1158919715557336
2025-10-10,Dayton,Green Bay,Dry Van,371.2,833.33,761.1262,72.20377929687504,8.664488173577698
2025-10-10,Dayton,Amarillo,Dry Van,1316.1,2599.36,2505.1794,94.18055664062513,3.623220971340065
2025-10-10,Nashville,Philadelphia,Dry Van,1011.5,2073.63,2022.7782,50.85180175781261,2.452308355772853
2025-10-10,Mobile,Memphis,Dry Van,329.2,838.28,935.866,97.58602783203128,11.641221051680976
2025-10-10,Savannah,Nashville,Dry Van,418.7,961.44,973.8222,12.382204589843695,1.287881156374157
2025-10-10,Grand Rapids,Richmond,Reefer,712.6,1654.14,1532.9536,121.1863867187501,7.326247277663928
2025-10-10,Madison,Charleston,Dry Van,877.8,1747.88,1677.9266,69.95336425781261,4.002183459837781
2025-10-10,Houston,New Orleans,Flatbed,250.7,710.97,723.97614,13.006135253906223,1.8293507818763413
2025-10-10,Houston,Corpus Christi,Reefer,201.7,610.44,609.6125,0.8275122070313046,0.13555995790434844
2025-10-10,Fort Wayne,Memphis,Dry Van,548.2,1258.79,1185.9102,72.87984374999996,5.789674508853738
2025-10-10,Oklahoma City,Indianapolis,Dry Van,836.9,1787.06,1715.3875,71.67254882812495,4.010640315832985
2025-10-10,Memphis,St. Louis,Dry Van,238.2,637.89,660.89355,23.003554687500014,3.6061945927197505
2025-10-10,Oklahoma City,Jacksonville,Reefer,976.1,2339.21,2339.2148,0.00484374999996362,0.00020706777074155891
2025-10-10,New York,Lexington,Dry Van,773.3,1608.79,1466.1299,142.66011718749996,8.867541269370145
2025-10-10,Tucson,Fort Wayne,Dry Van,2027.2,3775.5,3674.5686,100.931396484375,2.673325294249106
2025-10-10,New York,Raleigh,Dry Van,461.2,1003.34,938.85583,64.48416503906253,6.426950489272085
2025-10-10,Austin,Baton Rouge,Dry Van,525.4,1226.9,1205.2988,21.60117187500009,1.760630196022503
2025-10-10,Lexington,Tucson,Dry Van,1952.7,3849.77,3724.8208,124.94919921874998,3.2456276405798263
2025-10-10,Shreveport,Austin,Dry Van,579.4,1328.5,1269.351,59.1490478515625,4.452318242496236
2025-10-10,Boston,Cincinnati,Dry Van,1122.4,2169.55,2359.679,190.12895507812482,8.76352031887372
2025-10-10,Madison,New York,Flatbed,956.0,2089.85,2044.7688,45.08120117187491,2.157150090766079
2025-10-10,Jacksonville,Detroit,Dry Van,940.7,1909.37,1760.3091,149.0609179687499,7.806811564481997
2025-10-10,Tucson,Atlanta,Dry Van,1838.9,3714.5,3613.8523,100.647705078125,2.7095895834735493
2025-10-10,Columbia,Grand Rapids,Dry Van,749.8,1525.78,1458.1415,67.63852050781247,4.433045426458105
2025-10-10,Boston,New Orleans,Dry Van,1536.8,3046.89,2935.0261,111.86387695312487,3.6714117330499256
2025-10-10,Lubbock,Kansas City,Reefer,973.7,2290.09,2211.0764,79.01358398437515,3.450239247556871
2025-10-10,Shreveport,Phoenix,Dry Van,1663.5,3221.15,3105.37,115.77988281250009,3.5943648328236835
2025-10-10,Dayton,Richmond,Dry Van,586.5,1288.83,1205.8748,82.95524414062493,6.43647681545471
2025-10-10,Lubbock,Greensboro,Dry Van,1234.4,2573.69,2528.0015,45.688535156250055,1.7752151640737637
2025-10-10,Green Bay,Memphis,Reefer,722.3,1717.37,1573.8309,143.5390673828124,8.358074694609337
2025-10-10,Grand Rapids,Raleigh,Flatbed,863.0,1955.02,1874.8821,80.13791992187498,4.099084404347525
2025-10-10,Montgomery,Madison,Dry Van,861.2,1835.97,1799.918,36.05203125000003,1.9636503455938839
2025-10-10,El Paso,Charleston,Dry Van,2061.9,3745.12,3877.5698,132.4498242187501,3.536597604849781
2025-10-10,Syracuse,New York,Dry Van,315.7,750.33,711.40216,38.92783935546879,5.188095818569002
2025-10-10,Fresno,Corpus Christi,Dry Van,1689.5,3518.45,3309.4465,209.00346679687482,5.94021420787207
2025-10-10,Nashville,Salt Lake City,Flatbed,1659.7,3543.04,3361.2676,181.77242187499996,5.130408402812273
2025-10-11,Amarillo,Philadelphia,Flatbed,2134.7,4130.04,4139.6953,9.655312500000036,0.23378254205770493
2025-10-11,Montgomery,Austin,Dry Van,952.7,2066.18,2007.1267,59.053291015624836,2.8580903413848184
2025-10-11,Memphis,Reno,Reefer,1877.8,3996.28,3916.5247,79.7553417968752,1.9957395827338225
2025-10-11,Milwaukee,New York,Reefer,922.3,2143.64,2387.5469,243.90687500000013,11.37816401074808
2025-10-11,Raleigh,Houston,Dry Van,1218.3,2526.69,2485.6453,41.044736328125055,1.62444685846404
2025-10-11,Milwaukee,Mobile,Dry Van,655.2,1451.28,1254.7174,196.56259277343747,13.544084723377809
2025-10-11,Milwaukee,Cincinnati,Dry Van,246.2,624.8,634.2297,9.429675292968795,1.5092310007952618
2025-10-11,Kansas City,Fresno,Reefer,1939.9,4266.12,4069.1445,196.9754687499999,4.617204128107036
2025-10-11,Lexington,Shreveport,Dry Van,627.8,1446.63,1486.6693,40.03931152343739,2.767764495651092
2025-10-11,Boston,Charleston,Dry Van,781.7,1659.78,1634.3926,25.387421874999973,1.5295654770511737
2025-10-11,Lexington,Chattanooga,Flatbed,212.2,592.16,608.50244,16.342441406250032,2.759801642503721
2025-10-11,Los Angeles,Mobile,Dry Van,1995.0,3718.09,4746.163,1028.0730859374999,27.65057021044407
2025-10-11,Mobile,New York,Flatbed,1182.9,2569.64,2581.0366,11.396621093750127,0.4435104175584957
2025-10-11,El Paso,Tampa,Reefer,1731.4,3529.82,3142.5657,387.25432617187516,10.970936936497475
2025-10-11,Little Rock,Indianapolis,Flatbed,398.9,995.91,969.99854,25.911464843749968,2.6017877964625287
2025-10-11,Green Bay,Oklahoma City,Dry Van,1220.0,2469.04,2451.7356,17.304404296874964,0.7008555672194441
2025-10-11,Shreveport,Cincinnati,Dry Van,533.4,1185.3,1189.5884,4.2883789062500455,0.36179692113811235
2025-10-11,Columbia,Tampa,Dry Van,586.5,1222.96,1381.2524,158.29244140624996,12.943386652568357
2025-10-11,New York,Buffalo,Flatbed,332.3,830.84,827.41986,3.420139160156282,0.4116483510852007
2025-10-11,Lexington,Philadelphia,Reefer,817.3,1833.98,1965.1559,131.17588378906248,7.152525315928335
2025-10-11,Fort Wayne,Fresno,Reefer,2241.6,4593.62,4360.995,232.6248828124999,5.064086337409274
2025-10-11,Philadelphia,Richmond,Dry Van,253.3,576.81,556.49786,20.312136230468695,3.5214604862032033
2025-10-11,Fort Wayne,Corpus Christi,Flatbed,1247.9,2696.69,2659.9255,36.764462890625055,1.3633181007318251
2025-10-11,Albany,Mobile,Dry Van,1499.4,2900.53,2889.594,10.9360058593752,0.3770347439735221
2025-10-11,Tampa,Houston,Dry Van,582.0,1409.03,1331.7213,77.30868652343747,5.486660079873209
2025-10-11,New York,Hartford,Flatbed,114.6,330.59,292.5217,38.0683020019531,11.515261200264105
2025-10-11,Oklahoma City,Toledo,Dry Van,1249.6,2634.45,2541.7585,92.69145507812482,3.5184366785524426
2025-10-11,Washington,San Antonio,Dry Van,1591.9,3226.88,3142.6077,84.27233398437511,2.6115732219473644
2025-10-11,Birmingham,Toledo,Dry Van,710.5,1539.47,1448.3627,91.10732910156253,5.918097078966301
2025-10-11,Lexington,Raleigh,Flatbed,524.0,1278.47,1229.5356,48.93435546875003,3.8275716652522176
2025-10-11,Lexington,Mobile,Flatbed,468.3,1171.99,1183.4373,11.447255859374991,0.9767366495767874
2025-10-11,Bakersfield,Fresno,Reefer,220.4,652.79,712.80756,60.017556152343786,9.194006671723493
2025-10-11,Toledo,Baton Rouge,Reefer,1054.5,2435.68,2315.2869,120.39313476562484,4.942896224693919
2025-10-11,Montgomery,Baton Rouge,Dry Van,464.4,1097.91,1099.0778,1.1677587890624181,0.10636197767234273
2025-10-11,Shreveport,Washington,Reefer,1131.8,2539.48,2490.584,48.89601562500002,1.9254341686093221
2025-10-11,Oklahoma City,Baton Rouge,Dry Van,446.3,1029.56,1031.1426,1.5825781250000546,0.1537140258945622
2025-10-11,Shreveport,Buffalo,Dry Van,1172.6,2369.47,2359.929,9.5410449218748,0.4026657827224992
2025-10-11,Memphis,Syracuse,Dry Van,995.6,2008.85,2006.7045,2.145532226562409,0.10680400361213675
2025-10-11,Richmond,Nashville,Flatbed,768.6,1774.03,1766.2754,7.754609374999973,0.4371182773121071
2025-10-11,Albany,Tampa,Reefer,1620.0,3453.25,3161.6392,291.61083984375,8.444533116448273
2025-10-11,Lubbock,Shreveport,Dry Van,590.0,1450.86,1404.8755,45.9845117187499,3.169465814671981
2025-10-11,Los Angeles,Chattanooga,Flatbed,2089.2,4264.86,4159.6616,105.19837890624967,2.466631469878253
2025-10-11,Philadelphia,Milwaukee,Dry Van,997.0,1850.81,1934.4132,83.60320800781255,4.517114561073939
2025-10-11,San Francisco,San Antonio,Dry Van,1623.4,3135.88,2946.2996,189.5804394531251,6.045525959320035
2025-10-11,Cincinnati,Columbia,Dry Van,313.8,765.24,739.8415,25.39850830078126,3.319025181744454
2025-10-11,Green Bay,Tucson,Dry Van,1877.7,3622.4,3488.037,134.3628906250001,3.7092229081548167
2025-10-11,Austin,Chattanooga,Dry Van,1008.7,2038.84,2018.498,20.341953124999918,0.9977218970100605
2025-10-11,Boston,San Antonio,Flatbed,2035.8,3969.34,4056.1387,86.79867187499985,2.1867280675124796
2025-10-11,Phoenix,Philadelphia,Dry Van,3031.5,5512.17,4853.2637,658.9063281250001,11.953664856580986
2025-10-11,Hartford,St. Louis,Dry Van,1101.4,2181.21,2092.9434,88.26664062500004,4.046682374691113
2025-10-11,Dallas,Toledo,Dry Van,1035.2,2154.25,2440.3904,286.140380859375,13.28259862408611
2025-10-11,Bakersfield,San Antonio,Dry Van,1293.8,2695.97,2579.1755,116.7944628906248,4.332187038083688
2025-10-11,Phoenix,Washington,Dry Van,2638.6,4912.78,4906.837,5.943085937499745,0.1209719535069705
2025-10-11,Washington,Atlanta,Flatbed,674.2,1551.1,1435.121,115.97902832031241,7.477211547953866
2025-10-11,Reno,Cincinnati,Dry Van,1981.9,3763.44,3602.3218,161.11822265625005,4.28114232341289
2025-10-11,Los Angeles,Buffalo,Dry Van,2721.3,4836.65,4843.843,7.192773437500364,0.14871395361459613
2025-10-11,Albany,Montgomery,Dry Van,1415.2,2770.88,2732.8064,38.07360351562511,1.3740617968163582
2025-10-11,Nashville,Houston,Dry Van,609.9,1366.29,1371.6923,5.402260742187536,0.39539634647018834
2025-10-11,San Francisco,Milwaukee,Dry Van,2181.5,4022.24,3878.7498,143.49024414062478,3.5674212414133613
2025-10-11,Lexington,Albuquerque,Dry Van,1641.8,3331.13,3201.3555,129.7745312500001,3.895811068616359
2025-10-11,Cincinnati,Detroit,Dry Van,539.8,1225.76,1164.4055,61.35448242187499,5.00542377152746
2025-10-11,Greensboro,Raleigh,Dry Van,374.2,913.55,878.3541,35.195874023437455,3.852648899724969
2025-10-11,San Antonio,Providence,Dry Van,2074.4,4235.01,3750.0127,484.9973046875002,11.45209349417121
2025-10-11,Nashville,Mobile,Reefer,304.8,815.47,788.0004,27.469572753906277,3.368557120912637
2025-10-11,Savannah,Lubbock,Reefer,1237.2,2868.54,2768.183,100.35689453124996,3.4985356498863522
2025-10-11,Atlanta,Savannah,Reefer,308.5,843.59,864.29675,20.706752929687468,2.454599145282361
2025-10-11,Dallas,Fort Wayne,Reefer,957.4,2296.11,1986.8114,309.2985986328126,13.470547954271034
2025-10-11,Bakersfield,Tulsa,Dry Van,1447.6,2811.96,2788.9229,23.037148437500036,0.8192559082454954
2025-10-11,Albany,Atlanta,Dry Van,1179.2,2415.75,2350.0417,65.708251953125,2.7199938715978473
2025-10-11,Lubbock,Fresno,Dry Van,1426.2,2823.06,2786.4695,36.590517578124945,1.2961296457788694
2025-10-11,Mobile,Nashville,Dry Van,310.9,745.09,736.887,8.202976074218782,1.1009376148141543
2025-10-11,Milwaukee,Baltimore,Dry Van,1012.6,2086.52,1999.9359,86.58408691406248,4.149688807874474
2025-10-11,Tulsa,Dallas,Dry Van,136.3,374.65,430.25558,55.6055847167969,14.84200846571384
2025-10-11,Richmond,Tampa,Flatbed,1012.8,2215.66,2147.2505,68.40951171874985,3.087545549350977
2025-10-11,Providence,Atlanta,Reefer,1131.2,2603.08,2486.9844,116.09562499999993,4.459933040859287
2025-10-11,Buffalo,St. Louis,Flatbed,750.1,1687.27,1614.8773,72.39268066406248,4.290521414122368
2025-10-11,Corpus Christi,El Paso,Dry Van,1076.8,2232.09,2276.0469,43.956874999999854,1.9693146333705118
2025-10-11,Harrisburg,Phoenix,Reefer,2594.3,5298.97,5256.9487,42.021269531250255,0.7930082550240943
2025-10-11,Syracuse,Shreveport,Reefer,1261.1,2749.99,2723.1953,26.79468749999978,0.9743558158393225
2025-10-11,Bakersfield,San Francisco,Dry Van,402.3,954.62,974.1848,19.564814453124995,2.0494871732338518
2025-10-11,Tulsa,Bakersfield,Flatbed,1454.8,2995.69,2879.79,115.89996093750005,3.868890337034207
2025-10-11,San Antonio,Lexington,Dry Van,1071.3,2266.03,2265.081,0.9489453125002001,0.041876996884427836
2025-10-11,Chattanooga,Dallas,Dry Van,547.0,1260.72,1241.6025,19.117460937500027,1.5163922946808195
2025-10-11,Green Bay,Chattanooga,Dry Van,760.0,1530.36,1462.0619,68.2981103515624,4.462878692043859
2025-10-11,Shreveport,Baltimore,Flatbed,1331.7,2836.3,2775.8909,60.40913085937518,2.129856886061953
2025-10-11,Lexington,Phoenix,Reefer,2136.4,4245.61,4350.118,104.50816406250033,2.4615582698952645
2025-10-11,Memphis,Charleston,Dry Van,683.3,1560.25,1483.7828,76.4671630859375,4.900955813871976
2025-10-11,Nashville,Baton Rouge,Dry Van,502.5,1092.72,1070.1464,22.573637695312527,2.0658208594436385
2025-10-11,Lexington,Philadelphia,Reefer,791.3,1765.53,1671.3948,94.13522460937497,5.331839425519531
2025-10-11,Montgomery,Philadelphia,Dry Van,1080.2,2297.87,2220.838,77.03210937499989,3.352326692763294
2025-10-11,Toledo,Buffalo,Dry Van,371.9,845.88,841.845,4.0350292968749955,0.47702148021882484
2025-10-11,Toledo,Charleston,Dry Van,730.1,1429.24,1389.3918,39.84815429687501,2.7880659858998498
2025-10-11,Dayton,San Antonio,Dry Van,1193.6,2375.68,2374.5325,1.1475292968748363,0.048303193059453985
2025-10-11,St. Louis,Harrisburg,Flatbed,730.2,1693.39,1619.82,73.5700537109376,4.344542823031764
2025-10-11,Mobile,Baton Rouge,Dry Van,329.2,850.11,802.7008,47.409194335937514,5.576830567330994
2025-10-11,Harrisburg,Tulsa,Flatbed,1190.0,2482.78,2697.6038,214.8237597656248,8.652549149164436
2025-10-11,Fresno,Chattanooga,Dry Van,2204.7,4042.27,4003.5674,38.70261718749998,0.9574476021517607
2025-10-11,Kansas City,Montgomery,Dry Van,749.7,1656.01,1581.531,74.47899414062499,4.497496641966232
2025-10-11,New York,Buffalo,Dry Van,323.6,743.88,684.27094,59.609064941406245,8.013263556138925
2025-10-11,Fresno,Richmond,Dry Van,2734.6,4972.57,4984.186,11.616035156250291,0.23360224504130242
2025-10-11,Philadelphia,Montgomery,Reefer,1055.3,2476.8,2358.3477,118.45234375000018,4.782475119105304
2025-10-11,Baltimore,Montgomery,Flatbed,1056.0,2236.15,2218.7856,17.36435546875009,0.7765290999597563
2025-10-11,Oklahoma City,San Antonio,Dry Van,200.6,574.74,557.41736,17.32264160156251,3.0139961724540676
2025-10-11,Oklahoma City,Kansas City,Flatbed,802.3,1861.31,1866.7544,5.444394531250055,0.29250337296044476
2025-10-11,Albuquerque,Reno,Reefer,694.5,1599.63,1582.806,16.82396972656261,1.0517413230911277
2025-10-11,Fresno,Montgomery,Dry Van,2296.4,4403.49,4411.9966,8.506582031250218,0.19317818437762363
2025-10-11,Oklahoma City,Fresno,Dry Van,1430.1,2854.96,2952.3376,97.37764648437496,3.410823496104147
2025-10-11,Jacksonville,Tampa,Flatbed,355.4,931.92,987.04865,55.12864501953129,5.915598444022158
2025-10-11,Baton Rouge,Fort Wayne,Dry Van,1008.9,2033.84,1916.8983,116.94168457031242,5.749797652239725
2025-10-11,Kansas City,Indianapolis,Dry Van,181.3,502.51,517.9377,15.427683105468759,3.070124595623721
2025-10-11,Houston,Madison,Dry Van,978.0,1954.46,1984.8446,30.384604492187464,1.5546291298971309
2025-10-11,Tulsa,Atlanta,Dry Van,603.2,1326.6,1289.398,37.20205078124991,2.8043156023857914
2025-10-11,Mobile,Columbia,Dry Van,428.0,1007.0,1019.8019,12.8018798828125,1.2712889655225919
2025-10-11,Oklahoma City,Austin,Flatbed,239.2,692.79,698.23267,5.442666015625036,0.7856155567524121
2025-10-11,Albuquerque,Fresno,Flatbed,718.0,1611.87,1548.114,63.75598632812489,3.9554049847769917
2025-10-11,Indianapolis,Tulsa,Dry Van,549.8,1215.94,1174.6985,41.241513671875055,3.3917392035688483
2025-10-11,Baltimore,Albuquerque,Reefer,2374.8,5148.98,5051.808,97.17189453124956,1.8872066803764933
2025-10-11,Shreveport,Grand Rapids,Dry Van,1000.7,2077.18,1999.7633,77.41669433593734,3.72700942315723
2025-10-11,Oklahoma City,Albuquerque,Dry Van,816.1,1808.89,1764.8754,44.0146337890626,2.4332399310661565
2025-10-11,Mobile,Los Angeles,Dry Van,1994.0,4011.46,3822.598,188.86209960937504,4.708063887197555
2025-10-11,Milwaukee,Toledo,Dry Van,315.9,749.86,736.1531,13.706923828125014,1.8279310575474106
2025-10-11,Greensboro,Richmond,Flatbed,431.3,1039.91,1035.8678,4.042202148437582,0.38870692160259845
2025-10-11,Boston,Syracuse,Dry Van,559.0,1146.55,1109.7059,36.844067382812455,3.2134723634217837
2025-10-11,St. Louis,Kansas City,Dry Van,135.0,355.43,351.61554,3.814460449218757,1.073195973670978
2025-10-11,New Orleans,Las Vegas,Dry Van,1563.3,3116.69,2993.9778,122.71221679687505,3.937260901689775
2025-10-11,Memphis,Baton Rouge,Dry Van,457.5,1097.0,1108.7891,11.7890625,1.0746638559708295
2025-10-11,Shreveport,Boston,Reefer,1598.5,3693.98,3619.241,74.73903320312502,2.023265778459142
2025-10-11,Grand Rapids,San Antonio,Reefer,1353.2,3019.09,3095.4263,76.33626953124985,2.528452928904069
2025-10-11,Toledo,Nashville,Flatbed,603.9,1376.4,1339.9521,36.44785156250009,2.648056637786987
2025-10-11,Milwaukee,Nashville,Flatbed,369.8,938.27,944.9142,6.644184570312518,0.7081314089028231
2025-10-11,Houston,Buffalo,Dry Van,1407.7,2823.1,2799.096,24.00405273437491,0.8502728466712094
2025-10-11,Fort Wayne,Phoenix,Dry Van,2209.0,3892.95,3792.8318,100.11821289062482,2.571782655585734
2025-10-11,Fort Wayne,Oklahoma City,Reefer,1176.7,2514.31,2553.6968,39.386777343750055,1.5665044224359788
2025-10-11,Fort Wayne,Shreveport,Dry Van,856.5,1722.2,1653.2701,68.92985839843755,4.002430519012748
2025-10-11,Nashville,Salt Lake City,Flatbed,1646.5,3391.39,3130.8357,260.5543066406249,7.682817565677344
2025-10-11,Corpus Christi,New Orleans,Reefer,429.0,1201.66,1163.0787,38.58126464843758,3.210663968879515
2025-10-11,Bakersfield,New York,Dry Van,2798.8,4879.73,4724.617,155.11281249999956,3.1787171113975483
2025-10-11,Greensboro,Kansas City,Dry Van,619.8,1401.87,1330.6687,71.20129882812489,5.079022935659148
2025-10-11,Syracuse,Milwaukee,Dry Van,750.3,1541.11,1490.0903,51.0196679687499,3.3105792557799183
2025-10-11,Baltimore,Tampa,Dry Van,1230.6,2345.48,2346.8489,1.3688769531249818,0.05836233747996068
2025-10-11,Tucson,Baton Rouge,Reefer,1453.1,3189.26,3183.0232,6.236806640625218,0.19555654417091167
2025-10-11,Grand Rapids,Richmond,Dry Van,751.3,1523.39,1451.2959,72.0941015625001,4.732478325478052
2025-10-11,Philadelphia,Indianapolis,Reefer,983.5,2187.08,2206.1716,19.091630859375073,0.8729278700081878
2025-10-11,Salt Lake City,New Orleans,Flatbed,1409.1,2896.66,2982.492,85.83194335937515,2.9631348987929256
2025-10-11,Tulsa,Jacksonville,Flatbed,706.9,1585.01,1538.6387,46.37132812499999,2.925617385694727
2025-10-12,Louisville,Montgomery,Dry Van,506.5,1180.75,1123.2397,57.51025390625,4.87065457601101
2025-10-12,Milwaukee,Raleigh,Dry Van,803.1,1651.48,1644.6982,6.781757812500018,0.41064728682757395
2025-10-12,Jacksonville,Amarillo,Dry Van,1366.6,2915.51,2832.5984,82.91161132812522,2.8438115913896787
2025-10-12,Bakersfield,Toledo,Dry Van,2146.4,4106.96,4049.2073,57.752724609375036,1.406215902014508
2025-10-12,Indianapolis,Atlanta,Reefer,369.3,972.47,958.1824,14.287626953125027,1.4692100479320727
2025-10-12,Chattanooga,Baltimore,Dry Van,951.7,1839.31,1811.5165,27.793520507812445,1.511084075431137
2025-10-12,Milwaukee,Reno,Reefer,1833.2,3962.35,3874.704,87.64589843749991,2.211967606029248
2025-10-12,Los Angeles,Lubbock,Flatbed,1195.8,2680.49,2678.0168,2.4731542968747817,0.09226500740069099
2025-10-12,Montgomery,Richmond,Dry Van,819.2,1681.22,1743.012,61.79196289062497,3.675423971319933
2025-10-12,Indianapolis,Jacksonville,Dry Van,610.2,1312.85,1299.6973,13.152734374999909,1.001845936321736
2025-10-12,Montgomery,Nashville,Reefer,352.7,958.68,992.7062,34.02617675781255,3.549273663559535
2025-10-12,Toledo,Bakersfield,Dry Van,2144.2,3864.18,3749.648,114.53205078124984,2.963941917334333
2025-10-12,Hartford,Corpus Christi,Reefer,1854.4,3843.11,3915.7217,72.61167968749987,1.889398942197852
2025-10-12,New York,Bakersfield,Dry Van,2755.5,4837.8,4651.3623,186.43769531250018,3.853770211924845
2025-10-12,Grand Rapids,San Antonio,Dry Van,1415.1,2799.64,2788.36,11.279892578124873,0.40290510844697436
2025-10-12,Shreveport,Cincinnati,Dry Van,546.7,432.52,1222.2311,789.7110791015625,182.5837138401837
2025-10-12,Lubbock,Birmingham,Reefer,961.7,2329.16,2280.7969,48.363124999999854,2.0764191811640185
2025-10-12,Shreveport,Las Vegas,Dry Van,1578.1,3231.04,3047.8394,183.20064453124996,5.67002093849813
2025-10-12,Cincinnati,Tulsa,Flatbed,621.0,1505.96,1458.5298,47.430214843750036,3.149500308358126
2025-10-12,Savannah,Richmond,Reefer,505.3,1172.21,1211.7393,39.529257812499964,3.3721993339503977
2025-10-12,Los Angeles,Kansas City,Flatbed,1907.0,3753.51,3744.2827,9.227285156250218,0.24583083983392126
2025-10-12,Shreveport,Milwaukee,Dry Van,638.6,1449.56,1402.7272,46.832827148437445,3.230830538124496
2025-10-12,Detroit,St. Louis,Reefer,571.6,1316.22,1231.3618,84.85818359375003,6.4471124579287675
2025-10-12,New York,Greensboro,Reefer,684.5,1556.89,1488.9133,67.9766699218751,4.366183219230331
2025-10-12,Bakersfield,San Antonio,Reefer,1329.5,3117.01,3342.4531,225.44312499999978,7.232672497040425
2025-10-12,Birmingham,Buffalo,Dry Van,852.8,1732.05,1733.6045,1.5544921875000455,0.08974869013596869
2025-10-12,Columbia,San Antonio,Dry Van,1130.2,2452.86,2284.777,168.08290039062513,6.852527269824822
2025-10-12,Albany,Harrisburg,Flatbed,544.6,1167.24,1152.9072,14.332773437500009,1.22792000252733
2025-10-12,Montgomery,Chattanooga,Dry Van,339.2,796.65,798.25195,1.6019531250000227,0.20108618904161463
2025-10-12,Hartford,Corpus Christi,Dry Van,1806.9,3608.45,3497.3762,111.07377929687482,3.0781576382345555
2025-10-12,Cincinnati,Syracuse,Flatbed,769.1,1577.46,1456.7764,120.68363281250004,7.6505035191066675
2025-10-12,Providence,Lexington,Reefer,989.7,2122.59,2148.637,26.046962890624854,1.2271311412295758
2025-10-12,Tampa,Memphis,Reefer,631.5,1620.62,1594.4092,26.21082031249989,1.617332891887049
2025-10-12,Dayton,Harrisburg,Dry Van,467.4,974.16,1066.7665,92.60647949218753,9.506290495625722
2025-10-12,Grand Rapids,Los Angeles,Reefer,2327.0,4812.85,4633.454,179.39589843750036,3.7274358942726313
2025-10-12,Fresno,Columbia,Dry Van,2398.8,4265.2,4433.635,168.43476562500018,3.949047304346811
2025-10-12,Greensboro,Chattanooga,Dry Van,315.5,746.79,687.2552,59.534812011718714,7.972095503651457
2025-10-12,Providence,Grand Rapids,Reefer,1132.3,2585.31,2449.3406,135.96942382812495,5.25930831614487
2025-10-12,Oklahoma City,Birmingham,Reefer,803.8,1979.4,1959.5144,19.88559570312509,1.0046274478693085
2025-10-12,Columbia,Cincinnati,Dry Van,329.1,792.03,700.7354,91.29458740234372,11.52665775315881
2025-10-12,Salt Lake City,Green Bay,Reefer,1721.1,3526.26,3373.1106,153.14940429687522,4.343111520332455
2025-10-12,Shreveport,Montgomery,Flatbed,439.2,1101.8,1097.762,4.0380371093749545,0.3664945642925172
2025-10-12,Green Bay,Bakersfield,Reefer,1977.2,4145.89,4196.9756,51.08558593749967,1.2321982960835831
2025-10-12,Shreveport,Raleigh,Flatbed,1032.9,2252.88,2247.8108,5.069208984375109,0.22501016407332433
2025-10-12,Kansas City,New Orleans,Dry Van,583.3,1295.02,1264.7079,30.312114257812482,2.34066765438468
2025-10-12,Jacksonville,Birmingham,Reefer,214.0,629.25,746.5347,117.28472900390625,18.638812714168655
2025-10-12,Kansas City,Cincinnati,Dry Van,346.6,766.12,710.48865,55.631352539062505,7.261441097877944
2025-10-12,Indianapolis,Bakersfield,Dry Van,1884.8,3712.11,3623.587,88.52308593750013,2.384710742340613
2025-10-12,Toledo,Tucson,Reefer,2012.6,4374.85,4205.1226,169.72744140625036,3.879617390453395
2025-10-12,Nashville,Phoenix,Dry Van,2007.3,3853.08,3685.103,167.97697265624993,4.359550610323428
2025-10-12,Tulsa,Detroit,Reefer,1111.3,2593.74,2454.3499,139.39014648437478,5.374098656163485
2025-10-12,Green Bay,Atlanta,Reefer,774.5,1755.06,1749.0883,5.971743164062445,0.34025863298476666
2025-10-12,Savannah,Philadelphia,Dry Van,786.3,1604.81,1493.5797,111.23028808593745,6.9310565167177085
2025-10-12,Little Rock,Green Bay,Reefer,873.7,2067.28,1982.42,84.8599560546877,4.104908674910399
2025-10-12,Baltimore,Little Rock,Dry Van,1296.3,2429.12,2437.5935,8.47350585937511,0.34883027019558976
2025-10-12,Hartford,Baton Rouge,Dry Van,1491.6,2897.41,2870.9832,26.426845703124854,0.9120851278598768
2025-10-12,San Antonio,Indianapolis,Dry Van,963.2,2020.05,1939.6216,80.42841796874995,3.9815062978020324
2025-10-12,Raleigh,Atlanta,Dry Van,580.2,1222.18,1149.7751,72.40485351562506,5.9242381249590945
2025-10-12,Lubbock,Memphis,Flatbed,850.2,2026.79,2027.2695,0.4795312500000364,0.023659641600759646
2025-10-12,Grand Rapids,Albany,Flatbed,874.3,1802.29,1845.1987,42.908730468750036,2.3807894661097846
2025-10-12,Austin,Lubbock,Dry Van,70.0,223.8,221.0301,2.769894409179699,1.2376650621893204
2025-10-12,Green Bay,Boston,Reefer,1168.4,2480.64,2510.819,30.179091796875127,1.2165849053822855
2025-10-12,Cincinnati,Kansas City,Dry Van,325.1,775.68,752.13873,23.5412670898437,3.0349199527954442
2025-10-12,San Antonio,Dayton,Reefer,1196.6,2807.38,2727.229,80.15099609375011,2.8550105825983696
2025-10-12,Madison,Houston,Dry Van,935.2,1904.64,1843.7775,60.8625341796876,3.1954875556371594
2025-10-12,Tulsa,Richmond,Dry Van,1245.4,2344.65,2430.1733,85.52333984374991,3.6475951567931206
2025-10-12,Kansas City,Albany,Dry Van,1240.3,2284.16,2324.02,39.860019531250146,1.7450624969901474
2025-10-12,Harrisburg,San Antonio,Dry Van,1546.2,2859.94,2910.9028,50.962832031249945,1.7819545875525342
2025-10-12,San Francisco,Tampa,Dry Van,2366.7,4523.92,4508.2754,15.644609375000073,0.34581976195423597
2025-10-12,Chattanooga,Las Vegas,Dry Van,1880.4,3498.59,3517.4917,18.901699218749854,0.5402661992045324
2025-10-12,Greensboro,San Francisco,Flatbed,2516.0,4783.76,4649.2285,134.53148437500022,2.8122540506839853
2025-10-12,Buffalo,San Antonio,Reefer,1555.5,3322.62,3147.1558,175.4642382812499,5.280899960911867
2025-10-12,Milwaukee,Baltimore,Reefer,1011.9,2199.27,2192.7307,6.539287109374982,0.2973389856350053
2025-10-12,Baton Rouge,Charleston,Reefer,938.8,2202.28,2202.8032,0.5232226562497999,0.023758225850019063
2025-10-12,Fort Wayne,Reno,Dry Van,2057.2,3819.25,3625.7964,193.45361328125,5.06522519555541
2025-10-12,Charleston,Bakersfield,Dry Van,2411.9,4442.15,4355.7026,86.44736328124964,1.946070332637341
2025-10-12,Tucson,Amarillo,Reefer,644.1,1592.63,1527.6226,65.00744140625011,4.081766725871678
2025-10-12,Salt Lake City,Phoenix,Reefer,557.5,1353.73,1284.2788,69.45119140625002,5.130357708424134
2025-10-12,Kansas City,El Paso,Flatbed,1344.7,3049.31,3039.7844,9.525576171874945,0.3123846434726199
2025-10-12,Indianapolis,San Antonio,Dry Van,970.6,2060.7,1983.6869,77.01311035156232,3.7372305697851376
2025-10-12,Mobile,Greensboro,Dry Van,501.8,1090.6,1047.891,42.70900878906241,3.9161020345738504
2025-10-12,Richmond,Nashville,Dry Van,779.1,1665.24,1696.982,31.74205566406249,1.906155008531052
2025-10-12,Bakersfield,Syracuse,Dry Van,2634.3,4609.39,4611.3857,1.9957421874996726,0.043297316727368966
2025-10-12,Richmond,Atlanta,Dry Van,700.4,1524.44,1446.9583,77.48174804687505,5.0826367746106795
2025-10-12,Little Rock,Austin,Flatbed,647.5,1626.35,1502.4861,123.86391601562491,7.616067637078422
2025-10-12,San Antonio,Montgomery,Flatbed,861.6,1981.41,1934.787,46.62301269531258,2.35302197401409
2025-10-12,New York,Baltimore,Flatbed,179.4,502.61,488.94073,13.669265136718764,2.7196564208270355
2025-10-12,Amarillo,Austin,Dry Van,445.0,1050.72,1050.1832,0.5367724609375273,0.051086156248812936
2025-10-12,Hartford,Albuquerque,Dry Van,2347.0,4121.83,4093.2856,28.544355468749927,0.6925165634863623
2025-10-12,New Orleans,Fort Wayne,Dry Van,859.5,1868.9,1769.8402,99.05979003906259,5.300432877043319
2025-10-12,Tucson,Kansas City,Dry Van,1576.7,3120.57,2985.82,134.74993164062516,4.3181191782470885
2025-10-12,Detroit,Dayton,Reefer,326.2,818.7,828.9187,10.218701171874955,1.248161862938189
2025-10-12,Greensboro,Baltimore,Flatbed,668.0,1487.88,1393.7965,94.08349121093761,6.3233252151341235
2025-10-12,Chattanooga,Mobile,Flatbed,311.9,849.59,936.9638,87.37380615234372,10.284231941565192
2025-10-12,Syracuse,Corpus Christi,Reefer,1608.0,3464.77,3173.9507,290.81931640625,8.393611016207425
2025-10-12,New York,New Orleans,Dry Van,1357.4,2384.04,2497.2449,113.20487304687504,4.748446882052106
2025-10-12,Fresno,Buffalo,Dry Van,2666.9,4665.83,4522.2563,143.57365234374993,3.0771299499499536
2025-10-12,Detroit,Bakersfield,Dry Van,2269.7,4210.88,4046.2148,164.6651562500001,3.910468981543053
2025-10-12,El Paso,Albuquerque,Flatbed,208.3,593.57,607.65234,14.08234374999995,2.3724823946627946
2025-10-12,Albany,Amarillo,Dry Van,2291.8,4123.49,4204.4404,80.95042968750022,1.9631532921748378
2025-10-12,Birmingham,Cincinnati,Dry Van,322.1,786.08,770.3258,15.754194335937541,2.004146440049046
2025-10-12,Richmond,Columbia,Dry Van,525.9,1089.89,1109.7181,19.8281396484374,1.8192789775516243
2025-10-12,Atlanta,Bakersfield,Dry Van,2052.3,3945.78,3741.43,204.3500683593752,5.178952408886841
2025-10-12,El Paso,Birmingham,Reefer,1598.2,3500.91,3352.1765,148.73348632812485,4.248423590669994
2025-10-12,Birmingham,Baltimore,Dry Van,1019.8,2147.73,2023.2975,124.43251464843752,5.793675864677474
2025-10-12,Detroit,Harrisburg,Dry Van,489.0,983.62,964.0022,19.617802734375005,1.9944493538536228
2025-10-12,Savannah,Boston,Reefer,948.6,2081.43,2145.393,63.963066406250164,3.073034712012903
2025-10-12,Richmond,Fort Wayne,Reefer,612.5,313.05,1437.7983,1124.74833984375,359.2871234127935
2025-10-12,Lexington,Washington,Reefer,560.4,1381.56,1406.9685,25.408505859375055,1.839117074855602
2025-10-12,Lexington,Cincinnati,Dry Van,128.4,352.69,372.07736,19.387362060546877,5.49699794736082
2025-10-12,Kansas City,Richmond,Dry Van,921.1,1775.61,1772.5385,3.0715478515624,0.17298550084547845
2025-10-12,Amarillo,Grand Rapids,Dry Van,1385.1,2815.42,2753.4927,61.92732421875007,2.1995767671874913
2025-10-12,Austin,Madison,Dry Van,1184.3,2413.61,2354.8784,58.73158203125013,2.433350128282951
2025-10-12,Montgomery,Richmond,Dry Van,809.7,1658.07,1659.6909,1.6209179687500637,0.09775932070118051
2025-10-12,Savannah,Grand Rapids,Flatbed,850.6,1805.16,1840.1357,34.97574218749992,1.9375424996953132
2025-10-12,Milwaukee,San Antonio,Reefer,1044.0,2588.9,2420.6833,168.2166503906251,6.49761096954788
2025-10-12,Baton Rouge,Buffalo,Dry Van,1272.4,2366.64,2157.7852,208.85484374999987,8.824951988895645
2025-10-12,Toledo,New York,Dry Van,686.5,1431.36,1296.3801,134.9798730468749,9.43018339529363
2025-10-12,Buffalo,New York,Reefer,350.6,864.2,846.63025,17.569750976562545,2.0330653756725927
2025-10-12,Tampa,Atlanta,Dry Van,523.5,1150.82,1117.3092,33.510795898437436,2.911905936500707
2025-10-12,Charleston,Los Angeles,Flatbed,2571.0,4984.52,4819.343,165.17722656250044,3.313804068646538
2025-10-12,Albuquerque,Chattanooga,Reefer,1497.1,3322.65,3233.8674,88.78256835937509,2.6720409420003635
2025-10-12,Cincinnati,Mobile,Dry Van,456.0,1079.12,1083.5177,4.397700195312609,0.4075265211758293
2025-10-12,Baton Rouge,Fresno,Reefer,1812.2,3867.4,3953.6792,86.27919921874991,2.2309354920295266
2025-10-12,Birmingham,Lexington,Reefer,334.0,945.35,928.32837,17.021630859375023,1.8005639032501213
2025-10-12,Las Vegas,Boston,Flatbed,2879.7,5730.73,5721.4487,9.281269531249563,0.1619561474934182
2025-10-12,Kansas City,Amarillo,Reefer,1041.5,2294.83,2281.3757,13.454267578124927,0.586286024591143
2025-10-12,Richmond,Cincinnati,Dry Van,648.8,1383.94,1369.7274,14.212583007812555,1.0269652591739926
2025-10-12,Richmond,San Antonio,Dry Van,1620.9,3086.31,3088.7273,2.4172949218750546,0.07832314063963292
2025-10-12,Cincinnati,Albany,Reefer,1103.4,2404.85,2315.1787,89.67128906249991,3.7287684912780388
2025-10-12,Oklahoma City,Amarillo,Dry Van,423.7,986.83,1007.648,20.81801025390621,2.1095842499626283
2025-10-12,San Francisco,Memphis,Reefer,2015.4,4289.52,4255.076,34.44382812500044,0.8029762799800545
2025-10-12,Atlanta,Savannah,Reefer,295.8,841.8,897.31555,55.515551757812545,6.594862408863452
2025-10-12,Mobile,Fort Wayne,Dry Van,766.3,1618.21,1580.5254,37.684609375000036,2.328783617392059
2025-10-12,Columbia,Cincinnati,Dry Van,315.4,754.57,619.0783,135.4916918945313,17.95614613548528
2025-10-12,Louisville,Phoenix,Dry Van,2007.3,3683.59,3586.953,96.63711914062515,2.6234493833631087
2025-10-12,Cincinnati,Mobile,Dry Van,471.7,1055.09,998.7317,56.35831054687492,5.341564278580493
2025-10-12,Albuquerque,Green Bay,Dry Van,1547.1,2762.18,2637.6714,124.50861328124984,4.507621273097692
2025-10-12,San Antonio,Nashville,Reefer,863.8,2187.12,2070.18,116.94006835937489,5.3467605051105975
2025-10-12,Oklahoma City,Toledo,Dry Van,1230.9,2335.28,2422.6958,87.4158007812498,3.743268506613759
2025-10-12,Raleigh,Houston,Dry Van,1244.3,2617.89,2585.1003,32.78965820312487,1.2525223826488079
2025-10-12,Hartford,Lexington,Flatbed,839.3,1872.51,1807.145,65.36498046874999,3.4907680316126477
2025-10-12,Boston,Green Bay,Dry Van,1172.6,2281.0,2294.1511,13.151123046875,0.5765507692623849
2025-10-12,San Francisco,Lubbock,Dry Van,1553.7,3022.71,2938.866,83.84403320312504,2.773803414919891
2025-10-12,Jacksonville,Lubbock,Reefer,1091.3,2392.62,2393.5945,0.9744824218751091,0.040728674920175754
2025-10-12,Bakersfield,Amarillo,Dry Van,828.4,1658.02,1709.482,51.46205566406252,3.1038259890750726
2025-10-12,Jacksonville,Reno,Flatbed,2304.8,1384.9,4199.39,2814.49013671875,203.2269576661672
2025-10-12,Tampa,Albuquerque,Flatbed,1670.1,3319.48,3234.4321,85.04787109375002,2.562084154558847
2025-10-12,Kansas City,Lexington,Reefer,433.4,3362.18,1109.0447,2253.135322265625,67.01411947800608
2025-10-12,Buffalo,Grand Rapids,Dry Van,492.9,1067.05,1050.3892,16.660839843749955,1.5613926098823818
2025-10-12,Reno,Kansas City,Reefer,1675.4,3341.53,3345.5667,4.0366503906248,0.120802458473358
2025-10-12,Lubbock,Dayton,Reefer,1246.6,2778.71,2753.682,25.028115234375036,0.9007098702050605
2025-10-12,Savannah,New York,Dry Van,763.0,1565.85,1497.6661,68.18386230468741,4.3544312868210495
2025-10-12,Amarillo,Lexington,Dry Van,1349.9,2688.28,2608.6104,79.6696484375002,2.9635919040241414
2025-10-12,Syracuse,Grand Rapids,Flatbed,563.3,1216.24,1097.8116,118.42835449218751,9.737252063095072
2025-10-12,Las Vegas,San Antonio,Dry Van,1221.9,2555.23,2554.7349,0.4951367187500182,0.019377383591693047
2025-10-13,Reno,Boston,Dry Van,3062.2,5345.38,5346.6504,1.2703906249998909,0.023766142444501436
2025-10-13,Nashville,Philadelphia,Reefer,1029.6,2284.89,2371.682,86.79188476562513,3.7985147978950904
2025-10-13,Grand Rapids,Fort Wayne,Dry Van,204.2,514.9,531.78687,16.886865234375023,3.2796397813895948
2025-10-13,Philadelphia,Little Rock,Dry Van,1312.8,2543.97,2480.9543,63.0156542968748,2.4770596468069517
2025-10-13,Greensboro,Detroit,Flatbed,633.1,1451.04,1318.6874,132.35262207031246,9.12122491938971
2025-10-13,Detroit,Lexington,Reefer,556.7,1369.27,1311.5487,57.72129394531248,4.215479339013671
2025-10-13,Philadelphia,Shreveport,Dry Van,1367.9,2571.86,2615.6306,43.77061523437487,1.7019050506005333
2025-10-13,Bakersfield,Columbia,Dry Van,2180.1,3988.55,3913.985,74.56489257812518,1.8694736828703458
2025-10-13,Atlanta,Greensboro,Dry Van,268.3,638.18,564.89954,73.28046386718745,11.48272648268317
2025-10-13,Los Angeles,Shreveport,Dry Van,1765.1,3640.18,3410.5957,229.58429687499984,6.306949021064888
2025-10-13,Shreveport,Tampa,Flatbed,534.2,1355.62,1311.8198,43.80017578124989,3.231006903206643
2025-10-13,Milwaukee,Bakersfield,Flatbed,1878.1,3927.57,3845.0383,82.53166992187516,2.1013417945924617
2025-10-13,Charleston,Tucson,Dry Van,2311.7,4503.52,4453.5737,49.94626953125044,1.1090495774694114
2025-10-13,Harrisburg,Memphis,Flatbed,826.2,1849.17,1821.2848,27.885209960937573,1.5079852020602527
2025-10-13,Tampa,San Francisco,Flatbed,2471.3,4879.94,4597.261,282.6787695312496,5.792668957635741
2025-10-13,Little Rock,Philadelphia,Dry Van,1299.7,2605.57,2513.0432,92.52678710937516,3.551115000148726
2025-10-13,Hartford,St. Louis,Reefer,1119.3,2474.28,2391.1577,83.1222851562502,3.359453463482314
2025-10-13,Amarillo,Columbia,Dry Van,1401.3,2777.82,2739.9556,37.864433593750164,1.3630988902718737
2025-10-13,Los Angeles,Chattanooga,Dry Van,2086.2,3819.0,3647.3635,171.636474609375,4.494277942115082
2025-10-13,Tucson,Louisville,Reefer,1828.1,3824.2,3943.434,119.23408203125018,3.117883009028037
2025-10-13,Harrisburg,Las Vegas,Reefer,2442.4,4974.03,4945.221,28.808808593749745,0.5791844559391428
2025-10-13,Oklahoma City,Austin,Reefer,229.4,700.87,702.1764,1.3063916015624955,0.18639570841418457
2025-10-13,Grand Rapids,Oklahoma City,Dry Van,1214.7,2315.28,2324.256,8.9761035156248,0.387689761740472
2025-10-13,Detroit,Little Rock,Dry Van,898.1,1829.25,1688.1256,141.1243896484375,7.714877116219079
2025-10-13,Hartford,Dallas,Dry Van,1602.4,3162.14,3033.0986,129.04136718749987,4.080823973242801
2025-10-13,Mobile,Lexington,Dry Van,496.9,1143.08,1066.0854,76.99455078124993,6.735709729962027
2025-10-13,Milwaukee,Louisville,Dry Van,199.9,519.54,520.0922,0.5522241210937864,0.10629097299414605
2025-10-13,Oklahoma City,Fresno,Dry Van,1450.0,3007.71,2954.2788,53.431191406250036,1.7764741749121435
2025-10-13,Raleigh,Columbia,Reefer,420.9,183.77,1064.9991,881.2291455078125,479.5282937954032
2025-10-13,Savannah,Jacksonville,Reefer,220.1,627.77,638.9838,11.213825683593768,1.7862952488321788
2025-10-13,San Antonio,Mobile,Dry Van,741.5,1637.63,1432.5929,205.0371044921876,12.520355910198738
2025-10-13,Atlanta,Cincinnati,Reefer,214.6,614.9,654.6235,39.72347412109377,6.460151914310258
2025-10-13,Lexington,Memphis,Dry Van,317.0,742.08,762.99133,20.91133300781246,2.817935129340834
2025-10-13,Mobile,Phoenix,Dry Van,1932.6,3874.45,3849.9968,24.453173828124818,0.6311392282291634
2025-10-13,Albany,Tucson,Dry Van,2869.2,5162.77,4904.338,258.43210937500044,5.0056870512341325
2025-10-13,New York,Lexington,Dry Van,751.7,1471.76,1431.4626,40.29735351562499,2.738038370089212
2025-10-13,Baton Rouge,Houston,Dry Van,168.4,477.88,488.67496,10.79495727539063,2.258926357116981
2025-10-13,Los Angeles,Fresno,Flatbed,431.5,1067.9,1062.9252,4.974829101562591,0.46585158737359217
2025-10-13,Shreveport,Albany,Dry Van,1600.5,3050.52,2982.2217,68.29832031249998,2.2389074752009486
2025-10-13,El Paso,Kansas City,Dry Van,1297.6,2695.24,2649.2761,45.96387695312478,1.705372321319244
2025-10-13,Hartford,Memphis,Dry Van,1161.0,2331.4,2453.2039,121.80385742187491,5.224494184690525
2025-10-13,Little Rock,Baton Rouge,Dry Van,321.9,778.13,702.6762,75.45379150390625,9.696810494892402
2025-10-13,Tampa,Buffalo,Dry Van,1205.1,2334.39,2347.2876,12.897597656250127,0.5525039798941106
2025-10-13,Nashville,Lexington,Dry Van,254.7,679.14,750.7366,71.59657226562501,10.542240519719796
2025-10-13,Louisville,Montgomery,Flatbed,522.6,1291.98,1297.3381,5.358134765624982,0.4147227329854163
2025-10-13,Nashville,Buffalo,Dry Van,783.8,1628.59,1610.798,17.792026367187418,1.0924803889983004
2025-10-13,Bakersfield,Albany,Reefer,2947.1,5863.45,5868.37,4.920117187500182,0.08391164224987306
2025-10-13,Indianapolis,Montgomery,Dry Van,619.7,1337.68,1370.1196,32.439628906249936,2.4250664513373854
2025-10-13,Albany,Boston,Flatbed,394.7,931.92,898.2365,33.68348876953121,3.6144184875881202
2025-10-13,Milwaukee,Bakersfield,Reefer,1859.8,4140.0,4003.6094,136.390625,3.294459541062802
2025-10-13,Philadelphia,Houston,Reefer,1597.1,3580.57,3429.2927,151.27727539062516,4.224949530120209
2025-10-13,Richmond,Mobile,Dry Van,936.9,2047.91,1949.0228,98.88717285156258,4.828687435071003
2025-10-13,Mobile,Philadelphia,Dry Van,1183.2,2338.47,2346.063,7.5929882812502,0.3246989818663571
2025-10-13,San Antonio,Austin,Reefer,113.9,372.04,362.37274,9.66725830078127,2.5984459468823973
2025-10-13,Bakersfield,Jacksonville,Flatbed,2183.1,4530.94,4273.307,257.6328710937496,5.686079954573436
2025-10-13,Birmingham,Cincinnati,Reefer,307.6,861.67,890.50287,28.83286865234379,3.346161367152598
2025-10-13,Savannah,Reno,Flatbed,2440.7,4729.73,4106.9746,622.7553906249996,13.16682750653842
2025-10-13,Toledo,Reno,Dry Van,2104.6,3758.58,3656.135,102.44499023437493,2.7256301644337735
2025-10-13,Dayton,San Antonio,Reefer,1177.9,2652.84,2687.7625,34.922451171874854,1.3164175439104828
2025-10-13,Milwaukee,Kansas City,Dry Van,184.1,507.81,516.26074,8.450742187499998,1.6641543466060136
2025-10-13,Fresno,Milwaukee,Reefer,2075.6,4601.77,4302.2856,299.48435546875044,6.508025291762744
2025-10-13,Shreveport,Montgomery,Dry Van,442.2,1045.18,1041.0836,4.096381835937564,0.3919307522089557
2025-10-13,Indianapolis,Philadelphia,Reefer,1032.2,2337.81,2092.6528,245.15716796874995,10.486616447390933
2025-10-13,Buffalo,Amarillo,Dry Van,1758.3,3264.47,3167.6833,96.7866503906248,2.964850355206965
2025-10-13,Nashville,Phoenix,Dry Van,1950.6,3551.29,3604.7007,53.410683593750036,1.5039797818187204
2025-10-13,Baton Rouge,Nashville,Dry Van,523.4,1176.17,1134.4277,41.74226562500007,3.5489993474582815
2025-10-13,Birmingham,Reno,Dry Van,2173.4,3810.77,3807.5676,3.202373046874982,0.08403480259566916
2025-10-13,Baton Rouge,Birmingham,Dry Van,475.1,1086.76,1088.9181,2.158090820312509,0.1985802587795382
2025-10-13,Mobile,Dayton,Dry Van,706.5,1564.31,1479.4985,84.81146484374995,5.421653306809389
2025-10-13,Bakersfield,Greensboro,Dry Van,2305.2,4398.08,4361.353,36.72697265624993,0.8350683174532962
2025-10-13,Hartford,Little Rock,Dry Van,1364.1,2582.85,2723.4731,140.6231445312501,5.444495209990905
2025-10-13,Oklahoma City,Indianapolis,Dry Van,830.3,1736.01,1722.2605,13.749501953124991,0.7920174395956815
2025-10-13,Lexington,El Paso,Reefer,1704.1,3530.07,3514.3691,15.700859375000164,0.44477473180418975
2025-10-13,Atlanta,Philadelphia,Dry Van,937.9,1887.2,1821.376,65.82402343750005,3.487919851499578
2025-10-13,Philadelphia,Nashville,Dry Van,1015.5,2038.66,2012.7179,25.942104492187582,1.2725076517019798
2025-10-13,St. Louis,Detroit,Dry Van,558.6,1147.88,1157.1125,9.23254882812489,0.8043130665335132
2025-10-13,Albany,Nashville,Reefer,1241.1,2699.37,2672.1216,27.24841796874989,1.009436200622734
2025-10-13,Green Bay,Los Angeles,Reefer,2296.3,4629.26,4527.8374,101.42259765625022,2.1909030310730055
2025-10-13,Grand Rapids,Jacksonville,Flatbed,911.4,1925.69,1977.2251,51.535097656249945,2.6761886729561843
2025-10-13,Albany,Memphis,Dry Van,1327.6,2573.36,2482.8096,90.55042968750013,3.5187626172591524
2025-10-13,Fresno,Amarillo,Reefer,1038.1,2479.0,2687.6611,208.6611328125,8.417149367184349
2025-10-13,Lubbock,New Orleans,Dry Van,589.9,1408.07,1380.6494,27.420585937499936,1.9473879805336338
2025-10-13,Baltimore,Los Angeles,Dry Van,3011.9,5515.8,5466.308,49.49189453125018,0.8972750014730444
2025-10-13,Tampa,San Francisco,Reefer,2487.1,4991.89,5060.084,68.19398437499967,1.366095494391897
2025-10-13,Fresno,Buffalo,Dry Van,2690.8,4805.58,4749.4326,56.14738281249993,1.1683789014541412
2025-10-13,Charleston,Lubbock,Dry Van,1425.4,2895.96,2834.1445,61.815468750000036,2.134541525090127
2025-10-13,Mobile,Corpus Christi,Reefer,602.2,1542.88,1523.2504,19.62963378906261,1.2722722304432366
2025-10-13,Hartford,Albany,Reefer,380.2,928.48,916.2553,12.224689941406268,1.3166347084919727
2025-10-13,El Paso,Oklahoma City,Dry Van,790.6,1624.97,1621.7502,3.2197558593750273,0.1981424801304041
2025-10-13,Oklahoma City,Albuquerque,Reefer,769.0,1854.11,1716.3363,137.7736962890624,7.430718581371246
2025-10-13,San Francisco,Kansas City,Dry Van,1979.1,3627.39,3407.503,219.88707031249987,6.0618535727478955
2025-10-13,Amarillo,Toledo,Flatbed,1482.9,2959.16,2855.833,103.32699218749985,3.491767670132736
2025-10-13,El Paso,Corpus Christi,Reefer,1057.2,2495.79,2460.4138,35.376181640624964,1.417434224859662
2025-10-13,Oklahoma City,New Orleans,Reefer,443.2,1162.83,1152.4775,10.352460937499927,0.890281549108634
2025-10-13,Syracuse,Milwaukee,Flatbed,753.5,1607.11,1582.3824,24.7275537109374,1.538634798547542
2025-10-13,Bakersfield,Madison,Dry Van,1806.8,3303.37,3166.6257,136.7442675781249,4.139538337459167
2025-10-13,Indianapolis,Greensboro,Flatbed,467.5,1117.74,1103.1554,14.584604492187509,1.3048297897711014
2025-10-13,Memphis,Phoenix,Flatbed,1839.1,3823.1,3855.918,32.81796875000009,0.8584125120975148
2025-10-13,Indianapolis,Green Bay,Reefer,483.9,1153.36,1114.9377,38.4222558593749,3.3313324425482858
2025-10-13,Fresno,Boston,Flatbed,3189.1,6251.85,6248.2827,3.567285156250364,0.057059672836846105
2025-10-13,Mobile,El Paso,Dry Van,1521.5,3069.85,2943.9731,125.87685546874991,4.100423651603496
2025-10-13,Baton Rouge,Green Bay,Reefer,1188.3,2719.91,2585.3086,134.60140624999985,4.9487448573665995
2025-10-13,Jacksonville,Tampa,Flatbed,360.1,944.34,996.7429,52.40291992187497,5.549158133921572
2025-10-13,Shreveport,New York,Reefer,1358.6,3009.58,3179.3633,169.78328125000007,5.641427749054688
2025-10-13,Tucson,Lubbock,Dry Van,953.5,2065.35,1917.7993,147.5506835937499,7.144100689653081
2025-10-13,Grand Rapids,Birmingham,Flatbed,818.2,1701.25,1708.6079,7.35791015625,0.43250022961058043
2025-10-13,Milwaukee,Cincinnati,Dry Van,239.7,589.41,601.27026,11.860263671875032,2.0122264080818164
2025-10-13,Los Angeles,Mobile,Flatbed,1950.8,4187.86,3973.7566,214.10340820312467,5.112477690350793
2025-10-13,Tucson,Atlanta,Dry Van,1841.1,3426.52,3389.3545,37.16550781249998,1.0846429558998627
2025-10-13,Kansas City,Little Rock,Dry Van,416.4,1003.29,980.74567,22.544333496093714,2.247040586081164
2025-10-13,Los Angeles,Bakersfield,Dry Van,395.0,949.32,829.8726,119.4473803710938,12.582414820196961
2025-10-13,Phoenix,Bakersfield,Dry Van,384.6,908.3,884.5983,23.701672363281205,2.609454185101971
2025-10-13,Corpus Christi,Amarillo,Dry Van,702.7,1653.52,1544.6329,108.88706542968748,6.58516772882623
2025-10-13,Columbia,Phoenix,Dry Van,2181.6,3991.15,3917.4514,73.69858398437509,1.8465500916872353
2025-10-13,Lubbock,Baton Rouge,Dry Van,502.3,1210.01,1208.8219,1.188100585937491,0.09818931958723406
2025-10-13,Amarillo,Tampa,Flatbed,1278.3,2705.75,2696.0833,9.666748046875,0.3572668593504574
2025-10-13,Philadelphia,Amarillo,Flatbed,2057.2,4211.86,4210.794,1.0660546874996726,0.02531078163803338
2025-10-13,Baton Rouge,San Francisco,Dry Van,1947.8,3885.41,3643.8928,241.51717773437485,6.216002371290928
2025-10-13,Syracuse,Phoenix,Dry Van,2729.1,4872.9,4422.2812,450.61874999999964,9.247445053253703
2025-10-13,Fort Wayne,Hartford,Dry Van,804.1,1557.7,1558.4723,0.7722900390624545,0.04957886878490432
2025-10-13,Grand Rapids,Tulsa,Reefer,983.8,2345.5,2215.8418,129.658203125,5.527955793007887
2025-10-13,New York,Lexington,Reefer,788.7,1810.54,1729.2213,81.31868652343746,4.491405134569656
2025-10-13,Corpus Christi,Los Angeles,Dry Van,1496.3,2950.89,3105.1392,154.24916015625013,5.227208067947302
2025-10-13,Richmond,Columbia,Dry Van,521.8,1109.09,1098.837,10.252963867187418,0.9244483195401112
2025-10-13,Richmond,Bakersfield,Dry Van,2648.2,5016.22,4906.0317,110.18826171875025,2.196639336367828
2025-10-13,St. Louis,Chattanooga,Dry Van,302.1,718.33,703.2156,15.114423828125041,2.1041058883973998
2025-10-13,Buffalo,Little Rock,Dry Van,1060.0,2128.49,2064.6016,63.88843749999978,3.001585043857373
2025-10-13,Oklahoma City,Mobile,Flatbed,719.4,1654.44,951.25134,703.1886572265626,42.503122339073194
2025-10-13,Hartford,Houston,Reefer,1683.0,3596.69,3684.4563,87.76629882812495,2.440196370221647
2025-10-13,Philadelphia,Indianapolis,Dry Van,999.8,1892.28,1948.2102,55.93020507812503,2.9557044981781253
2025-10-13,Green Bay,Chattanooga,Dry Van,742.3,1498.67,1438.5449,60.12507812500007,4.011895755903573
2025-10-13,Columbia,Grand Rapids,Dry Van,739.8,1447.88,1434.9224,12.95763671875011,0.8949385804590234
2025-10-13,New Orleans,Grand Rapids,Dry Van,939.5,1947.82,1849.8182,98.00176269531244,5.031356218506455
2025-10-13,Oklahoma City,Atlanta,Dry Van,866.0,1811.29,1803.0397,8.250327148437464,0.4554945452377843
2025-10-13,Baton Rouge,Corpus Christi,Dry Van,279.8,696.61,657.5012,39.108779296875014,5.614157031463087
2025-10-13,Toledo,Mobile,Flatbed,878.4,1829.6,1825.0834,4.516625976562409,0.2468641220246179
2025-10-13,Lexington,Atlanta,Dry Van,217.6,531.39,471.02167,60.368332519531236,11.360457012651958
2025-10-13,Mobile,Kansas City,Dry Van,669.1,1498.22,1456.9877,41.23232910156253,2.7520877509019055
2025-10-13,Greensboro,Reno,Dry Van,2297.0,4134.92,4163.659,28.739179687499927,0.6950359302598339
2025-10-13,Little Rock,El Paso,Dry Van,1214.1,2469.17,2477.8188,8.648847656249927,0.3502734787904408
2025-10-13,Richmond,Greensboro,Reefer,449.2,1165.84,1110.9194,54.92056640624992,4.710815069499239
2025-10-13,Green Bay,Baton Rouge,Dry Van,1172.1,2342.66,2359.92,17.259921875000146,0.736765978631135
2025-10-13,Corpus Christi,Atlanta,Dry Van,832.1,7004.3,1871.5083,5132.79169921875,73.2805804893958
2025-10-13,Houston,Nashville,Reefer,590.4,1481.4,1496.5496,15.149560546874909,1.0226515827511076
2025-10-13,Toledo,Mobile,Flatbed,839.3,1803.73,1720.0122,83.71779296875002,4.641370547074674
2025-10-13,Kansas City,Montgomery,Flatbed,720.9,1619.19,1473.3329,145.85711425781255,9.008029586263042
2025-10-13,Savannah,Buffalo,Flatbed,682.2,1540.17,1474.1268,66.04316894531257,4.288044108462869
2025-10-13,Grand Rapids,Raleigh,Dry Van,858.0,1688.42,1632.7036,55.71638671875007,3.299912742016209
2025-10-13,Tulsa,Bakersfield,Dry Van,1458.9,2903.7,2910.8542,7.154248046875182,0.24638385669577376
2025-10-13,Birmingham,Amarillo,Dry Van,1199.0,2351.62,2372.1504,20.53039062500011,0.873031808923215
2025-10-13,Chattanooga,Atlanta,Dry Van,95.5,275.01,318.1593,43.14930175781251,15.690084636126873
2025-10-13,Los Angeles,Syracuse,Reefer,2818.8,5708.0,6369.941,661.94091796875,11.5967224591582
2025-10-13,Jacksonville,Montgomery,Dry Van,138.6,388.7,400.82092,12.120922851562511,3.1183233474562675
2025-10-13,Oklahoma City,Birmingham,Reefer,810.5,2101.26,2064.0845,37.17552734375022,1.7692016858337478
2025-10-13,Madison,San Francisco,Dry Van,2091.2,3914.01,3391.2207,522.7892968750002,13.35687177281101
2025-10-13,Green Bay,Kansas City,Dry Van,476.7,1027.96,1002.25934,25.700661621093786,2.5001616425827646
2025-10-13,Kansas City,Buffalo,Dry Van,802.7,1649.6,1638.5879,11.012109374999909,0.6675624014912651
2025-10-13,Austin,Amarillo,Flatbed,450.5,1181.37,1152.8682,28.50183593749989,2.4126087455665792
2025-10-14,Lubbock,Columbia,Reefer,1200.7,2777.11,2693.5122,83.59779296875013,3.0102442095829884
2025-10-14,Lexington,Dallas,Reefer,751.7,1786.77,1739.9436,46.82639648437498,2.6207288282417425
2025-10-14,Indianapolis,Mobile,Dry Van,556.5,1211.92,1190.4982,21.421831054687573,1.767594482695852
2025-10-14,Atlanta,New York,Dry Van,898.9,1880.41,1852.2487,28.161342773437582,1.4976171565476455
2025-10-14,Atlanta,Albany,Reefer,1149.3,2469.79,2356.6597,113.13033203124996,4.580564826614812
2025-10-14,Kansas City,Albany,Dry Van,1257.7,2463.58,2424.9795,38.60050781249993,1.5668461268763316
2025-10-14,Syracuse,Richmond,Dry Van,395.5,839.33,852.36346,13.033464355468709,1.5528414753992719
2025-10-14,Tulsa,Shreveport,Reefer,207.9,603.72,641.2795,37.55947998046872,6.221341015780283
2025-10-14,Kansas City,Lubbock,Reefer,1005.2,2240.31,2265.4268,25.116757812500055,1.1211286747146625
2025-10-14,Bakersfield,Richmond,Reefer,2563.3,5388.1,5320.2217,67.87832031250036,1.2597821182327789
2025-10-14,Atlanta,Charleston,Dry Van,452.9,1046.59,1010.95715,35.63284667968742,3.4046614891874967
2025-10-14,Tucson,Little Rock,Dry Van,1498.1,3073.46,2977.1462,96.31375976562504,3.133724198968753
2025-10-14,Phoenix,San Francisco,Dry Van,671.9,1475.73,1450.9982,24.731831054687518,1.675904877903649
2025-10-14,Green Bay,Houston,Flatbed,1218.3,2723.01,2714.5654,8.444570312500218,0.3101189607272914
2025-10-14,Mobile,Boston,Dry Van,1359.3,2826.14,2756.2417,69.89830078124987,2.4732780676558797
2025-10-14,Albany,Madison,Dry Van,1115.9,2164.07,2133.4446,30.625419921875164,1.4151769546213921
2025-10-14,Syracuse,Baton Rouge,Dry Van,1446.5,2844.66,2741.6199,103.04012695312485,3.6222299660811785
2025-10-14,New York,Los Angeles,Flatbed,2910.9,5648.65,5508.411,140.23886718749964,2.4826970548272533
2025-10-14,Green Bay,El Paso,Dry Van,1598.5,2990.4,2816.6174,173.7825683593751,5.811348594147106
2025-10-14,Philadelphia,Albany,Dry Van,431.7,924.87,928.824,3.9539746093749955,0.4275167979689032
2025-10-14,Shreveport,Oklahoma City,Reefer,444.6,1277.01,1198.8892,78.12083984374999,6.117480665284531
2025-10-14,Bakersfield,Memphis,Dry Van,1805.5,3408.35,3356.4805,51.86953124999991,1.5218369959071079
2025-10-14,Albuquerque,Bakersfield,Flatbed,523.1,1262.44,1143.571,118.86895507812505,9.41581026251743
2025-10-14,Oklahoma City,Chattanooga,Flatbed,856.1,2066.58,2060.6824,5.897626953124927,0.28538101370984564
2025-10-14,Phoenix,Mobile,Reefer,1957.0,4318.52,4159.126,159.39402343750044,3.690940957492391
2025-10-14,Louisville,Tampa,Reefer,746.2,1743.83,1703.1653,40.66471679687493,2.331919785579726
2025-10-14,Atlanta,Buffalo,Dry Van,758.9,1511.26,1462.3877,48.87230468749999,3.2338780016343973
2025-10-14,Jacksonville,Baton Rouge,Dry Van,583.0,1343.75,1327.7935,15.95654296875,1.1874636627906978
2025-10-14,Raleigh,Syracuse,Dry Van,613.4,1285.24,1272.5333,12.706674804687509,0.9886616355456965
2025-10-14,Fresno,Shreveport,Reefer,1869.2,4291.19,4029.9634,261.2266210937496,6.0875100168892455
2025-10-14,Lexington,Tucson,Reefer,1926.1,4115.08,4058.9797,56.10026367187493,1.363284885637094
2025-10-14,Little Rock,Reno,Dry Van,1732.1,3166.71,3078.916,87.79398437500004,2.772403673686572
2025-10-14,Corpus Christi,Little Rock,Reefer,560.3,1432.87,1392.6311,40.23889648437489,2.808272661467886
2025-10-14,Charleston,San Francisco,Flatbed,2698.0,5133.96,4833.647,300.31302734375004,5.849539679774483
2025-10-14,Albany,Shreveport,Dry Van,1610.8,3217.94,3168.2786,49.661435546875055,1.5432679150908672
2025-10-14,Phoenix,Jacksonville,Reefer,2232.9,4875.19,5179.378,304.1879296875004,6.239509222973883
2025-10-14,Oklahoma City,Tucson,Reefer,1028.8,2435.4,2402.429,32.97104492187509,1.3538246251899109
2025-10-14,Lubbock,Raleigh,Dry Van,1611.3,3280.86,3147.0898,133.77015625000013,4.077289376870702
2025-10-14,Hartford,Savannah,Dry Van,842.2,1645.01,1736.4886,91.47864746093751,5.560978198365816
2025-10-14,Tulsa,Fort Wayne,Dry Van,882.3,1846.41,1717.107,129.30294433593758,7.002937827239755
2025-10-14,Mobile,Nashville,Reefer,310.2,868.43,879.37195,10.94194824218755,1.2599689372992124
2025-10-14,Fort Wayne,Tucson,Flatbed,2022.1,4145.97,4096.6567,49.313261718750255,1.189426400064406
2025-10-14,Baltimore,Hartford,Dry Van,129.6,342.29,336.89648,5.3935156250000205,1.5757152195506792
2025-10-14,Los Angeles,Fresno,Dry Van,429.3,944.78,965.4965,20.716520996093777,2.1927349220023475
2025-10-14,Baltimore,New York,Dry Van,165.5,432.81,400.26544,32.54455810546875,7.519363717443856
2025-10-14,Montgomery,Oklahoma City,Reefer,884.0,2100.38,2186.2673,85.88733398437489,4.08913310850298
2025-10-14,Greensboro,Baton Rouge,Reefer,805.9,1913.71,1816.4148,97.29520507812504,5.084114368327752
2025-10-14,Phoenix,Lexington,Reefer,2141.8,4637.6,4389.584,248.01601562500036,5.347938925845272
2025-10-14,Bakersfield,Chattanooga,Flatbed,1973.7,3959.08,3927.7976,31.282392578124927,0.7901429771089477
2025-10-14,Hartford,New York,Flatbed,117.0,335.52,324.85696,10.663035888671857,3.1780626754506014
2025-10-14,Tucson,Salt Lake City,Dry Van,365.0,876.72,867.6834,9.036589355468777,1.0307269544973054
2025-10-14,Memphis,Kansas City,Dry Van,334.0,834.23,815.1039,19.126118164062518,2.292667269705299
2025-10-14,Toledo,Lexington,Dry Van,421.8,976.69,916.79956,59.890439453125055,6.131980408637854
2025-10-14,Albuquerque,Baton Rouge,Dry Van,1224.7,2517.9,2532.4905,14.590478515624909,0.5794701344622466
2025-10-14,Philadelphia,Baton Rouge,Dry Van,1468.8,2900.96,2826.189,74.77103515625004,2.577458329527123
2025-10-14,New York,Memphis,Flatbed,1066.4,2291.8,2302.8113,11.011279296874818,0.4804642332173321
2025-10-14,Raleigh,Lexington,Dry Van,510.7,1109.5,1074.2306,35.2694091796875,3.1788561676149163
2025-10-14,Houston,Tampa,Flatbed,584.1,1404.53,1426.4558,21.925810546875027,1.5610781219963281
2025-10-14,Jacksonville,Harrisburg,Reefer,744.5,1778.9,1847.8125,68.91249999999991,3.8738827365225643
2025-10-14,Washington,Philadelphia,Dry Van,279.6,672.87,686.20154,13.331538085937495,1.9812947651013564
2025-10-14,Tucson,Washington,Dry Van,2435.3,4492.99,4434.98,58.01001953124978,1.2911228275880824
2025-10-14,Tucson,Toledo,Dry Van,2058.7,3691.68,3610.155,81.52497070312484,2.2083433749167
2025-10-14,St. Louis,Fresno,Reefer,1947.0,4106.78,4207.3213,100.54128906250025,2.448178111866237
2025-10-14,Grand Rapids,Baton Rouge,Flatbed,1126.2,2400.42,2091.7356,308.6844042968751,12.859599749080372
2025-10-14,Amarillo,Greensboro,Dry Van,1443.3,2829.54,2759.474,70.06587890624996,2.4762286062840593
2025-10-14,Tucson,Albuquerque,Dry Van,450.9,1016.38,1050.8485,34.468510742187505,3.391301554751914
2025-10-14,Greensboro,Houston,Dry Van,940.2,2068.54,1979.5159,89.02413085937496,4.303718122897066
2025-10-14,Hartford,Atlanta,Dry Van,985.0,1985.13,1952.6805,32.44945800781261,1.634626347282677
2025-10-14,Shreveport,Providence,Dry Van,1566.2,1068.71,2970.3235,1901.613486328125,177.93540682955384
2025-10-14,Albany,Baton Rouge,Flatbed,1778.0,3810.51,3802.4136,8.096425781250218,0.21247617198879462
2025-10-14,Nashville,Albany,Reefer,1274.6,2759.01,2780.13,21.11988281249978,0.7654877224982795
2025-10-14,Syracuse,Bakersfield,Dry Van,2638.3,4823.0,4672.253,150.7470703125,3.1255871928778767
2025-10-14,Harrisburg,Corpus Christi,Flatbed,1479.3,3276.21,3111.268,164.94193359375004,5.0345348312150335
2025-10-14,Baton Rouge,Buffalo,Dry Van,1273.3,2572.11,2166.9434,405.1666406250001,15.752306107631481
2025-10-14,Birmingham,Grand Rapids,Dry Van,814.7,1654.43,1648.651,5.778999023437564,0.34930453530445915
2025-10-14,Oklahoma City,Jacksonville,Dry Van,963.9,1917.02,1857.095,59.92502929687498,3.125947006128
2025-10-14,Houston,Memphis,Dry Van,531.8,1283.37,1256.825,26.54504882812489,2.06838626648004
2025-10-14,Cincinnati,Baltimore,Dry Van,924.0,1880.86,1844.9883,35.8717187499999,1.9071977047733433
2025-10-14,Lexington,Little Rock,Dry Van,529.6,1237.67,1193.3873,44.28267089843757,3.577906138020439
2025-10-14,Milwaukee,Raleigh,Reefer,797.5,1905.9,1879.3203,26.57968750000009,1.3946003200587695
2025-10-14,Dayton,Jacksonville,Flatbed,646.9,1394.17,1297.6682,96.50178710937507,6.921809184631362
2025-10-14,New York,Austin,Dry Van,1905.1,3737.58,3634.055,103.52506835937493,2.7698422069728257
2025-10-14,Buffalo,New York,Reefer,330.1,870.04,882.49994,12.459938964843786,1.4321110483246502
2025-10-14,Lubbock,Philadelphia,Dry Van,1951.0,3980.47,3725.7698,254.7002246093748,6.398747499902645
2025-10-14,Phoenix,Nashville,Flatbed,1963.8,4071.09,4017.7227,53.367343750000146,1.3108858745446585
2025-10-14,Hartford,Toledo,Reefer,821.2,1882.03,1840.0911,41.93893554687497,2.228388258788381
2025-10-14,Tampa,Atlanta,Dry Van,553.9,1209.75,1209.937,0.18701171875,0.015458707894193015
2025-10-14,Milwaukee,Lexington,Dry Van,308.2,767.46,735.9517,31.508278808593786,4.105527168659446
2025-10-14,Nashville,Oklahoma City,Reefer,761.0,1889.66,1737.464,152.19601074218758,8.054147875394916
2025-10-14,Phoenix,Buffalo,Reefer,2658.5,5580.26,5499.523,80.73705078125022,1.4468331364712435
2025-10-14,Tampa,Birmingham,Dry Van,418.8,968.58,1023.90466,55.32466308593746,5.711935316229682
2025-10-14,Chattanooga,Mobile,Dry Van,310.7,770.73,759.1232,11.606770019531268,1.5059450157034588
2025-10-14,Baltimore,Detroit,Dry Van,837.0,1672.5,1668.7031,3.796875,0.22701793721973093
2025-10-14,Lubbock,Buffalo,Flatbed,1648.6,3460.38,3469.7444,9.36438476562489,0.2706172375757833
2025-10-14,Lexington,Los Angeles,Dry Van,2237.7,4118.79,4176.189,57.398964843750036,1.393588040267895
2025-10-14,Oklahoma City,El Paso,Dry Van,803.3,1817.69,1767.3004,50.389584960937555,2.7721770467427094
2025-10-14,Providence,Baton Rouge,Dry Van,1590.7,9208.2,3060.8933,6147.306689453126,66.75904834227238
2025-10-14,Albuquerque,Atlanta,Reefer,1552.1,3437.7,3100.075,337.6250488281248,9.821248184196552
2025-10-14,Tucson,Tulsa,Dry Van,1275.1,2495.56,2559.6301,64.07012695312505,2.5673647178639283
2025-10-14,Atlanta,Charleston,Dry Van,448.6,994.05,965.30206,28.747937011718705,2.8920011077630607
2025-10-14,Indianapolis,Baton Rouge,Dry Van,685.1,1550.66,1493.8762,56.78377929687508,3.6619103669969615
2025-10-14,Baton Rouge,Fort Wayne,Reefer,1021.7,2390.2,2563.3801,173.18012695312518,7.245424104808183
2025-10-14,Madison,Boston,Reefer,1253.9,2761.78,2797.3953,35.6152636718748,1.2895764207096436
2025-10-14,Harrisburg,El Paso,Dry Van,2155.1,4010.82,3990.4893,20.330742187500164,0.5068973972280023
2025-10-14,Oklahoma City,Louisville,Reefer,862.2,2036.02,1967.198,68.82200195312498,3.380222294138809
2025-10-14,Chattanooga,Syracuse,Dry Van,891.0,1705.04,1794.4004,89.36039062500004,5.2409556740604355
2025-10-14,Jacksonville,Fresno,Dry Van,2400.5,4648.25,4600.222,48.02783203125,1.0332454586403483
2025-10-14,Toledo,Milwaukee,Flatbed,307.6,796.77,836.36285,39.59285400390627,4.9691697734485825
2025-10-14,Los Angeles,Columbia,Dry Van,2375.4,4085.68,3828.846,256.83405273437484,6.2862008951845185
2025-10-14,Columbia,Buffalo,Flatbed,667.3,1438.66,1371.6282,67.03182617187508,4.659323688145571
2025-10-14,Madison,Albany,Dry Van,1122.5,2203.15,2244.7214,41.57143554687491,1.8869089960681256
2025-10-14,Lubbock,Hartford,Reefer,1956.2,4441.37,4199.843,241.5272265624999,5.438124420223938
2025-10-14,Lexington,Lubbock,Reefer,1146.3,2615.32,2422.5156,192.80437500000016,7.372114119878262
2025-10-14,Fort Wayne,Philadelphia,Dry Van,796.6,1653.73,1637.0087,16.721333007812518,1.0111283587896764
2025-10-14,Bakersfield,Atlanta,Reefer,2045.1,4599.84,4302.019,297.82095703125015,6.474593834377938
2025-10-14,Grand Rapids,Boston,Flatbed,1081.7,2241.93,2524.2925,282.36248046875016,12.594616266732245
2025-10-14,Providence,Albany,Dry Van,557.7,1162.93,1158.8567,4.073310546875064,0.350262745554338
2025-10-14,Tucson,Montgomery,Flatbed,1837.8,3923.5,3878.7092,44.790771484375,1.1416024336529884
2025-10-14,Buffalo,Green Bay,Reefer,571.0,1356.86,1318.7227,38.1373437499999,2.8107058760667942
2025-10-14,Chattanooga,Atlanta,Dry Van,70.0,211.65,264.19727,52.547265624999994,24.82743473895582
2025-10-14,Jacksonville,Green Bay,Dry Van,1017.7,2034.11,2145.1506,111.0406347656251,5.458929692377753
2025-10-14,Charleston,Tampa,Reefer,706.8,1752.33,1779.26,26.930009765625073,1.5368115460914937
2025-10-14,Raleigh,San Antonio,Flatbed,1488.0,3322.69,3236.9724,85.71758789062505,2.579764825807555
2025-10-14,Mobile,Amarillo,Dry Van,1113.0,2466.99,2661.9792,194.98924804687522,7.903933459271227
2025-10-14,Raleigh,Grand Rapids,Dry Van,830.3,1718.44,1761.7433,43.303286132812445,2.519918422104493
2025-10-14,Little Rock,Buffalo,Flatbed,1045.7,2108.3,2352.753,244.45292968749982,11.594788677488962
2025-10-14,Reno,Mobile,Flatbed,2042.4,4190.59,4102.8555,87.73453125000015,2.0936080897916556
2025-10-14,St. Louis,Providence,Dry Van,1295.7,2555.1,2510.273,44.82705078124991,1.7544147305878406
2025-10-14,Phoenix,Green Bay,Dry Van,2140.7,3988.15,4108.585,120.43496093749991,3.019820240901167
2025-10-14,Boston,Grand Rapids,Reefer,1045.9,2282.3,2281.8142,0.4857910156251819,0.0212851516288473
2025-10-14,New York,Chattanooga,Dry Van,948.2,1864.02,1899.212,35.19203613281252,1.887964513943655
2025-10-14,Salt Lake City,Syracuse,Dry Van,2281.8,4309.49,4362.7344,53.24437500000022,1.2355145272410475
2025-10-14,Milwaukee,Tampa,Dry Van,906.4,1945.1,1781.7422,163.3578124999999,8.398427458742477
2025-10-14,Phoenix,Buffalo,Reefer,2671.5,5493.16,5494.5415,1.3815039062501455,0.02514952971058818
2025-10-14,Shreveport,Toledo,Dry Van,910.2,1952.91,1895.2375,57.67245117187508,2.953154583256529
2025-10-14,Oklahoma City,Buffalo,Dry Van,1527.6,2834.36,2876.8586,42.49864257812487,1.4994087758127008
2025-10-14,Tulsa,Austin,Flatbed,490.4,1281.05,1296.1327,15.082690429687545,1.177369379000628
2025-10-14,Indianapolis,Nashville,Reefer,288.5,788.0,825.63745,37.637451171875,4.776326290847082
2025-10-14,Milwaukee,New York,Dry Van,950.2,1874.94,1985.59,110.64996582031245,5.901520359068154
2025-10-14,Syracuse,Jacksonville,Dry Van,995.8,2027.7,2069.3347,41.634716796874955,2.0532976671536693
2025-10-14,Indianapolis,Tucson,Dry Van,1715.0,3071.43,3132.6611,61.231132812500164,1.9935708387461268
2025-10-14,Houston,Philadelphia,Flatbed,1593.9,3532.28,3316.0957,216.1842968750002,6.1202480232314596
2025-10-14,Tucson,El Paso,Reefer,291.6,753.38,764.67737,11.297368164062505,1.4995577482893765
2025-10-14,Richmond,San Antonio,Dry Van,1614.3,3193.71,3184.238,9.471962890625036,0.2965818089502502
2025-10-14,Tucson,Nashville,Dry Van,1722.7,3520.42,3371.4893,148.93074218750007,4.230482220516304
2025-10-14,Greensboro,Baltimore,Dry Van,666.3,1464.04,1352.841,111.19905761718746,7.595356521487629
2025-10-14,Philadelphia,Phoenix,Reefer,2864.4,5606.16,5384.2305,221.92953124999985,3.958672803665965
2025-10-14,Albany,Phoenix,Reefer,3084.8,6049.66,6003.497,46.162929687499854,0.76306651427518
2025-10-14,San Antonio,Raleigh,Dry Van,1492.6,3055.38,2915.8389,139.5411328125001,4.567063108762253
2025-10-14,Milwaukee,Detroit,Dry Van,427.2,913.33,888.11786,25.21214111328129,2.760463481247883
2025-10-14,Greensboro,Savannah,Reefer,213.4,616.61,671.88715,55.277145996093736,8.964685294772016
2025-10-14,Reno,Philadelphia,Flatbed,2761.9,5064.85,5294.4595,229.60947265624964,4.5333913670937855
2025-10-14,Salt Lake City,Reno,Dry Van,520.8,1176.84,1098.6504,78.18960937499992,6.6440305712756125
2025-10-14,Grand Rapids,San Antonio,Reefer,1344.2,3065.85,3238.0442,172.1941894531251,5.616523621609834
2025-10-14,Bakersfield,New Orleans,Dry Van,1678.5,3328.78,3227.8542,100.9257519531252,3.0319141533272007
2025-10-14,Milwaukee,Memphis,Dry Van,342.5,804.05,752.28815,51.761853027343705,6.4376410704985645
2025-10-14,Atlanta,Oklahoma City,Dry Van,889.0,1987.31,1847.4467,139.86334472656245,7.037822218303257
2025-10-14,Houston,Harrisburg,Dry Van,1285.7,2500.22,2512.2473,12.0273144531252,0.48105024570338617
2025-10-14,Phoenix,Nashville,Flatbed,1949.8,4179.65,4052.8474,126.80258789062464,3.033808761274859
2025-10-15,Corpus Christi,Atlanta,Dry Van,844.3,1914.6,1922.2604,7.660375976562591,0.40010320571203334
2025-10-15,Philadelphia,Charleston,Flatbed,619.5,1450.77,1414.1099,36.66013671874998,2.5269433968685586
2025-10-15,San Antonio,Louisville,Dry Van,975.0,2136.84,2044.9152,91.92483886718765,4.301905564627564
2025-10-15,Philadelphia,Cincinnati,Dry Van,904.1,1822.83,1752.5132,70.31681640624993,3.8575630424257845
2025-10-15,Buffalo,Hartford,Dry Van,441.5,932.17,922.14685,10.023149414062459,1.0752490869758153
2025-10-15,Nashville,Baton Rouge,Dry Van,525.4,1251.37,1211.0958,40.27417480468739,3.218406610729632
2025-10-15,Phoenix,Oklahoma City,Dry Van,1247.0,2684.76,2622.043,62.71703125000022,2.3360386496372194
2025-10-15,Louisville,Montgomery,Dry Van,487.7,1123.71,1087.6129,36.097084960937536,3.212313226805629
2025-10-15,Memphis,Lexington,Flatbed,333.8,881.42,879.77795,1.642045898437459,0.18629551161052157
2025-10-15,Oklahoma City,Little Rock,Reefer,516.9,1355.77,1312.1973,43.57273437499998,3.213873619788016
2025-10-15,Columbia,Richmond,Dry Van,526.0,1204.07,1168.4949,35.575126953124936,2.954572986049394
2025-10-15,Milwaukee,Nashville,Dry Van,366.1,861.53,852.87756,8.652436523437473,1.0043105316631427
2025-10-15,Grand Rapids,St. Louis,Flatbed,473.2,1178.27,1156.9557,21.314311523437482,1.8089496909398934
2025-10-15,Memphis,Shreveport,Reefer,324.0,961.45,966.49115,5.0411499023437045,0.5243278280039216
2025-10-15,Oklahoma City,Fresno,Reefer,1412.1,3272.45,3418.2336,145.78364257812518,4.4548776170186
2025-10-15,Syracuse,Los Angeles,Reefer,2731.0,5462.43,5687.729,225.2990039062497,4.124519744989861
2025-10-15,Raleigh,Phoenix,Dry Van,2680.5,5007.73,5047.6562,39.92625000000044,0.7972923859712973
2025-10-15,Detroit,Columbia,Flatbed,716.2,1699.95,1614.365,85.58500976562505,5.034560414460722
2025-10-15,Buffalo,Richmond,Dry Van,327.9,779.9,720.0693,59.83072509765623,7.671589318842958
2025-10-15,Mobile,New York,Reefer,1180.2,2716.26,2627.3564,88.90355468750022,3.273013433452623
2025-10-15,Raleigh,Las Vegas,Dry Van,2506.4,4877.5,4766.9478,110.55224609375,2.2665760347257815
2025-10-15,Hartford,Bakersfield,Dry Van,2886.1,5287.91,5130.101,157.80892578124985,2.9843345628282227
2025-10-15,Birmingham,Little Rock,Flatbed,372.1,1009.32,983.71204,25.60796386718755,2.537150147345495
2025-10-15,Salt Lake City,Fort Wayne,Flatbed,1763.5,3554.36,3762.3674,208.00743164062487,5.852176809344716
2025-10-15,El Paso,Montgomery,Reefer,1598.8,3644.6,3525.1875,119.41249999999991,3.276422652691651
2025-10-15,Reno,Richmond,Reefer,2596.3,5404.21,5310.1733,94.03666015625004,1.7400630278292302
2025-10-15,Grand Rapids,Columbia,Dry Van,745.8,1655.51,1480.8447,174.6652734375,10.550541732608078
2025-10-15,Charleston,Cincinnati,Dry Van,550.4,1309.36,1232.4852,76.8747705078124,5.871171450770789
2025-10-15,Fresno,Fort Wayne,Dry Van,2294.0,4165.83,4120.8193,45.01066406249993,1.080472896457607
2025-10-15,Green Bay,Phoenix,Dry Van,2171.2,4006.28,3901.0396,105.2404492187502,2.6268870178507293
2025-10-15,Cincinnati,Jacksonville,Dry Van,450.9,1061.61,1045.8833,15.7266992187499,1.4814008175083035
2025-10-15,Hartford,Lubbock,Flatbed,1984.4,4242.9,4080.3662,162.53378906249964,3.83072401099483
2025-10-15,Boston,Savannah,Dry Van,940.5,1951.97,1900.305,51.66494628906253,2.6468104678382622
2025-10-15,Greensboro,Columbia,Flatbed,119.6,348.2,378.75546,30.555462646484386,8.775262104102351
2025-10-15,Buffalo,New York,Reefer,324.7,834.92,784.95325,49.96675292968746,5.984615643377505
2025-10-15,New York,El Paso,Dry Van,2336.4,4519.53,4320.0635,199.46652343749975,4.413435101382218
2025-10-15,Greensboro,Baltimore,Reefer,684.3,1659.11,1571.6119,87.4980615234374,5.273795078291217
2025-10-15,Tampa,Chattanooga,Dry Van,570.4,1214.48,1148.4409,66.03908203125002,5.437642615049241
2025-10-15,Charleston,Tulsa,Reefer,1006.6,2442.56,2324.724,117.83587890624995,4.82427776211229
2025-10-15,Phoenix,Houston,Dry Van,1519.0,2936.44,2845.3333,91.10674804687505,3.102625902346891
2025-10-15,Hartford,Syracuse,Dry Van,402.2,864.31,861.26324,3.0467553710936954,0.35250724521221505
2025-10-15,Toledo,Salt Lake City,Dry Van,1877.7,3734.02,3708.7207,25.299296874999982,0.6775351196565628
2025-10-15,Nashville,Los Angeles,Dry Van,2038.4,3996.08,3902.186,93.89396484374993,2.3496517798379895
2025-10-15,Fort Wayne,Raleigh,Reefer,673.9,1501.44,1449.3395,52.100522460937555,3.4700369286110364
2025-10-15,Tucson,Tampa,Dry Van,1845.6,3618.32,3693.2395,74.91950195312484,2.070560424537488
2025-10-15,Cincinnati,Milwaukee,Dry Van,232.1,600.5,623.1873,22.68731689453125,3.7780710898470025
2025-10-15,Houston,Grand Rapids,Dry Van,1172.7,2508.4,2439.144,69.25595703125009,2.7609614507753983
2025-10-15,Fort Wayne,Oklahoma City,Reefer,1136.6,2661.47,2798.0667,136.5966503906252,5.132376107588107
2025-10-15,Cincinnati,Baton Rouge,Reefer,692.7,1813.6,1754.9094,58.69057617187491,3.2361367540733847
2025-10-15,Memphis,Dayton,Dry Van,434.5,1056.38,1005.98285,50.39715087890636,4.77074072577163
2025-10-15,Phoenix,Los Angeles,Reefer,70.0,216.75,292.32733,75.57733154296875,34.86843439121972
2025-10-15,Baltimore,Atlanta,Dry Van,911.1,1788.8,1761.7937,27.006298828124955,1.5097438969211179
2025-10-15,Toledo,Richmond,Dry Van,580.0,1232.16,1174.7646,57.39535156250008,4.658108651676737
2025-10-15,Corpus Christi,Oklahoma City,Dry Van,338.5,853.57,811.2806,42.2894213867188,4.954417492029804
2025-10-15,Shreveport,Savannah,Dry Van,688.2,1564.33,1519.9011,44.42887695312493,2.840121774377844
2025-10-15,Harrisburg,Columbia,Reefer,537.2,1378.98,1317.5256,61.45436523437502,4.456508813352987
2025-10-15,Reno,Columbia,Flatbed,2289.8,4506.19,4405.81,100.3799414062496,2.2276011754109257
2025-10-15,Baton Rouge,Louisville,Flatbed,663.2,1653.47,1507.5122,145.95779296875003,8.827362635472674
2025-10-15,Indianapolis,Greensboro,Dry Van,458.9,1038.39,999.5562,38.83378662109385,3.739807453952161
2025-10-15,Albany,San Antonio,Flatbed,2094.4,4400.24,4194.606,205.63404296874978,4.673246072231282
2025-10-15,Charleston,New Orleans,Dry Van,883.5,1876.83,1789.826,87.00395019531243,4.635686247305959
2025-10-15,Lexington,Jacksonville,Reefer,411.2,1089.43,1073.963,15.466987304687564,1.419732089687962
2025-10-15,Grand Rapids,Cincinnati,Flatbed,536.9,1332.19,1255.587,76.60296386718755,5.750153046276249
2025-10-15,Toledo,Greensboro,Dry Van,496.6,1053.6,1017.4788,36.12117919921866,3.4283579346259168
2025-10-15,Hartford,Raleigh,Dry Van,500.9,1152.67,1110.6083,42.06172363281257,3.6490689991769174
2025-10-15,Providence,Bakersfield,Reefer,3058.2,6475.22,6367.529,107.69119140625025,1.6631279154414869
2025-10-15,Greensboro,Hartford,Flatbed,748.9,1605.1,1509.7279,95.37209472656241,5.941816380696681
2025-10-15,Tulsa,Los Angeles,Dry Van,1572.5,3212.24,3076.121,136.11890624999978,4.237507354680839
2025-10-15,Atlanta,Nashville,Dry Van,158.6,436.33,441.4317,5.101701660156266,1.1692300919387313
2025-10-15,Grand Rapids,Oklahoma City,Reefer,1248.0,2740.89,2569.4622,171.42784179687487,6.25445901867185
2025-10-15,Savannah,Dayton,Reefer,566.1,4350.23,1366.7926,2983.437397460937,68.58114162839522
2025-10-15,Milwaukee,Green Bay,Dry Van,398.6,944.01,926.8552,17.15477539062499,1.8172239055333093
2025-10-15,Kansas City,Bakersfield,Flatbed,1685.1,3563.89,3435.347,128.54307617187487,3.606819407217251
2025-10-15,Fort Wayne,Richmond,Dry Van,599.1,1255.95,1181.2941,74.65593261718755,5.944180311094195
2025-10-15,Charleston,Shreveport,Reefer,871.3,2041.12,1746.5641,294.5559130859374,14.431092394662606
2025-10-15,Detroit,Indianapolis,Reefer,521.2,1346.17,1322.4268,23.743242187500073,1.763762540206666
2025-10-15,Mobile,Boston,Flatbed,1402.1,568.26,3241.5706,2673.310556640625,470.43792571017224
2025-10-15,Corpus Christi,Toledo,Flatbed,1320.8,2903.57,3073.836,170.26593749999984,5.864020412802165
2025-10-15,Columbia,Los Angeles,Dry Van,2289.1,4389.3,4345.6636,43.63642578125018,0.9941545526906381
2025-10-15,Cincinnati,Amarillo,Dry Van,1242.2,2617.61,2540.0012,77.60877929687513,2.964871745480615
2025-10-15,Cincinnati,Tulsa,Dry Van,631.0,1498.27,1397.5834,100.68662597656248,6.720192353618673
2025-10-15,Albuquerque,Birmingham,Dry Van,1463.8,2985.02,2871.042,113.97800781249998,3.81833313721516
2025-10-15,Fort Wayne,Mobile,Reefer,810.0,1930.62,1857.0879,73.53210937499989,3.8087303236783985
2025-10-15,Bakersfield,Austin,Dry Van,1224.5,2661.22,2604.2104,57.0095507812498,2.142233666560818
2025-10-15,Los Angeles,Reno,Flatbed,926.4,2045.72,2121.0454,75.32541015624997,3.68209775317492
2025-10-15,Lexington,Milwaukee,Reefer,316.1,842.96,822.76263,20.197365722656286,2.396005234252667
2025-10-15,Nashville,Philadelphia,Dry Van,1038.7,2152.99,2095.311,57.67896484374978,2.679016848371325
2025-10-15,Amarillo,Las Vegas,Flatbed,755.9,1744.7,1785.9814,41.281445312499955,2.36610565211784
2025-10-15,Chattanooga,San Antonio,Flatbed,891.0,2181.82,2088.5117,93.30828125000016,4.27662599343668
2025-10-15,Oklahoma City,Milwaukee,Dry Van,896.8,1907.86,1786.1929,121.6671289062499,6.37715183012642
2025-10-15,Amarillo,Charleston,Dry Van,1654.7,3295.14,3268.957,26.182968749999873,0.7945935149948067
2025-10-15,Fort Wayne,Washington,Reefer,559.3,1364.09,1328.1934,35.89664062499992,2.6315448852348395
2025-10-15,Oklahoma City,Milwaukee,Reefer,904.7,2087.79,2008.3354,79.45455078124996,3.805677332550207
2025-10-15,Green Bay,Lexington,Reefer,630.7,1556.11,1499.4708,56.6391748046874,3.6397924828378074
2025-10-15,Lubbock,Mobile,Flatbed,798.2,1944.75,1920.7404,24.0096435546875,1.2345876618942022
2025-10-15,Little Rock,Lubbock,Dry Van,661.9,1512.28,1416.9705,95.30954101562497,6.3023739661719365
2025-10-15,Columbia,Las Vegas,Dry Van,2079.7,3926.13,3787.824,138.3060253906251,3.5227062117307653
2025-10-15,Lexington,Atlanta,Dry Van,194.8,483.85,490.2433,6.393286132812477,1.3213363920248997
2025-10-15,Kansas City,Toledo,Reefer,467.6,1165.76,1152.2637,13.496328124999991,1.1577278449251982
2025-10-15,Atlanta,Grand Rapids,Dry Van,704.4,1438.61,1407.7953,30.8147119140624,2.1419781534997258
2025-10-15,Syracuse,Cincinnati,Reefer,775.0,1692.84,1601.4885,91.35147460937492,5.396344285896772
2025-10-15,Jacksonville,Mobile,Dry Van,282.3,754.63,843.5157,88.88568603515625,11.77871089608898
2025-10-15,Little Rock,Kansas City,Dry Van,431.1,1004.61,948.5458,56.064223632812514,5.580695357682336
2025-10-15,Corpus Christi,Louisville,Flatbed,912.0,2234.84,2113.471,121.36905273437515,5.430771452738234
2025-10-15,El Paso,Mobile,Dry Van,1508.6,2952.3,2880.2886,72.01142578125018,2.4391635599786667
2025-10-15,Columbia,New York,Dry Van,769.8,1533.52,1464.7384,68.78159667968748,4.485210279597754
2025-10-15,New York,Bakersfield,Flatbed,2729.6,5166.25,5028.6304,137.61962890625,2.6638205450036296
2025-10-15,Oklahoma City,Reno,Reefer,1424.0,3281.89,3435.042,153.15199218750013,4.666579080575526
2025-10-15,Raleigh,Lexington,Flatbed,527.0,1269.99,1260.4781,9.511850585937509,0.7489705104715398
2025-10-15,Columbia,Phoenix,Dry Van,2321.9,4306.25,4171.463,134.787109375,3.130034470246734
2025-10-15,Oklahoma City,Grand Rapids,Dry Van,1244.3,2476.61,2429.6296,46.98036132812513,1.8969624336542743
2025-10-15,Green Bay,Tucson,Dry Van,2016.4,3778.62,3582.0664,196.5535937499999,5.201729566614264
2025-10-15,Shreveport,Bakersfield,Flatbed,1611.3,3385.62,3222.9988,162.6212207031249,4.803292179958912
2025-10-15,Nashville,Detroit,Reefer,738.9,1681.07,1633.5569,47.513115234374936,2.8263614979968077
2025-10-15,Phoenix,Jacksonville,Dry Van,2235.8,4294.8,4522.5796,227.77958984374982,5.303613435870118
2025-10-15,Corpus Christi,Savannah,Reefer,1033.8,2564.43,2484.0144,80.41559570312484,3.135807789767116
2025-10-15,Dayton,Toledo,Dry Van,200.7,501.67,481.44244,20.227556152343766,4.032044202831297
2025-10-15,Amarillo,Los Angeles,Flatbed,948.3,2247.19,2227.9932,19.196835937500055,0.854259583635565
2025-10-15,Salt Lake City,Columbia,Reefer,2046.4,4562.17,4353.9707,208.19929687500007,4.563602340004868
2025-10-15,Corpus Christi,Phoenix,Flatbed,1440.1,3238.99,3168.738,70.25196289062478,2.1689465818241116
2025-10-15,Indianapolis,Dallas,Dry Van,654.2,1493.13,1414.9462,78.18383300781261,5.236237501611554
2025-10-15,Madison,Shreveport,Dry Van,753.4,1602.83,1592.8558,9.974165039062427,0.6222846489685386
2025-10-15,Fort Wayne,St. Louis,Dry Van,384.9,928.05,877.85657,50.193432617187455,5.408483661137596
2025-10-15,Reno,Lexington,Dry Van,2077.4,3913.99,3957.947,43.95702148437522,1.1230744453709698
2025-10-15,Dallas,Phoenix,Dry Van,1544.3,2990.47,2899.199,91.2710253906248,3.052062899498233
2025-10-15,Little Rock,Harrisburg,Reefer,996.1,2214.62,2286.6677,72.04772460937511,3.25327706827244
2025-10-15,Mobile,Milwaukee,Dry Van,626.6,1323.68,1299.5719,24.108100585937564,1.821293710408676
2025-10-15,Tulsa,Lexington,Reefer,720.2,1844.13,2089.5225,245.3924609374999,13.306679081057185
2025-10-15,Atlanta,Dayton,Dry Van,412.5,932.44,934.37067,1.9306665039061954,0.2070553069265792
2025-10-15,Grand Rapids,Toledo,Dry Van,181.2,474.27,477.1346,2.864613037109393,0.6040046887025098
2025-10-15,Buffalo,Little Rock,Dry Van,1063.2,2227.05,2210.9688,16.081250000000182,0.7220875148739445
2025-10-15,Memphis,Richmond,Reefer,851.5,2089.72,2035.1449,54.5751025390623,2.611598804579671
2025-10-15,San Francisco,Raleigh,Dry Van,2900.2,5134.16,4832.905,301.25521484374985,5.867663158992899
2025-10-15,Hartford,Atlanta,Flatbed,983.6,2193.66,2175.1848,18.475185546874854,0.8422082522758704
2025-10-15,Albany,Syracuse,Dry Van,361.6,794.02,822.6295,28.609516601562518,3.603122919014952
2025-10-15,Greensboro,Columbia,Dry Van,153.8,1971.21,411.4629,1559.747109375,79.12637970459768
2025-10-15,Salt Lake City,Nashville,Reefer,1670.1,3702.06,3596.6116,105.44842773437495,2.8483716561691312
2025-10-15,Savannah,Cincinnati,Dry Van,422.8,999.32,983.18396,16.13604003906255,1.6147020012671165
2025-10-15,Los Angeles,Mobile,Dry Van,2051.9,4097.51,4999.475,901.9650976562498,22.01251730090347
2025-10-15,Milwaukee,Los Angeles,Flatbed,2100.3,4235.68,4108.1343,127.54572265625029,3.01122187361298
2025-10-15,Boston,Memphis,Dry Van,1353.0,2724.75,2623.3965,101.353515625,3.719736329021011
2025-10-15,Columbia,Albany,Dry Van,1088.1,2087.54,2101.211,13.670937500000036,0.6548826609310497
2025-10-15,Baton Rouge,Birmingham,Flatbed,486.5,1258.93,1233.2695,25.660468750000064,2.038276055856963
2025-10-15,Grand Rapids,Oklahoma City,Dry Van,1186.3,2343.06,2296.8308,46.229189453124945,1.9730262756022017
2025-10-15,Grand Rapids,Los Angeles,Dry Van,2320.9,4341.53,4330.4233,11.106660156249745,0.2558236418094484
2025-10-15,Albuquerque,Grand Rapids,Flatbed,1554.1,3346.88,3308.4932,38.38683593750011,1.1469438981230313
2025-10-15,Tulsa,Nashville,Dry Van,504.1,1193.64,1203.4756,9.8355859374999,0.8239993580560219
2025-10-16,Hartford,Mobile,Reefer,1203.0,2724.36,2630.5757,93.78431640625013,3.442434788583378
2025-10-16,Las Vegas,Oklahoma City,Flatbed,1137.4,2533.06,2481.9983,51.061708984374945,2.0158112711256324
2025-10-16,Greensboro,Shreveport,Flatbed,706.4,1699.44,1718.4315,18.991518554687445,1.1175162732834019
2025-10-16,Tampa,Phoenix,Reefer,2067.5,4527.85,4279.802,248.04824218750036,5.478278701536056
2025-10-16,Mobile,Boston,Dry Van,1366.9,2720.36,2754.604,34.24400390624987,1.2588041254190574
2025-10-16,Atlanta,Tucson,Flatbed,1859.0,3737.89,3796.0315,58.14149414062513,1.5554629521100174
2025-10-16,Memphis,Columbia,Dry Van,427.6,1006.55,998.3623,8.187695312499955,0.8134414894938111
2025-10-16,Syracuse,San Francisco,Flatbed,2874.0,5553.58,5520.214,33.36613281249993,0.6008040365403924
2025-10-16,Mobile,Cincinnati,Dry Van,457.7,1047.23,1023.02295,24.207050781250018,2.31153144784336
2025-10-16,Madison,Bakersfield,Dry Van,1773.3,3512.86,3498.3506,14.509414062500127,0.41303707128949424
2025-10-16,Mobile,Baton Rouge,Dry Van,327.2,834.1,772.07,62.02999267578127,7.436757304373728
2025-10-16,Corpus Christi,Bakersfield,Dry Van,1452.3,2978.65,2914.2566,64.39340820312509,2.1618319776786494
2025-10-16,Nashville,Los Angeles,Dry Van,2053.3,3902.46,3820.3015,82.15848632812504,2.105299896171262
2025-10-16,New York,Albuquerque,Dry Van,2367.0,4696.7,4547.3496,149.35039062499982,3.1799005817914674
2025-10-16,Atlanta,Montgomery,Dry Van,299.4,757.49,726.4392,31.05079101562501,4.099168439929901
2025-10-16,Phoenix,Albuquerque,Reefer,693.7,1651.0,1627.1199,23.880126953125,1.4464038130299819
2025-10-16,Chattanooga,Buffalo,Dry Van,774.6,1655.06,1641.6085,13.451479492187445,0.8127487518390539
2025-10-16,Houston,Oklahoma City,Reefer,310.2,871.81,847.19385,24.616152343749945,2.8235684775065604
2025-10-16,Kansas City,Mobile,Dry Van,655.6,1474.93,1281.497,193.43305175781256,13.11472759777159
2025-10-16,Shreveport,Fort Wayne,Flatbed,852.4,1932.3,1961.5394,29.239428710937545,1.5131930192484369
2025-10-16,Hartford,Richmond,Dry Van,333.0,781.07,740.03046,41.0395434570313,5.254272146802629
2025-10-16,Fort Wayne,Buffalo,Dry Van,419.5,902.18,856.9343,45.24567382812495,5.015149285965656
2025-10-16,Memphis,Chattanooga,Dry Van,188.1,522.2,505.4319,16.768115234375045,3.211052323702613
2025-10-16,Los Angeles,Buffalo,Dry Van,2716.3,4781.19,4727.1235,54.0664648437496,1.1308160697179908
2025-10-16,Toledo,Louisville,Flatbed,432.4,1034.64,963.2074,71.4326025390626,6.904102155248452
2025-10-16,Los Angeles,Birmingham,Flatbed,2146.2,4263.76,4318.955,55.19507812499978,1.2945165329427495
2025-10-16,Fort Wayne,Lexington,Flatbed,365.9,904.52,860.3895,44.13047363281248,4.878883123956626
2025-10-16,Richmond,Cincinnati,Dry Van,667.8,1512.16,1477.7467,34.41329589843758,2.275770811186487
2025-10-16,St. Louis,Phoenix,Flatbed,1917.5,4033.83,3980.8855,52.94450195312493,1.3125119787676953
2025-10-16,Houston,Charleston,Dry Van,1073.5,2238.22,2299.3994,61.1794140625002,2.73339591561599
2025-10-16,San Antonio,Raleigh,Dry Van,1542.0,3178.27,3077.7239,100.54612304687498,3.1635488189132763
2025-10-16,Kansas City,Oklahoma City,Dry Van,798.3,1768.37,1737.7318,30.63818847656239,1.7325666278302838
2025-10-16,Hartford,Reno,Reefer,2879.8,5890.2,6201.034,310.8341796875002,5.277141348129099
2025-10-16,Corpus Christi,Cincinnati,Flatbed,914.1,2132.59,2057.852,74.73794921875015,3.504562490621739
2025-10-16,Nashville,New York,Dry Van,1004.3,1979.76,1961.8212,17.93883300781249,0.9061114987580561
2025-10-16,Greensboro,Buffalo,Flatbed,524.5,1198.94,1186.4785,12.461484375000055,1.039375145962271
2025-10-16,Oklahoma City,Los Angeles,Reefer,1301.7,3017.53,3096.531,79.0010058593748,2.6180686143758236
2025-10-16,New York,Fort Wayne,Reefer,724.7,1736.07,1761.3643,25.294257812500064,1.4569837513752362
2025-10-16,Washington,Nashville,Dry Van,783.8,1646.4,1675.8793,29.47927246093741,1.7905291825156346
2025-10-16,Kansas City,St. Louis,Dry Van,126.7,362.78,338.18808,24.591920166015598,6.778741983024313
2025-10-16,Los Angeles,Fresno,Dry Van,440.5,1030.67,1004.226,26.443986816406323,2.5657084048634693
2025-10-16,Syracuse,Cincinnati,Reefer,774.0,1786.04,1744.8375,41.202475585937464,2.3069178509964763
2025-10-16,Montgomery,Milwaukee,Reefer,710.3,1759.89,1772.0725,12.1825097656249,0.6922313193225087
2025-10-16,Houston,Nashville,Reefer,600.9,1623.7,1551.988,71.71196289062505,4.416577131897829
2025-10-16,Richmond,Cincinnati,Flatbed,652.0,1515.83,1446.4847,69.34525878906243,4.574738512172369
2025-10-16,Oklahoma City,Harrisburg,Dry Van,1483.7,3051.79,2870.6956,181.09444335937496,5.934040132491914
2025-10-16,Philadelphia,Hartford,Dry Van,71.7,200.56,217.82948,17.26948303222656,8.61063174722106
2025-10-16,Lubbock,Lexington,Dry Van,1131.1,2253.61,2267.0723,13.462265624999873,0.5973644785477467
2025-10-16,Memphis,Lexington,Dry Van,347.0,869.02,883.0532,14.033222656250018,1.6148331058261052
2025-10-16,Houston,Milwaukee,Reefer,845.1,2114.08,2022.7377,91.34232910156243,4.32066568443779
2025-10-16,Fresno,Bakersfield,Dry Van,224.3,588.86,619.6016,30.741623535156236,5.220531796208986
2025-10-16,Oklahoma City,St. Louis,Dry Van,783.1,1695.48,1651.4789,44.00111816406252,2.595201250622981
2025-10-16,Fort Wayne,Raleigh,Dry Van,730.5,1501.55,1414.388,87.16206054687495,5.804805737196561
2025-10-16,Boston,Kansas City,Flatbed,1332.8,2850.38,2909.3772,58.99719726562489,2.069801123556329
2025-10-16,Bakersfield,Madison,Dry Van,1846.1,3389.94,3403.77,13.830019531249945,0.4079723986633966
2025-10-16,Lexington,Kansas City,Dry Van,442.1,1049.3,1028.0986,21.201367187499955,2.0205248439435772
2025-10-16,Bakersfield,San Francisco,Flatbed,376.6,937.25,937.2148,0.03521728515625,0.003757512419978661
2025-10-16,Amarillo,New York,Reefer,2024.6,4304.74,4156.0444,148.69556640624978,3.454228743344541
2025-10-16,Los Angeles,Grand Rapids,Flatbed,2289.8,4584.79,4671.6113,86.82132812500004,1.8936816762599822
2025-10-16,Reno,Columbia,Dry Van,2294.2,1687.37,4022.5393,2335.169306640625,138.39106459405022
2025-10-16,San Antonio,Houston,Reefer,301.7,867.44,910.11194,42.671938476562445,4.919295683455045
2025-10-16,San Antonio,Los Angeles,Flatbed,1317.0,2794.83,2773.216,21.613935546874927,0.7733542128456804
2025-10-16,Nashville,Lexington,Reefer,255.1,718.12,682.00726,36.112736816406255,5.028788617000815
2025-10-16,Grand Rapids,Atlanta,Reefer,733.2,1702.69,1595.0605,107.62945312500005,6.32114202379764
2025-10-16,Phoenix,El Paso,Dry Van,544.7,1235.7,1235.6249,0.07512207031254547,0.006079312965326978
2025-10-16,Fort Wayne,Syracuse,Dry Van,534.0,1069.53,1131.0171,61.48708984375003,5.748982248627905
2025-10-16,San Antonio,Green Bay,Reefer,1411.7,3294.55,3465.4343,170.88432617187482,5.186879123761206
2025-10-16,Charleston,Dayton,Dry Van,632.3,1301.45,1280.2219,21.228076171875045,1.631109621720008
2025-10-16,New Orleans,New York,Dry Van,1329.8,2804.49,2604.47,200.02002929687478,7.132135586037918
2025-10-16,Tulsa,Oklahoma City,Dry Van,300.2,775.09,756.3761,18.713901367187532,2.4144165667454787
2025-10-16,Tulsa,Fort Wayne,Flatbed,877.7,2038.75,1993.08,45.6700439453125,2.2401002548283264
2025-10-16,Charleston,Baton Rouge,Flatbed,926.8,2112.34,2155.061,42.721035156249854,2.022450701887473
2025-10-16,Savannah,Lexington,Dry Van,341.6,844.26,804.6254,39.63457275390624,4.694593224114164
2025-10-16,Buffalo,Tucson,Dry Van,2331.5,4419.63,4320.6035,99.02648437500011,2.240605760550094
2025-10-16,Mobile,Chattanooga,Dry Van,323.2,824.68,817.5358,7.1441723632812,0.8662963044188291
2025-10-16,Syracuse,Washington,Dry Van,322.8,744.62,725.99365,18.626347656250005,2.5014568043095813
2025-10-16,Hartford,Austin,Dry Van,1963.6,4012.16,3776.9707,235.18929687499985,5.861912208760365
2025-10-16,Nashville,Memphis,Dry Van,124.5,346.4,347.97275,1.5727478027343977,0.4540265019441102
2025-10-16,Baton Rouge,Dayton,Dry Van,888.7,1766.71,1729.1726,37.537392578125036,2.124705955030822
2025-10-16,Columbia,Bakersfield,Dry Van,2308.6,4234.65,4180.2183,54.431738281249636,1.2853893068199176
2025-10-16,Providence,Phoenix,Dry Van,3162.5,5590.92,5631.0703,40.15031249999993,0.7181342694941071
2025-10-16,Philadelphia,Little Rock,Dry Van,1303.5,2634.88,2600.3757,34.50426757812511,1.3095195066995502
2025-10-16,Lubbock,Milwaukee,Dry Van,1120.9,2230.38,2264.9104,34.53040039062489,1.5481846317948011
2025-10-16,Cincinnati,Boston,Dry Van,1088.7,2199.79,2285.7712,85.98124023437504,3.9086112871853693
2025-10-16,Madison,San Antonio,Dry Van,1149.1,2405.29,2675.134,269.84403320312504,11.218773337232726
2025-10-16,San Francisco,Los Angeles,Flatbed,652.5,1577.84,1527.0454,50.79458984374992,3.2192484563548853
2025-10-16,Boston,Greensboro,Dry Van,850.4,1712.65,1712.8759,0.22585449218740905,0.013187428382180191
2025-10-16,Dayton,Fresno,Reefer,2203.7,4672.68,4638.805,33.87482421875029,0.7249549341865972
2025-10-16,Bakersfield,Shreveport,Dry Van,1629.3,3402.06,3284.2014,117.85858398437495,3.4643299643267595
2025-10-16,Syracuse,Hartford,Flatbed,422.2,982.74,965.92896,16.81104492187501,1.7106299653901345
2025-10-16,Tucson,Jacksonville,Dry Van,1983.2,3907.67,3802.5369,105.13313476562507,2.6904302248046807
2025-10-16,Indianapolis,Bakersfield,Dry Van,1833.0,3578.71,3584.4626,5.752646484374964,0.16074637185955173
2025-10-16,Lexington,Atlanta,Dry Van,211.0,526.8,522.7882,4.0117919921874545,0.7615398618427212
2025-10-16,Memphis,New York,Dry Van,1090.9,2240.17,2251.3533,11.183271484374927,0.4992153043909582
2025-10-16,Milwaukee,Toledo,Reefer,323.5,894.4,896.8976,2.4975830078125227,0.27924675847635544
2025-10-16,Green Bay,Cincinnati,Reefer,568.3,1466.32,1336.5701,129.74993164062494,8.848677753875343
2025-10-16,San Antonio,Los Angeles,Reefer,1270.1,2998.13,3004.3496,6.219609374999891,0.2074496227648531
2025-10-16,Kansas City,Reno,Dry Van,1684.1,3282.86,3079.533,203.32704101562513,6.193594640515438
2025-10-16,Richmond,Atlanta,Reefer,665.2,1565.23,1535.6968,29.533222656250018,1.8868295813554568
2025-10-16,Mobile,Houston,Reefer,465.9,1293.67,1256.2517,37.41829101562507,2.8924139089277072
2025-10-16,Phoenix,Lubbock,Dry Van,1097.6,2280.97,2205.149,75.8210742187498,3.3240715230252835
2025-10-16,Salt Lake City,Atlanta,Reefer,1789.2,4050.73,3991.5896,59.14040039062502,1.4599936404209863
2025-10-16,Cincinnati,Baltimore,Dry Van,900.8,1943.56,1897.0514,46.508608398437445,2.3929597438945773
2025-10-16,Buffalo,Shreveport,Reefer,1108.4,2508.13,2632.3093,124.17932617187489,4.951072160209993
2025-10-16,San Antonio,Dayton,Flatbed,1179.6,2645.34,2653.7688,8.428798828124854,0.3186281849639311
2025-10-16,Kansas City,Shreveport,Dry Van,600.1,1373.58,1347.7557,25.824262695312427,1.8800697953750365
2025-10-16,Las Vegas,Jacksonville,Dry Van,2107.1,4123.96,3971.0662,152.89383789062504,3.7074520094914845
2025-10-16,Reno,Lubbock,Dry Van,1460.0,2908.31,2957.7178,49.407773437500055,1.6988482464902317
2025-10-16,Fresno,Baltimore,Dry Van,3081.7,5943.04,5994.2905,51.250527343750036,0.8623621470451155
2025-10-16,Milwaukee,Harrisburg,Dry Van,657.1,1439.58,1271.8892,167.69083984374993,11.64859471816432
2025-10-16,El Paso,Fort Wayne,Dry Van,1719.1,3399.37,3591.325,191.9549511718751,5.646780173146057
2025-10-16,Madison,Bakersfield,Dry Van,1797.3,3365.36,3320.5623,44.79774414062513,1.3311427051080753
2025-10-16,Richmond,Kansas City,Dry Van,932.3,1831.06,1856.0311,24.971127929687555,1.3637525766325274
2025-10-16,Hartford,Tampa,Dry Van,1383.8,2872.8,2825.2305,47.56953125000018,1.655859483778898
2025-10-16,Baton Rouge,Cincinnati,Flatbed,682.3,1702.65,1627.8234,74.82663574218759,4.3947162213131055
2025-10-16,Los Angeles,Albany,Reefer,3174.1,6537.96,6550.466,12.505820312499964,0.19128015944575927
2025-10-16,Mobile,New York,Dry Van,1145.4,2422.06,2361.1226,60.937441406249945,2.5159344279765965
2025-10-16,Charleston,Phoenix,Dry Van,2481.7,4957.77,5379.9336,422.16359374999956,8.515191179703768
2025-10-16,Cincinnati,Nashville,Dry Van,180.9,493.78,500.39578,6.615782470703152,1.3398239035001727
2025-10-16,San Antonio,Oklahoma City,Dry Van,207.7,593.16,569.19244,23.967556152343718,4.040656172422908
2025-10-16,Fresno,Oklahoma City,Dry Van,1476.4,3170.07,3012.8223,157.24773437500016,4.9603868171680805
2025-10-16,New York,Los Angeles,Reefer,2959.4,5957.95,5798.4136,159.53642578124982,2.677706690745136
2025-10-16,Indianapolis,Corpus Christi,Dry Van,926.6,1935.21,1926.8181,8.391884765625036,0.4336420732439909
2025-10-16,Philadelphia,Cincinnati,Reefer,891.2,2060.21,2042.9202,17.289833984375036,0.8392267770943271
2025-10-16,Greensboro,Syracuse,Dry Van,684.4,1420.06,1299.9775,120.08246093749995,8.456154031343742
2025-10-16,Kansas City,Milwaukee,Flatbed,186.1,490.27,517.205,26.935017089843768,5.493915003945534
2025-10-16,Atlanta,Reno,Dry Van,2119.9,4207.76,3549.8286,657.9313867187502,15.636143380771482
2025-10-16,Los Angeles,Bakersfield,Dry Van,385.3,866.23,830.34143,35.88856933593752,4.143076242561158
2025-10-16,Albany,Chattanooga,Dry Van,1208.4,2427.7,2375.0422,52.65776367187482,2.169039159363794
2025-10-16,Memphis,Oklahoma City,Flatbed,682.8,1659.56,1637.886,21.674013671874945,1.3060096454406558
2025-10-16,Tulsa,Hartford,Reefer,1560.9,3476.97,3304.3203,172.6496874999998,4.965521344734059
2025-10-16,New York,Baton Rouge,Dry Van,1456.2,2795.92,2774.0708,21.849199218750073,0.7814672529525191
2025-10-16,Baton Rouge,Houston,Reefer,167.8,575.03,567.8566,7.173371582031223,1.247477798033359
2025-10-16,Green Bay,New Orleans,Reefer,1014.7,2501.49,2372.8735,128.61646484374978,5.141594203604644
2025-10-16,Philadelphia,Mobile,Dry Van,1175.3,2283.52,2306.2356,22.715595703125018,0.9947622838041715
2025-10-16,Kansas City,Baton Rouge,Flatbed,745.3,1698.24,1643.3898,54.85022949218751,3.229827909611569
2025-10-16,Milwaukee,Houston,Reefer,838.6,2002.19,1951.6876,50.502377929687555,2.522356915661728
2025-10-16,Grand Rapids,Milwaukee,Flatbed,352.3,872.98,845.7605,27.219501953125018,3.1179983451081377
2025-10-16,Atlanta,Reno,Dry Van,2128.5,4021.52,3525.7559,495.764140625,12.327780058908074
2025-10-16,Kansas City,Raleigh,Dry Van,925.7,1937.24,1961.7865,24.54649902343749,1.2670861134107025
2025-10-16,New York,Phoenix,Dry Van,2882.9,5322.9,4922.8374,400.06259765624964,7.515876639731155
2025-10-17,Green Bay,Albuquerque,Dry Van,1491.1,2934.77,2879.654,55.11594726562498,1.8780329383776235
2025-10-17,Cincinnati,Madison,Reefer,434.2,1157.63,1101.6685,55.96154296875011,4.834147609231802
2025-10-17,Green Bay,Richmond,Reefer,816.1,1745.48,1909.8502,164.37021972656248,9.41690650861439
2025-10-17,Columbia,Memphis,Dry Van,438.7,1076.4,1064.3274,12.072607421875091,1.121572595863535
2025-10-17,New Orleans,Hartford,Reefer,1433.0,3352.03,3518.784,166.7539355468748,4.974714890584952
2025-10-17,Washington,Philadelphia,Dry Van,274.4,648.83,609.7785,39.05149658203129,6.018756312444136
2025-10-17,Fort Wayne,Columbia,Reefer,572.9,1447.57,1296.6152,150.95476562499994,10.42814963179673
2025-10-17,Kansas City,Indianapolis,Dry Van,201.4,541.72,527.64874,14.071257324218777,2.5975148276265925
2025-10-17,Bakersfield,Syracuse,Reefer,2644.9,5577.71,5332.8423,244.86771484375004,4.390111978639084
2025-10-17,Albany,Little Rock,Dry Van,1535.9,2834.23,2714.1226,120.10744140625002,4.237745045612036
2025-10-17,Grand Rapids,Tampa,Dry Van,1204.6,2376.9,2388.0503,11.150292968749909,0.4691107311519167
2025-10-17,Philadelphia,Tampa,Dry Van,1278.7,2509.96,2465.2578,44.702187500000036,1.7809920277614002
2025-10-17,Little Rock,Oklahoma City,Reefer,479.5,1269.3,1074.5824,194.71760253906245,15.340550109435316
2025-10-17,New York,Kansas City,Dry Van,1130.8,2140.85,2183.6885,42.83847656250009,2.001003179227881
2025-10-17,Oklahoma City,Jacksonville,Dry Van,984.2,2165.47,2067.386,98.0840136718748,4.529456130626368
2025-10-17,Reno,Oklahoma City,Dry Van,1440.0,2842.26,2824.7063,17.55370117187522,0.6175966017139606
2025-10-17,St. Louis,Bakersfield,Reefer,1802.3,4069.8,3958.5662,111.23383789062518,2.7331524372358635
2025-10-17,Los Angeles,Austin,Dry Van,1212.0,2598.14,2518.4602,79.67979492187487,3.066801439563491
2025-10-17,Kansas City,San Antonio,Flatbed,946.9,2221.49,2164.8708,56.61915039062478,2.5487015647436984
2025-10-17,Buffalo,Albany,Dry Van,467.7,963.31,969.78094,6.470944824218805,0.6717406467511814
2025-10-17,Little Rock,Syracuse,Reefer,1210.5,2654.3,2609.6062,44.69379882812518,1.6838262000574606
2025-10-17,Tampa,Mobile,Reefer,306.7,879.55,892.92755,13.377551269531295,1.5209540412178155
2025-10-17,Lubbock,San Antonio,Flatbed,124.9,386.46,381.23346,5.2265405273437295,1.3524143578491254
2025-10-17,Columbia,Greensboro,Dry Van,130.8,364.34,371.54602,7.206020507812525,1.9778285414207952
2025-10-17,New Orleans,Indianapolis,Dry Van,539.2,1237.58,1246.0704,8.490434570312573,0.6860513720577719
2025-10-17,Amarillo,Lexington,Dry Van,1309.8,2734.03,2629.6072,104.4228222656252,3.8193736815479418
2025-10-17,Cincinnati,Syracuse,Dry Van,772.0,1625.19,1588.7661,36.423886718750055,2.2412079029990375
2025-10-17,Bakersfield,Greensboro,Flatbed,2242.2,4336.71,4223.337,113.37308593750004,2.6142648675493643
2025-10-17,Tucson,Hartford,Flatbed,2764.2,5312.61,5113.281,199.32923828124967,3.752002090897877
2025-10-17,Philadelphia,Hartford,Dry Van,74.7,202.77,216.18193,13.411930541992177,6.614356434379927
2025-10-17,Bakersfield,El Paso,Dry Van,454.1,999.21,984.38184,14.828164062500036,1.4839887573683246
2025-10-17,New York,Phoenix,Dry Van,2898.8,5050.06,4849.682,200.3778710937504,3.967831492967418
2025-10-17,El Paso,Indianapolis,Dry Van,1446.0,2865.83,2514.5408,351.2892285156249,12.257852996012497
2025-10-17,Fresno,Syracuse,Reefer,2794.8,5504.19,5336.5776,167.6123632812496,3.0451776425096084
2025-10-17,Nashville,Mobile,Reefer,295.0,865.48,934.38043,68.90043212890623,7.9609502390472615
2025-10-17,El Paso,San Antonio,Reefer,879.6,2109.8,2077.8086,31.991406250000182,1.5163241183998568
2025-10-17,Corpus Christi,Tucson,Dry Van,1261.6,2696.52,2427.9937,268.52634765625,9.958255368261684
2025-10-17,Amarillo,Boston,Dry Van,2280.8,4273.32,4143.421,129.8991015624997,3.0397700514471118
2025-10-17,Albany,Chattanooga,Flatbed,1203.6,2457.47,2528.7505,71.2804882812502,2.9005639247376447
2025-10-17,Albuquerque,Mobile,Dry Van,1456.3,3051.07,2990.307,60.763115234375164,1.9915346168516344
2025-10-17,Reno,Fort Wayne,Flatbed,2059.4,3982.98,4143.148,160.16794921874998,4.0213094019741495
2025-10-17,Memphis,Grand Rapids,Dry Van,676.8,1498.32,1404.1798,94.14019042968744,6.283049710988803
2025-10-17,Columbia,Atlanta,Dry Van,207.7,547.06,525.7309,21.329104003906195,3.8988600891869627
2025-10-17,Kansas City,Lubbock,Reefer,926.6,2254.76,2169.8596,84.90038085937522,3.7653843805715557
2025-10-17,Hartford,Milwaukee,Dry Van,1033.2,2056.91,2032.9469,23.963100585937354,1.1650048172227934
2025-10-17,San Francisco,Cincinnati,Dry Van,2223.7,4336.63,4375.0117,38.38171874999989,0.8850586457687165
2025-10-17,Bakersfield,Green Bay,Reefer,2040.2,4383.55,4273.4824,110.06757812500018,2.5109232956165703
2025-10-17,Houston,Albany,Dry Van,1808.5,3472.23,3341.7168,130.51320312500002,3.7587718303511006
2025-10-17,Memphis,Mobile,Dry Van,325.9,809.61,852.3468,42.736801757812486,5.278689956622632
2025-10-17,Montgomery,Columbia,Dry Van,342.7,827.55,827.19275,0.3572509765624545,0.043169715009661595
2025-10-17,Los Angeles,Fort Wayne,Dry Van,2311.9,4128.64,4115.359,13.281113281250327,0.32168252211988274
2025-10-17,Toledo,Grand Rapids,Dry Van,176.7,464.57,477.886,13.315986328125007,2.8663035340476153
2025-10-17,Dallas,St. Louis,Reefer,612.5,1598.45,1695.3424,96.89240722656245,6.06164767284322
2025-10-17,San Antonio,Louisville,Reefer,985.6,2284.08,2304.2517,20.171708984375073,0.883143715823223
2025-10-17,Baton Rouge,Bakersfield,Dry Van,1601.8,3177.81,3017.459,160.35101562499995,5.045959815879487
2025-10-17,Fresno,Columbia,Dry Van,2399.1,4681.46,4583.919,97.54105468750004,2.0835605705805462
2025-10-17,Tulsa,San Antonio,Reefer,405.9,1113.75,1090.4524,23.297607421875,2.0918166035353534
2025-10-17,Nashville,Columbia,Dry Van,341.1,822.84,816.34894,6.491062011718782,0.7888607763014416
2025-10-17,Tampa,Austin,Dry Van,882.1,1929.6,1877.4626,52.13735351562491,2.7019772758926677
2025-10-17,Corpus Christi,Milwaukee,Reefer,1033.1,2504.83,2262.0369,242.79313476562493,9.692998517489208
2025-10-17,Nashville,Kansas City,Reefer,377.4,1012.02,1000.615,11.405009765624982,1.1269549777301813
2025-10-17,Shreveport,Louisville,Flatbed,520.1,1308.89,1269.5994,39.2906347656251,3.001828630795949
2025-10-17,Fort Wayne,Little Rock,Dry Van,677.9,1386.72,1342.5186,44.20144531250003,3.1874816338193743
2025-10-17,Bakersfield,Savannah,Dry Van,2250.7,4231.34,4197.7363,33.603671875000146,0.7941614683528183
2025-10-17,Boston,San Francisco,Reefer,3308.4,6710.48,6128.597,581.8828320312496,8.671254992657003
2025-10-17,Dayton,New York,Flatbed,748.7,1752.03,1672.19,79.84005859374997,4.557002939090653
2025-10-17,Albuquerque,Jacksonville,Dry Van,1730.2,3486.21,3381.7068,104.50321289062504,2.9976166923571737
2025-10-17,Columbia,Oklahoma City,Flatbed,1072.2,2490.63,2393.801,96.82897460937511,3.887730197153937
2025-10-17,Greensboro,Cincinnati,Dry Van,267.6,680.72,657.4199,23.300078125000027,3.4228578747502683
2025-10-17,New York,Corpus Christi,Reefer,1737.2,3870.41,3769.6782,100.73177734374985,2.6026125744753106
2025-10-17,Buffalo,Cincinnati,Dry Van,623.8,1335.72,1302.6727,33.04727050781253,2.474116619337326
2025-10-17,Los Angeles,Green Bay,Dry Van,2243.8,4001.14,4162.9443,161.80433593750013,4.043955871014264
2025-10-17,Milwaukee,Hartford,Dry Van,1029.4,1977.36,1914.2006,63.1594384765624,3.1941294694219766
2025-10-17,Tucson,Lexington,Dry Van,1897.6,3725.37,3685.6304,39.73962890624989,1.066729718289724
2025-10-17,Green Bay,Dayton,Dry Van,384.9,903.02,872.30927,30.710734863281232,3.400891991681384
2025-10-17,Baton Rouge,Philadelphia,Dry Van,1455.7,2771.19,2744.2576,26.932431640625055,0.9718724317215728
2025-10-17,Green Bay,Reno,Dry Van,1874.9,3449.99,3576.975,126.98509765625022,3.6807381371033023
2025-10-17,Oklahoma City,San Antonio,Dry Van,226.7,630.36,606.2319,24.128127441406264,3.827674256203798
2025-10-17,Baton Rouge,New Orleans,Flatbed,193.4,553.35,565.39764,12.047644042968727,2.177219489106122
2025-10-17,Indianapolis,Shreveport,Dry Van,560.6,1231.89,1211.9197,19.9703222656251,1.6211124585494725
2025-10-17,Corpus Christi,Greensboro,Flatbed,1072.1,2460.65,2465.8213,5.171289062499909,0.21015947259869988
2025-10-17,Toledo,Fresno,Dry Van,2342.8,4374.08,4380.808,6.728105468750073,0.1538176135038699
2025-10-17,Charleston,New York,Reefer,601.4,1464.75,1437.707,27.04296875,1.8462514934289127
2025-10-17,Albany,Washington,Dry Van,540.7,1088.41,1108.6912,20.281162109374918,1.8633752087333741
2025-10-17,Los Angeles,Memphis,Dry Van,1994.0,3828.5,3716.0867,112.413330078125,2.936223849500457
2025-10-17,Albany,Lubbock,Flatbed,2089.6,4531.93,4204.8574,327.0725781250003,7.217070389988376
2025-10-17,Richmond,Amarillo,Dry Van,1805.1,3694.07,3561.9895,132.08049804687516,3.5754736116769625
2025-10-17,Chattanooga,Kansas City,Dry Van,443.5,1079.1,804.3136,274.7864013671874,25.46440564981813
2025-10-17,Louisville,New York,Reefer,904.4,2126.09,2083.8123,42.277744140625146,1.9885209064820935
2025-10-17,Austin,Shreveport,Dry Van,585.2,1340.2,1307.6041,32.595874023437545,2.43216490250989
2025-10-17,Memphis,Tucson,Dry Van,1678.4,3342.36,3252.5671,89.79286132812513,2.686510768682162
2025-10-17,Mobile,Chattanooga,Flatbed,306.3,807.25,838.208,30.9580078125,3.834996322390833
2025-10-17,Memphis,Raleigh,Dry Van,782.4,1711.02,1633.4119,77.60813476562498,4.535781859103049
2025-10-17,Fresno,Louisville,Dry Van,2176.4,4029.11,4045.4004,16.290390624999873,0.4043173461384741
2025-10-17,Hartford,Dayton,Dry Van,845.8,1821.47,1726.7463,94.72366210937503,5.20039649894728
2025-10-17,Raleigh,Houston,Dry Van,1236.1,2502.01,2419.3074,82.70262695312522,3.305447498336346
2025-10-17,Philadelphia,Fresno,Reefer,3093.5,6390.2,6282.7056,107.49443359374982,1.6821763574496855
2025-10-17,Montgomery,New York,Reefer,1061.9,2466.55,2454.1133,12.436718750000182,0.5042151486894724
2025-10-17,Syracuse,Phoenix,Dry Van,2670.8,4829.39,4606.84,222.55015625000033,4.60824568423756
2025-10-17,Tucson,Syracuse,Reefer,2451.0,5275.11,5147.3794,127.73060546874967,2.421382785738111
2025-10-17,New York,Hartford,Reefer,113.8,362.78,316.06827,46.71173217773435,12.876049445320678
2025-10-17,Tampa,San Francisco,Reefer,2427.9,5336.8,5080.3286,256.4713867187502,4.805714786365428
2025-10-17,Atlanta,Shreveport,Reefer,468.7,1324.44,1240.0364,84.40362304687505,6.372778158835059
2025-10-17,Tucson,Oklahoma City,Dry Van,1048.6,2204.45,2108.8743,95.57573242187482,4.335581774223721
2025-10-17,Atlanta,Hartford,Dry Van,977.1,2015.32,1967.9996,47.320366210937436,2.348032382496945
2025-10-17,Memphis,Tulsa,Flatbed,393.5,1034.75,1006.50684,28.2431640625,2.72946741362648
2025-10-17,Boston,Oklahoma City,Dry Van,2014.8,3770.27,3686.6958,83.57419921874998,2.2166635073549106
2025-10-17,Columbia,Salt Lake City,Dry Van,2017.1,3934.36,3781.4014,152.95863281250013,3.8877640280121826
2025-10-17,Albany,Philadelphia,Dry Van,420.3,947.22,909.44794,37.77206298828128,3.9876758290873586
2025-10-17,Philadelphia,Syracuse,Flatbed,392.0,972.26,912.45276,59.80724121093749,6.151362928736911
2025-10-17,Columbia,Washington,Dry Van,543.9,1170.45,1278.2135,107.76350097656245,9.207014479607198
2025-10-17,Corpus Christi,Chattanooga,Dry Van,833.6,1779.6,1839.0756,59.47556152343759,3.34207470911652
2025-10-17,Bakersfield,Cincinnati,Dry Van,1962.3,3910.77,3652.0742,258.69578125,6.614957700146007
2025-10-17,Detroit,Lubbock,Dry Van,1467.7,2935.66,2795.6785,139.98153320312485,4.768315581611115
2025-10-17,Dallas,Little Rock,Dry Van,268.9,698.47,701.0199,2.5498974609374727,0.36506900238198814
2025-10-17,Richmond,Columbia,Dry Van,513.9,1033.08,1061.2848,28.204790039062573,2.7301651410406333
2025-10-17,Columbia,Harrisburg,Dry Van,556.0,1237.01,1197.902,39.10802246093749,3.161496063971794
2025-10-17,Montgomery,Louisville,Dry Van,511.5,1137.75,1082.778,54.9720458984375,4.831645431635905
2025-10-17,Louisville,Phoenix,Reefer,2027.8,4525.16,4335.8135,189.34652343749985,4.1843056032825325
2025-10-17,Austin,Lubbock,Dry Van,70.0,227.6,223.32352,4.276483154296869,1.8789469043483609
2025-10-17,Los Angeles,Bakersfield,Flatbed,403.8,996.46,1002.2369,5.776877441406214,0.5797400238249617
2025-10-17,Fresno,El Paso,Flatbed,647.7,1476.89,1455.9952,20.8947607421876,1.414781110454238
2025-10-17,Green Bay,Richmond,Reefer,817.7,1844.12,1997.7684,153.6484326171876,8.331802302300698
2025-10-17,Dayton,Lubbock,Dry Van,1252.4,2537.26,2494.4387,42.82127929687522,1.6876977249818785
2025-10-17,Buffalo,Green Bay,Dry Van,584.5,1209.72,1189.6667,20.053251953125027,1.6576771445561806
2025-10-17,San Antonio,Atlanta,Dry Van,932.0,2009.57,1942.9492,66.62078124999994,3.3151759456002994
2025-10-17,Grand Rapids,El Paso,Flatbed,1680.8,3517.71,3179.894,337.81595703125004,9.60329182994761
2025-10-17,Cincinnati,Bakersfield,Dry Van,2024.8,3777.92,3720.368,57.55208007812507,1.523380063053878
2025-10-17,Providence,Dayton,Dry Van,1003.0,1909.16,1955.8384,46.67837890624992,2.444969458099369
2025-10-17,New Orleans,Harrisburg,Reefer,1089.8,2410.85,2362.2434,48.60659179687491,2.016159935162906
2025-10-17,Phoenix,Raleigh,Dry Van,2621.0,4640.16,4576.369,63.790859374999854,1.3747555984060864
2025-10-17,Philadelphia,Nashville,Reefer,1025.6,2209.46,2241.5208,32.060751953124964,1.451067317494997
2025-10-17,Kansas City,Toledo,Dry Van,462.7,1045.45,999.3268,46.123217773437545,4.4118052296558945
2025-10-17,Mobile,Charleston,Dry Van,623.4,1320.24,1286.093,34.14698242187501,2.586422349108875
2025-10-17,Dayton,Savannah,Reefer,550.1,1344.65,1317.2201,27.42990722656259,2.039929143387691
2025-10-17,Richmond,Mobile,Dry Van,924.5,1947.07,1894.743,52.326958007812436,2.687471842707886
2025-10-17,Baltimore,Reno,Dry Van,2816.5,5009.39,5502.7446,493.3546289062497,9.84859691312215
2025-10-17,Kansas City,Green Bay,Dry Van,466.3,2389.43,1018.1036,1371.3264233398436,57.39136209639302
2025-10-17,Milwaukee,Shreveport,Dry Van,647.3,1500.92,1426.6151,74.30488769531257,4.950622797704912
2025-10-17,Savannah,Chattanooga,Dry Van,351.6,813.53,839.93286,26.402861328125027,3.245468677015602
2025-10-17,Kansas City,Atlanta,Reefer,506.8,1257.8,1230.2657,27.534252929687455,2.189080372848422
2025-10-17,Houston,Kansas City,Flatbed,752.9,1759.5,1668.731,90.76904296875,5.158797554347826
2025-10-17,Raleigh,Louisville,Dry Van,692.4,1533.53,1433.1953,100.33468749999997,6.542727400181279
2025-10-17,Louisville,Cincinnati,Dry Van,70.0,210.54,216.33763,5.7976312255859455,2.753695841923599
2025-10-17,Lexington,Shreveport,Flatbed,603.0,1509.14,1618.6704,109.5304101562499,7.257803130011125
2025-10-17,Richmond,Boston,Dry Van,496.3,1061.38,1021.04193,40.33806884765636,3.8005303329303692
2025-10-17,Greensboro,El Paso,Flatbed,1790.6,3602.47,3615.1106,12.6405957031252,0.35088691101175584
2025-10-17,Lexington,Los Angeles,Flatbed,2236.6,4410.79,4313.7344,97.05562499999996,2.2004136447212397
2025-10-17,Milwaukee,Mobile,Dry Van,623.5,1367.68,1268.0377,99.64228027343756,7.285496627386346
2025-10-17,Los Angeles,Washington,Reefer,2693.9,5467.05,5393.7554,73.29462890625018,1.3406613970285652
2025-10-17,Dayton,Phoenix,Dry Van,2161.4,3826.18,3851.7197,25.539726562500164,0.6674993482402857
2025-10-17,New Orleans,San Antonio,Reefer,495.2,1300.9,1264.7067,36.19333496093759,2.782176567064155
2025-10-17,Los Angeles,Nashville,Reefer,2016.7,4254.3,4492.401,238.10087890624982,5.5967110665973205
2025-10-17,Savannah,San Antonio,Reefer,1171.5,2751.34,2681.2866,70.05337890625015,2.546154924736679
2025-10-17,Raleigh,Amarillo,Flatbed,1828.2,3973.88,3943.0054,30.87462890625011,0.7769391352091686
2025-10-17,New York,Grand Rapids,Flatbed,811.5,1761.45,1581.1666,180.28337402343755,10.234941328078433
2025-10-17,Green Bay,Mobile,Flatbed,1018.0,2279.98,2075.3943,204.58571289062502,8.973136294644032
2025-10-17,Baltimore,Atlanta,Reefer,906.5,2139.64,2113.346,26.294052734374873,1.2289007839811779
2025-10-17,Charleston,San Antonio,Reefer,1334.9,3055.6,3018.5674,37.03261718749991,1.2119589340064116
2025-10-17,Providence,St. Louis,Flatbed,1305.7,2697.72,2740.276,42.5558789062502,1.5774757538310202
2025-10-17,Cincinnati,Syracuse,Dry Van,759.6,1495.93,1411.6248,84.30524414062506,5.635640981905909
2025-10-17,Buffalo,Shreveport,Dry Van,1172.3,2362.74,2552.8076,190.06761718750022,8.044372939362782
2025-10-17,Syracuse,Dallas,Dry Van,1398.2,2626.92,2549.657,77.26301757812507,2.9412017715851673
2025-10-17,Austin,Green Bay,Dry Van,1385.9,2855.35,2888.0974,32.74741210937509,1.1468790904573902
2025-10-17,Houston,Detroit,Reefer,1215.0,2661.21,2519.2148,141.99515625000004,5.335736610414061
2025-10-17,St. Louis,Los Angeles,Dry Van,1969.5,3838.53,3724.7498,113.7802441406252,2.964161909393054
2025-10-17,Baltimore,Shreveport,Reefer,1388.4,3144.54,3316.678,172.13797851562504,5.4741863202765755
2025-10-17,San Antonio,Amarillo,Flatbed,505.8,1270.25,1263.704,6.5460205078125,0.5153332421029325
2025-10-17,Bakersfield,Richmond,Dry Van,2594.9,4970.65,4904.876,65.77402343749964,1.3232479341232966
2025-10-17,El Paso,Las Vegas,Dry Van,344.7,859.09,828.04895,31.041049804687532,3.613247716151687
2025-10-17,Madison,Nashville,Dry Van,552.4,1274.46,1201.806,72.65396972656254,5.700765008439852
2025-10-17,Tulsa,Albuquerque,Flatbed,1015.7,2301.55,2315.3123,13.762255859374818,0.5979559800732036
2025-10-17,Atlanta,Fort Wayne,Dry Van,550.3,1243.9,1188.1989,55.70114746093759,4.4779441643972655
2025-10-17,Boston,Buffalo,Dry Van,605.8,1302.32,1257.854,44.465996093749936,3.414367904489675
2025-10-17,Dallas,Columbia,Reefer,811.9,2040.75,1973.1299,67.6201171875,3.313493430723999
2025-10-17,Hartford,Grand Rapids,Dry Van,912.8,1921.54,1835.466,86.07405761718746,4.479430957314834
2025-10-17,Green Bay,Los Angeles,Dry Van,2239.7,4167.75,4154.76,12.990234375,0.3116845870073781
2025-10-17,Shreveport,Oklahoma City,Dry Van,446.0,1124.2,1088.5872,35.612841796875045,3.1678386227428432
2025-10-17,Tucson,Oklahoma City,Dry Van,998.3,2067.51,2102.5205,35.01050781249978,1.6933658271302086
2025-10-17,Greensboro,Raleigh,Flatbed,377.9,932.49,916.42413,16.06586669921876,1.7228996235046767
2025-10-17,Los Angeles,Louisville,Dry Van,2033.0,3953.94,3867.6694,86.27056640625005,2.1818886074712833
2025-10-18,Fresno,Jacksonville,Reefer,2425.4,4999.35,4932.591,66.75917968750036,1.3353571901847312
2025-10-18,Fort Wayne,Louisville,Dry Van,360.1,829.78,786.1711,43.60891845703122,5.255479579771894
2025-10-18,Atlanta,Baltimore,Dry Van,940.4,9522.01,1864.7205,7657.289541015625,80.41673492272771
2025-10-18,New Orleans,San Antonio,Reefer,524.6,1375.14,1383.0813,7.9412988281249,0.577490206678949
2025-10-18,Baltimore,Buffalo,Flatbed,474.0,1133.66,1117.0602,16.599819335937582,1.4642678877209727
2025-10-18,Salt Lake City,Richmond,Reefer,2359.9,4705.33,4604.0327,101.29728515624993,2.1528199968174375
2025-10-18,Fort Wayne,Buffalo,Dry Van,426.5,958.53,923.17,35.36001708984372,3.688983870076443
2025-10-18,Raleigh,Louisville,Flatbed,679.1,1543.23,1400.067,143.16298339843752,9.276840354220532
2025-10-18,Lexington,San Francisco,Dry Van,2325.3,4131.85,4122.5493,9.300683593750364,0.22509731945134412
2025-10-18,Nashville,Detroit,Dry Van,743.7,1552.35,1546.3275,6.022485351562409,0.3879592457604541
2025-10-18,Reno,Los Angeles,Dry Van,898.7,1810.99,1701.178,109.81202148437501,6.063645933129118
2025-10-18,El Paso,Green Bay,Reefer,1679.7,3685.75,3650.545,35.205078125,0.9551672827782677
2025-10-18,Grand Rapids,Albany,Flatbed,912.8,1859.19,1838.9606,20.229428710937555,1.0880775343530007
2025-10-18,Memphis,Columbia,Dry Van,440.7,989.63,975.0171,14.612910156249995,1.4766033928084228
2025-10-18,Kansas City,St. Louis,Dry Van,123.7,349.49,338.07892,11.411081542968759,3.265066680868912
2025-10-18,Austin,Oklahoma City,Dry Van,217.2,574.16,556.3456,17.814418945312468,3.102692445540001
2025-10-18,Amarillo,Greensboro,Reefer,1478.5,700.21,2944.8157,2244.605673828125,320.56178486855725
2025-10-18,Baton Rouge,Cincinnati,Dry Van,693.9,1631.71,1518.1124,113.59757324218754,6.961872712809723
2025-10-18,Syracuse,Mobile,Flatbed,1124.7,2362.92,2319.2742,43.64583007812507,1.8471141671374856
2025-10-18,El Paso,Mobile,Dry Van,1503.4,2972.51,2928.6992,43.81078125000022,1.4738648902779206
2025-10-18,Lubbock,Greensboro,Dry Van,1267.9,2699.51,2563.3398,136.17015625000022,5.044254559160744
2025-10-18,Louisville,Houston,Flatbed,752.7,1862.45,1787.7291,74.72087402343755,4.011966711774144
2025-10-18,Jacksonville,Albuquerque,Dry Van,1721.3,3476.91,3367.4456,109.46444335937485,3.148325477489347
2025-10-18,Amarillo,Bakersfield,Reefer,847.0,1989.36,1956.7772,32.5827783203124,1.6378522901994812
2025-10-18,Kansas City,Tucson,Reefer,1629.1,3523.42,3484.103,39.31697265625007,1.1158752761876267
2025-10-18,Richmond,Fresno,Dry Van,2796.1,5068.46,5100.4355,31.975546874999964,0.6308730240546431
2025-10-18,Los Angeles,Baton Rouge,Dry Van,1688.5,3163.53,3107.486,56.0439160156252,1.7715626536061044
2025-10-18,El Paso,Bakersfield,Dry Van,436.9,988.77,1012.5546,23.784626464843768,2.4054761435767436
2025-10-18,New York,Lexington,Flatbed,759.9,1695.2,1500.3333,194.86674804687505,11.495206939999708
2025-10-18,Baton Rouge,Las Vegas,Dry Van,1525.2,3057.31,2940.7942,116.51581054687495,3.81105646947398
2025-10-18,Philadelphia,Bakersfield,Reefer,2786.4,5815.43,5865.712,50.28191406249971,0.8646293406076542
2025-10-18,Milwaukee,Fort Wayne,Flatbed,246.8,606.41,612.6832,6.273227539062532,1.0344861626725372
2025-10-18,Atlanta,San Francisco,Reefer,2337.9,5044.57,4882.768,161.8019335937497,3.20744748499376
2025-10-18,Bakersfield,Milwaukee,Reefer,1928.0,3991.46,3673.0652,318.39481445312504,7.976901045059328
2025-10-18,Hartford,New Orleans,Flatbed,1416.0,3036.3,3071.778,35.47807617187482,1.1684641231721113
2025-10-18,New York,Savannah,Flatbed,786.5,1812.84,1667.3501,145.48990234374992,8.025523617293855
2025-10-18,San Antonio,Indianapolis,Dry Van,975.4,2071.63,1956.5597,115.07030761718761,5.5545781639186345
2025-10-18,Tucson,Richmond,Dry Van,2515.3,4768.65,4642.187,126.46298828124964,2.6519662437220104
2025-10-18,Lexington,Memphis,Reefer,345.7,932.39,981.84454,49.454543457031264,5.304061975893271
2025-10-18,San Antonio,Baton Rouge,Flatbed,410.3,1012.6,1046.8582,34.25815429687498,3.383187270084434
2025-10-18,Corpus Christi,Salt Lake City,Dry Van,1316.2,2550.35,2573.008,22.65805664062509,0.8884292995324207
2025-10-18,Houston,Savannah,Reefer,900.2,2116.33,2045.0908,71.23917968749993,3.3661659423388572
2025-10-18,Chattanooga,Syracuse,Reefer,892.4,1990.99,1975.1614,15.828623046875009,0.7950126844873661
2025-10-18,Bakersfield,New York,Dry Van,2832.7,5111.47,4977.696,133.77419921875025,2.6171375204931313
2025-10-18,Los Angeles,Montgomery,Flatbed,2156.6,4486.54,4218.0947,268.44527343749996,5.983347377656278
2025-10-18,Tucson,Green Bay,Dry Van,1975.9,3787.48,3682.478,105.00197265625002,2.7723439504961087
2025-10-18,St. Louis,Tulsa,Dry Van,520.9,1244.28,1173.0812,71.19882324218747,5.722090143873363
2025-10-18,Washington,Columbia,Dry Van,537.6,1140.72,1185.6697,44.94967773437497,3.9404654721908066
2025-10-18,Charleston,Madison,Dry Van,899.2,1743.16,1777.0518,33.89175781249992,1.944271197853319
2025-10-18,Oklahoma City,New York,Dry Van,1748.3,3491.03,3397.9011,93.1288769531252,2.667661892138572
2025-10-18,Nashville,Montgomery,Reefer,367.5,1006.04,990.8628,15.177207031249964,1.50860870653751
2025-10-18,Albuquerque,Bakersfield,Dry Van,520.6,1170.58,1014.4897,156.09031494140618,13.334442322729432
2025-10-18,Los Angeles,Buffalo,Dry Van,2709.0,4885.38,4852.713,32.66710937500011,0.668670796846921
2025-10-18,Tulsa,Amarillo,Dry Van,661.2,1386.64,1395.4635,8.8235009765624,0.6363224035483183
2025-10-18,Montgomery,Lexington,Reefer,483.5,1225.41,1218.0817,7.328334960937582,0.5980312679786831
2025-10-18,Nashville,San Antonio,Dry Van,862.5,1781.79,1770.9408,10.849204101562464,0.6088935341180758
2025-10-18,Montgomery,Amarillo,Flatbed,1254.9,2723.7,2665.8882,57.81181640624982,2.1225471383136845
2025-10-18,Oklahoma City,Buffalo,Reefer,1524.8,3299.18,3383.349,84.16912109375016,2.5512133649497803
2025-10-18,Montgomery,Tampa,Reefer,269.5,786.48,828.20435,41.72434570312498,5.30520111167798
2025-10-18,Jacksonville,New Orleans,Reefer,545.3,1410.96,1500.6827,89.72273925781246,6.358985319060246
2025-10-18,Harrisburg,Albany,Flatbed,564.7,1219.83,1140.2172,79.61283691406243,6.526551807552071
2025-10-18,Dayton,Austin,Reefer,1266.9,2913.25,2861.5508,51.69921875,1.774623487513945
2025-10-18,Greensboro,Philadelphia,Dry Van,714.4,1561.35,1452.3114,109.03859863281241,6.983610249643732
2025-10-18,Tucson,Greensboro,Dry Van,2086.2,3892.16,3685.198,206.96200195312485,5.317407351011388
2025-10-18,Atlanta,Harrisburg,Dry Van,682.7,1400.28,1389.4316,10.848359374999973,0.7747278669266128
2025-10-18,Fort Wayne,Savannah,Dry Van,678.7,1461.81,1358.2195,103.59051757812495,7.08645566647683
2025-10-18,Syracuse,Oklahoma City,Dry Van,1623.1,3182.56,3101.403,81.15692382812495,2.55005165112755
2025-10-18,Green Bay,Montgomery,Dry Van,1058.8,2144.76,2162.0964,17.33643554687478,0.8083158743577268
2025-10-18,Jacksonville,Mobile,Dry Van,260.9,650.01,614.29626,35.71373535156249,5.4943362950666135
2025-10-18,Bakersfield,Los Angeles,Flatbed,408.9,968.51,1001.01154,32.50153564453126,3.3558286072969055
2025-10-18,Indianapolis,Buffalo,Reefer,668.9,1647.1,1733.9321,86.83212890625009,5.271818888121553
2025-10-18,Oklahoma City,Charleston,Dry Van,1348.5,2729.1,2596.111,132.9889160156249,4.872995347023741
2025-10-18,Los Angeles,Indianapolis,Reefer,2037.5,4494.77,4310.045,184.72507812500044,4.109778211677137
2025-10-18,Baton Rouge,Columbia,Dry Van,733.5,1634.18,1573.0809,61.099067382812564,3.7388211447216686
2025-10-18,El Paso,Lubbock,Reefer,764.9,1963.55,1797.8213,165.72871093749995,8.440259272109188
2025-10-18,Providence,Baton Rouge,Dry Van,1688.6,3401.76,3178.2866,223.47337890625022,6.569345835868791
2025-10-18,Tucson,Tampa,Dry Van,1862.5,3600.17,3554.2778,45.89216796875007,1.2747222483591072
2025-10-18,Memphis,Buffalo,Reefer,855.3,2059.94,2021.6398,38.300229492187555,1.8592885954050873
2025-10-18,Hartford,Toledo,Dry Van,793.1,1499.02,1530.9318,31.911762695312518,2.1288416895913675
2025-10-18,Charleston,Atlanta,Flatbed,467.3,1106.0,1116.3785,10.3785400390625,0.9383851753221067
2025-10-18,Lexington,Green Bay,Reefer,620.0,1415.97,1415.0778,0.8922412109375273,0.06301271996846877
2025-10-18,San Antonio,Harrisburg,Flatbed,1560.8,3079.84,3040.753,39.087070312500146,1.269126653089126
2025-10-18,Buffalo,Atlanta,Dry Van,724.5,1455.53,1381.0099,74.52011230468747,5.11979226156022
2025-10-18,Indianapolis,San Antonio,Flatbed,958.7,2133.85,2075.6943,58.15566406249991,2.725386698338679
2025-10-18,New York,Lubbock,Dry Van,1879.1,3664.1,3516.3042,147.7958007812499,4.033618099430963
2025-10-18,Nashville,Philadelphia,Reefer,1019.1,2356.83,2310.5525,46.27750976562493,1.9635489095787533
2025-10-18,Lubbock,Nashville,Flatbed,907.1,2087.83,2027.3131,60.51688964843743,2.8985544631716866
2025-10-18,Grand Rapids,Columbia,Flatbed,744.4,1627.5,1484.97,142.530029296875,8.757605486751153
2025-10-18,Phoenix,Tampa,Reefer,2007.6,4440.83,4233.198,207.63175781249993,4.6755169149123015
2025-10-18,Albany,El Paso,Flatbed,2534.5,5015.77,4759.814,255.95603515625044,5.103025759878352
2025-10-18,Phoenix,Kansas City,Reefer,1869.2,4003.05,4022.662,19.612109374999818,0.4899291633879121
2025-10-18,Houston,Tampa,Dry Van,583.0,1290.15,1310.3395,20.18947753906241,1.5648938138249358
2025-10-18,Phoenix,Harrisburg,Flatbed,2612.2,5205.32,5029.9688,175.3512499999997,3.3686929910168772
2025-10-18,Dayton,Atlanta,Reefer,421.2,1126.1,1118.6624,7.437646484374909,0.660478330909769
2025-10-18,Milwaukee,Greensboro,Flatbed,487.7,1183.6,1176.6432,6.956811523437409,0.5877671108007274
2025-10-18,Corpus Christi,Kansas City,Dry Van,959.8,2001.86,1989.9114,11.9486230468749,0.5968760576101676
2025-10-18,Lubbock,Hartford,Reefer,1973.3,4242.61,4090.5337,152.07630859374967,3.5844988955796007
2025-10-18,Atlanta,Syracuse,Dry Van,882.0,1766.47,1705.5975,60.87246582031253,3.445994883599072
2025-10-18,Reno,Buffalo,Reefer,2435.0,4890.94,4961.3184,70.3783593750004,1.438953644391475
2025-10-18,Louisville,Indianapolis,Dry Van,142.2,404.69,378.79404,25.895963134765623,6.39896294318259
2025-10-18,Hartford,Amarillo,Dry Van,2115.6,4181.96,3943.4116,238.54837890625004,5.704224308846809
2025-10-18,Albany,Memphis,Dry Van,1348.8,2687.53,2560.072,127.4579785156252,4.742569516084479
2025-10-18,Atlanta,Providence,Dry Van,1146.8,2449.64,2129.3804,320.2596289062499,13.073742627743258
2025-10-18,Lexington,Reno,Dry Van,2152.4,3835.85,3837.8926,2.042578125000091,0.053249687161909115
2025-10-18,Albuquerque,Fort Wayne,Reefer,1580.0,3331.57,3335.977,4.407050781249836,0.13228150035118086
2025-10-18,Phoenix,Atlanta,Dry Van,2031.2,3840.4,3716.179,124.22104492187509,3.2345861087874983
2025-10-18,Tulsa,Raleigh,Dry Van,1161.6,2397.45,2425.5173,28.067333984375182,1.1707161352426614
2025-10-18,Albany,Fort Wayne,Dry Van,887.7,1849.8,1761.6138,88.18623046874995,4.767338656543949
2025-10-18,Albuquerque,Oklahoma City,Dry Van,812.6,1833.94,1760.3275,73.61248535156255,4.013898238304555
2025-10-18,Cincinnati,Raleigh,Dry Van,623.0,1415.02,1328.3455,86.67454101562498,6.12532268205573
2025-10-18,Houston,Cincinnati,Dry Van,749.0,1653.6,1620.8761,32.72390136718741,1.9789490425246379
2025-10-18,Oklahoma City,Lexington,Flatbed,991.8,2269.87,2252.1472,17.72278320312489,0.7807840626610728
2025-10-18,Chattanooga,Amarillo,Dry Van,1183.8,2343.36,2369.8079,26.447861328124873,1.1286298873465823
2025-10-18,Mobile,Greensboro,Dry Van,500.6,1155.88,1140.7789,15.10106933593761,1.3064564951325057
2025-10-18,Greensboro,Oklahoma City,Reefer,1151.0,2734.13,2627.4932,106.63683593750011,3.9002108874669497
2025-10-18,Nashville,Cincinnati,Reefer,180.2,542.83,538.6788,4.151228027343791,0.7647381366806901
2025-10-18,Los Angeles,Houston,Flatbed,1527.7,3338.28,3253.9543,84.3256542968752,2.5260210137218926
2025-10-18,Greensboro,Oklahoma City,Reefer,1121.8,2496.0,2401.329,94.6708984375,3.7929045848357372
2025-10-18,Buffalo,Dallas,Reefer,1300.2,2966.05,2974.892,8.842089843749818,0.29810993893392956
2025-10-18,Phoenix,New York,Flatbed,2908.1,5663.94,5507.9116,156.0283789062496,2.7547675100062783
2025-10-18,Indianapolis,Phoenix,Flatbed,1964.6,3967.69,3969.267,1.5770898437499454,0.039748313092755366
2025-10-18,Madison,Baton Rouge,Reefer,946.7,2107.87,2094.4565,13.41345703124989,0.6363512470527068
2025-10-18,Birmingham,Cincinnati,Dry Van,333.9,753.48,650.4588,103.02119873046877,13.672718417273021
2025-10-18,Milwaukee,Nashville,Dry Van,380.8,876.11,841.0841,35.025893554687514,3.9978876573361237
2025-10-18,Dayton,Kansas City,Reefer,360.5,959.64,969.00775,9.367751464843764,0.9761735093205539
2025-10-18,Montgomery,New York,Dry Van,1091.4,2122.57,2089.7996,32.770439453125164,1.5439038266405896
2025-10-18,Green Bay,Los Angeles,Reefer,2218.6,4530.44,4556.8457,26.4057031250004,0.5828507413187329
2025-10-18,Lubbock,Richmond,Dry Van,1716.4,3356.21,3353.9453,2.2646875000000364,0.06747752673402548
2025-10-18,Buffalo,Atlanta,Dry Van,722.2,1551.53,1443.6204,107.90963867187497,6.9550468680512125
2025-10-18,Salt Lake City,Mobile,Dry Van,1688.7,3348.56,2992.139,356.42108398437495,10.644010678750714
2025-10-18,Detroit,Hartford,Reefer,797.4,1845.61,1812.38,33.2299951171874,1.8004884627406335
2025-10-18,Jacksonville,San Antonio,Dry Van,975.1,2135.27,2035.7576,99.51243164062498,4.660414450660806
2025-10-18,Shreveport,Milwaukee,Reefer,646.9,1619.21,1577.1973,42.012734375000036,2.5946439544592756
2025-10-18,San Antonio,New York,Dry Van,1797.5,3564.95,3461.4465,103.50346679687482,2.903363772195257
2025-10-18,Amarillo,Baton Rouge,Reefer,819.0,2072.92,2065.4302,7.489824218750073,0.36131757225315364
2025-10-18,Milwaukee,Dayton,Dry Van,199.3,514.26,484.55136,29.708638916015616,5.776968637657141
2025-10-18,Milwaukee,Buffalo,Flatbed,637.5,1466.63,1386.6664,79.96361816406261,5.452201179851947
2025-10-18,Los Angeles,Madison,Flatbed,1978.6,4032.78,3881.4148,151.3652050781252,3.753371249562961
2025-10-18,Baltimore,Richmond,Dry Van,270.1,651.51,581.3525,70.15752197265624,10.7684489835392
2025-10-18,Houston,Charleston,Dry Van,1114.8,2273.63,2223.8838,49.74621093750011,2.1879642218610815
2025-10-18,Syracuse,Jacksonville,Dry Van,1031.8,2089.43,2099.5818,10.151787109375164,0.4858639489896845
2025-10-18,New York,Salt Lake City,Dry Van,2534.1,4496.35,4286.3916,209.95839843750036,4.66952969491922
2025-10-18,Oklahoma City,Cincinnati,Dry Van,888.8,1880.12,1810.0521,70.06787597656239,3.726776800234155
2025-10-18,Greensboro,Mobile,Dry Van,485.6,1120.66,1120.1412,0.5187646484375819,0.04629099356072153
2025-10-18,Green Bay,Boston,Reefer,1175.9,2688.36,2674.6401,13.719863281250127,0.5103432308638027
2025-10-18,Boston,Jacksonville,Reefer,1128.3,2534.73,2681.8955,147.16550781249998,5.805963862521846
2025-10-18,Charleston,Hartford,Dry Van,668.5,1341.22,1357.1725,15.952485351562473,1.189401093896786
2025-10-18,Reno,Lubbock,Dry Van,1530.0,2975.08,2939.1855,35.89445312499993,1.2065037956962477
2025-10-18,Lexington,Kansas City,Dry Van,430.9,991.62,991.0359,0.5841113281250045,0.05890475465652211
2025-10-18,Washington,Tampa,Dry Van,1138.5,2298.17,2326.842,28.672041015624927,1.2476031370884193
2025-10-18,Washington,Buffalo,Dry Van,252.0,593.11,579.5913,13.518691406250014,2.279289070534979
2025-10-18,Jacksonville,Dallas,Reefer,663.4,1711.11,1661.767,49.3430322265624,2.8836855740754483
2025-10-18,Dayton,Milwaukee,Reefer,186.9,529.66,559.9072,30.247226562500032,5.710687339519698
2025-10-18,Atlanta,Indianapolis,Dry Van,364.2,879.77,867.43494,12.335063476562482,1.4020782109599648
2025-10-18,Richmond,Hartford,Dry Van,328.1,767.1,731.72906,35.37093505859377,4.610994011027738
2025-10-18,Corpus Christi,Fort Wayne,Dry Van,1267.3,2530.36,2407.1577,123.20228515625013,4.86896272294259
2025-10-18,Amarillo,Richmond,Dry Van,1820.5,3559.92,3448.4905,111.42952148437507,3.1301130779448716
2025-10-18,Toledo,Baton Rouge,Flatbed,1115.5,2350.04,2311.5908,38.449179687499964,1.6361074572134926
2025-10-18,Columbia,Kansas City,Dry Van,637.1,1394.61,1362.3263,32.2837060546874,2.3148913355481033
2025-10-18,San Antonio,Grand Rapids,Dry Van,1404.6,2791.89,2904.4202,112.53016601562513,4.0306088712529915
2025-10-18,Phoenix,Los Angeles,Reefer,75.1,232.99,249.0978,16.107793579101553,6.9135128456592785
2025-10-18,Jacksonville,New York,Dry Van,935.5,1938.75,1931.9498,6.8001708984375,0.35075027200193426
2025-10-18,Amarillo,Tucson,Dry Van,654.9,1434.58,1386.8099,47.77006347656243,3.3298988886337764
2025-10-18,Indianapolis,Reno,Dry Van,1860.0,3447.98,3448.6714,0.6913867187499818,0.020051935299798193
2025-10-18,Tulsa,Fresno,Dry Van,1689.0,3196.73,3150.914,45.81593750000002,1.4332126110118784
2025-10-18,Philadelphia,Syracuse,Dry Van,379.2,831.63,714.2508,117.37920654296875,14.114354525806998
2025-10-18,Raleigh,Buffalo,Flatbed,544.8,1194.13,1182.2202,11.90978515625011,0.9973608531943848
2025-10-19,Oklahoma City,Raleigh,Dry Van,1443.5,2972.9,2897.3218,75.57822265625009,2.5422389806670282
2025-10-19,El Paso,Jacksonville,Flatbed,1766.5,3692.68,3731.2222,38.542167968750164,1.0437451381855498
2025-10-19,Fort Wayne,Milwaukee,Dry Van,253.1,577.78,547.81726,29.962739257812473,5.185838772164574
2025-10-19,Hartford,Fort Wayne,Flatbed,832.2,5308.55,1770.1569,3538.3931396484377,66.65460699528944
2025-10-19,Shreveport,Amarillo,Reefer,813.5,1946.12,1804.4622,141.6578417968749,7.278988027299185
2025-10-19,Harrisburg,Milwaukee,Reefer,645.9,1497.97,1479.3256,18.644438476562527,1.2446469873603963
2025-10-19,Lubbock,Albany,Dry Van,2176.5,4009.74,4039.593,29.85301757812522,0.7445125513904947
2025-10-19,Memphis,Cincinnati,Dry Van,243.8,203.4,574.84814,371.44814453125,182.61954008419372
2025-10-19,Albuquerque,Savannah,Reefer,1822.1,3823.32,3812.878,10.442070312500164,0.273115258793409
2025-10-19,Buffalo,Louisville,Dry Van,678.2,1448.26,1210.6722,237.5877587890625,16.405048733588064
2025-10-19,Grand Rapids,Lexington,Dry Van,554.8,1275.97,1170.1094,105.86062500000003,8.296482284066242
2025-10-19,St. Louis,Phoenix,Dry Van,1989.5,3808.34,3621.7969,186.54312500000015,4.898279171502548
2025-10-19,Columbia,Memphis,Dry Van,436.5,1009.93,1033.6833,23.75334960937505,2.3519798015085254
2025-10-19,Jacksonville,Lubbock,Dry Van,1092.3,2297.59,2257.9714,39.618564453125146,1.7243531027348282
2025-10-19,Tampa,Memphis,Dry Van,599.9,1380.6,1354.8611,25.73891601562491,1.8643282642057737
2025-10-19,Corpus Christi,Shreveport,Reefer,429.9,1216.79,1162.3673,54.422690429687464,4.47264445218053
2025-10-19,Fort Wayne,San Antonio,Reefer,1293.2,2834.77,2826.7578,8.012187499999982,0.28263977324438955
2025-10-19,Birmingham,Green Bay,Dry Van,892.0,1837.35,1782.698,54.65200195312491,2.974501426136823
2025-10-19,Houston,Tucson,Reefer,1280.6,2738.58,3010.1562,271.5762500000001,9.916681272776405
2025-10-19,San Francisco,Atlanta,Reefer,2253.0,4711.99,5088.4956,376.5056054687502,7.990373610061783
2025-10-19,Syracuse,Baltimore,Dry Van,467.3,1046.58,991.04865,55.53135498046868,5.305982818367318
2025-10-19,Baton Rouge,Chattanooga,Dry Van,558.9,1310.53,1245.5865,64.94345214843747,4.95551052997165
2025-10-19,Tulsa,Detroit,Dry Van,1033.7,2036.13,2020.9503,15.17968261718761,0.7455163774998457
2025-10-19,Philadelphia,Lexington,Dry Van,786.0,1668.7,1606.4637,62.236254882812545,3.7296251502854045
2025-10-19,Austin,Mobile,Dry Van,818.5,1690.83,1772.3186,81.48860351562507,4.819443913085589
2025-10-19,Harrisburg,Austin,Reefer,1627.7,3493.39,3426.0098,67.38023437499987,1.9287922154411583
2025-10-19,Amarillo,Phoenix,Dry Van,871.5,1820.83,1670.8453,149.98466308593743,8.237159047573767
2025-10-19,Columbia,Bakersfield,Dry Van,2228.1,4232.87,4289.173,56.30285156250011,1.330134201203914
2025-10-19,Los Angeles,Tucson,Reefer,318.5,808.29,782.9896,25.300375976562464,3.130111219557642
2025-10-19,Hartford,Salt Lake City,Dry Van,2567.4,4654.64,4692.929,38.28919921874967,0.8226028053458413
2025-10-19,Reno,Amarillo,Reefer,1051.5,2316.06,2377.6428,61.582822265625055,2.6589476207708374
2025-10-19,Greensboro,Indianapolis,Reefer,435.9,1117.41,1135.5566,18.146640624999918,1.6239912498545668
2025-10-19,Greensboro,New York,Reefer,674.0,1566.31,1497.0681,69.24188476562495,4.420701187225067
2025-10-19,Harrisburg,Memphis,Reefer,827.0,1961.67,1888.771,72.89900390625007,3.7161706049564946
2025-10-19,Dayton,San Antonio,Reefer,1212.1,2755.15,2691.402,63.74790039062509,2.3137724040660252
2025-10-19,New York,Richmond,Dry Van,264.6,624.02,605.13257,18.887431640624982,3.026734982953268
2025-10-19,Nashville,Buffalo,Dry Van,819.0,1671.31,1677.1711,5.861142578125055,0.35069152809024384
2025-10-19,Atlanta,Kansas City,Dry Van,498.9,1104.74,1061.184,43.55604003906251,3.9426507629906142
2025-10-19,Fort Wayne,Mobile,Flatbed,813.0,1790.74,1650.6116,140.128427734375,7.825168798059741
2025-10-19,Fresno,Lubbock,Dry Van,1401.9,2793.65,2757.5857,36.06430664062509,1.2909386158117548
2025-10-19,Kansas City,Houston,Dry Van,733.8,1581.9,1508.526,73.37399902343759,4.638346230699638
2025-10-19,Grand Rapids,Tucson,Dry Van,2018.9,3786.01,3618.5403,167.46971679687522,4.4233828435972224
2025-10-19,Jacksonville,Phoenix,Dry Van,2118.5,3922.14,3920.3936,1.7464453124998727,0.04452786775841435
2025-10-19,Phoenix,Bakersfield,Dry Van,388.7,865.79,773.8973,91.89272216796871,10.613742612870178
2025-10-19,Bakersfield,Baton Rouge,Dry Van,1710.0,3232.85,3166.073,66.77700195312491,2.0655768734437077
2025-10-19,Boston,Grand Rapids,Dry Van,1086.7,2073.63,2064.6853,8.94469726562511,0.43135454568197357
2025-10-19,Atlanta,Nashville,Dry Van,148.1,418.53,434.59488,16.064879150390652,3.838405646044645
2025-10-19,Mobile,Hartford,Dry Van,1266.4,2477.44,2455.193,22.246884765625055,0.8979787508728789
2025-10-19,Mobile,Shreveport,Flatbed,301.5,814.05,846.986,32.936022949218795,4.045945943027922
2025-10-19,Providence,Shreveport,Flatbed,1582.8,3458.16,3319.7927,138.36727539062485,4.001181998248342
2025-10-19,Oklahoma City,Chattanooga,Flatbed,826.4,1931.36,1824.863,106.4969628906249,5.514091774222564
2025-10-19,Bakersfield,Cincinnati,Dry Van,1999.2,3959.29,3577.9614,381.32857421874996,9.631236262530656
2025-10-19,Detroit,Madison,Reefer,367.2,938.56,946.1441,7.584104003906305,0.8080574501263963
2025-10-19,Fresno,Columbia,Reefer,2403.9,5088.62,5010.1304,78.48962890624989,1.5424541212794411
2025-10-19,Syracuse,Richmond,Dry Van,392.8,869.11,840.3231,28.786879882812514,3.3122251363823354
2025-10-19,Washington,Los Angeles,Reefer,2717.9,5387.61,5283.8394,103.77064453124967,1.9260979271188836
2025-10-19,Oklahoma City,Toledo,Flatbed,1240.2,2733.64,2778.7974,45.15736328125013,1.6519133200147105
2025-10-19,Madison,Lubbock,Flatbed,1152.4,2519.16,2521.724,2.5641210937501455,0.10178476530868011
2025-10-19,Mobile,Hartford,Flatbed,1245.1,2553.28,2618.7542,65.4741503906248,2.5643153273681225
2025-10-19,Hartford,Phoenix,Dry Van,3067.3,5467.46,5498.2534,30.793417968749964,0.5632124966392066
2025-10-19,Salt Lake City,Mobile,Dry Van,1684.7,3192.96,2663.3435,529.616494140625,16.587006856979887
2025-10-19,Philadelphia,Oklahoma City,Reefer,1780.2,3736.86,3697.064,39.79603515625013,1.0649592212780283
2025-10-19,El Paso,Fresno,Dry Van,652.1,1365.36,1345.1516,20.2083886718749,1.480077684411064
2025-10-19,Madison,Syracuse,Flatbed,792.6,1714.72,1695.8295,18.890532226562527,1.1016686238314433
2025-10-19,Chattanooga,Kansas City,Flatbed,423.7,1071.09,858.9564,212.13357910156242,19.805392553526076
2025-10-19,Montgomery,New Orleans,Dry Van,448.3,1093.07,1085.1877,7.882255859374936,0.7211117183140089
2025-10-19,Jacksonville,Memphis,Dry Van,464.3,1103.5,1115.7281,12.2281494140625,1.1081240973323516
2025-10-19,Fresno,Corpus Christi,Dry Van,1730.4,3489.16,3360.4724,128.68758789062485,3.6882111422412516
2025-10-19,Detroit,Kansas City,Dry Van,555.2,1184.35,1170.7914,13.558618164062409,1.1448151445149162
2025-10-19,Madison,Grand Rapids,Dry Van,285.3,664.86,599.1425,65.71748291015626,9.884409185415917
2025-10-19,Tucson,Louisville,Reefer,1804.1,3849.6,3919.8586,70.25864257812509,1.8250894269047457
2025-10-19,Albuquerque,Bakersfield,Flatbed,527.7,1221.83,1100.3348,121.49516113281243,9.943704208671617
2025-10-19,Green Bay,Buffalo,Dry Van,588.2,1200.2,1241.8846,41.684643554687455,3.4731414393174016
2025-10-19,Detroit,Richmond,Flatbed,656.4,1477.99,1291.7549,186.2351171875,12.600566795952611
2025-10-19,Philadelphia,Columbia,Dry Van,779.7,1532.71,1605.1482,72.43819335937496,4.726151284938114
2025-10-19,Shreveport,New Orleans,Dry Van,70.0,209.86,232.86775,23.0077520751953,10.963381337651432
2025-10-19,Memphis,San Antonio,Dry Van,775.8,1643.8,1576.8315,66.96845703124995,4.0740027394603935
2025-10-19,Hartford,Kansas City,Flatbed,1218.1,2579.5,2647.5657,68.065673828125,2.6387157909720877
2025-10-19,Tucson,Phoenix,Reefer,273.9,166.3,837.2226,670.9225952148438,403.4411276096475
2025-10-19,Tulsa,Richmond,Dry Van,1240.7,2537.25,2474.3416,62.908447265625,2.4793949065178835
2025-10-19,Montgomery,Buffalo,Dry Van,990.6,1975.87,2008.9086,33.03856933593761,1.6721023820361467
2025-10-19,San Antonio,Dayton,Dry Van,1235.7,2517.98,2483.0913,34.88869140625002,1.385582546575033
2025-10-19,Atlanta,Madison,Dry Van,626.7,1375.57,1304.1786,71.39141113281244,5.189951157179383
2025-10-19,Cincinnati,Hartford,Flatbed,965.9,2025.27,2029.0682,3.798237304687518,0.1875422686697338
2025-10-19,Boston,Baton Rouge,Dry Van,1721.2,3283.73,3215.9656,67.76442382812502,2.0636417679932584
2025-10-19,Milwaukee,Baton Rouge,Reefer,797.2,1952.05,1816.4148,135.63520507812495,6.94834687011731
2025-10-19,Baltimore,Milwaukee,Reefer,989.4,2152.52,2161.5056,8.985615234375018,0.4174463063932051
2025-10-19,Tucson,Mobile,Reefer,1678.9,3506.58,3536.8489,30.268876953125073,0.8632022356006442
2025-10-19,Mobile,Toledo,Dry Van,917.8,1834.32,1836.617,2.2969433593750637,0.12522042824453006
2025-10-19,Albany,Richmond,Flatbed,614.5,1386.17,1291.4072,94.76277343750007,6.836302433143125
2025-10-19,Providence,Phoenix,Flatbed,3218.4,6311.76,6436.942,125.18189453124978,1.9833120164779678
2025-10-19,Harrisburg,Lubbock,Dry Van,1663.8,3193.54,3224.6873,31.147255859375036,0.9753206742165446
2025-10-19,Tulsa,Charleston,Dry Van,1035.9,2138.43,2054.7844,83.64557617187484,3.911541466022963
2025-10-19,Houston,Atlanta,Dry Van,684.6,1502.48,1497.3331,5.146870117187518,0.34255831140431275
2025-10-19,Milwaukee,Memphis,Reefer,359.9,914.91,913.2916,1.6183740234374682,0.17688887687723034
2025-10-19,Kansas City,Washington,Flatbed,890.4,1903.41,1871.2137,32.19625488281258,1.6915039262593232
2025-10-19,Louisville,El Paso,Dry Van,1547.4,3032.86,2983.2092,49.65077148437513,1.6370940790005184
2025-10-19,Cincinnati,Tucson,Reefer,1807.8,3811.86,3795.2312,16.628798828125127,0.4362384460112682
2025-10-19,Boston,Dayton,Dry Van,1037.9,1914.61,1952.13,37.5200048828126,1.9596682814156723
2025-10-19,Albany,Salt Lake City,Flatbed,2693.8,5434.56,5200.437,234.1229882812504,4.308039441670538
2025-10-19,Dallas,Phoenix,Reefer,1547.5,3428.65,3292.596,136.0540527343751,3.9681522679297996
2025-10-19,Grand Rapids,Tampa,Flatbed,1215.2,2580.89,2593.8235,12.933486328125127,0.5011250509756374
2025-10-19,Milwaukee,Kansas City,Dry Van,170.3,429.61,385.81583,43.79417358398439,10.193937195126832
2025-10-19,Reno,Oklahoma City,Dry Van,1440.5,2916.04,2864.622,51.417929687499964,1.7632792995809374
2025-10-19,Birmingham,Grand Rapids,Reefer,827.8,1955.92,1915.0254,40.89460937500007,2.0908119644464023
2025-10-19,Dayton,Milwaukee,Dry Van,191.3,506.13,477.66226,28.46773803710937,5.624590132398667
2025-10-19,Oklahoma City,Indianapolis,Dry Van,834.3,1823.82,1762.6512,61.168754882812436,3.353881133160753
2025-10-19,Lexington,Kansas City,Flatbed,427.2,1013.06,986.4594,26.600588378906195,2.6257663296257077
2025-10-19,Corpus Christi,Philadelphia,Dry Van,1744.3,3521.99,3734.142,212.15208984375022,6.023642595343832
2025-10-19,Philadelphia,New Orleans,Reefer,1386.6,3087.82,3307.4897,219.66974609374984,7.114072261134064
2025-10-19,Los Angeles,Houston,Dry Van,1536.9,3197.41,2981.2375,216.17245117187485,6.760861171131475
2025-10-19,Nashville,Hartford,Dry Van,1063.5,2038.75,2107.1055,68.35546875,3.352812691600245
2025-10-19,Amarillo,Houston,Reefer,697.3,1784.15,1768.3438,15.806250000000091,0.8859260712384098
2025-10-19,Green Bay,Baltimore,Reefer,1034.1,2309.56,2270.7795,38.780458984374945,1.679127582066495
2025-10-19,New York,Baton Rouge,Dry Van,1488.6,2927.76,2838.884,88.87596679687522,3.03563020182239
2025-10-19,Lexington,Tulsa,Dry Van,707.7,1478.71,1436.5344,42.175576171875036,2.8521871206575353
2025-10-19,Bakersfield,San Antonio,Flatbed,1275.5,2838.14,2743.886,94.25401367187487,3.320978305223663
2025-10-19,Baton Rouge,Tampa,Dry Van,458.2,1052.13,1000.4178,51.71221435546886,4.915002362395223
2025-10-19,Raleigh,Syracuse,Dry Van,616.1,1314.12,1255.4877,58.63232910156239,4.461718039567345
2025-10-19,Los Angeles,Columbia,Dry Van,2321.9,4264.23,3764.834,499.39601562499956,11.711282356369136
2025-10-19,Corpus Christi,Philadelphia,Reefer,1739.0,3861.12,4196.651,335.5308789062501,8.689988368821744
2025-10-19,Los Angeles,Tucson,Dry Van,341.1,813.92,792.1736,21.74641601562496,2.6718124650610573
2025-10-19,Richmond,Bakersfield,Flatbed,2560.2,4785.48,4540.436,245.04396484374956,5.120572332216404
2025-10-19,Fort Wayne,Green Bay,Flatbed,294.5,743.51,775.49255,31.98255371093751,4.301563356368779
2025-10-19,Bakersfield,Amarillo,Dry Van,846.7,1722.44,1717.3898,5.050229492187555,0.29320205593155957
2025-10-19,Tucson,Hartford,Reefer,2742.9,5409.7,5180.6577,229.04228515624982,4.233918427200211
2025-10-19,San Antonio,Shreveport,Dry Van,497.7,1180.89,1147.4531,33.4368750000001,2.8314978533140343
2025-10-19,Milwaukee,Lexington,Flatbed,330.3,850.95,835.7318,15.218188476562545,1.788376341331752
2025-10-19,Mobile,Corpus Christi,Dry Van,625.1,1457.78,1396.3921,61.38791015624997,4.211054490818229
2025-10-19,Jacksonville,Charleston,Dry Van,395.3,934.94,996.4623,61.522280273437445,6.580345292044136
2025-10-19,Columbia,Oklahoma City,Reefer,1049.7,2563.17,2446.2847,116.88533203125007,4.560186489044819
2025-10-19,Montgomery,Cincinnati,Dry Van,479.2,1103.2,1106.958,3.7580078124999545,0.3406461033810691
2025-10-19,Tucson,Charleston,Dry Van,2173.1,3858.33,3938.8813,80.55134765625007,2.0877257169876624
2025-10-19,Mobile,Shreveport,Flatbed,300.9,811.8,854.0176,42.217578125000045,5.200490037570836
2025-10-19,Memphis,Atlanta,Reefer,237.9,694.21,741.01874,46.808737792968714,6.74273458938487
2025-10-19,Fresno,Fort Wayne,Dry Van,2298.9,4276.51,4352.858,76.34791015624978,1.7852854349983929
2025-10-19,Charleston,Mobile,Dry Van,622.7,1329.1,1260.9991,68.10085449218741,5.123832254321527
2025-10-19,Lexington,Dallas,Reefer,787.3,1824.99,1781.619,43.37098144531251,2.3765051559357864
2025-10-19,Amarillo,Atlanta,Dry Van,1266.4,2615.77,2552.0151,63.75486328124998,2.4373268017161287
2025-10-19,Columbia,Tulsa,Flatbed,815.1,1894.04,1944.0656,50.025551757812536,2.6412088317993567
2025-10-19,Chattanooga,San Francisco,Reefer,2242.1,4763.57,4846.061,82.49103515625029,1.7317061606368815
2025-10-19,New Orleans,New York,Reefer,1340.0,3106.0,3363.2048,257.204833984375,8.280902575156954
2025-10-19,Raleigh,Baton Rouge,Flatbed,1065.5,2282.79,2298.2852,15.495156250000036,0.6787815020216506
2025-10-19,Tucson,Reno,Dry Van,804.4,1703.71,1700.0421,3.6678857421875364,0.21528815010697458
2025-10-19,Atlanta,Baltimore,Dry Van,936.6,1827.34,1823.3496,3.990390624999918,0.218371546893294
2025-10-19,Montgomery,San Francisco,Dry Van,2396.2,4196.79,4172.012,24.777792968749964,0.5903986849175195
2025-10-19,Fort Wayne,Nashville,Reefer,519.5,1285.74,1293.3456,7.605581054687491,0.5915333624751109
2025-10-19,Lexington,Fresno,Reefer,2303.1,4933.39,4980.8354,47.44544921874967,0.9617210319628018
2025-10-19,New York,Columbia,Reefer,762.4,1785.49,1670.8326,114.65735839843751,6.4216186256118775
2025-10-20,Houston,Albuquerque,Reefer,1082.7,2564.55,2547.6252,16.924755859375182,0.6599503171852832
2025-10-20,Nashville,New York,Dry Van,966.1,2035.32,2011.1908,24.129204101562436,1.1855238538196664
2025-10-20,Cincinnati,Baton Rouge,Reefer,671.0,1579.19,1513.0164,66.17364257812505,4.1903534456351075
2025-10-20,Chattanooga,Amarillo,Dry Van,1164.5,2395.54,2378.3086,17.231406249999964,0.7193119818496023
2025-10-20,Atlanta,Milwaukee,Flatbed,427.9,1045.84,988.5159,57.32406982421867,5.481151019679747
2025-10-20,Buffalo,Madison,Dry Van,686.5,1404.54,1354.7247,49.815268554687464,3.5467319232408805
2025-10-20,Indianapolis,Tampa,Dry Van,848.8,1697.02,1623.4178,73.60215332031248,4.3371411839761755
2025-10-20,Memphis,Fort Wayne,Dry Van,567.3,1219.35,1121.1697,98.18032226562491,8.051857322805176
2025-10-20,Charleston,Baton Rouge,Reefer,939.7,752.15,2230.8552,1478.705224609375,196.59711820905073
2025-10-20,Montgomery,Memphis,Dry Van,418.0,1006.1,1158.9043,152.80429687499998,15.187784203856472
2025-10-20,Baton Rouge,Tucson,Flatbed,1420.7,3102.66,3255.1685,152.50845703125015,4.915409907345637
2025-10-20,Mobile,Grand Rapids,Reefer,958.5,2242.82,2273.5781,30.758124999999836,1.371404080577123
2025-10-20,Amarillo,Memphis,Dry Van,999.5,2031.75,2023.3563,8.3936767578125,0.4131254710378984
2025-10-20,New York,Baton Rouge,Dry Van,1461.4,2920.58,2843.3916,77.18839843749993,2.642913340415258
2025-10-20,Albuquerque,Phoenix,Dry Van,683.9,1431.46,1442.4333,10.973349609374964,0.7665844389207497
2025-10-20,Madison,San Antonio,Dry Van,1124.5,2304.5,2438.8193,134.3193359375,5.828567408873942
2025-10-20,Chattanooga,Lexington,Reefer,221.0,642.59,727.0549,84.46487060546872,13.144442117908575
2025-10-20,Baton Rouge,Fort Wayne,Dry Van,999.9,2082.87,1980.8507,102.01929199218739,4.898015334235329
2025-10-20,Bakersfield,Cincinnati,Reefer,2029.8,4400.83,4079.6655,321.1644726562499,7.297815926910377
2025-10-20,Baton Rouge,Lexington,Reefer,751.2,1768.13,1689.4971,78.63292968750011,4.447236893639048
2025-10-20,Chattanooga,San Antonio,Flatbed,912.4,2004.74,1966.0946,38.64539550781251,1.9277011237273916
2025-10-20,Houston,Fort Wayne,Dry Van,1017.4,2072.48,2000.9094,71.57057617187502,3.4533783762388546
2025-10-20,Chattanooga,Richmond,Flatbed,741.0,1697.36,1626.7046,70.6554101562499,4.162664971264193
2025-10-20,Louisville,Richmond,Dry Van,709.1,1501.82,1419.6206,82.19939453124994,5.4733186754238154
2025-10-20,El Paso,Memphis,Reefer,1371.3,2901.18,3100.0513,198.87126953125016,6.854840772763157
2025-10-20,Philadelphia,Lexington,Flatbed,791.3,1745.83,1730.7334,15.096601562499927,0.8647234588992013
2025-10-20,Baton Rouge,Kansas City,Dry Van,755.2,1685.45,1600.7612,84.68876953125005,5.024697827360648
2025-10-20,Greensboro,Lubbock,Reefer,1252.3,2878.12,3063.9695,185.8494824218751,6.457322224989754
2025-10-20,Fort Wayne,Nashville,Dry Van,530.0,1168.91,1142.5629,26.347133789062582,2.253991649405222
2025-10-20,Hartford,New York,Dry Van,124.3,332.78,289.5474,43.23260620117185,12.991347497196903
2025-10-20,Lubbock,Albuquerque,Reefer,813.7,1992.45,2036.1577,43.707714843749955,2.1936668344876886
2025-10-20,Philadelphia,St. Louis,Dry Van,1084.6,2112.63,2058.0286,54.60143554687511,2.584524291848317
2025-10-20,Savannah,Montgomery,Flatbed,330.6,855.72,849.39044,6.329558105468777,0.7396763083098182
2025-10-20,Kansas City,Austin,Dry Van,1001.9,2086.28,2063.7322,22.5478222656252,1.0807668321426271
2025-10-20,Mobile,Lubbock,Flatbed,817.5,1866.42,1884.8687,18.448652343749927,0.9884512780483454
2025-10-20,Boston,Charleston,Dry Van,783.6,1611.06,1571.4365,39.623476562499945,2.459466224876786
2025-10-20,Richmond,Cincinnati,Dry Van,666.4,1445.43,1391.6254,53.804633789062564,3.7223963657224886
2025-10-20,Memphis,Little Rock,Reefer,202.2,639.17,639.7167,0.5466748046875409,0.08552885847075754
2025-10-20,Kansas City,Bakersfield,Flatbed,1702.2,3505.44,3536.4778,31.037783203124945,0.8854176138551778
2025-10-20,Madison,Fresno,Flatbed,2011.2,4057.31,3896.3499,160.96014648437495,3.9671641182057806
2025-10-20,Philadelphia,El Paso,Dry Van,2490.9,880.13,4334.618,3454.4881640625,392.49749060508105
2025-10-20,Green Bay,Reno,Flatbed,1936.8,3739.53,3677.1003,62.4296582031252,1.6694519953877947
2025-10-20,Amarillo,Lexington,Reefer,1311.4,2821.23,2822.958,1.7280078124999818,0.06125015728955037
2025-10-20,Kansas City,Syracuse,Flatbed,929.9,1805.43,2075.428,269.99797851562494,14.95477412669696
2025-10-20,Albuquerque,Cincinnati,Reefer,1506.5,3140.88,3238.7239,97.84387695312489,3.1151739943304073
2025-10-20,Philadelphia,Houston,Dry Van,1589.7,643.58,2937.7168,2294.136796875,356.4648989830324
2025-10-20,Little Rock,Nashville,Flatbed,308.4,863.53,891.00977,27.479765625000027,3.1822595190670886
2025-10-20,Indianapolis,Atlanta,Dry Van,378.0,870.15,814.816,55.33402099609373,6.359135895660947
2025-10-20,Lexington,Richmond,Flatbed,547.5,1308.78,1340.2705,31.490507812500027,2.4060963502269312
2025-10-20,San Antonio,Raleigh,Dry Van,1464.9,2957.72,2929.627,28.0930468749998,0.9498210403621641
2025-10-20,Detroit,Richmond,Dry Van,639.7,1330.65,1271.9633,58.68674316406259,4.410381630335745
2025-10-20,Montgomery,El Paso,Dry Van,1651.1,3113.18,3076.62,36.559882812499836,1.174358142237193
2025-10-20,Richmond,Philadelphia,Dry Van,279.4,670.27,639.5041,30.765910644531232,4.5900772292555585
2025-10-20,Grand Rapids,Baltimore,Dry Van,946.5,1839.62,1666.7886,172.8314257812499,9.394952532656195
2025-10-20,Tampa,Richmond,Reefer,1032.5,2320.32,2373.8337,53.513740234374836,2.3063086227061285
2025-10-20,Las Vegas,Mobile,Flatbed,1791.2,3781.31,3683.4265,97.88348632812495,2.5886131083705104
2025-10-20,Bakersfield,Kansas City,Dry Van,1760.3,3502.7,3427.7947,74.90532226562482,2.138502362909322
2025-10-20,Montgomery,New York,Dry Van,1052.7,2120.92,2056.4602,64.45979492187507,3.0392374498743506
2025-10-20,Bakersfield,Little Rock,Reefer,1679.7,3533.69,3504.9612,28.728818359375055,0.8129976981391988
2025-10-20,Jacksonville,Dayton,Dry Van,687.7,1466.97,1415.7032,51.26675292968753,3.494737651737086
2025-10-20,Tucson,New Orleans,Dry Van,1476.0,2790.85,2748.653,42.19692382812491,1.5119739085986315
2025-10-20,Dayton,Providence,Dry Van,1034.3,2088.92,1972.0298,116.89021484375007,5.595724816831189
2025-10-20,Shreveport,Atlanta,Reefer,458.9,1246.26,1238.4668,7.793203124999991,0.6253272290693749
2025-10-20,Savannah,Amarillo,Flatbed,1515.6,3141.33,3144.296,2.9658984375000728,0.09441537302671393
2025-10-20,Tampa,Memphis,Reefer,621.8,1529.35,1541.4207,12.070654296875091,0.7892669628845648
2025-10-20,Salt Lake City,Harrisburg,Dry Van,2296.7,4278.23,4243.7427,34.48732421874956,0.8061119719778872
2025-10-20,Hartford,Lexington,Dry Van,837.8,1631.08,1626.6091,4.470869140624927,0.2741048348716757
2025-10-20,Richmond,Kansas City,Reefer,923.8,2174.48,2177.343,2.863017578124982,0.13166447049984278
2025-10-20,Dayton,Fresno,Flatbed,2278.3,4503.27,4331.5264,171.74363281250044,3.8137538458164935
2025-10-20,Fresno,Memphis,Dry Van,1990.6,3701.77,3694.212,7.558085937499982,0.20417492003825147
2025-10-20,Fresno,Syracuse,Reefer,2823.9,5496.55,5319.9937,176.55634765625018,3.212130293661482
2025-10-20,Baltimore,Syracuse,Dry Van,464.2,1028.64,1008.1685,20.47148193359385,1.99015028908013
2025-10-20,Phoenix,Jacksonville,Dry Van,2215.9,4063.51,4193.234,129.72388671874978,3.1924096832233655
2025-10-20,Grand Rapids,Baton Rouge,Flatbed,1099.9,2347.37,2155.5474,191.8226367187499,8.17181086572419
2025-10-20,Greensboro,Los Angeles,Dry Van,2324.2,4332.59,4250.184,82.40591796875015,1.902001296424313
2025-10-20,Louisville,Tucson,Dry Van,1731.2,3252.55,3290.6648,38.11479492187482,1.1718434742548098
2025-10-20,Philadelphia,Albany,Dry Van,407.6,908.37,913.86115,5.4911450195312455,0.6045053248710597
2025-10-20,Atlanta,St. Louis,Flatbed,375.8,970.39,883.2708,87.11918701171874,8.977749874969728
2025-10-20,Mobile,San Antonio,Dry Van,735.4,1558.89,1500.5309,58.3591162109376,3.7436327265514304
2025-10-20,Memphis,Greensboro,Flatbed,454.9,1149.12,1100.2146,48.90540039062489,4.255900201077773
2025-10-20,Columbia,Tucson,Flatbed,2023.4,17893.17,4145.955,13747.214921874998,76.82939871400652
2025-10-20,Nashville,Hartford,Reefer,1078.4,2487.72,2568.6165,80.8964550781252,3.251831197969434
2025-10-20,Amarillo,Greensboro,Reefer,1469.0,3335.74,3203.8792,131.86084960937478,3.9529714428994702
2025-10-20,Charleston,Mobile,Dry Van,631.7,1412.73,1368.3143,44.41566894531252,3.14396020083898
2025-10-20,Tampa,Green Bay,Flatbed,1300.5,2712.93,2633.7485,79.18146484374984,2.9186696613532175
2025-10-20,Tucson,Boston,Flatbed,2987.6,6093.6,5725.046,368.55410156250036,6.04821618685999
2025-10-20,Detroit,Baltimore,Reefer,816.4,1868.59,1835.1104,33.47964843749992,1.7917064972786925
2025-10-20,Tulsa,Chattanooga,Dry Van,522.1,1202.95,1210.0294,7.0794189453124545,0.5885048377166511
2025-10-20,Indianapolis,Tampa,Dry Van,828.0,1604.74,1588.375,16.36500000000001,1.019791368072087
2025-10-20,Columbia,Birmingham,Reefer,274.0,793.55,807.1479,13.597888183593795,1.7135515321774049
2025-10-20,Charleston,San Antonio,Reefer,1348.4,3115.6,3153.2866,37.68662109375009,1.2096103830321636
2025-10-20,Fresno,Los Angeles,Flatbed,438.0,997.17,919.6596,77.51039306640621,7.773037001354455
2025-10-20,Houston,Indianapolis,Dry Van,753.5,1617.98,1587.915,30.064960937500018,1.858178774614026
2025-10-20,Louisville,Nashville,Dry Van,179.2,463.0,463.03427,0.034271240234375,0.007401995730966522
2025-10-20,Richmond,New York,Reefer,257.6,701.71,713.179,11.469016113281214,1.6344381743571008
2025-10-20,Buffalo,Los Angeles,Reefer,2688.6,5490.26,5354.9136,135.34642578125022,2.465209767501907
2025-10-20,Albany,Fresno,Reefer,3163.4,6302.46,6286.9316,15.528359375000036,0.246385687096785
2025-10-20,Fort Wayne,Washington,Dry Van,559.5,1213.94,1162.8456,51.094418945312555,4.208973997505029
2025-10-20,Columbia,Buffalo,Dry Van,617.5,1349.39,1326.7167,22.6733251953126,1.6802648007849914
2025-10-20,Atlanta,Indianapolis,Reefer,355.9,951.71,965.4468,13.736777343749964,1.4433784812337753
2025-10-20,Richmond,Lexington,Dry Van,542.1,1143.94,1161.597,17.657045898437445,1.543529022364586
2025-10-20,Milwaukee,El Paso,Dry Van,1539.4,2796.13,2849.507,53.37708007812489,1.9089627477307882
2025-10-20,Albany,Lexington,Flatbed,1021.9,2108.65,2229.1924,120.54238281249991,5.716566656984321
2025-10-20,Tucson,Shreveport,Dry Van,1448.9,2942.78,2913.5603,29.2196972656252,0.9929283624880283
2025-10-20,Philadelphia,Bakersfield,Reefer,2876.1,5652.74,5476.119,176.62085937499978,3.1245176564816317
2025-10-20,Syracuse,Fort Wayne,Dry Van,540.4,1153.25,1140.3353,12.9146728515625,1.119850236424236
2025-10-20,Boston,Green Bay,Flatbed,1201.7,2403.82,2470.803,66.98297851562484,2.786522223611786
2025-10-20,Tampa,Columbia,Dry Van,564.0,1205.46,1173.0721,32.387856445312536,2.6867632642570087
2025-10-20,Harrisburg,Columbia,Reefer,529.1,1314.3,1268.1775,46.122509765624955,3.509283250827433
2025-10-20,Lexington,Baton Rouge,Dry Van,760.5,1570.88,1490.7802,80.09984863281261,5.099043124415143
2025-10-20,Lexington,Richmond,Reefer,559.8,1391.18,1419.4493,28.269340820312436,2.0320404850783103
2025-10-20,Mobile,Tucson,Dry Van,1761.1,3513.88,3475.8535,38.02648437500011,1.0821793679636216
2025-10-20,Cincinnati,New York,Dry Van,838.2,1768.2,1744.3223,23.877734375000045,1.3503978268861012
2025-10-20,Jacksonville,Memphis,Reefer,470.1,1140.79,1139.2931,1.4969091796874636,0.13121689177565227
2025-10-20,El Paso,Lexington,Flatbed,1674.4,3582.0,3518.673,63.326904296875,1.767920276294668
2025-10-20,Los Angeles,Fort Wayne,Flatbed,2260.5,4426.12,4443.0845,16.96447265625011,0.3832809019242612
2025-10-20,New York,Buffalo,Reefer,335.2,846.98,856.9323,9.952312011718732,1.1750350671466543
2025-10-20,Reno,Corpus Christi,Dry Van,1743.3,3262.37,3196.4424,65.92761718749989,2.020850399786042
2025-10-20,Providence,Oklahoma City,Reefer,1962.8,4354.23,4229.586,124.64406249999956,2.8625971182045866
2025-10-20,New York,Salt Lake City,Dry Van,2501.2,4758.16,4610.445,147.71517578124985,3.104460038780744
2025-10-20,Lexington,Shreveport,Flatbed,630.0,1497.92,1699.0616,201.14164550781243,13.428063281604652
2025-10-20,Oklahoma City,San Francisco,Dry Van,1538.4,2976.78,2942.5298,34.2502148437502,1.1505793119998857
2025-10-20,Detroit,Bakersfield,Flatbed,2151.1,4264.03,4252.5605,11.469453124999745,0.26898152979692325
2025-10-20,Phoenix,Los Angeles,Dry Van,71.6,205.02,230.78413,25.764133911132802,12.566644186485613
2025-10-20,Bakersfield,Richmond,Reefer,2661.8,5651.99,5411.142,240.84791015624978,4.261293989484232
2025-10-20,Richmond,Reno,Flatbed,2618.3,5131.79,4977.743,154.04683593749996,3.001814882087926
2025-10-20,Hartford,Savannah,Dry Van,829.2,352.82,1742.0659,1389.24591796875,393.75486592844794
2025-10-20,Dayton,Albuquerque,Dry Van,1544.3,3052.75,3004.6304,48.11962890625,1.5762715226025716
2025-10-20,Austin,Indianapolis,Reefer,1046.4,2457.69,2444.4893,13.200742187500055,0.5371199047683008
2025-10-20,Madison,Greensboro,Flatbed,626.7,1367.22,1304.4518,62.76821777343753,4.590937652567804
2025-10-20,Memphis,Kansas City,Dry Van,327.9,778.67,686.0433,92.62672607421871,11.895504652062968
2025-10-20,Shreveport,Jacksonville,Dry Van,547.8,1166.08,1204.446,38.36604492187507,3.2901726229654122
2025-10-20,Baltimore,Fort Wayne,Reefer,832.9,1893.57,1861.4513,32.118706054687436,1.6961985062441545
2025-10-20,Dayton,Tucson,Reefer,1945.4,3891.99,3994.5188,102.52879882812522,2.6343541177681655
2025-10-20,Dayton,New Orleans,Dry Van,739.3,1579.23,1505.8536,73.37636230468752,4.646337918142862
2025-10-20,Shreveport,Hartford,Dry Van,1414.7,2759.83,2700.9722,58.85783203124993,2.132661505645273
2025-10-20,Kansas City,Chattanooga,Reefer,439.3,1146.7,1141.5566,5.1433593750000455,0.4485357438737286
2025-10-20,Savannah,Milwaukee,Flatbed,632.4,1488.97,1456.7242,32.24575683593753,2.1656418084942968
2025-10-20,Albany,Tucson,Flatbed,2890.4,5647.19,5384.462,262.7280859374996,4.6523684511677414
2025-10-20,San Antonio,Buffalo,Dry Van,1679.4,3202.7,3071.277,131.42290039062482,4.103503306292342
2025-10-20,Chattanooga,Jacksonville,Dry Van,343.1,822.46,844.39325,21.933249511718714,2.666786167317403
2025-10-20,Nashville,Tucson,Reefer,1764.4,3652.13,3578.371,73.75890625000011,2.0196133831490144
2025-10-20,Columbia,Oklahoma City,Dry Van,1045.8,2099.75,2070.4812,29.268798828125,1.393918267799738
2025-10-20,Mobile,Bakersfield,Dry Van,1972.3,3852.49,3722.253,130.23707031249978,3.38059463652079
2025-10-20,Cincinnati,Fresno,Reefer,2233.7,4740.97,4385.1104,355.85964843750025,7.506051471270653
2025-10-20,Atlanta,Grand Rapids,Dry Van,710.3,1435.86,1435.5504,0.30958496093739996,0.021560943332734388
2025-10-20,El Paso,Fort Wayne,Reefer,1775.4,3776.77,4156.306,379.53615234375,10.049225987914276
2025-10-20,Grand Rapids,Cincinnati,Dry Van,517.7,1114.5,1061.2797,53.2203369140625,4.775265761692463
2025-10-20,Tampa,Dayton,Dry Van,935.6,1885.05,1834.4556,50.594433593749955,2.6839836393596963
2025-10-20,Reno,Salt Lake City,Dry Van,530.0,1108.88,1096.5721,12.30785644531261,1.109935831227239
2025-10-20,Hartford,Philadelphia,Flatbed,74.8,236.51,281.5034,44.993387451171884,19.023883747482934
2025-10-20,San Antonio,Dayton,Reefer,1190.0,2782.84,2842.094,59.253994140624854,2.1292634194069673
2025-10-20,Savannah,Montgomery,Flatbed,338.8,906.58,932.0044,25.42439453124996,2.8044292319762136
2025-10-20,Fort Wayne,Amarillo,Dry Van,1370.1,2757.06,2611.6135,145.44647460937495,5.275419273043566
2025-10-20,Jacksonville,Cincinnati,Dry Van,453.6,1024.01,1020.5264,3.483571777343741,0.3401892342207342
2025-10-20,Toledo,Corpus Christi,Dry Van,1314.7,2577.82,2522.138,55.682060546875164,2.1600445549679637
2025-10-20,Tucson,San Antonio,Reefer,1039.6,2378.1,2418.3567,40.25668945312509,1.6928089421439423
2025-10-20,Toledo,Salt Lake City,Dry Van,1867.2,3382.5,3354.003,28.4970703125,0.8424854490022173
2025-10-20,Amarillo,Baton Rouge,Dry Van,847.3,1836.09,1748.7554,87.33462890624992,4.756554902333215
2025-10-20,Chattanooga,Bakersfield,Flatbed,1997.9,4000.03,3887.0098,113.0202343750002,2.825484668239993
2025-10-20,Salt Lake City,Tucson,Dry Van,344.1,809.92,807.3972,2.522783203124959,0.31148548043324764
2025-10-20,Cincinnati,Grand Rapids,Reefer,517.6,1291.54,1313.706,22.166054687500036,1.7162499564473448
2025-10-20,New York,Tampa,Flatbed,1275.8,2571.24,2590.2031,18.96312500000022,0.737508945100427
2025-10-20,Chattanooga,Mobile,Reefer,304.8,861.44,955.3212,93.8812280273437,10.89817375874625
2025-10-20,Grand Rapids,El Paso,Flatbed,1721.5,3261.52,3392.641,131.12111328125002,4.020245568975509
2025-10-20,Tucson,Atlanta,Dry Van,1826.5,3466.18,3476.3176,10.137626953125164,0.292472605378981
2025-10-20,San Antonio,Atlanta,Reefer,941.6,2155.31,2185.113,29.803037109375055,1.382772645669303
2025-10-20,Philadelphia,Bakersfield,Reefer,2815.7,5782.14,5655.147,126.99302734375033,2.1962980374696968
2025-10-20,Reno,Savannah,Reefer,2340.2,4846.66,4604.6914,241.96859374999985,4.992481291239737
2025-10-20,Tulsa,Richmond,Reefer,1238.9,2839.88,2829.0146,10.86535156250011,0.38259896765004536
2025-10-20,Lexington,Montgomery,Dry Van,459.6,1014.97,992.9991,21.970915527343777,2.164686200315652
2025-10-20,Philadelphia,Nashville,Dry Van,1056.9,2054.25,2061.5662,7.316162109375,0.35614760177071925
2025-10-20,Richmond,Oklahoma City,Reefer,1543.2,3441.52,3408.823,32.69700195312498,0.9500744424883476
2025-10-20,Albany,Columbia,Reefer,1049.0,2326.16,2294.253,31.907070312499854,1.3716627537443622
2025-10-20,Lubbock,Bakersfield,Reefer,1174.6,2543.87,2361.9033,181.9666796874999,7.153143819751005
2025-10-20,Louisville,Cincinnati,Dry Van,78.6,217.22,216.20607,1.0139300537109364,0.4667756439144353
2025-10-21,Greensboro,Reno,Reefer,2350.2,4765.0,4334.5273,430.47265625,9.034053646379853
2025-10-21,Corpus Christi,Fresno,Dry Van,1685.1,3339.97,3276.2,63.7700488281248,1.9093000484472857
2025-10-21,Toledo,Syracuse,Dry Van,465.5,993.99,986.1285,7.861520996093759,0.790905441311659
2025-10-21,Albany,Bakersfield,Dry Van,2892.2,5297.75,4983.5537,314.1962890625,5.930749640177433
2025-10-21,Fort Wayne,Jacksonville,Dry Van,774.5,1519.48,1488.1619,31.318134765625018,2.061108719142405
2025-10-21,New York,Lexington,Dry Van,760.0,1564.5,1502.9572,61.5428466796875,3.9337070424856186
2025-10-21,Green Bay,El Paso,Dry Van,1646.2,3197.15,3100.6072,96.54282226562509,3.019652573874391
2025-10-21,Bakersfield,Tucson,Flatbed,325.3,856.63,860.3526,3.7226000976562545,0.43456335846938055
2025-10-21,Lexington,Nashville,Dry Van,253.9,661.49,685.5036,24.01360107421874,3.630228888451638
2025-10-21,Los Angeles,Baltimore,Reefer,3005.0,5920.98,6107.467,186.48679687500044,3.149593426679375
2025-10-21,Richmond,Memphis,Dry Van,865.5,1842.89,1751.8995,90.9904638671876,4.937379000764429
2025-10-21,Reno,Lexington,Reefer,2130.7,4230.45,4266.562,36.11201171875018,0.8536210502133386
2025-10-21,Fort Wayne,Milwaukee,Reefer,261.2,679.64,620.69214,58.947861328124986,8.673394933806867
2025-10-21,Chattanooga,Toledo,Reefer,574.5,1350.69,1334.423,16.267026367187555,1.20434935974854
2025-10-21,Lubbock,Salt Lake City,Dry Van,1008.4,2179.9,2135.0818,44.81821289062509,2.055975636067026
2025-10-21,Charleston,Columbia,Dry Van,251.9,650.05,622.7083,27.341687011718705,4.206089841045874
2025-10-21,Lexington,Buffalo,Dry Van,555.9,1164.1,1120.2893,43.81069335937491,3.7634819482325326
2025-10-21,Jacksonville,Charleston,Dry Van,396.3,894.69,949.5592,54.869204101562445,6.132761526513367
2025-10-21,Dayton,Memphis,Reefer,443.3,1093.01,1089.9518,3.058217773437491,0.2797977853301883
2025-10-21,Tulsa,Memphis,Dry Van,399.6,924.22,959.59625,35.37625244140622,3.827687394928288
2025-10-21,Lexington,Birmingham,Flatbed,340.1,882.1,899.204,17.103979492187477,1.9390068577471349
2025-10-21,Austin,Tulsa,Reefer,481.8,1330.32,1286.468,43.851982421874936,3.296348429090364
2025-10-21,San Antonio,Chattanooga,Flatbed,888.3,2065.63,2011.542,54.08800781250011,2.618475129258391
2025-10-21,Syracuse,Richmond,Flatbed,399.5,960.84,949.78314,11.056857910156282,1.1507491268219767
2025-10-21,Kansas City,Philadelphia,Dry Van,1168.2,2291.87,2342.4731,50.60314453125011,2.2079413112982027
2025-10-21,Shreveport,Salt Lake City,Reefer,1404.8,3093.85,3059.089,34.76088867187491,1.1235479636011736
2025-10-21,Boston,Buffalo,Flatbed,596.1,1412.82,1374.9282,37.891777343749936,2.6819961030952237
2025-10-21,Charleston,Washington,Flatbed,428.0,1023.6,1070.0708,46.47080078124998,4.539937551900154
2025-10-21,Grand Rapids,Green Bay,Dry Van,103.9,279.98,295.11722,15.137218017578107,5.406535473097402
2025-10-21,San Francisco,Mobile,Dry Van,2248.6,4390.62,4278.4546,112.16541015624989,2.5546599376910297
2025-10-21,Boston,Birmingham,Dry Van,1205.3,2552.75,2494.3816,58.368408203125,2.2864913604201353
2025-10-21,Albany,Milwaukee,Dry Van,1085.7,2199.41,2288.594,89.18399414062515,4.054905367376939
2025-10-21,Philadelphia,Tulsa,Dry Van,1457.5,2786.26,2739.5884,46.67162109375022,1.6750633858200674
2025-10-21,Greensboro,Amarillo,Dry Van,1468.4,2759.26,2792.4785,33.21851562499978,1.2038921893913506
2025-10-21,New Orleans,Lexington,Dry Van,612.2,1399.28,1361.3204,37.95956542968747,2.7127926812137293
2025-10-21,Tucson,Hartford,Reefer,2792.1,5735.76,5654.009,81.75121093750022,1.4252899517675115
2025-10-21,Bakersfield,Corpus Christi,Dry Van,1440.9,2905.85,2888.0906,17.75942382812491,0.6111610657165687
2025-10-21,Jacksonville,Tampa,Dry Van,355.3,873.69,891.7225,18.032473144531195,2.0639440928168105
2025-10-21,New Orleans,Richmond,Flatbed,1118.1,2606.58,2493.148,113.43205078124993,4.351757888929169
2025-10-21,Nashville,Houston,Flatbed,594.7,1449.76,1448.5769,1.183095703124991,0.08160631436410103
2025-10-21,Los Angeles,Albuquerque,Reefer,749.7,1768.41,1753.8582,14.551845703125082,0.8228773702436132
2025-10-21,Lexington,Nashville,Flatbed,265.5,691.16,670.16315,20.996853027343718,3.037914958525337
2025-10-21,Hartford,Los Angeles,Dry Van,3024.9,5460.56,5416.2856,44.2743554687504,0.8108024720678904
2025-10-21,Cincinnati,Atlanta,Flatbed,204.1,560.6,567.74866,7.148657226562477,1.275179669383246
2025-10-21,Houston,Baltimore,Reefer,1572.4,3315.73,3431.77,116.04001953124998,3.499682408738045
2025-10-21,Lubbock,Jacksonville,Flatbed,1103.7,2407.3,2372.8713,34.42866210937518,1.4301774647686278
2025-10-21,Hartford,Little Rock,Dry Van,1377.3,2650.84,2767.3157,116.47567382812485,4.393915657984822
2025-10-21,Chattanooga,Grand Rapids,Dry Van,696.4,1512.06,1340.2673,171.79266601562495,11.361497957463655
2025-10-21,Richmond,Albany,Flatbed,604.7,1388.84,1315.5472,73.29275878906242,5.277264392519111
2025-10-21,Richmond,Tampa,Dry Van,1055.8,2063.13,2020.6832,42.44677246093761,2.0573968902074813
2025-10-21,Lexington,El Paso,Flatbed,1682.5,3377.12,3388.5205,11.40050781250011,0.3375807733364556
2025-10-21,Albany,Jacksonville,Dry Van,1320.4,2542.36,2503.2524,39.10755859375013,1.538238431762226
2025-10-21,Los Angeles,Philadelphia,Dry Van,3075.3,5786.64,5362.9287,423.7112890625003,7.322233438791774
2025-10-21,Boston,Oklahoma City,Dry Van,1988.2,4013.23,3766.5366,246.69337890625002,6.147003259375865
2025-10-21,Baton Rouge,Montgomery,Flatbed,480.8,1182.77,1168.8948,13.875224609374982,1.1731126600585897
2025-10-21,Grand Rapids,Baton Rouge,Dry Van,1091.9,2264.85,2119.876,144.9740234374999,6.401043046448988
2025-10-21,Oklahoma City,Fort Wayne,Reefer,1141.0,2624.82,2531.693,93.12688476562516,3.5479341351264146
2025-10-21,Bakersfield,Columbia,Dry Van,2251.9,14403.14,4377.358,10025.78208984375,69.60830825669785
2025-10-21,Mobile,Phoenix,Dry Van,1891.3,3615.45,3842.8271,227.37714843750018,6.289041431564541
2025-10-21,Tucson,Houston,Dry Van,1289.1,2619.84,3003.2205,383.38045898437485,14.633735609211815
2025-10-21,Fort Wayne,Harrisburg,Flatbed,462.3,1068.05,1070.2803,2.2302734375000455,0.20881732479753248
2025-10-21,Amarillo,Raleigh,Dry Van,1827.4,3466.53,3513.605,47.0749804687498,1.3579856648795712
2025-10-21,Montgomery,Dayton,Dry Van,702.1,1505.31,1484.498,20.811953124999945,1.382569246533933
2025-10-21,Richmond,Chattanooga,Dry Van,716.6,1579.25,1499.1161,80.1339111328125,5.0741751548401135
2025-10-21,Los Angeles,Nashville,Reefer,1986.2,4247.13,4458.4023,211.2723437499999,4.974473203080666
2025-10-21,Kansas City,New York,Flatbed,1079.9,2177.46,2254.3486,76.88863281249996,3.5311157409320932
2025-10-21,Philadelphia,Raleigh,Dry Van,416.7,913.89,937.1597,23.269729003906264,2.5462286493895614
2025-10-21,Tucson,Oklahoma City,Flatbed,993.8,2220.12,2213.6484,6.471562499999891,0.2914960677801151
2025-10-21,San Antonio,Albuquerque,Reefer,885.0,2065.94,2052.81,13.129941406250055,0.6355432106571369
2025-10-21,Houston,Syracuse,Flatbed,1507.0,3139.19,3143.921,4.730898437499945,0.15070443131826827
2025-10-21,Houston,Dallas,Dry Van,115.6,350.21,354.7294,4.5194006347656455,1.290483034398117
2025-10-21,Montgomery,San Antonio,Dry Van,886.6,1969.61,1880.7448,88.8652490234374,4.511819549222303
2025-10-21,Mobile,Oklahoma City,Flatbed,720.5,1734.62,1604.0481,130.5719042968749,7.52740682667529
2025-10-21,Richmond,Lubbock,Dry Van,1694.8,3348.55,3219.772,128.77802734375018,3.8457848126427905
2025-10-21,Baton Rouge,Lubbock,Dry Van,510.2,1207.14,1184.1858,22.9542089843751,1.9015366058928624
2025-10-21,Houston,Toledo,Dry Van,1127.1,2235.95,2278.8,42.85004882812518,1.9164135525447878
2025-10-21,Albany,Nashville,Reefer,1273.3,2726.46,2598.3708,128.08915039062504,4.698002185640906
2025-10-21,Buffalo,Raleigh,Flatbed,522.3,1165.49,1168.0166,2.526601562499991,0.21678449085792165
2025-10-21,Richmond,New Orleans,Dry Van,1140.6,2383.0,2294.368,88.632080078125,3.7193487233791442
2025-10-21,Baltimore,Richmond,Dry Van,286.7,642.65,599.97845,42.67154541015623,6.639935487459151
2025-10-21,Atlanta,Albuquerque,Dry Van,1555.1,3106.83,3008.8613,97.96867187499993,3.153332234946873
2025-10-21,Toledo,Milwaukee,Dry Van,319.0,793.99,773.51825,20.47175048828126,2.5783385796145115
2025-10-21,Oklahoma City,Bakersfield,Dry Van,1271.2,2652.98,2575.4763,77.50368164062502,2.9213820549203167
2025-10-21,Greensboro,Columbia,Reefer,126.6,395.97,385.60617,10.363829345703152,2.6173269049935985
2025-10-21,Birmingham,Bakersfield,Flatbed,2034.6,4351.68,4277.259,74.42121093750029,1.7101719551414694
2025-10-21,Phoenix,Syracuse,Dry Van,2766.2,4900.65,5237.859,337.20888671875036,6.880901242054634
2025-10-21,Buffalo,New York,Dry Van,343.2,806.79,764.93994,41.850058593749964,5.187230703621756
2025-10-21,Boston,Columbia,Dry Van,1003.4,1983.68,1940.3972,43.282783203125064,2.181943821741665
2025-10-21,St. Louis,Tulsa,Dry Van,534.1,1251.21,1220.709,30.501015625000036,2.437721535553587
2025-10-21,Houston,Dayton,Flatbed,984.1,2168.35,2191.1309,22.78085937500009,1.050608037217243
2025-10-21,Indianapolis,Madison,Dry Van,276.6,123.32,692.301,568.9810253906251,461.38584608386725
2025-10-21,Richmond,Lexington,Dry Van,541.3,1202.82,1183.3932,19.426811523437436,1.6151054624496963
2025-10-21,Montgomery,Amarillo,Dry Van,1274.9,2559.32,2495.4766,63.843437500000164,2.4945468913617743
2025-10-21,Syracuse,Amarillo,Reefer,1903.5,4021.92,3988.442,33.47810546875007,0.8323911333082228
2025-10-21,Charleston,Austin,Dry Van,1373.7,2681.19,2651.4456,29.744443359375055,1.1093746940490996
2025-10-21,Boston,Syracuse,Flatbed,531.5,1214.87,1186.1411,28.72888671874989,2.364770446117683
2025-10-21,Lexington,Memphis,Dry Van,329.2,802.46,856.9102,54.450217285156214,6.7854120186870635
2025-10-21,Kansas City,New York,Dry Van,1089.3,2216.38,2230.7285,14.34851562499989,0.6473851787599549
2025-10-21,Albany,Kansas City,Reefer,1258.7,2832.47,2760.609,71.8611132812498,2.5370476397366892
2025-10-21,New York,Toledo,Dry Van,673.8,1331.75,1311.5737,20.17626953125,1.515019300262812
2025-10-21,Columbia,Los Angeles,Flatbed,2263.4,4764.41,4455.4604,308.94955078124985,6.484529055670059
2025-10-21,Los Angeles,Lubbock,Reefer,1204.5,2618.04,2549.2275,68.81246093749996,2.6283960878176025
2025-10-21,New York,Grand Rapids,Dry Van,833.7,1687.86,1636.1505,51.7094873046874,3.0636123437185194
2025-10-21,Fresno,Memphis,Dry Van,2058.6,4184.37,3982.9746,201.3953906249999,4.813039731787579
2025-10-21,San Antonio,Chattanooga,Dry Van,906.8,2011.67,1921.8348,89.83516113281257,4.465700693096411
2025-10-21,Detroit,Los Angeles,Reefer,2407.5,4893.47,4721.234,172.23611328125025,3.51971327669834
2025-10-21,Madison,Albuquerque,Dry Van,1363.3,2747.92,2632.863,115.05696289062507,4.187056496936776
2025-10-21,Lubbock,Richmond,Dry Van,1686.0,3304.22,3221.597,82.6230761718748,2.5005319310419645
2025-10-21,Kansas City,Baton Rouge,Flatbed,753.6,1742.78,1600.8842,141.89584472656247,8.141925241657724
2025-10-21,Columbia,Phoenix,Dry Van,2299.5,4480.53,4381.6646,98.86544921874975,2.206557019342572
2025-10-21,Phoenix,Detroit,Dry Van,2436.8,4119.27,3397.535,721.7350878906254,17.5209463786211
2025-10-21,Tulsa,Jacksonville,Dry Van,710.3,1618.05,1576.0763,41.973706054687455,2.5940920277301354
2025-10-21,Philadelphia,Albuquerque,Dry Van,2346.2,4173.85,4269.082,95.23203124999964,2.2816352108964058
2025-10-21,Baton Rouge,Greensboro,Reefer,791.7,1981.96,1907.1797,74.78031250000004,3.773048522674526
2025-10-21,Charleston,Phoenix,Dry Van,2489.1,4446.89,4789.797,342.9068749999997,7.711161620818137
2025-10-21,St. Louis,Grand Rapids,Dry Van,475.9,1085.97,1068.0789,17.891142578125027,1.6474803703716518
2025-10-21,Raleigh,Columbia,Dry Van,417.8,2970.76,958.3558,2012.404226074219,67.74038381000884
2025-10-21,Toledo,Indianapolis,Dry Van,406.8,900.96,888.10474,12.855263671875036,1.4268406668303848
2025-10-21,Kansas City,Memphis,Flatbed,325.4,886.73,865.1859,21.544086914062518,2.429610694807046
2025-10-21,Providence,Oklahoma City,Dry Van,1933.4,3790.58,3628.509,162.07096679687493,4.275624490101118
2025-10-21,Lexington,Green Bay,Reefer,634.8,1548.2,1574.2522,26.052197265624955,1.6827410712843918
2025-10-21,Shreveport,Detroit,Dry Van,1059.5,2085.41,2106.8472,21.437167968750146,1.0279593925774857
2025-10-21,Richmond,Milwaukee,Reefer,758.4,1793.53,1954.0261,160.49612304687503,8.948616585553351
2025-10-21,Toledo,Richmond,Reefer,604.0,1428.25,1433.2698,5.019775390625,0.35146335659898476
2025-10-21,Buffalo,Little Rock,Flatbed,1057.1,2269.47,2158.8118,110.6582324218748,4.875950438731282
2025-10-21,El Paso,Buffalo,Dry Van,2130.0,3921.97,3872.587,49.3830859374998,1.259139818445827
2025-10-21,Charleston,Savannah,Dry Van,200.0,521.48,552.67236,31.192363281249982,5.981507110771263
2025-10-21,Shreveport,Birmingham,Flatbed,397.6,1046.26,1084.9346,38.67457031250001,3.6964588450767506
2025-10-21,Syracuse,Greensboro,Flatbed,658.2,1497.97,1347.6658,150.30422851562503,10.033861059675763
2025-10-21,Tucson,Albuquerque,Dry Van,440.6,971.46,1052.3,80.84004882812496,8.321500507290569
2025-10-21,El Paso,Charleston,Dry Van,2041.5,3965.03,3836.271,128.7590039062502,3.24736518781069
2025-10-21,Greensboro,New Orleans,Dry Van,689.7,1476.03,1404.1758,71.85421874999997,4.868073057458179
2025-10-21,Providence,Shreveport,Flatbed,1548.0,3213.37,3158.4226,54.94739257812489,1.7099615848198275
2025-10-21,Montgomery,Harrisburg,Flatbed,872.9,1882.4,1853.4155,28.98447265625009,1.5397616158228904
2025-10-21,New York,Nashville,Reefer,996.8,2276.2,2429.647,153.44697265625018,6.741365989642835
2025-10-21,San Antonio,Reno,Dry Van,1555.5,3191.38,3049.794,141.5860546875001,4.4365150714581185
2025-10-21,El Paso,Shreveport,Dry Van,1194.8,2435.41,2783.0317,347.62173828125015,14.273643381658538
2025-10-21,Madison,Lexington,Dry Van,503.2,1046.13,1007.72546,38.40453613281261,3.671105515835757
2025-10-21,Green Bay,Mobile,Flatbed,1021.4,2198.38,2114.5098,83.87023437500011,3.8150926761979322
2025-10-21,Bakersfield,New York,Reefer,2874.3,5545.41,4531.1514,1014.2586328124999,18.290056692156213
2025-10-21,Reno,Lexington,Reefer,2135.1,4186.26,4398.881,212.62085937499978,5.079017055199624
2025-10-21,Green Bay,Milwaukee,Reefer,419.3,978.93,979.7233,0.7933276367188,0.08104028242252256
2025-10-21,Green Bay,Toledo,Dry Van,282.5,693.04,669.4517,23.588278808593714,3.403595580138768
2025-10-21,Reno,Bakersfield,Dry Van,536.3,1110.26,1100.1862,10.073842773437491,0.9073408727178761
2025-10-21,New York,El Paso,Dry Van,2380.3,4600.85,4487.8994,112.95058593750036,2.454993880206926
2025-10-21,Shreveport,Bakersfield,Reefer,1663.3,3850.44,3792.973,57.467099609375055,1.492481368606576
2025-10-21,Los Angeles,New Orleans,Reefer,1704.3,3724.61,3594.8555,129.75453125000013,3.4837078580039287
2025-10-21,Syracuse,Jacksonville,Dry Van,997.5,1986.47,2051.8574,65.38742187499997,3.291639031800127
2025-10-21,Shreveport,Green Bay,Dry Van,999.4,2088.18,2058.886,29.294013671874836,1.4028490681777834
2025-10-21,Montgomery,Richmond,Dry Van,814.0,1708.45,1623.9027,84.54729003906255,4.948771695926866
2025-10-21,Detroit,Fort Wayne,Dry Van,218.0,530.1,702.4836,172.38358154296873,32.51906839142968
2025-10-21,Boston,Phoenix,Dry Van,3096.8,5947.51,5714.271,233.23900390625022,3.9216244093116317
2025-10-21,Memphis,Tucson,Reefer,1622.3,3570.86,3482.9165,87.94349609375013,2.462809969972223
2025-10-21,Washington,Fort Wayne,Flatbed,568.6,1307.4,1253.847,53.55295410156259,4.09614150998643
2025-10-21,Lexington,Providence,Dry Van,991.0,1953.16,1725.94,227.22005859375008,11.633458528423175
2025-10-22,Chattanooga,Richmond,Flatbed,745.2,1663.21,1453.5441,209.66593261718754,12.606101010527086
2025-10-22,Richmond,Los Angeles,Dry Van,2864.2,5004.7,4844.8457,159.85429687499982,3.194083499010926
2025-10-22,Baton Rouge,Boston,Dry Van,1700.2,3356.83,3024.5344,332.2955761718749,9.899088609547547
2025-10-22,Savannah,Hartford,Dry Van,833.1,1721.07,1724.8508,3.7808300781250637,0.21967904141755207
2025-10-22,Shreveport,Atlanta,Dry Van,458.5,1102.33,1097.2764,5.053632812499927,0.45845008413995153
2025-10-22,Tucson,Houston,Flatbed,1301.6,3000.82,3048.5867,47.766669921874836,1.5917872422162889
2025-10-22,Shreveport,Providence,Reefer,1553.8,3408.71,3266.532,142.17801757812504,4.1710212243964735
2025-10-22,San Antonio,Austin,Dry Van,102.4,301.74,367.7462,66.00618530273437,21.8751856905728
2025-10-22,Raleigh,Oklahoma City,Flatbed,1491.3,3371.82,3194.202,177.61809570312516,5.267721755702414
2025-10-22,Philadelphia,Baltimore,Dry Van,91.6,258.37,280.09814,21.728144531249995,8.409701022274255
2025-10-22,Lexington,Little Rock,Dry Van,525.8,1236.06,1156.4589,79.60113769531245,6.439908879448606
2025-10-22,El Paso,Richmond,Reefer,2228.1,4921.06,4884.464,36.5961328125004,0.7436636174421852
2025-10-22,Los Angeles,Green Bay,Dry Van,2314.9,4096.07,4065.0903,30.97966796874971,0.7563266245144665
2025-10-22,Los Angeles,Philadelphia,Reefer,3049.9,6303.7,6017.813,285.8870117187498,4.5352255297483985
2025-10-22,Mobile,Toledo,Reefer,859.1,1930.36,1945.2522,14.8921972656251,0.7714725370203019
2025-10-22,Reno,Fort Wayne,Reefer,2018.7,3892.0,4144.3496,252.349609375,6.483802913026722
2025-10-22,Atlanta,Mobile,Dry Van,296.2,712.44,724.74884,12.308840332031195,1.7277020285260787
2025-10-22,Los Angeles,Cincinnati,Reefer,2139.9,4318.34,4348.699,30.359218749999854,0.7030298390122096
2025-10-22,Philadelphia,St. Louis,Flatbed,1046.6,2411.85,2281.7937,130.0562988281249,5.3923875377044554
2025-10-22,Atlanta,Corpus Christi,Flatbed,838.8,1988.26,1987.7699,0.4901025390624909,0.02464982140477055
2025-10-22,Albany,Kansas City,Reefer,1257.8,2760.03,2734.362,25.6679394531252,0.9299876977107204
2025-10-22,Boston,Birmingham,Flatbed,1187.3,2644.84,2721.1318,76.29183593749985,2.884553921503753
2025-10-22,Amarillo,El Paso,Flatbed,418.4,1058.45,1070.129,11.679028320312455,1.1034085993965188
2025-10-22,Reno,Dayton,Dry Van,1985.8,3678.77,3877.3848,198.61476562500002,5.398944908896181
2025-10-22,Albuquerque,Richmond,Dry Van,2105.9,3868.49,3766.1125,102.37745117187478,2.6464447671281244
2025-10-22,Cincinnati,New Orleans,Flatbed,532.0,1309.84,1313.271,3.430996093750082,0.26194009144247254
2025-10-22,Columbia,Nashville,Dry Van,330.2,775.99,739.0619,36.92811035156251,4.758838432397648
2025-10-22,Albuquerque,San Antonio,Reefer,912.5,2155.11,2051.1204,103.98963867187513,4.825258973874889
2025-10-22,Philadelphia,Nashville,Flatbed,1025.6,2146.27,2185.357,39.08693359375002,1.8211564059391419
2025-10-22,Fresno,Tulsa,Flatbed,1661.1,3629.61,3419.6917,209.91834960937513,5.783496012226523
2025-10-22,Houston,Cincinnati,Dry Van,756.3,1742.47,1644.2054,98.26455566406253,5.639382925620672
2025-10-22,Lubbock,Albany,Reefer,2161.3,4523.99,4543.4604,19.47044921875022,0.43038223379694074
2025-10-22,Milwaukee,Los Angeles,Reefer,2051.7,4220.16,4201.7305,18.429531249999854,0.4367021925708943
2025-10-22,Austin,Oklahoma City,Dry Van,231.1,664.29,658.28766,6.002341308593714,0.9035724320091698
2025-10-22,Fort Wayne,Nashville,Reefer,507.2,1347.83,1284.3151,63.51493652343743,4.712384835137772
2025-10-22,Phoenix,New York,Dry Van,2958.2,5551.03,5697.2476,146.21755859375025,2.63406176139834
2025-10-22,Baton Rouge,Greensboro,Dry Van,811.1,1691.2,1649.3953,41.804736328125045,2.471897843432181
2025-10-22,Kansas City,Atlanta,Dry Van,504.1,1144.41,1061.7042,82.70577636718758,7.226935833065736
2025-10-22,Kansas City,St. Louis,Flatbed,132.8,407.52,407.4668,0.05320312499998181,0.013055340842162791
2025-10-22,Montgomery,Milwaukee,Dry Van,696.5,1455.6,1422.2589,33.34108886718741,2.2905392186855873
2025-10-22,Grand Rapids,Montgomery,Dry Van,1015.6,2043.47,1998.6102,44.85977050781253,2.1952742397888163
2025-10-22,Albuquerque,Albany,Reefer,2460.4,4995.47,4746.634,248.83621093750025,4.981237219671026
2025-10-22,Lexington,Kansas City,Dry Van,446.5,1049.62,1012.88336,36.73663818359364,3.4999941105917998
2025-10-22,Madison,San Antonio,Flatbed,1136.5,2624.53,2660.993,36.4629199218748,1.3893123691432294
2025-10-22,Lubbock,Chattanooga,Flatbed,987.9,2138.6,2178.0496,39.44956054687509,1.8446441853023048
2025-10-22,Philadelphia,Milwaukee,Dry Van,983.1,2022.03,2050.732,28.701933593750027,1.4194613133212677
2025-10-22,Lexington,Milwaukee,Dry Van,305.9,780.71,767.75665,12.953347167968786,1.659175259439329
2025-10-22,Birmingham,Houston,Dry Van,601.4,1385.85,1378.8672,6.982812499999909,0.5038649565248698
2025-10-22,Fort Wayne,Buffalo,Reefer,412.3,1025.05,1020.8592,4.1908081054687045,0.4088393839782161
2025-10-22,Fresno,Columbia,Dry Van,2444.4,4544.18,4469.2305,74.94953125000029,1.64935216584731
2025-10-22,Oklahoma City,Harrisburg,Dry Van,1471.7,2853.82,2735.6094,118.21062500000016,4.14218924108739
2025-10-22,Buffalo,Baton Rouge,Reefer,1325.5,2863.43,2791.955,71.47492187499984,2.4961295325885335
2025-10-22,Toledo,Albuquerque,Reefer,1684.3,14784.38,3293.4033,11490.9766796875,77.72376440329253
2025-10-22,Montgomery,Shreveport,Dry Van,451.0,1045.82,1023.3263,22.493706054687436,2.150820031619919
2025-10-22,Bakersfield,Providence,Reefer,3059.5,6452.47,6397.8896,54.580351562500255,0.8458830736524191
2025-10-22,New York,Lexington,Dry Van,755.0,1636.03,1529.4824,106.54757812499997,6.512568725817984
2025-10-22,Madison,Philadelphia,Flatbed,1105.1,2357.26,2311.8115,45.44847656250022,1.9280213706803753
2025-10-22,Richmond,Dayton,Flatbed,582.4,1354.85,1331.2582,23.59182128906241,1.741286584423546
2025-10-22,Milwaukee,New York,Flatbed,908.1,2044.87,2233.8809,189.0108593750001,9.243172396044743
2025-10-22,Richmond,Atlanta,Dry Van,695.0,1441.9,1380.8517,61.04831542968759,4.233879979865981
2025-10-22,Greensboro,Los Angeles,Reefer,2324.6,4770.79,4777.8823,7.092324218750036,0.14866142124784443
2025-10-22,Milwaukee,Birmingham,Reefer,512.2,1328.25,1298.7642,29.48583984375,2.2199013622247317
2025-10-22,Greensboro,El Paso,Reefer,1826.3,3980.59,3972.3467,8.243320312500146,0.20708790185626114
2025-10-22,Los Angeles,Bakersfield,Dry Van,391.8,871.19,851.3805,19.809506835937555,2.2738446074837353
2025-10-22,Jacksonville,Los Angeles,Dry Van,2219.9,4028.2,4017.9988,10.201220703124818,0.253245139345733
2025-10-22,Tulsa,Charleston,Reefer,1016.8,2551.19,2433.542,117.64800781250005,4.611495334040195
2025-10-22,Grand Rapids,Tampa,Reefer,1211.0,2642.91,2496.073,146.83700195312485,5.5558835508256
2025-10-22,Salt Lake City,Lubbock,Dry Van,1018.1,2143.64,2102.94,40.70005859374987,1.8986424303404432
2025-10-22,Baton Rouge,Los Angeles,Dry Van,1694.9,3494.61,3308.0671,186.54286132812513,5.338016583484999
2025-10-22,Cincinnati,Indianapolis,Flatbed,192.8,542.56,542.4918,0.06817871093744543,0.012566114519582247
2025-10-22,Columbia,San Antonio,Flatbed,1110.1,2533.72,2433.7998,99.9201953124998,3.9436163156347113
2025-10-22,Bakersfield,Hartford,Dry Van,2873.2,5232.81,5287.1265,54.3164648437496,1.037998032486362
2025-10-22,Albuquerque,Bakersfield,Reefer,505.4,1309.66,1246.9181,62.74190917968758,4.790702104339109
2025-10-22,Tucson,Raleigh,Flatbed,2417.8,5006.3,5550.8486,544.5486328124998,10.877267299452685
2025-10-22,Memphis,Richmond,Dry Van,826.8,1748.43,1642.4852,105.94477050781256,6.059423054272265
2025-10-22,Oklahoma City,St. Louis,Reefer,793.2,1983.25,1949.8263,33.4237060546875,1.6852996876181772
2025-10-22,Salt Lake City,Providence,Flatbed,2772.4,5723.31,5554.641,168.6688867187504,2.9470513866757244
2025-10-22,Syracuse,Charleston,Flatbed,727.5,1560.71,1421.1952,139.51480957031254,8.93918854689933
2025-10-22,San Antonio,Columbia,Dry Van,1146.0,2335.15,2752.135,416.9850097656249,17.856883273692265
2025-10-22,New York,Raleigh,Dry Van,463.9,1011.88,920.5807,91.2993115234375,9.0227409893898
2025-10-22,Providence,Albany,Flatbed,537.7,1238.84,1224.8662,13.973789062499918,1.1279736739611184
2025-10-22,Fresno,Columbia,Dry Van,2402.2,4584.52,4663.424,78.90382812499956,1.7210924616971799
2025-10-22,Hartford,Shreveport,Dry Van,1435.8,2942.45,2915.2646,27.185351562499818,0.9239019036007348
2025-10-22,Detroit,Philadelphia,Dry Van,772.9,1604.29,1519.7279,84.56209472656246,5.27099805687017
2025-10-22,Atlanta,Phoenix,Dry Van,1990.6,3721.16,3722.9204,1.7604101562501455,0.0473081016739443
2025-10-22,Grand Rapids,Buffalo,Flatbed,500.0,1185.29,1184.1875,1.1024999999999636,0.0930152114672328
2025-10-22,Harrisburg,Jacksonville,Flatbed,778.3,1726.53,1548.8839,177.64608886718747,10.289197921101138
2025-10-22,Oklahoma City,Fort Wayne,Dry Van,1161.5,2301.62,2361.795,60.17492187500011,2.6144594622483344
2025-10-22,Phoenix,Albuquerque,Reefer,706.0,1660.06,1643.4722,16.587832031249945,0.99923087305579
2025-10-22,Cincinnati,Charleston,Dry Van,522.9,1141.94,1123.0125,18.927548828125055,1.6574906587145606
2025-10-22,Buffalo,Albany,Dry Van,487.9,1060.19,1038.2195,21.970517578125055,2.0723188841740683
2025-10-22,Charleston,El Paso,Dry Van,2037.3,3839.75,3767.3308,72.419189453125,1.8860391810176445
2025-10-22,Memphis,Grand Rapids,Flatbed,663.7,1530.79,1454.7411,76.04891113281246,4.967951915861253
2025-10-22,Indianapolis,Tucson,Reefer,1745.0,3652.95,3772.4697,119.51972656250018,3.2718686694999985
2025-10-22,Amarillo,Dayton,Dry Van,1343.3,2699.39,2646.6992,52.69078124999987,1.9519514130970286
2025-10-22,Salt Lake City,Shreveport,Reefer,1376.3,3332.52,3369.978,37.45802734375002,1.1240150799920186
2025-10-22,Columbia,Nashville,Dry Van,326.9,780.38,678.35504,102.02495849609375,13.07375361953071
2025-10-22,Chattanooga,Salt Lake City,Flatbed,1705.9,3557.23,3520.2747,36.95534179687502,1.0388797406092667
2025-10-22,Reno,Albany,Reefer,2833.0,5851.62,5918.0835,66.46349609375011,1.1358136053562964
2025-10-22,Richmond,Philadelphia,Dry Van,274.0,651.91,608.03094,43.87905517578122,6.730845542449298
2025-10-22,Hartford,Madison,Flatbed,1124.0,2381.33,2338.232,43.09806640624993,1.809831749746987
2025-10-22,Oklahoma City,Los Angeles,Reefer,1355.9,3104.16,3225.2686,121.10855468750015,3.901492019982867
2025-10-22,Indianapolis,Boston,Flatbed,1266.8,2614.42,2660.456,46.03605468749993,1.7608515344703577
2025-10-22,Boston,Buffalo,Dry Van,593.1,1229.26,1260.1498,30.88978027343751,2.512876061487196
2025-10-22,Birmingham,Charleston,Dry Van,475.0,1144.34,1155.6776,11.337612304687582,0.9907555713063935
2025-10-22,Dallas,Atlanta,Reefer,603.1,1590.58,1545.6444,44.93559082031243,2.8251072451754977
2025-10-22,Louisville,San Francisco,Reefer,2204.7,4717.8,4707.5674,10.232617187500182,0.21689383160583708
2025-10-22,New York,Phoenix,Reefer,2934.5,6053.36,5826.8613,226.49867187499967,3.741701664447508
2025-10-22,Columbia,Buffalo,Reefer,656.3,1631.66,1564.3071,67.35287109375008,4.127874133934157
2025-10-22,Amarillo,Fort Wayne,Reefer,1363.5,2989.44,2949.85,39.589902343750055,1.3243250355835894
2025-10-22,Grand Rapids,Shreveport,Dry Van,948.6,1851.21,1850.2084,1.0016259765625364,0.05410655606670968
2025-10-22,Greensboro,Fresno,Reefer,2451.3,5316.93,5464.8223,147.8922656249997,2.781534938865091
2025-10-22,Phoenix,Buffalo,Dry Van,2646.8,4696.47,4572.996,123.47390625000025,2.6290789944362523
2025-10-22,Tucson,Charleston,Dry Van,2232.0,4048.34,4169.621,121.28109374999985,2.9958228249109475
2025-10-22,Greensboro,Louisville,Dry Van,352.3,807.53,723.25604,84.27395751953122,10.436015692238211
2025-10-22,Buffalo,St. Louis,Dry Van,759.3,1628.52,1539.4567,89.06333496093748,5.468973973972532
2025-10-22,Atlanta,Tucson,Dry Van,1868.2,3859.48,3741.1052,118.37477539062502,3.067117212438593
2025-10-22,Oklahoma City,Richmond,Dry Van,1505.8,2912.89,2855.524,57.36607421874987,1.9693869050582025
2025-10-22,Columbia,Shreveport,Reefer,645.1,4892.72,1519.746,3372.9740283203128,68.93862776370429
2025-10-22,Cincinnati,San Francisco,Dry Van,2250.8,4314.84,4334.151,19.310878906249854,0.44754565421313075
2025-10-22,Louisville,Tulsa,Dry Van,582.0,1322.8,1296.152,26.648022460937455,2.014516363844682
2025-10-22,Shreveport,Baton Rouge,Reefer,184.5,612.12,586.6228,25.497197265625005,4.1653919600119265
2025-10-22,Bakersfield,Green Bay,Dry Van,2019.5,3585.07,3637.4504,52.380439453124836,1.461071595620862
2025-10-22,Baltimore,Birmingham,Dry Van,956.4,1959.85,1872.5345,87.31545410156241,4.455211067253229
2025-10-22,Toledo,Montgomery,Reefer,902.8,2105.22,1999.9036,105.3164355468748,5.002633242458024
2025-10-22,Tampa,Montgomery,Flatbed,277.2,726.82,686.5968,40.22319824218755,5.534134757187137
2025-10-22,Tulsa,Austin,Dry Van,470.7,1132.13,1213.2738,81.14380371093739,7.167357433416425
2025-10-22,Austin,Columbia,Dry Van,1216.6,2583.27,2535.3962,47.87375976562498,1.853223231238894
2025-10-22,New York,Providence,Flatbed,349.7,873.47,910.19104,36.72104003906247,4.204041356779566
2025-10-22,Columbia,Greensboro,Flatbed,131.1,394.73,405.62143,10.891429443359357,2.759209951956871
2025-10-22,Syracuse,Grand Rapids,Dry Van,581.4,1211.67,1198.662,13.008012695312573,1.0735606803265387
2025-10-22,Richmond,Dayton,Dry Van,596.7,1225.8,1236.8107,11.010668945312545,0.8982435099781814
2025-10-22,New Orleans,Savannah,Flatbed,692.2,1670.77,1558.302,112.46799804687498,6.7315069127932015
2025-10-22,Greensboro,New York,Dry Van,684.5,1376.74,1347.4059,29.33411621093751,2.1306939735126105
2025-10-22,Boston,Hartford,Flatbed,180.6,513.66,524.4981,10.838107910156282,2.109977010114917
2025-10-22,Cincinnati,Buffalo,Reefer,626.1,1525.01,1459.5051,65.50487304687499,4.295373344887902
2025-10-22,Lexington,Providence,Dry Van,1015.4,2052.74,1760.8113,291.9287207031248,14.221417261958397
2025-10-22,Philadelphia,Lexington,Flatbed,794.5,1720.26,1602.2765,117.98351074218749,6.8584696930805515
2025-10-22,Phoenix,Lubbock,Dry Van,1154.7,2343.8,2316.8005,26.999462890625182,1.1519525083464963
2025-10-22,St. Louis,Oklahoma City,Flatbed,795.8,1926.44,1877.0077,49.432309570312555,2.565992689640609
2025-10-22,Milwaukee,Tampa,Dry Van,956.6,2037.74,1951.2157,86.52430175781251,4.246091344225098
2025-10-22,Los Angeles,Dallas,Dry Van,1556.2,2916.59,2879.8958,36.694248046875146,1.2581215750885502
2025-10-22,Mobile,Lubbock,Reefer,820.1,2022.85,2022.5157,0.33425292968740905,0.01652386136823833
2025-10-22,Phoenix,Syracuse,Reefer,2797.6,5664.3,6723.519,1059.2190429687498,18.699910720984935
2025-10-22,San Francisco,El Paso,Reefer,789.1,1881.48,1886.029,4.549052734374982,0.24178055224477443
2025-10-22,Harrisburg,Boston,Dry Van,543.5,1164.69,1153.3899,11.300107421875055,0.9702244736260339
2025-10-22,Tucson,Phoenix,Reefer,290.9,804.22,884.4826,80.26260498046872,9.980180172150495
2025-10-23,Albuquerque,Lubbock,Reefer,825.9,1942.88,1925.5822,17.29784667968761,0.890319869456045
2025-10-23,Kansas City,Indianapolis,Dry Van,176.7,474.38,447.23093,27.14907348632812,5.723064523447051
2025-10-23,Little Rock,Buffalo,Flatbed,1038.6,7151.41,2380.2563,4771.15365234375,66.71626507700928
2025-10-23,San Francisco,Washington,Flatbed,2824.2,5187.81,5476.814,289.0039648437496,5.570827860768794
2025-10-23,Cincinnati,Shreveport,Dry Van,531.6,1237.21,1184.0366,53.173378906250036,4.297845871456748
2025-10-23,Phoenix,Montgomery,Dry Van,2116.9,4052.55,3943.1858,109.36420898437518,2.6986516880575238
2025-10-23,Reno,Los Angeles,Dry Van,917.0,1794.23,1752.6544,41.57558105468752,2.3171823598249675
2025-10-23,Providence,Amarillo,Flatbed,2310.1,4903.84,4539.3623,364.47769531250015,7.432495662837697
2025-10-23,Madison,Corpus Christi,Flatbed,1149.9,2588.61,2521.1409,67.46913085937513,2.60638454071394
2025-10-23,Amarillo,Albuquerque,Flatbed,409.6,1006.81,1151.787,144.97698730468755,14.399637201129067
2025-10-23,Atlanta,New York,Reefer,908.9,2132.94,2071.003,61.937070312500055,2.903835565580844
2025-10-23,Providence,Grand Rapids,Reefer,1130.0,2449.96,2147.2258,302.73416992187504,12.356698473520998
2025-10-23,Houston,Amarillo,Dry Van,689.6,1644.47,1544.8792,99.59084960937503,6.056106198919714
2025-10-23,Albuquerque,New York,Dry Van,2299.0,4481.13,4478.6577,2.472285156250109,0.05517102061868567
2025-10-23,Los Angeles,Memphis,Dry Van,1991.7,4032.37,3872.7493,159.6207324218749,3.958484276538981
2025-10-23,Jacksonville,Phoenix,Dry Van,2139.9,4170.26,4078.689,91.57103515625022,2.195811176191657
2025-10-23,Dayton,Buffalo,Dry Van,467.8,1009.38,965.50256,43.877436523437495,4.346969082351294
2025-10-23,Albany,Amarillo,Dry Van,2256.4,4048.53,3807.5496,240.9804394531252,5.952294770030732
2025-10-23,Amarillo,Little Rock,Dry Van,843.5,1971.47,1961.823,9.647001953125027,0.4893303957516486
2025-10-23,Columbia,Raleigh,Reefer,396.1,1011.13,1049.093,37.963017578125005,3.7545140168054556
2025-10-23,Reno,Los Angeles,Reefer,909.9,2157.52,2124.3052,33.21482421874998,1.5394909070947191
2025-10-23,Amarillo,Syracuse,Dry Van,1845.8,3353.42,3339.8938,13.526201171875073,0.4033554154229137
2025-10-23,Dayton,Boston,Reefer,1000.9,2241.31,2245.68,4.369931640625055,0.19497221003007414
2025-10-23,Richmond,Montgomery,Reefer,835.2,1890.04,1770.9121,119.12789062499996,6.30292960069628
2025-10-23,Columbia,Mobile,Reefer,428.9,1191.43,1136.5613,54.868720703125064,4.605282786493966
2025-10-23,Buffalo,Syracuse,Dry Van,150.9,380.11,448.279,68.16899169921874,17.934016915950313
2025-10-23,Tucson,Albuquerque,Reefer,465.4,1158.68,1220.7539,62.073906249999936,5.357295046949972
2025-10-23,Philadelphia,Cincinnati,Dry Van,897.3,1884.25,1781.058,103.1920166015625,5.47655653982022
2025-10-23,Fort Wayne,Boston,Dry Van,1006.0,2046.68,2032.5988,14.081245117187564,0.6880042369685326
2025-10-23,Phoenix,Buffalo,Dry Van,2637.6,5011.38,4980.1274,31.25255859375011,0.623631785930225
2025-10-23,Amarillo,Providence,Reefer,2343.7,5139.92,5125.3716,14.548417968750073,0.283047556552438
2025-10-23,New Orleans,Cincinnati,Reefer,523.3,1342.34,1207.8087,134.53128417968742,10.022146712434065
2025-10-23,Dayton,San Francisco,Reefer,2416.0,5367.21,4951.5083,415.70169921875004,7.745210252975941
2025-10-23,Harrisburg,Reno,Dry Van,2474.7,4407.32,4518.5522,111.23224609375029,2.5238068961126103
2025-10-23,Charleston,Richmond,Dry Van,398.6,910.72,1015.7722,105.05221679687497,11.5350729968459
2025-10-23,Mobile,San Antonio,Reefer,748.4,1780.1,1794.6992,14.599218750000091,0.8201347536655296
2025-10-23,Birmingham,Little Rock,Flatbed,381.7,1003.47,996.71625,6.753752441406277,0.67303979604834
2025-10-23,Fort Wayne,Baltimore,Dry Van,847.2,1667.28,1654.7625,12.517548828124973,0.7507766438825496
2025-10-23,Boston,Richmond,Dry Van,498.1,1159.83,1108.8938,50.93620117187493,4.3916954356996225
2025-10-23,Charleston,Reno,Dry Van,2517.9,4641.2,4542.4766,98.72343749999982,2.1271101762475184
2025-10-23,Hartford,Green Bay,Flatbed,994.2,2204.92,2159.097,45.82307617187507,2.078219444327915
2025-10-23,Fort Wayne,Syracuse,Dry Van,529.6,1142.58,1132.8939,9.686079101562427,0.8477374977299119
2025-10-23,Shreveport,Providence,Dry Van,1550.1,3071.49,2988.7554,82.73462890624978,2.693631719662111
2025-10-23,Lexington,Cincinnati,Dry Van,134.5,363.25,359.23752,4.012481689453125,1.1046061085899863
2025-10-23,Hartford,Raleigh,Dry Van,485.6,1041.25,988.70135,52.54864501953125,5.046688597313925
2025-10-23,Hartford,Philadelphia,Dry Van,70.0,206.33,222.78165,16.451646728515612,7.97346325232182
2025-10-23,Fort Wayne,Little Rock,Flatbed,713.8,1676.94,1664.2623,12.677670898437555,0.7560002682527434
2025-10-23,Richmond,Montgomery,Dry Van,813.3,1745.14,1631.5745,113.5655371093751,6.50753160831653
2025-10-23,Buffalo,Fort Wayne,Dry Van,415.3,859.39,859.392,0.0020288085937636424,0.0002360754248668989
2025-10-23,Memphis,Richmond,Reefer,864.1,2021.14,1930.343,90.7969824218751,4.492364824894619
2025-10-23,Philadelphia,Charleston,Flatbed,638.0,1470.99,1411.3009,59.68909667968751,4.0577499969195925
2025-10-23,Atlanta,Kansas City,Dry Van,484.5,1089.06,1049.4596,39.600405273437445,3.63620050992943
2025-10-23,San Antonio,Phoenix,Flatbed,1285.7,2824.36,2679.42,144.94007812500013,5.1317848335552165
2025-10-23,New Orleans,Tampa,Reefer,499.8,1336.62,1311.456,25.16394531249989,1.8826551534841536
2025-10-23,Harrisburg,Baton Rouge,Flatbed,1202.1,2595.2,2581.2397,13.960253906249818,0.537925936584842
2025-10-23,Amarillo,Buffalo,Reefer,1735.6,3908.33,3839.5735,68.75651367187493,1.7592299952121477
2025-10-23,Albuquerque,Lexington,Dry Van,1643.6,9305.14,2993.4607,6311.679306640624,67.83003057063756
2025-10-23,Toledo,Baton Rouge,Dry Van,1109.2,2133.09,2115.9033,17.186679687500146,0.8057175125053394
2025-10-23,Cincinnati,Baltimore,Flatbed,913.5,2152.1,2082.1619,69.93813476562491,3.2497623142802334
2025-10-23,Grand Rapids,Tucson,Dry Van,2021.2,849.97,3739.5388,2889.5688183593747,339.9612713812693
2025-10-23,Tucson,Dallas,Reefer,1292.7,2949.86,2875.244,74.61610351562513,2.5294794843018016
2025-10-23,Raleigh,Savannah,Reefer,366.6,969.41,1029.4053,59.99527343750003,6.188844084288385
2025-10-23,Fort Wayne,Toledo,Reefer,100.5,321.41,307.65936,13.750637207031275,4.278223206194977
2025-10-23,Lexington,Bakersfield,Dry Van,2161.9,4139.61,3861.1555,278.4544824218747,6.726587345713115
2025-10-23,Dallas,Hartford,Dry Van,1591.9,3197.79,3094.2217,103.56832031249996,3.2387467692531398
2025-10-23,New York,Savannah,Dry Van,745.4,1596.29,1548.3275,47.962485351562464,3.0046223024364287
2025-10-23,Louisville,Philadelphia,Reefer,958.0,2167.17,2184.7097,17.539716796874927,0.809337375327036
2025-10-23,Toledo,Richmond,Flatbed,560.2,1306.45,1188.09,118.36003417968755,9.05966812198611
2025-10-23,Buffalo,Grand Rapids,Dry Van,506.5,1080.08,1029.996,50.08402832031243,4.637066543247947
2025-10-23,Kansas City,Houston,Flatbed,755.3,1786.5,1711.3573,75.1427001953125,4.2061405091134905
2025-10-23,Amarillo,New York,Reefer,1999.9,4514.59,4261.165,253.42496093750015,5.613465695389839
2025-10-23,Richmond,Green Bay,Dry Van,833.7,1693.15,1669.2262,23.92380371093759,1.4129760334841917
2025-10-23,Tampa,Columbia,Flatbed,588.2,1431.47,1426.613,4.856962890625027,0.3392989647442857
2025-10-23,Indianapolis,Buffalo,Dry Van,688.7,1443.55,1483.7418,40.191821289062545,2.784234788477195
2025-10-23,Birmingham,Nashville,Dry Van,197.2,546.54,543.2138,3.3261938476562136,0.6085911090965371
2025-10-23,Reno,Las Vegas,Reefer,580.2,1462.18,1403.7805,58.399482421875064,3.9940009042576876
2025-10-23,Tucson,Amarillo,Dry Van,633.4,1377.08,1320.274,56.80595214843743,4.125101820405309
2025-10-23,Syracuse,Fresno,Flatbed,2732.4,5099.7,4870.7573,228.94267578124982,4.489336152739373
2025-10-23,Greensboro,San Francisco,Dry Van,2513.6,4880.25,4643.6396,236.6103515625,4.848324400645459
2025-10-23,Corpus Christi,Bakersfield,Reefer,1480.5,3442.11,3402.5786,39.53138671875013,1.148463782934018
2025-10-23,Phoenix,Shreveport,Dry Van,1664.5,3305.45,3104.0461,201.40385742187482,6.093084373440071
2025-10-23,Hartford,Kansas City,Dry Van,1148.2,2266.92,2244.532,22.388017578125073,0.9875962794507557
2025-10-23,Lubbock,Bakersfield,Flatbed,1184.5,2714.72,2736.8833,22.1633007812502,0.8164120344363398
2025-10-23,Cincinnati,New Orleans,Dry Van,532.0,1242.06,1187.4438,54.616152343749945,4.397223350220597
2025-10-23,Milwaukee,Houston,Dry Van,837.5,1845.46,1751.5903,93.86966796875004,5.086518698251386
2025-10-23,Shreveport,Harrisburg,Reefer,1092.5,2500.44,2425.279,75.16094726562505,3.005908850667285
2025-10-23,Richmond,Harrisburg,Dry Van,160.0,413.84,431.56442,17.7244226074219,4.282916732897231
2025-10-23,Cincinnati,Buffalo,Reefer,665.5,1587.93,1520.1166,67.81342285156256,4.270554926952861
2025-10-23,Fresno,Tucson,Flatbed,491.9,1253.74,1241.5278,12.212167968750009,0.9740590528139813
2025-10-23,Baton Rouge,Bakersfield,Flatbed,1629.8,3568.3,3410.1956,158.10444335937518,4.430805799943255
2025-10-23,Fresno,San Antonio,Dry Van,1508.0,3088.52,2947.9512,140.56882812499998,4.551332940210845
2025-10-23,Lexington,Raleigh,Dry Van,517.2,1125.09,1089.6382,35.45181640624992,3.151020487805413
2025-10-23,Montgomery,San Antonio,Dry Van,887.0,2035.6,1937.0646,98.53542480468741,4.840608410526991
2025-10-23,Columbia,Washington,Dry Van,542.3,1169.61,1275.8557,106.2457128906251,9.083858114296655
2025-10-23,Grand Rapids,Tucson,Dry Van,2027.0,3717.95,3596.2205,121.72954101562482,3.274103767281024
2025-10-23,Fort Wayne,Tucson,Dry Van,2004.4,3829.0,3672.7183,156.28173828125,4.081528813822147
2025-10-23,Birmingham,Indianapolis,Dry Van,451.2,1075.14,1050.3375,24.8024755859376,2.3069065969025053
2025-10-23,Montgomery,Los Angeles,Dry Van,2120.3,4018.27,4012.2996,5.970439453124982,0.14858233650613278
2025-10-23,Cincinnati,Raleigh,Dry Van,622.1,1428.98,1342.4097,86.57033203125002,6.058190599675994
2025-10-23,Mobile,Fresno,Dry Van,2168.0,4100.18,4103.7593,3.579277343749709,0.08729561491811844
2025-10-23,Tulsa,Richmond,Reefer,1209.1,2780.68,2683.1277,97.55231445312484,3.5082179342148265
2025-10-23,Richmond,Atlanta,Dry Van,677.2,1518.72,1410.0481,108.67190429687503,7.155493066323945
2025-10-23,Cincinnati,Corpus Christi,Reefer,948.2,2200.86,2424.68,223.81993164062487,10.169657844689114
2025-10-23,Cincinnati,San Antonio,Dry Van,1038.4,2308.44,2240.7554,67.68462890625005,2.9320506015426027
2025-10-23,San Antonio,Tulsa,Flatbed,410.9,1109.65,1101.7494,7.900610351562591,0.7119912000687235
2025-10-23,San Francisco,Syracuse,Dry Van,2845.4,5354.03,5393.7866,39.756621093750255,0.7425550677480376
2025-10-23,Grand Rapids,Indianapolis,Dry Van,439.1,972.57,948.2058,24.36418945312505,2.5051347926755967
2025-10-23,Tampa,Montgomery,Dry Van,277.5,722.84,756.0269,33.18691650390622,4.591184287519536
2025-10-23,Syracuse,Raleigh,Flatbed,616.7,572.98,1343.0671,770.087138671875,134.4003523110536
2025-10-23,Atlanta,Indianapolis,Flatbed,348.2,921.11,926.099,4.988999023437486,0.54162901536597
2025-10-23,Nashville,Fresno,Dry Van,2100.1,4135.5,3894.897,240.60302734375,5.817991230655302
2025-10-23,Reno,Boston,Dry Van,2980.2,5618.27,5472.0464,146.22361328125044,2.602644822716787
2025-10-23,Little Rock,Memphis,Dry Van,230.8,612.01,583.2121,28.79790283203124,4.705462791789553
2025-10-23,Fort Wayne,Richmond,Flatbed,599.8,1371.1,1321.5682,49.53176269531241,3.612556538203808
2025-10-23,New Orleans,San Antonio,Dry Van,509.1,1230.04,1201.1438,28.896201171874964,2.3492082511036196
2025-10-23,New York,Greensboro,Flatbed,661.5,1563.23,1400.5248,162.70521972656252,10.408271318140166
2025-10-23,Toledo,San Francisco,Dry Van,2436.5,4268.73,4035.0947,233.63527343749956,5.4731799255867575
2025-10-23,Detroit,Jacksonville,Reefer,955.2,2114.63,2143.6855,29.05554687499989,1.374025095406756
2025-10-23,Buffalo,Hartford,Dry Van,447.5,990.67,976.85156,13.818437499999959,1.394857773022294
2025-10-23,Kansas City,Atlanta,Dry Van,479.3,4635.85,1114.1276,3521.722436523438,75.96713518607025
2025-10-23,Oklahoma City,Green Bay,Dry Van,1190.0,2393.29,2303.7078,89.58223632812496,3.743058147074737
2025-10-23,Dayton,Fresno,Flatbed,2310.6,4605.7,4427.7393,177.96074218749982,3.8639238810061407
2025-10-23,Harrisburg,Tucson,Reefer,2415.1,4970.7,4861.4463,109.25371093749982,2.1979542305409665
2025-10-23,Providence,Harrisburg,Dry Van,586.3,1245.2,1175.39,69.80998535156255,5.606327124282248
2025-10-23,Buffalo,Las Vegas,Flatbed,2367.8,4815.53,4784.3765,31.153535156249745,0.6469388656336841
2025-10-23,Savannah,New York,Dry Van,790.3,1624.97,1606.299,18.671049804687527,1.1490088927603295
2025-10-23,Fresno,Richmond,Dry Van,2799.4,5035.02,5082.3643,47.34425781249956,0.9402992999531194
2025-10-23,Shreveport,Toledo,Dry Van,940.3,1853.8,1882.0552,28.255175781250045,1.5241760589734623
2025-10-23,Reno,Chattanooga,Dry Van,2003.5,3895.0,3853.888,41.112060546875,1.0555086148106545
2025-10-23,Lexington,San Francisco,Flatbed,2451.1,5150.17,5046.472,103.69783203125007,2.0134836720195657
2025-10-23,Grand Rapids,Buffalo,Flatbed,500.4,1112.23,1132.4939,20.263896484374982,1.8219160141674815
2025-10-23,Philadelphia,Richmond,Dry Van,275.2,654.13,626.7228,27.407221679687495,4.1898738293133615
2025-10-23,Lexington,Chattanooga,Dry Van,219.1,583.45,568.4732,14.976794433593795,2.566937086912982
2025-10-23,Charleston,Fort Wayne,Reefer,695.5,1596.84,1563.0775,33.76248535156242,2.1143311384711314
2025-10-23,Baton Rouge,Los Angeles,Reefer,1681.0,3731.56,3541.0688,190.49115234374995,5.1048663921724415
2025-10-23,Nashville,Montgomery,Dry Van,364.3,863.63,881.63336,18.003361816406255,2.0846151495902476
2025-10-23,Atlanta,Bakersfield,Dry Van,2049.1,3944.99,3760.968,184.02198242187478,4.664700859111805
2025-10-23,Montgomery,Hartford,Dry Van,1113.4,2142.57,2185.868,43.297919921874836,2.0208403889662807
2025-10-23,Dayton,Greensboro,Dry Van,383.7,924.83,884.62915,40.20084960937504,4.346836673699495
2025-10-23,Charleston,Baton Rouge,Reefer,929.1,2187.86,2143.9944,43.86561523437513,2.004955309497643
2025-10-23,Fresno,Greensboro,Dry Van,2433.2,4645.48,4499.031,146.44923828124956,3.1525103602049644
2025-10-23,Toledo,Raleigh,Dry Van,687.4,1480.07,1367.5089,112.56108886718744,7.60511927592529
2025-10-23,Mobile,Raleigh,Dry Van,785.0,1706.94,1677.9916,28.948422851562555,1.6959250384643016
2025-10-23,Baltimore,San Antonio,Dry Van,1876.2,3748.08,3834.7893,86.70930664062507,2.3134326546024915
2025-10-23,Charleston,Shreveport,Dry Van,866.3,1852.24,1598.8696,253.37037109375,13.679132892808168
2025-10-23,Amarillo,Atlanta,Dry Van,1235.4,2619.79,2530.493,89.29708007812496,3.408558704252057
2025-10-23,Louisville,Fort Wayne,Reefer,374.3,939.94,903.179,36.760983886718805,3.9109926044980323
2025-10-23,Shreveport,Montgomery,Dry Van,434.4,1062.75,1078.7369,15.9869384765625,1.504299080363444
2025-10-23,Baton Rouge,Tampa,Dry Van,465.8,1153.14,1149.6403,3.4997412109376,0.3034966448946008
2025-10-23,Philadelphia,Oklahoma City,Flatbed,1771.3,3789.36,3705.015,84.34510742187513,2.2258404432905587
2025-10-23,Montgomery,Mobile,Reefer,185.8,596.86,588.3135,8.546523437500014,1.4319142575310817
2025-10-23,Oklahoma City,Harrisburg,Dry Van,1490.2,3084.04,2936.666,147.37398437499996,4.778601586717421
2025-10-23,Shreveport,Tampa,Dry Van,508.3,1255.82,1153.5853,102.23467285156244,8.140869937695088
2025-10-23,Houston,Amarillo,Flatbed,693.2,1761.27,1679.7698,81.50022460937498,4.627355522400029
2025-10-23,Cincinnati,Oklahoma City,Reefer,916.9,2288.92,2167.6382,121.28181640625007,5.298648113793845
2025-10-23,Corpus Christi,Greensboro,Dry Van,1066.2,2211.88,2232.665,20.78503906249989,0.9397001221811261
2025-10-24,Shreveport,Tucson,Dry Van,1451.4,3003.33,2925.4963,77.83366210937493,2.5915787512319635
2025-10-24,Houston,Hartford,Flatbed,1612.3,3553.74,3335.5508,218.18921874999978,6.1397068651617674
2025-10-24,El Paso,Corpus Christi,Dry Van,1054.4,2133.6,2148.1409,14.540869140625091,0.6815180512103999
2025-10-24,Amarillo,Reno,Dry Van,1087.7,2137.08,2166.2117,29.131669921875073,1.363152990148945
2025-10-24,Chattanooga,Milwaukee,Dry Van,376.5,882.15,897.77356,15.623559570312523,1.7710774324448817
2025-10-24,Shreveport,Tulsa,Dry Van,207.0,568.79,562.6081,6.181906738281214,1.0868522193219314
2025-10-24,Bakersfield,Syracuse,Flatbed,2586.1,5267.14,4724.6846,542.4554296875003,10.298861045795258
2025-10-24,Tucson,New York,Flatbed,2632.8,5090.24,5061.7783,28.46167968749978,0.5591421954072849
2025-10-24,Chattanooga,Montgomery,Dry Van,345.9,842.01,839.16815,2.841848144531241,0.3375076477157327
2025-10-24,Houston,Montgomery,Dry Van,615.8,1398.76,1340.6038,58.15624023437499,4.157699693612557
2025-10-24,Hartford,Atlanta,Dry Van,1001.8,537.57,2069.0347,1531.4646679687498,284.88655765179413
2025-10-24,Hartford,Corpus Christi,Dry Van,1832.4,3574.44,3524.3167,50.123349609375055,1.4022713938232299
2025-10-24,Lexington,Philadelphia,Reefer,818.5,1894.78,1948.9846,54.20461914062503,2.8607341823655004
2025-10-24,Cincinnati,Savannah,Dry Van,435.1,1015.18,1027.4187,12.23870117187505,1.205569571098234
2025-10-24,Amarillo,Shreveport,Reefer,836.0,2059.56,1945.8917,113.66827636718745,5.519056321116523
2025-10-24,Tulsa,Little Rock,Dry Van,201.7,526.96,530.57666,3.6166601562499636,0.6863253674377492
2025-10-24,Providence,Charleston,Reefer,726.1,1841.3,1730.9167,110.38325195312495,5.9948542851857365
2025-10-24,Baton Rouge,Jacksonville,Dry Van,572.4,1316.74,1260.5311,56.20887207031251,4.268790503084322
2025-10-24,Toledo,Charleston,Reefer,721.5,1620.85,1537.5686,83.28139648437491,5.138131010542303
2025-10-24,Cincinnati,Baton Rouge,Reefer,654.4,1602.69,1542.4125,60.277524414062555,3.761022057544663
2025-10-24,Charleston,Toledo,Dry Van,725.4,1542.94,1479.2635,63.676450195312555,4.126955694668137
2025-10-24,El Paso,Bakersfield,Dry Van,444.8,1030.9,1029.0236,1.876440429687591,0.18201963620987396
2025-10-24,Baton Rouge,Mobile,Dry Van,334.9,848.27,833.77075,14.499248046874982,1.7092727606628764
2025-10-24,Raleigh,St. Louis,Reefer,859.7,1942.11,1888.6808,53.4292138671874,2.751091023020704
2025-10-24,Baton Rouge,Tampa,Dry Van,449.4,1080.16,1054.6024,25.557583007812582,2.3660923388954025
2025-10-24,Cincinnati,Atlanta,Dry Van,201.1,539.01,534.383,4.627004394531241,0.8584264474743031
2025-10-24,Green Bay,Greensboro,Dry Van,732.2,1612.83,1517.4258,95.40421874999993,5.915330118487375
2025-10-24,Reno,Las Vegas,Dry Van,580.7,1313.54,1282.6527,30.887290039062464,2.351454088879095
2025-10-24,Savannah,San Antonio,Dry Van,1148.2,2270.13,2280.4062,10.27624999999989,0.45267231392034335
2025-10-24,Philadelphia,San Francisco,Dry Van,3071.2,5919.08,5653.5557,265.5243359374999,4.485905511287227
2025-10-24,Greensboro,Kansas City,Flatbed,611.9,1522.89,1415.8093,107.0806738281251,7.031412237792953
2025-10-24,Milwaukee,San Francisco,Dry Van,2097.2,4063.42,3944.687,118.73298828125007,2.921996453264739
2025-10-24,Tulsa,Greensboro,Reefer,811.1,2003.53,1910.5884,92.94162109374997,4.6388934078226916
2025-10-24,Green Bay,Houston,Dry Van,1204.1,2485.6,2516.9314,31.33139648437509,1.2605164340350454
2025-10-24,Reno,Hartford,Dry Van,2800.4,4817.06,4776.3286,40.7313867187504,0.8455652767196256
2025-10-24,Fresno,Syracuse,Reefer,2776.7,5560.64,5413.2847,147.35533203125033,2.6499707233564895
2025-10-24,El Paso,Las Vegas,Dry Van,341.2,786.95,778.5153,8.434680175781295,1.0718190705611914
2025-10-24,Mobile,Memphis,Dry Van,334.7,831.97,983.6848,151.71481445312497,18.235611194288854
2025-10-24,Amarillo,Madison,Dry Van,1158.2,2488.38,2393.0166,95.36339843750011,3.832348694230789
2025-10-24,Cincinnati,El Paso,Reefer,1579.0,3544.56,3319.742,224.81805664062495,6.34262240279823
2025-10-24,Los Angeles,Albuquerque,Dry Van,744.7,1578.16,1582.3523,4.192294921874918,0.26564447976598815
2025-10-24,Hartford,Phoenix,Reefer,2946.0,6105.86,5563.8413,542.0186914062497,8.877024553564112
2025-10-24,Richmond,El Paso,Dry Van,2235.7,4422.7,4253.238,169.46220703124982,3.8316459861905585
2025-10-24,Hartford,Fort Wayne,Reefer,820.2,2020.54,1903.3783,117.16170410156246,5.798534258245938
2025-10-24,Fresno,Charleston,Reefer,2713.3,5842.97,5620.3755,222.59451171875025,3.8096124354352368
2025-10-24,Fresno,Oklahoma City,Dry Van,1455.9,2829.31,2827.4658,1.8441796874999454,0.06518125223110742
2025-10-24,Providence,Oklahoma City,Dry Van,1994.1,4112.14,3885.5417,226.59825195312533,5.510470264950253
2025-10-24,Tampa,Albuquerque,Dry Van,1650.7,3326.87,3242.384,84.48596679687489,2.5395031004179573
2025-10-24,Syracuse,Mobile,Flatbed,1143.1,2364.43,2311.8027,52.627265624999836,2.2257908089898977
2025-10-24,Lexington,Cincinnati,Reefer,132.4,410.84,425.07626,14.2362634277344,3.465160020381268
2025-10-24,Detroit,Cincinnati,Dry Van,567.9,1273.33,1195.1873,78.14274414062493,6.136880788218681
2025-10-24,Fort Wayne,Baton Rouge,Reefer,1019.9,2496.4,2320.6155,175.7845214843751,7.041520649109721
2025-10-24,Philadelphia,Indianapolis,Dry Van,977.6,1930.19,1938.2775,8.087465820312445,0.4189984312587074
2025-10-24,Lubbock,Phoenix,Dry Van,1166.0,2322.58,2334.8079,12.227861328125073,0.5264775089824709
2025-10-24,Los Angeles,San Antonio,Reefer,1295.4,2919.45,2910.8596,8.590380859374818,0.29424654847230874
2025-10-24,Atlanta,Dayton,Reefer,405.6,1032.25,987.93665,44.3133544921875,4.292889754631872
2025-10-24,Memphis,Kansas City,Dry Van,331.8,781.04,675.99536,105.04463867187496,13.449328929616279
2025-10-24,Baltimore,Raleigh,Dry Van,387.9,856.78,809.099,47.68100097656247,5.565139356259772
2025-10-24,Hartford,Atlanta,Flatbed,976.0,2152.48,2149.7637,2.716328125000018,0.126195278237197
2025-10-24,Hartford,Harrisburg,Reefer,371.7,914.61,855.79535,58.814650878906264,6.430571596517233
2025-10-24,El Paso,Grand Rapids,Dry Van,1717.1,3218.52,3146.4924,72.02756835937498,2.237909609366261
2025-10-24,Buffalo,Baltimore,Dry Van,481.2,1056.33,1049.8079,6.522138671874927,0.6174338201011925
2025-10-24,Toledo,Fort Wayne,Dry Van,94.1,247.16,265.28967,18.129672851562503,7.335196978298472
2025-10-24,Oklahoma City,Amarillo,Reefer,445.6,1241.29,1214.4823,26.807700195312464,2.1596645582670018
2025-10-24,Washington,Lubbock,Dry Van,1666.9,3273.81,3763.3867,489.57671875000005,14.954341233914004
2025-10-24,Montgomery,Philadelphia,Dry Van,1057.7,2064.72,2054.6863,10.0337207031248,0.4859603579722578
2025-10-24,Montgomery,Indianapolis,Dry Van,623.0,1351.0,1354.0668,3.0667724609375,0.22700018215673573
2025-10-24,Albuquerque,New Orleans,Dry Van,1169.9,2366.54,2399.6262,33.086220703125036,1.3980841525233056
2025-10-24,Lexington,Tulsa,Dry Van,721.5,1549.05,1449.5076,99.54243164062495,6.426030898978404
2025-10-24,Baton Rouge,Dayton,Dry Van,901.2,1963.48,1869.5049,93.97511718750002,4.786150976200421
2025-10-24,Shreveport,Green Bay,Reefer,981.1,2183.37,2208.4568,25.08678710937511,1.1489938539677247
2025-10-24,Montgomery,Fresno,Dry Van,2328.4,4612.68,4326.6206,286.0593945312503,6.201587678556724
2025-10-24,Kansas City,Grand Rapids,Reefer,446.8,1146.4,1125.7987,20.60129394531259,1.797042388809542
2025-10-24,New York,Bakersfield,Dry Van,2873.6,5041.36,4834.482,206.87806640624967,4.1036162147962
2025-10-24,Richmond,Tucson,Dry Van,2481.8,4460.36,4487.6636,27.303574218750327,0.6121383524816456
2025-10-24,Fort Wayne,Shreveport,Flatbed,875.0,2027.34,1823.3009,204.03909667968742,10.064374830057487
2025-10-24,Grand Rapids,Milwaukee,Reefer,347.0,906.44,880.8681,25.571896972656305,2.821135096934855
2025-10-24,Savannah,Phoenix,Reefer,2333.7,5016.76,4975.9917,40.76830078125022,0.8126420395085716
2025-10-24,Atlanta,Tucson,Reefer,1801.3,3947.41,3936.466,10.943935546874854,0.27724344688985575
2025-10-24,Indianapolis,Milwaukee,Reefer,105.2,347.45,311.29358,36.15642089843749,10.406222736634763
2025-10-24,Kansas City,Montgomery,Dry Van,722.9,1544.49,1453.4762,91.01380371093751,5.892806279803528
2025-10-24,Oklahoma City,Bakersfield,Reefer,1295.1,2957.02,2740.371,216.64890624999998,7.326595905675308
2025-10-24,Fort Wayne,Boston,Dry Van,1021.1,2004.06,1964.4491,39.610903320312445,1.9765328044226445
2025-10-24,Las Vegas,Hartford,Dry Van,2770.4,5197.41,5186.749,10.660976562499854,0.2051209460577452
2025-10-24,Raleigh,New York,Dry Van,484.7,1037.31,988.6749,48.635073242187445,4.688576533744729
2025-10-24,Richmond,Bakersfield,Dry Van,2573.2,4484.15,4521.3677,37.217675781250364,0.8299828458292067
2025-10-24,San Antonio,Lexington,Dry Van,1093.0,2182.45,2184.7837,2.333691406250182,0.10692989100552966
2025-10-24,Corpus Christi,Chattanooga,Flatbed,810.9,1961.82,2074.823,113.00299804687506,5.760110410072029
2025-10-24,Oklahoma City,St. Louis,Dry Van,792.9,1764.57,1687.0,77.56999999999994,4.3959718231637135
2025-10-24,Bakersfield,Dayton,Dry Van,2091.6,3778.16,3715.4805,62.679531249999854,1.6589962111186358
2025-10-24,Atlanta,Phoenix,Reefer,2048.7,4545.43,4358.267,187.1629101562503,4.117606258511302
2025-10-24,Baton Rouge,Syracuse,Dry Van,1429.4,2828.93,2843.808,14.878105468750164,0.5259269571445799
2025-10-24,San Antonio,Greensboro,Dry Van,1186.7,2500.76,2412.0027,88.75731445312522,3.5492136171853836
2025-10-24,Fresno,Baton Rouge,Dry Van,1831.3,3571.42,3536.0696,35.35041992187507,0.9898141333664221
2025-10-24,Indianapolis,Columbia,Flatbed,472.6,1177.33,1192.555,15.225053710937573,1.2931848938647257
2025-10-24,Montgomery,Toledo,Flatbed,874.8,2040.47,1997.837,42.63296386718753,2.089369795546493
2025-10-24,Oklahoma City,Madison,Dry Van,973.0,2075.72,1973.2823,102.4376513671873,4.935041882681061
2025-10-24,Harrisburg,San Antonio,Reefer,1554.5,3351.21,3283.9695,67.24051757812504,2.006454909663227
2025-10-24,Oklahoma City,Baltimore,Dry Van,1746.4,3446.99,3943.0955,496.1054589843752,14.392425245921087
2025-10-24,Los Angeles,Fresno,Dry Van,444.2,1019.9,1002.9044,16.995581054687477,1.66639680897024
2025-10-24,Greensboro,Atlanta,Flatbed,271.9,691.24,634.58417,56.65583251953126,8.196260708224532
2025-10-24,Indianapolis,Lexington,Dry Van,293.7,721.17,713.79767,7.372331542968709,1.0222737416931804
2025-10-24,Bakersfield,Dayton,Flatbed,2060.1,4280.56,4210.77,69.7899804687504,1.630393697758013
2025-10-24,Phoenix,Lexington,Dry Van,2184.0,4269.87,4151.3096,118.56042968749989,2.776675394976894
2025-10-24,Fresno,Los Angeles,Reefer,428.0,1132.72,1018.9577,113.76229736328128,10.04328495685441
2025-10-24,Hartford,Madison,Reefer,1127.2,2543.19,2442.5461,100.64385742187505,3.9573864879098712
2025-10-24,Reno,Raleigh,Dry Van,2709.4,5106.94,4999.37,107.5698828124996,2.1063471043814808
2025-10-24,Shreveport,Oklahoma City,Flatbed,440.5,1206.29,1183.6953,22.594687499999964,1.8730726027737912
2025-10-24,San Francisco,Fresno,Dry Van,238.1,611.2,668.70984,57.509838867187455,9.409332275390616
2025-10-24,Columbia,Baton Rouge,Flatbed,751.4,1821.59,1786.9991,34.59085449218742,1.8989374388412004
2025-10-24,Greensboro,Buffalo,Reefer,547.1,1352.69,1288.4642,64.22576660156255,4.748003356390789
2025-10-24,Kansas City,Corpus Christi,Dry Van,918.9,1817.19,1823.3236,6.133608398437445,0.3375325859396896
2025-10-24,Lubbock,Los Angeles,Dry Van,1189.4,2391.6,2358.6482,32.95180664062491,1.3778142933862232
2025-10-24,Baltimore,Columbia,Dry Van,747.3,1508.97,1460.2937,48.67629882812503,3.2257963265091436
2025-10-24,Raleigh,Houston,Reefer,1230.5,2706.87,2596.2522,110.61780273437489,4.086557637949916
2025-10-24,Baltimore,Jacksonville,Dry Van,930.8,1930.36,1900.8256,29.5344384765624,1.5299963984211442
2025-10-24,Greensboro,Jacksonville,Dry Van,366.9,877.06,871.0413,6.018679199218695,0.6862334617037256
2025-10-24,Bakersfield,Amarillo,Dry Van,863.1,1760.68,1736.8448,23.835151367187564,1.353746925459911
2025-10-24,Corpus Christi,Nashville,Dry Van,767.1,1657.13,1553.154,103.97594726562511,6.274459292006367
2025-10-24,Baton Rouge,Reno,Dry Van,1829.7,3536.49,3463.4316,73.05835937499978,2.0658437992189937
2025-10-24,Richmond,Memphis,Dry Van,848.8,1843.39,1748.0464,95.3436132812501,5.172188917225877
2025-10-24,Houston,Raleigh,Reefer,1176.1,2850.6,2720.8958,129.7042480468749,4.550068338134951
2025-10-24,Atlanta,Syracuse,Dry Van,914.2,1834.67,1786.6471,48.02290527343757,2.61752278466632
2025-10-24,Memphis,Albany,Dry Van,1340.7,2720.09,2510.206,209.88394531250015,7.716066207827687
2025-10-24,Detroit,Tucson,Flatbed,2109.7,4049.7,3975.4778,74.22221679687482,1.8327830900282691
2025-10-25,Salt Lake City,Lubbock,Flatbed,992.6,2168.46,2140.1123,28.347695312500036,1.3072731483402984
2025-10-25,Greensboro,Birmingham,Dry Van,335.1,824.89,786.6051,38.284897460937486,4.641212459956781
2025-10-25,Fresno,Kansas City,Dry Van,1935.0,3542.49,3618.8647,76.37474609375022,2.155962221311852
2025-10-25,Syracuse,Mobile,Flatbed,1164.2,2423.51,2472.5044,48.99439453124978,2.02162955924464
2025-10-25,Amarillo,Oklahoma City,Dry Van,421.8,1054.99,1069.4867,14.496694335937491,1.3741072745653977
2025-10-25,Little Rock,Tampa,Flatbed,588.4,1499.88,1463.3378,36.54223144531261,2.4363436705144816
2025-10-25,Syracuse,Louisville,Dry Van,817.9,1700.4,1690.8842,9.515844726562591,0.5596238959399312
2025-10-25,Nashville,Atlanta,Dry Van,140.3,394.21,381.9181,12.29190917968748,3.1181119656242813
2025-10-25,Toledo,Columbia,Dry Van,628.7,1338.77,1296.0579,42.71213867187498,3.1904015381189437
2025-10-25,Baton Rouge,Dallas,Dry Van,180.4,519.46,584.6097,65.14968017578121,12.541808835286878
2025-10-25,Toledo,Dayton,Flatbed,196.8,506.74,562.68335,55.94334960937499,11.039852707379522
2025-10-25,Richmond,Los Angeles,Dry Van,2817.6,5194.25,5221.6064,27.3564453125,0.526667859893151
2025-10-25,Louisville,Tucson,Dry Van,1752.8,3421.33,3374.8486,46.48136718749993,1.3585759686291567
2025-10-25,Detroit,Montgomery,Reefer,1042.0,2192.85,2263.6,70.75009765625009,3.226399327644394
2025-10-25,Boston,Tampa,Dry Van,1476.1,2772.67,2670.73,101.94001953125007,3.6766012374804813
2025-10-25,Tulsa,Oklahoma City,Flatbed,298.7,858.95,941.5095,82.55952148437495,9.611679548795035
2025-10-25,Baton Rouge,Phoenix,Flatbed,1651.4,3442.24,3034.0217,408.2182714843748,11.859088020718335
2025-10-25,Phoenix,Dayton,Dry Van,2176.1,4007.86,3973.1653,34.69471679687513,0.8656668844938478
2025-10-25,Montgomery,Tucson,Dry Van,1861.0,3533.47,3658.2703,124.8002636718752,3.5319463210915956
2025-10-25,Baltimore,Las Vegas,Dry Van,2803.2,5124.21,5059.7124,64.49759765625004,1.2586837318581798
2025-10-25,Phoenix,Montgomery,Dry Van,2175.5,4082.26,3902.67,179.59007812500022,4.399280744612058
2025-10-25,Hartford,Baltimore,Dry Van,135.0,361.46,348.52615,12.933846435546855,3.578223437046106
2025-10-25,Charleston,Shreveport,Dry Van,864.4,1753.15,1576.6562,176.4937500000001,10.067236117845027
2025-10-25,Bakersfield,Salt Lake City,Flatbed,274.4,193.34,695.6052,502.26522460937497,259.78339950831435
2025-10-25,Cincinnati,Baton Rouge,Dry Van,664.1,1519.81,1425.0897,94.72027832031245,6.232376304953411
2025-10-25,Baton Rouge,Buffalo,Dry Van,1259.0,2580.8,2122.2349,458.5651367187502,17.768332947874697
2025-10-25,Green Bay,Los Angeles,Dry Van,2206.8,4092.76,3983.3318,109.42821289062522,2.673702168967279
2025-10-25,Lubbock,Atlanta,Dry Van,997.6,2131.5,2068.8245,62.675537109375,2.9404427449859254
2025-10-25,Los Angeles,Lexington,Dry Van,2233.8,3939.01,4000.086,61.07593749999978,1.5505403007354583
2025-10-25,Kansas City,Lubbock,Reefer,962.3,2286.05,2151.159,134.89106445312518,5.900617416641158
2025-10-25,Providence,Raleigh,Dry Van,566.4,1223.1,1137.4323,85.66774902343741,7.004149212937406
2025-10-25,Philadelphia,Nashville,Dry Van,1054.3,2033.55,2015.9036,17.646435546874955,0.8677650191475477
2025-10-25,Savannah,New York,Dry Van,762.6,1547.7,1494.4253,53.274707031250045,3.442185632309236
2025-10-25,Providence,Tampa,Flatbed,1334.9,2775.97,2734.6438,41.3262011718748,1.4887120960195823
2025-10-25,Hartford,Nashville,Flatbed,1090.4,2267.05,2306.8562,39.80620117187482,1.7558589873127992
2025-10-25,Green Bay,Providence,Dry Van,1239.7,2285.95,2356.564,70.61396484375018,3.0890424044161153
2025-10-25,New Orleans,Fort Wayne,Flatbed,832.9,1934.56,1827.9032,106.65680175781245,5.513233074074335
2025-10-25,Buffalo,Hartford,Dry Van,437.4,960.9,967.6359,6.735925292968773,0.7010016955946272
2025-10-25,Shreveport,Albany,Reefer,1603.0,3321.85,3318.8047,3.045312499999909,0.09167519605039087
2025-10-25,Richmond,Little Rock,Dry Van,1041.5,2138.88,2025.3419,113.53808105468761,5.308295979890765
2025-10-25,Columbia,Providence,Reefer,950.2,2064.59,2069.4858,4.8958398437498545,0.2371337574893734
2025-10-25,Los Angeles,Harrisburg,Flatbed,2677.0,5088.39,4942.844,145.54576171875033,2.8603499676469437
2025-10-25,Grand Rapids,Buffalo,Reefer,490.7,1120.58,1123.4648,2.8848437500000728,0.2574420166342495
2025-10-25,Mobile,Phoenix,Dry Van,1906.2,3792.49,3851.9988,59.50877929687522,1.5691215875816475
2025-10-25,San Antonio,Tucson,Dry Van,1071.4,2333.64,2319.7744,13.865585937499873,0.5941613075495737
2025-10-25,New York,Detroit,Reefer,701.2,1505.32,1501.4147,3.9053271484374363,0.25943501371385724
2025-10-25,Corpus Christi,Green Bay,Flatbed,1390.1,2956.38,2883.0776,73.30236328125011,2.479463508792852
2025-10-25,Tampa,San Antonio,Dry Van,802.6,1714.9,1700.038,14.862036132812591,0.8666415611879754
2025-10-25,Tucson,Dayton,Flatbed,1980.9,4096.18,4014.2942,81.88581054687529,1.9990774464714756
2025-10-25,St. Louis,Corpus Christi,Dry Van,905.0,1983.74,1593.5126,390.2274267578125,19.671298998750466
2025-10-25,Madison,Albuquerque,Flatbed,1371.7,3072.03,2987.9087,84.1213085937502,2.7382971062701276
2025-10-25,Grand Rapids,Green Bay,Reefer,116.1,353.74,301.35727,52.382730712890634,14.808257678772724
2025-10-25,Fresno,Atlanta,Dry Van,2179.5,4059.09,4332.572,273.48177734374985,6.737514500633143
2025-10-25,Atlanta,Jacksonville,Dry Van,265.5,680.55,738.8135,58.263476562500045,8.561233790684012
2025-10-25,Mobile,Little Rock,Dry Van,333.4,887.53,845.43353,42.09646728515622,4.743103589192053
2025-10-25,Shreveport,Houston,Reefer,232.3,714.42,788.7024,74.28239257812504,10.397580215856925
2025-10-25,Madison,Shreveport,Dry Van,776.1,1673.57,1614.4113,59.158745117187436,3.5348832207309786
2025-10-25,Baton Rouge,Tulsa,Dry Van,303.0,751.87,753.2769,1.4069165039062455,0.1871223088973154
2025-10-25,Shreveport,Columbia,Dry Van,652.4,1492.31,1411.546,80.76397949218745,5.412010875232856
2025-10-25,Atlanta,Charleston,Dry Van,466.5,1059.77,1013.6334,46.13657714843748,4.353451895075109
2025-10-25,Boston,Raleigh,Dry Van,626.3,1370.51,1292.0452,78.46483398437499,5.7252288552710295
2025-10-25,Atlanta,San Antonio,Reefer,949.5,2252.81,1788.7726,464.03741699218745,20.59816038601513
2025-10-25,Mobile,New York,Dry Van,1148.7,2196.46,2213.7878,17.327841796874964,0.7888985821219127
2025-10-25,Phoenix,Albany,Reefer,3117.1,6393.87,6471.2,77.33019531250011,1.2094427211141314
2025-10-25,Richmond,Fort Wayne,Dry Van,612.6,1279.85,1271.3279,8.522119140624909,0.665868589336634
2025-10-25,Albuquerque,Greensboro,Dry Van,1738.1,3198.68,3144.491,54.189033203124836,1.6941061063665275
2025-10-25,Albany,Mobile,Dry Van,1509.1,2844.94,2755.9763,88.96368164062505,3.1270846359018134
2025-10-25,Mobile,Baltimore,Reefer,1152.9,2515.87,2380.2915,135.5784960937499,5.388930910331213
2025-10-25,Hartford,Kansas City,Reefer,1179.4,2616.17,2630.8857,14.715742187499927,0.5624918177144423
2025-10-25,Madison,Baton Rouge,Reefer,947.3,2227.13,2134.0115,93.11852539062511,4.1810996839261785
2025-10-25,Harrisburg,Fresno,Flatbed,2786.4,5362.45,5268.937,93.51298828124982,1.743848208957656
2025-10-25,Philadelphia,Greensboro,Dry Van,689.3,1397.89,1379.062,18.8279882812501,1.3468862558033965
2025-10-25,Greensboro,Raleigh,Flatbed,356.6,876.75,932.61584,55.8658447265625,6.371924120508981
2025-10-25,Buffalo,Baton Rouge,Reefer,1282.4,2865.13,2804.2517,60.87829101562511,2.124800306290643
2025-10-25,Columbia,Albuquerque,Dry Van,1747.6,3264.18,3161.9226,102.25739257812484,3.132713042115473
2025-10-25,Greensboro,Tucson,Dry Van,2118.9,3843.33,3783.5735,59.75651367187493,1.5548108976297879
2025-10-25,Mobile,Raleigh,Flatbed,807.3,1834.44,1888.6259,54.185854492187445,2.9538090366644556
2025-10-25,Oklahoma City,Mobile,Dry Van,741.1,1668.77,1078.0925,590.677470703125,35.39597851729867
2025-10-25,Albuquerque,San Antonio,Dry Van,916.0,1873.64,1886.3557,12.7157128906249,0.6786636115062071
2025-10-25,Fort Wayne,Hartford,Reefer,855.9,1896.67,1844.4937,52.17634765625007,2.7509449538533364
2025-10-25,New Orleans,Hartford,Dry Van,1427.0,2854.8,2882.6775,27.877490234374818,0.9765128987801183
2025-10-25,Oklahoma City,Lexington,Reefer,984.2,2317.04,2327.3406,10.300576171875036,0.4445575463468493
2025-10-25,Little Rock,Madison,Dry Van,623.2,1347.61,1246.6235,100.9864648437499,7.493745582457084
2025-10-25,Green Bay,Shreveport,Dry Van,976.5,2020.36,2097.5923,77.2322851562501,3.8226991801584917
2025-10-25,El Paso,Albany,Reefer,2618.5,5504.73,5299.421,205.30910156249956,3.7296852263871174
2025-10-25,Nashville,Mobile,Dry Van,294.5,729.69,749.52203,19.832033691406195,2.717871108471569
2025-10-25,Chattanooga,Nashville,Reefer,85.5,287.65,273.70346,13.946539306640602,4.848440572445891
2025-10-25,San Francisco,Green Bay,Reefer,2242.7,1955.15,4337.41,2382.26015625,121.84539069892335
2025-10-25,Louisville,Lubbock,Dry Van,1045.6,2232.83,2190.3743,42.45573242187493,1.901431475834476
2025-10-25,Tampa,Reno,Reefer,2308.4,4704.57,4261.5874,442.9825976562497,9.416006088893347
2025-10-25,Greensboro,Nashville,Dry Van,373.0,882.19,868.25146,13.938535156250055,1.5799924229757825
2025-10-25,Albany,Boston,Dry Van,418.2,927.8,899.9645,27.835522460937455,3.000164093655686
2025-10-25,Harrisburg,Albany,Dry Van,572.2,1228.72,1172.3463,56.37368652343753,4.588001051780513
2025-10-25,Fort Wayne,Amarillo,Reefer,1379.7,2975.48,2922.7764,52.70363281250002,1.7712648988566555
2025-10-25,Fresno,San Antonio,Dry Van,1496.1,3145.82,2960.4915,185.32854492187516,5.8912634836664255
2025-10-25,Syracuse,Memphis,Dry Van,1008.6,2111.77,2025.4067,86.36326171874998,4.089614954220866
2025-10-25,Houston,Little Rock,Reefer,364.9,999.58,989.6773,9.902692871093791,0.9906853749668652
2025-10-25,Richmond,Tucson,Dry Van,2396.6,4468.02,4541.333,73.31300781249956,1.640838846121986
2025-10-25,Toledo,Oklahoma City,Reefer,1226.0,2834.71,2861.6382,26.928183593749964,0.9499449183073388
2025-10-25,Milwaukee,Bakersfield,Flatbed,1863.3,3645.57,3667.2043,21.634345703124836,0.5934420599007791
2025-10-25,San Antonio,Milwaukee,Dry Van,1054.6,2165.8,2097.4412,68.35883789062518,3.156285801580255
2025-10-25,Lubbock,Jacksonville,Dry Van,1074.2,2232.43,2142.1816,90.24835937499984,4.042606459105094
2025-10-25,Baton Rouge,El Paso,Dry Van,1262.3,2607.9,2529.816,78.08408203125009,2.99413635611987
2025-10-25,Grand Rapids,Lexington,Dry Van,558.8,1177.69,1111.0828,66.60723632812505,5.6557529000097695
2025-10-25,Buffalo,Philadelphia,Dry Van,397.4,908.07,895.8146,12.25542480468755,1.3496123431770182
2025-10-25,Philadelphia,Atlanta,Reefer,947.8,2156.17,2184.1907,28.020673828124927,1.2995577263446263
2025-10-25,Memphis,Milwaukee,Dry Van,337.0,768.23,738.1319,30.098103027343768,3.9178505170774076
2025-10-25,Detroit,Milwaukee,Dry Van,444.1,1000.2,999.4885,0.7114746093750455,0.07113323429064641
2025-10-25,Lubbock,Nashville,Dry Van,907.2,2022.55,1918.3759,104.17414550781245,5.150633878411533
2025-10-25,Cincinnati,Memphis,Dry Van,223.4,232.16,536.29395,304.13394531250003,131.00187168870607
2025-10-25,Memphis,Charleston,Reefer,676.9,1712.44,1606.6124,105.82757324218755,6.179928829167011
2025-10-25,Houston,Amarillo,Dry Van,691.7,1638.62,1526.0963,112.52368652343739,6.866978709123373
2025-10-25,Tucson,Albany,Flatbed,2789.2,5783.94,5560.329,223.6108984374996,3.8660653194448704
2025-10-25,Bakersfield,Montgomery,Reefer,2065.3,4325.87,4166.9727,158.8973437499999,3.673188139033302
2025-10-25,Birmingham,Reno,Flatbed,2147.4,4102.43,3878.7314,223.6985546875003,5.452830509905112
2025-10-25,Shreveport,Grand Rapids,Flatbed,964.5,2084.15,2044.8489,39.30112304687509,1.8857147060852189
2025-10-25,Toledo,Providence,Dry Van,1017.3,2062.62,1972.5388,90.08118164062489,4.367318344659942
2025-10-25,Mobile,Kansas City,Flatbed,648.9,1514.16,1469.6138,44.54623046875008,2.9419764403200506
2025-10-25,Tucson,Harrisburg,Dry Van,2426.3,4488.55,4526.5806,38.03056640624982,0.8472795536698894
2025-10-25,Montgomery,Phoenix,Flatbed,2084.1,4502.22,4200.556,301.66384765625025,6.7003355601514425
2025-10-25,Dayton,Harrisburg,Reefer,493.4,1148.13,1245.7405,97.61047851562489,8.501692187785782
2025-10-25,Lubbock,New Orleans,Reefer,557.8,1550.93,1434.5273,116.40265625000006,7.505345582972802
2025-10-25,Milwaukee,Cincinnati,Dry Van,242.0,621.03,623.0287,1.9986865234375273,0.3218341341702538
2025-10-25,Harrisburg,Chattanooga,Reefer,704.1,1630.48,1731.4867,101.00669433593748,6.1949054472264296
2025-10-25,Greensboro,Lexington,Dry Van,194.9,503.56,491.2403,12.319704589843752,2.4465216835816492
2025-10-25,Corpus Christi,Hartford,Flatbed,1798.4,3910.78,3862.6882,48.0917675781252,1.229723164640435
2025-10-25,Bakersfield,Kansas City,Dry Van,1758.7,3313.8,3388.8274,75.02739257812482,2.264089340881309
2025-10-25,Atlanta,Mobile,Dry Van,301.8,705.41,676.4077,29.002285156249968,4.1114082811768995
2025-10-25,Nashville,Phoenix,Dry Van,1965.1,3831.16,3645.7668,185.39315429687485,4.839086707338636
2025-10-25,Tucson,Fort Wayne,Dry Van,1945.9,3677.44,3582.4116,95.02837890625005,2.5840905332581916
2025-10-25,Phoenix,Baton Rouge,Dry Van,1611.8,3306.69,3050.1372,256.55279296875005,7.758598264994604
2025-10-25,New York,Raleigh,Flatbed,462.7,1086.2,1055.7773,30.422656250000045,2.8008337552936884
2025-10-25,Memphis,Lexington,Dry Van,337.2,809.72,816.4663,6.746308593749973,0.8331656120325511
2025-10-25,Baton Rouge,Amarillo,Dry Van,825.7,1850.22,1825.7505,24.469511718750027,1.3225190365875423
2025-10-25,Albuquerque,Greensboro,Flatbed,1735.7,3629.01,3693.25,64.23999999999978,1.7701797459913249
2025-10-25,Buffalo,Memphis,Dry Van,850.3,1753.44,1720.1804,33.259580078125055,1.8968188291658143
2025-10-25,Amarillo,New York,Reefer,2076.0,4322.72,4160.4985,162.22146484375025,3.75276364982581
2025-10-25,Cincinnati,Austin,Reefer,1090.2,2545.72,2433.7812,111.9387499999998,4.397135191615724
2025-10-25,Grand Rapids,Savannah,Flatbed,851.3,1831.3,1770.7322,60.567822265624955,3.307367567609073
2025-10-25,Charleston,Oklahoma City,Dry Van,1296.4,2527.94,2473.6523,54.287656250000055,2.147505726006157
2025-10-25,Shreveport,El Paso,Flatbed,1241.6,2811.06,2726.26,84.79999023437495,3.0166552913980826
2025-10-25,Madison,New York,Dry Van,1013.5,2014.89,1997.8152,17.0748144531251,0.8474315944356813
2025-10-25,Shreveport,El Paso,Reefer,1218.5,2753.01,2577.8657,175.14427734375022,6.3619194025357775
2025-10-25,Philadelphia,Boston,Reefer,233.1,638.47,626.47406,11.995939941406277,1.8788572589794785
2025-10-25,Toledo,Hartford,Dry Van,778.2,1552.97,1561.7343,8.764252929687473,0.5643542972296614
2025-10-25,Kansas City,El Paso,Flatbed,1362.5,2860.54,2739.7178,120.82222656249996,4.223755883941492
2025-10-25,Little Rock,Atlanta,Dry Van,405.0,1000.42,979.9464,20.47358886718746,2.046499356988811
2025-10-25,Los Angeles,Salt Lake City,Reefer,591.9,1423.75,1454.9119,31.161865234375,2.188717487928007
2025-10-25,Birmingham,Montgomery,Flatbed,204.0,550.15,607.40515,57.25515136718752,10.407189196980374
2025-10-25,Birmingham,Tucson,Dry Van,1856.4,3613.02,3568.424,44.59592773437498,1.2343116765026205
2025-10-25,Lubbock,Hartford,Dry Van,2010.2,3992.29,3788.0913,204.19869140624996,5.114826112488069
2025-10-25,Milwaukee,Grand Rapids,Dry Van,352.5,820.69,766.72723,53.962766113281305,6.575292267882063
2025-10-25,Toledo,Washington,Dry Van,542.6,1142.57,1149.5079,6.937934570312564,0.607221839389496
2025-10-25,Oklahoma City,Mobile,Dry Van,708.9,1583.21,934.4246,648.7853784179688,40.979110693967876
2025-10-25,Jacksonville,Nashville,Dry Van,368.1,904.35,889.41956,14.930444335937523,1.6509586261887015
2025-10-25,Columbia,Montgomery,Dry Van,354.2,856.49,842.7807,13.709299316406259,1.6006374057381008
2025-10-25,Amarillo,Syracuse,Dry Van,1878.6,3438.35,3463.3918,25.04184570312509,0.728309965626684
2025-10-25,Hartford,Syracuse,Reefer,394.7,999.99,953.6168,46.37317871093751,4.637364244736198
2025-10-25,Buffalo,Salt Lake City,Reefer,2191.9,4391.4,4220.0186,171.38144531249964,3.9026607758915075
2025-10-25,Mobile,Fort Wayne,Dry Van,779.2,1713.46,1647.9006,65.55936523437504,3.826139229067211
2025-10-25,Reno,Harrisburg,Reefer,2490.5,4830.23,4909.7397,79.50974609375044,1.646086130344734
2025-10-25,Milwaukee,Phoenix,Dry Van,2047.0,3839.87,3637.2979,202.5721484374999,5.275494963045621
2025-10-25,Philadelphia,Boston,Dry Van,242.7,562.6,490.43936,72.1606384277344,12.826277715558904
2025-10-25,Hartford,Cincinnati,Dry Van,983.1,1876.18,1907.5728,31.392753906249936,1.67322719068799
2025-10-26,Harrisburg,Dayton,Dry Van,489.2,1075.78,1155.5696,79.78958007812503,7.416904950652088
2025-10-26,Fort Wayne,Grand Rapids,Flatbed,196.8,467.14,480.51923,13.379226074218764,2.8640720285607664
2025-10-26,Jacksonville,Amarillo,Dry Van,1359.3,2669.92,2594.8582,75.06184570312507,2.8113893188981347
2025-10-26,Richmond,Baton Rouge,Reefer,1188.2,2629.73,2689.345,59.61497070312498,2.2669616539768334
2025-10-26,Corpus Christi,Phoenix,Dry Van,1414.2,2729.68,3023.4294,293.74944335937516,10.76131426978163
2025-10-26,Oklahoma City,Phoenix,Reefer,1218.8,2785.11,2758.283,26.827041015625127,0.9632309321938857
2025-10-26,Grand Rapids,Hartford,Reefer,914.5,1877.18,1845.3528,31.827216796875064,1.6954802840897016
2025-10-26,Charleston,Baltimore,Dry Van,576.1,1208.17,1169.5271,38.64290039062507,3.1984654800752437
2025-10-26,Shreveport,New York,Dry Van,1320.9,2493.38,2445.7246,47.65539062500011,1.9112766856636414
2025-10-26,Atlanta,San Antonio,Flatbed,958.0,2134.04,1951.4373,182.60274414062496,8.556669234907732
2025-10-26,San Francisco,Albany,Reefer,3190.3,5961.73,5723.736,237.99416015624956,3.9920318457268205
2025-10-26,Lexington,Kansas City,Dry Van,449.8,1043.04,1006.1485,36.891501464843714,3.5369210638943582
2025-10-26,Cincinnati,Syracuse,Dry Van,785.3,1604.57,1563.0918,41.478203124999936,2.5850042768467527
2025-10-26,Shreveport,Richmond,Dry Van,1117.5,2177.93,2175.4856,2.4444042968748363,0.1122352094362462
2025-10-26,Amarillo,Dayton,Dry Van,1337.6,2723.05,2597.2915,125.75849609375018,4.618295517664023
2025-10-26,Richmond,New Orleans,Dry Van,1142.7,2322.67,2315.678,6.992021484375073,0.3010337880273596
2025-10-26,Baltimore,Philadelphia,Reefer,99.6,316.19,342.48575,26.295748291015627,8.316438942096722
2025-10-26,Columbia,Syracuse,Dry Van,782.5,1538.13,1480.4653,57.66466796875011,3.7490113299103527
2025-10-26,Boston,Columbia,Reefer,959.3,2218.04,2202.0657,15.974326171874964,0.7202000943118683
2025-10-26,Toledo,Providence,Flatbed,989.1,2165.46,2128.7527,36.707314453125036,1.6951277997804177
2025-10-26,Lexington,Fort Wayne,Dry Van,363.0,796.48,787.3656,9.114399414062518,1.144335000761164
2025-10-26,Nashville,Kansas City,Flatbed,407.8,1035.14,1029.0908,6.0491796875001,0.5843827586123712
2025-10-26,Charleston,Albuquerque,Reefer,1934.6,4339.62,4124.0913,215.5286914062499,4.966533738121077
2025-10-26,Harrisburg,Dayton,Reefer,475.5,1204.52,1210.8549,6.334858398437518,0.5259238865637365
2025-10-26,Fort Wayne,Syracuse,Dry Van,569.8,1202.43,1172.4537,29.976264648437564,2.492973782127655
2025-10-26,Las Vegas,Jacksonville,Reefer,2121.7,4601.72,4382.873,218.84695312500025,4.755764216966705
2025-10-26,Albuquerque,Memphis,Reefer,1355.5,3094.01,3391.2466,297.2365820312498,9.606839733266852
2025-10-26,St. Louis,Phoenix,Dry Van,1865.1,3508.16,3467.2332,40.926845703124854,1.1666185608160649
2025-10-26,Baton Rouge,Nashville,Dry Van,497.2,1173.87,1165.7378,8.13220703124989,0.692768963449947
2025-10-26,Mobile,Albany,Flatbed,1470.0,2992.98,3034.427,41.44700195312498,1.3848071805733744
2025-10-26,Baltimore,Albany,Reefer,489.3,1221.18,1191.7255,29.454536132812564,2.411973348139714
2025-10-26,Indianapolis,Bakersfield,Dry Van,1814.6,3365.79,3439.9216,74.13163085937504,2.2025031525845353
2025-10-26,Dallas,Austin,Dry Van,423.9,999.35,1026.4825,27.132543945312477,2.715019156983287
2025-10-26,Columbia,Chattanooga,Dry Van,297.2,716.5,719.8231,3.3231201171875,0.4637990393841591
2025-10-26,Greensboro,El Paso,Dry Van,1824.0,3386.88,3402.0527,15.17273437499989,0.44798559072066
2025-10-26,Charleston,Salt Lake City,Reefer,2211.8,4523.93,4409.5435,114.38654296875029,2.5284772967033153
2025-10-26,Toledo,Little Rock,Dry Van,770.8,1609.02,1548.5085,60.51145507812498,3.760764631771201
2025-10-26,Grand Rapids,Richmond,Flatbed,736.1,1624.53,1584.6234,39.90658691406247,2.4565004594598117
2025-10-26,Louisville,Montgomery,Flatbed,514.8,1310.28,1314.6887,4.408720703125027,0.3364716475199978
2025-10-26,Philadelphia,Boston,Dry Van,242.6,576.36,581.7389,5.378891601562486,0.9332520649528917
2025-10-26,Fort Wayne,Reno,Dry Van,2007.8,3738.72,3558.997,179.7229296874998,4.807071128287217
2025-10-26,Memphis,Houston,Dry Van,538.0,1184.51,1163.5256,20.98436523437499,1.7715650551177273
2025-10-26,Dayton,Greensboro,Dry Van,387.2,903.88,867.16705,36.712946777343745,4.061705843402193
2025-10-26,Oklahoma City,Memphis,Dry Van,689.2,1480.21,1518.2776,38.067587890624964,2.571769403707917
2025-10-26,Charleston,Baton Rouge,Dry Van,925.0,1939.16,1878.337,60.82296386718758,3.136562422244043
2025-10-26,Jacksonville,Tulsa,Dry Van,746.3,1586.46,1563.4998,22.960244140625036,1.4472627195532843
2025-10-26,Boston,Hartford,Flatbed,192.4,525.86,520.2003,5.659682617187514,1.0762717485999151
2025-10-26,Savannah,Richmond,Dry Van,522.2,1096.6,1081.2638,15.336206054687409,1.3985232586802308
2025-10-26,Milwaukee,Atlanta,Dry Van,416.9,897.24,850.5822,46.65778564453126,5.200145517869384
2025-10-26,Grand Rapids,Bakersfield,Flatbed,2052.8,3777.14,3764.762,12.378037109374873,0.3277092485154078
2025-10-26,New York,Cincinnati,Dry Van,862.2,1747.26,1710.4268,36.83324218749999,2.108057311876881
2025-10-26,Bakersfield,Fort Wayne,Dry Van,2058.0,3631.71,3562.4653,69.24466796875004,1.9066684280614377
2025-10-26,Mobile,Chattanooga,Dry Van,302.6,750.84,777.5844,26.744411621093718,3.5619321854314787
2025-10-26,Jacksonville,Madison,Flatbed,886.7,1947.04,1941.7751,5.264853515624964,0.2704029457856522
2025-10-26,Albany,Tampa,Dry Van,1641.5,3150.87,3107.0977,43.77234374999989,1.389214526464116
2025-10-26,Detroit,Tulsa,Flatbed,1086.0,2372.96,2353.9214,19.038613281250036,0.8023149686994318
2025-10-26,Mobile,Kansas City,Reefer,641.7,1601.61,1534.6434,66.9665673828124,4.181203125780459
2025-10-26,Albany,Tulsa,Dry Van,1692.9,3251.97,3131.5046,120.4653613281248,3.7043810775660537
2025-10-26,Lexington,Syracuse,Dry Van,681.0,1375.7,1337.6829,38.017138671875045,2.763475952015341
2025-10-26,Los Angeles,Columbia,Dry Van,2358.6,4391.77,4049.8137,341.95627929687544,7.786297536002008
2025-10-26,Bakersfield,Fresno,Reefer,219.8,610.81,616.23425,5.424252929687555,0.888042587660247
2025-10-26,Dayton,Boston,Dry Van,995.3,1954.43,1900.7557,53.674262695312564,2.74628729068386
2025-10-26,Columbia,Greensboro,Dry Van,138.4,363.75,353.63715,10.11285400390625,2.780166049183849
2025-10-26,Detroit,Atlanta,Dry Van,750.5,1581.12,1507.2072,73.91284667968739,4.674714549160557
2025-10-26,Atlanta,Albuquerque,Dry Van,1534.4,2855.03,2732.8262,122.2038281250002,4.280299265681978
2025-10-26,Memphis,Hartford,Dry Van,1178.1,2315.97,2278.2349,37.7351367187498,1.6293447980219866
2025-10-26,Lubbock,Amarillo,Flatbed,417.7,1039.88,1007.80096,32.07903564453136,3.084878605659437
2025-10-26,Hartford,Columbia,Flatbed,832.9,1768.74,1705.2859,63.45411132812501,3.587531877388707
2025-10-26,Providence,San Antonio,Dry Van,2005.5,4009.09,3796.8826,212.20743164062515,5.293157091525138
2025-10-26,Dallas,Chattanooga,Reefer,572.7,1435.58,1378.604,56.97599609374993,3.968848555548972
2025-10-26,Fresno,Amarillo,Flatbed,1071.8,2449.02,2620.5625,171.54250000000002,7.0045365084809434
2025-10-26,Harrisburg,Lubbock,Dry Van,1631.1,3162.5,3170.2256,7.7255859375,0.2442873023715415
2025-10-26,Raleigh,Jacksonville,Reefer,552.4,1419.17,1365.449,53.72102539062507,3.7853833854030925
2025-10-26,Fort Wayne,Charleston,Dry Van,696.2,1514.44,1407.9585,106.48150390625005,7.031081053475215
2025-10-26,Jacksonville,Corpus Christi,Dry Van,873.9,1809.27,1851.3749,42.10487792968752,2.3271749340721684
2025-10-26,Fresno,Atlanta,Flatbed,2264.7,4673.35,4534.468,138.88222656250036,2.971791681823539
2025-10-26,Toledo,Fort Wayne,Dry Van,76.2,204.65,239.98738,35.33738098144531,17.267227452453117
2025-10-26,Fresno,Kansas City,Flatbed,1929.8,3786.22,3853.1638,66.9438183593752,1.768091087136384
2025-10-26,Oklahoma City,Fresno,Dry Van,1451.2,2924.77,3027.71,102.93996093750002,3.519591658062002
2025-10-26,Syracuse,El Paso,Flatbed,2232.7,4470.57,4428.981,41.58904296874971,0.93028501888461
2025-10-26,Detroit,Jacksonville,Reefer,941.7,2093.28,2124.8596,31.5796191406248,1.5086189683475117
2025-10-26,Tulsa,Oklahoma City,Dry Van,312.5,804.46,763.67474,40.785256347656286,5.069892393364031
2025-10-26,Montgomery,Indianapolis,Dry Van,612.6,1283.69,1275.3821,8.307919921875055,0.647190514989994
2025-10-26,Lubbock,Nashville,Reefer,940.6,2333.08,2226.1106,106.96940429687493,4.584900830527669
2025-10-26,Boston,Montgomery,Flatbed,1253.5,2746.68,2804.312,57.632011718750164,2.098242668193971
2025-10-26,Harrisburg,Philadelphia,Reefer,338.0,832.66,857.8844,25.224399414062532,3.0293756652250057
2025-10-26,Los Angeles,Philadelphia,Dry Van,2913.9,5189.37,4911.426,277.9442187499999,5.356030091321296
2025-10-26,Atlanta,Philadelphia,Reefer,919.2,2265.6,2090.1365,175.4635253906249,7.744682441323487
2025-10-26,Baton Rouge,Nashville,Dry Van,515.2,1134.75,1093.113,41.636962890625,3.669263087959903
2025-10-26,Raleigh,Tulsa,Flatbed,1155.4,2539.5,2529.1958,10.30419921875,0.40575700802323295
2025-10-26,Atlanta,Fort Wayne,Dry Van,559.8,1265.17,1215.1565,50.01350585937507,3.953105579437947
2025-10-26,Philadelphia,Little Rock,Dry Van,1299.9,2443.52,2427.9624,15.557597656249982,0.636687960657166
2025-10-26,Syracuse,Toledo,Dry Van,450.5,936.09,925.4242,10.665805664062532,1.1393995944901165
2025-10-26,Albany,Albuquerque,Reefer,2451.0,4903.27,4768.4214,134.84861328125044,2.7501771936126387
2025-10-26,Syracuse,Bakersfield,Dry Van,2618.1,4915.66,4671.558,244.10189453124985,4.965801022268625
2025-10-26,Providence,Hartford,Dry Van,294.7,690.82,748.6311,57.81110351562495,8.36847565438536
2025-10-26,Boston,Dallas,Dry Van,1699.5,3352.24,3214.349,137.89087890624978,4.113395189671676
2025-10-26,Mobile,Bakersfield,Reefer,1949.9,4219.08,4158.4077,60.67228515624993,1.4380453832648334
2025-10-26,Philadelphia,Columbia,Dry Van,766.1,1518.42,1571.8159,53.39591796874993,3.516544695719888
2025-10-26,Houston,Charleston,Dry Van,1063.3,2197.26,2129.0056,68.25438476562522,3.106340841121452
2025-10-26,Corpus Christi,Columbia,Reefer,1022.1,2318.07,2410.5383,92.46833007812484,3.9890223366043664
2025-10-26,Boston,Louisville,Flatbed,1120.6,2344.86,2427.6636,82.80357421874987,3.531280085751382
2025-10-26,Oklahoma City,El Paso,Flatbed,827.8,1832.09,1779.8467,52.24332031249992,2.8515695360216977
2025-10-26,St. Louis,New York,Flatbed,1040.5,2110.46,2142.5322,32.072226562499964,1.5196794330382932
2025-10-26,Columbia,Amarillo,Dry Van,1447.0,2966.79,2931.0793,35.710654296874964,1.203679879495177
2025-10-26,Boston,Syracuse,Dry Van,567.5,1199.79,1165.4402,34.349814453124964,2.8629855602334544
2025-10-26,Philadelphia,Atlanta,Dry Van,946.9,1790.95,1781.7958,9.154223632812545,0.5111378672108403
2025-10-26,Boston,San Antonio,Dry Van,2126.6,4273.4,4004.973,268.42709960937464,6.281347395735823
2025-10-26,Fort Wayne,Shreveport,Reefer,853.9,1994.42,1753.3536,241.06636230468757,12.087040959511414
2025-10-26,Oklahoma City,Salt Lake City,Reefer,1007.7,2375.65,2318.8184,56.83164062500009,2.3922564613895183
2025-10-26,Washington,Richmond,Dry Van,85.2,229.4,243.81331,14.413308715820307,6.2830465195380585
2025-10-26,Buffalo,Montgomery,Dry Van,975.7,1825.29,1815.2219,10.068076171874964,0.5515877571166753
2025-10-26,Fort Wayne,Greensboro,Flatbed,456.1,1150.95,1136.2977,14.652270507812545,1.2730588216527692
2025-10-26,New York,Memphis,Dry Van,1071.8,2146.33,2187.9126,41.58259765625007,1.9373813745439925
2025-10-26,Hartford,Richmond,Dry Van,316.4,754.81,704.4252,50.384829101562445,6.675167141606822
2025-10-26,Grand Rapids,Fort Wayne,Dry Van,202.3,490.24,501.8815,11.641500244140616,2.3746532808707195
2025-10-26,El Paso,Albany,Flatbed,2580.8,5270.27,5035.6,234.66990234375044,4.452711195892248
2025-10-26,Grand Rapids,Chattanooga,Dry Van,660.3,1464.49,1363.9128,100.57715820312501,6.867725843339661
2025-10-26,Boston,Dayton,Dry Van,1012.0,2065.37,2015.8545,49.51550781249989,2.3974158534548238
2025-10-26,Montgomery,Fort Wayne,Flatbed,797.4,1798.36,1795.6122,2.7478173828124,0.15279573515938968
2025-10-26,Houston,Shreveport,Dry Van,238.2,628.05,615.90704,12.142956542968705,1.933437870069056
2025-10-26,Corpus Christi,Milwaukee,Dry Van,1026.0,2205.02,1921.294,283.7260546875,12.867278060403079
2025-10-26,Tucson,Reno,Reefer,791.0,1831.61,1845.6785,14.0684667968751,0.7680929235413162
2025-10-26,Cincinnati,San Antonio,Flatbed,1026.1,2346.99,2285.4988,61.49122070312478,2.6200035237953627
2025-10-26,Amarillo,Cincinnati,Reefer,1236.2,2915.38,2972.4807,57.10071289062489,1.9586027512922803
2025-10-26,Richmond,New York,Reefer,260.2,658.0,610.3257,47.67431640625,7.245336839855623
2025-10-26,Syracuse,Bakersfield,Dry Van,2607.7,4472.38,4316.142,156.2379101562501,3.4933952427175265
2025-10-26,Atlanta,Philadelphia,Reefer,942.9,2212.41,2182.9229,29.487148437499854,1.3328066876166649
2025-10-26,New York,Raleigh,Dry Van,459.3,1003.07,924.2666,78.80339843750005,7.8562212445293005
2025-10-26,Kansas City,Hartford,Flatbed,1203.8,2525.13,2495.4587,29.67125976562511,1.1750388996061631
2025-10-26,Hartford,Buffalo,Flatbed,459.7,1105.06,1112.9744,7.914365234375055,0.7161932595854573
2025-10-26,Richmond,Albany,Flatbed,612.1,1316.35,1291.1311,25.21889648437491,1.9158199934952644
2025-10-26,Phoenix,Raleigh,Flatbed,2603.8,5248.45,5119.02,129.42998046874982,2.4660610364726696
2025-10-26,Raleigh,Hartford,Dry Van,480.8,1069.29,1053.4639,15.826132812499964,1.4800599287845173
2025-10-26,Amarillo,Milwaukee,Dry Van,1171.6,2366.62,2329.2966,37.32336914062489,1.5770748637561116
2025-10-26,Atlanta,San Antonio,Dry Van,930.1,1946.38,2135.912,189.5321093749999,9.737672467606524
2025-10-26,Amarillo,Montgomery,Reefer,1232.7,2925.5,2957.7107,32.210693359375,1.1010320751794564
2025-10-26,Albany,Madison,Dry Van,1151.0,2284.63,2233.7922,50.83776367187511,2.225207743567891
2025-10-26,Grand Rapids,Greensboro,Dry Van,663.2,1422.5,1231.4711,191.0289306640625,13.429098816454305
2025-10-26,Albany,Atlanta,Flatbed,1190.9,2401.67,2454.8381,53.16813476562493,2.213798513768541
2025-10-26,Columbia,Greensboro,Dry Van,124.9,327.17,337.16116,9.991163330078109,3.0538140202580033
2025-10-26,Jacksonville,Dayton,Dry Van,655.1,1329.96,1280.1505,49.809487304687536,3.74518687063427
2025-10-26,Little Rock,Chattanooga,Reefer,352.7,1020.81,943.3364,77.47357421874995,7.589421559227471
2025-10-26,Salt Lake City,Chattanooga,Flatbed,1693.1,3684.06,3618.5056,65.55438476562495,1.7794060022264822
2025-10-26,Philadelphia,Charleston,Reefer,626.5,1470.86,1405.436,65.4239648437499,4.448007617567267
2025-10-26,Hartford,Baton Rouge,Dry Van,1569.2,2831.48,2923.3914,91.91135742187498,3.246053562867299
2025-10-26,Reno,Jacksonville,Dry Van,2255.2,4296.46,3905.5562,390.90384765625004,9.098277364533827
2025-10-26,El Paso,Birmingham,Flatbed,1653.3,3567.75,3476.3474,91.402587890625,2.561911229503889
2025-10-27,Cincinnati,San Antonio,Dry Van,991.5,2119.21,2113.8694,5.340615234375036,0.25200972222550083
2025-10-27,Tulsa,Lexington,Flatbed,714.6,1584.08,1703.7465,119.66645996093757,7.554319223835765
2025-10-27,El Paso,Birmingham,Dry Van,1580.8,3084.43,3004.7278,79.70221679687484,2.584017688742323
2025-10-27,Albuquerque,Green Bay,Dry Van,1555.6,3030.94,3038.5723,7.632265624999945,0.251811834777328
2025-10-27,Atlanta,Tulsa,Reefer,592.1,1576.31,1479.7062,96.60382324218745,6.128478740995582
2025-10-27,Las Vegas,Chattanooga,Dry Van,1873.0,3628.01,3542.1196,85.89037109375022,2.367423769332229
2025-10-27,Cincinnati,Amarillo,Dry Van,1179.1,2322.3,2355.1582,32.85820312499982,1.4148991570856397
2025-10-27,San Antonio,Los Angeles,Dry Van,1285.2,2454.04,2495.5432,41.503212890625036,1.691219902309051
2025-10-27,Albuquerque,New York,Dry Van,2265.4,4056.14,4068.4963,12.356337890625127,0.3046329241748344
2025-10-27,Mobile,Madison,Flatbed,799.2,1807.01,1797.5554,9.454580078124991,0.5232168099858324
2025-10-27,Reno,Shreveport,Flatbed,1789.6,3782.13,3775.7458,6.384150390625109,0.16879775128367108
2025-10-27,Albany,Toledo,Flatbed,809.3,1723.55,1543.1809,180.36909179687495,10.464975880994167
2025-10-27,Reno,Toledo,Reefer,2065.1,3953.78,4079.8992,126.1191699218748,3.189837824104396
2025-10-27,Madison,Columbia,Flatbed,712.2,1711.52,1586.9342,124.58579589843748,7.2792486151746685
2025-10-27,Nashville,Atlanta,Flatbed,145.2,420.2,434.91006,14.710064697265636,3.5007293425191905
2025-10-27,Toledo,Green Bay,Dry Van,275.6,610.07,594.7477,15.32231933593755,2.5115674161879045
2025-10-27,Indianapolis,Baltimore,Reefer,1034.6,2265.35,2233.9202,31.42983398437491,1.3874162484549808
2025-10-27,Richmond,Mobile,Reefer,903.0,2055.67,1942.952,112.71797363281257,5.483271810787362
2025-10-27,Lexington,Memphis,Flatbed,323.2,841.61,899.9349,58.324875488281236,6.930154761502505
2025-10-27,Fort Wayne,El Paso,Dry Van,1729.8,3190.69,3085.27,105.41998046875005,3.303986926613054
2025-10-27,Syracuse,New Orleans,Dry Van,1296.4,2582.43,2478.8994,103.53058593749984,4.009037454548617
2025-10-27,Charleston,Reno,Dry Van,2542.2,4550.45,4461.5933,88.85673828124982,1.952702222445029
2025-10-27,Grand Rapids,Louisville,Dry Van,514.6,1076.88,1016.9384,59.94158447265636,5.566226921537808
2025-10-27,Harrisburg,Buffalo,Dry Van,166.4,422.77,419.6638,3.106212158203107,0.7347286132419772
2025-10-27,San Antonio,Chattanooga,Flatbed,900.0,2037.77,2019.9971,17.772929687499982,0.8721754509831817
2025-10-27,Greensboro,Washington,Reefer,455.2,1126.61,1123.3732,3.2368310546874,0.28730714752109426
2025-10-27,Shreveport,Lexington,Dry Van,612.6,1358.41,1329.4647,28.945278320312582,2.130820468070213
2025-10-27,Houston,Montgomery,Dry Van,620.0,1427.86,1383.4675,44.3924707031249,3.1090212417971586
2025-10-27,Nashville,Milwaukee,Dry Van,367.4,812.38,787.5743,24.805720214843745,3.053462691701389
2025-10-27,Milwaukee,Grand Rapids,Dry Van,336.8,788.83,790.1331,1.303117675781209,0.1651962622848027
2025-10-27,Bakersfield,Houston,Dry Van,1529.9,3078.27,2955.058,123.21189453124998,4.002634419048686
2025-10-27,Hartford,New York,Reefer,117.3,344.85,355.1824,10.332403564453102,2.996202280543164
2025-10-27,Oklahoma City,Buffalo,Dry Van,1515.8,2930.32,2887.0837,43.236259765625164,1.4754791205610704
2025-10-27,Corpus Christi,Lubbock,Dry Van,314.3,777.61,719.40735,58.202651367187514,7.484812613930829
2025-10-27,Raleigh,Milwaukee,Dry Van,764.4,1493.29,1450.9642,42.325766601562464,2.834396975909734
2025-10-27,Houston,Richmond,Reefer,1341.3,2918.22,2921.0469,2.8268750000002,0.09686983846317962
2025-10-27,Grand Rapids,Boston,Flatbed,1058.9,2144.64,2495.1743,350.5343164062501,16.344669334072393
2025-10-27,Richmond,Charleston,Dry Van,392.7,892.17,866.27576,25.89424316406246,2.90238891288235
2025-10-27,Tulsa,Richmond,Reefer,1252.9,2709.66,2666.842,42.817958984374854,1.580196739973829
2025-10-27,Syracuse,Mobile,Dry Van,1138.2,2232.87,2136.5032,96.36682617187489,4.3158278884070675
2025-10-27,Nashville,Cincinnati,Reefer,180.5,570.97,577.33716,6.367158203124973,1.11514759148904
2025-10-27,Lexington,Kansas City,Dry Van,438.9,956.7,941.1878,15.512194824218795,1.621427283810891
2025-10-27,Buffalo,Tampa,Dry Van,1186.4,2367.47,2377.1267,9.6567089843752,0.4078915037730235
2025-10-27,Toledo,Boston,Flatbed,929.3,1881.5,1986.1328,104.6328125,5.561138054743556
2025-10-27,Dayton,Memphis,Reefer,446.3,1101.36,1118.3912,17.0312353515626,1.546382232109628
2025-10-27,Richmond,Lubbock,Dry Van,1655.3,3281.87,3247.7705,34.09949218749989,1.0390262925557652
2025-10-27,Phoenix,Baton Rouge,Dry Van,1598.9,3285.09,2980.8992,304.19083007812515,9.25974113580222
2025-10-27,Columbia,Philadelphia,Dry Van,763.4,1487.21,1464.4987,22.711342773437536,1.527110681977497
2025-10-27,Lubbock,El Paso,Reefer,788.0,1979.85,1897.6433,82.20668945312491,4.152167560831624
2025-10-27,Albany,Jacksonville,Dry Van,1317.4,2463.55,2406.618,56.93208007812518,2.310977251451165
2025-10-27,Boston,Montgomery,Reefer,1275.0,2865.84,3101.9326,236.09261718749985,8.238164628433543
2025-10-27,Baton Rouge,Charleston,Reefer,927.8,2200.08,2263.8528,63.77278320312507,2.8986574671432437
2025-10-27,Lubbock,Albany,Dry Van,2144.5,4098.55,4137.058,38.50810546874982,0.9395543660257851
2025-10-27,Phoenix,Tucson,Dry Van,276.9,713.13,816.86005,103.73004638671875,14.545741503893925
2025-10-27,Charleston,Mobile,Reefer,615.6,1493.65,1478.7145,14.935522460937591,0.9999345536730552
2025-10-27,Phoenix,Green Bay,Flatbed,2191.0,4291.12,4284.7197,6.400273437499891,0.1491515836774523
2025-10-27,Tucson,Baltimore,Reefer,2616.0,5450.63,5251.0303,199.5997265625001,3.661956995108824
2025-10-27,Tucson,Memphis,Flatbed,1636.0,3452.83,3354.9053,97.92472656249993,2.8360714707211168
2025-10-27,Toledo,Shreveport,Dry Van,922.8,1992.41,1901.1095,91.30050292968758,4.5824154129766255
2025-10-27,Bakersfield,Tucson,Dry Van,319.7,781.27,759.6961,21.573894042968732,2.7613877459737006
2025-10-27,Corpus Christi,Amarillo,Dry Van,710.8,1559.38,1506.507,52.87304199218761,3.3906451276909797
2025-10-27,Hartford,Baton Rouge,Dry Van,1535.2,3012.34,2966.3547,45.985263671875146,1.5265628604963297
2025-10-27,Grand Rapids,Mobile,Dry Van,969.4,2001.79,1922.7235,79.06648925781246,3.9497894013763912
2025-10-27,Amarillo,Albany,Dry Van,2213.4,4180.37,3966.0273,214.3426562499999,5.127360885519701
2025-10-27,Madison,Cincinnati,Flatbed,430.4,1008.7,957.6584,51.041613769531295,5.0601381748320895
2025-10-27,Fort Wayne,Greensboro,Dry Van,477.1,1119.83,1060.0,59.82999999999993,5.342775242670757
2025-10-27,Phoenix,Buffalo,Flatbed,2621.1,5029.22,4980.422,48.798125000000255,0.9702921128922626
2025-10-27,Cincinnati,Atlanta,Dry Van,193.6,485.95,479.49054,6.459460449218739,1.3292438417982795
2025-10-27,Oklahoma City,Baton Rouge,Dry Van,463.4,1165.7,1187.3707,21.670727539062455,1.8590312721165354
2025-10-27,Mobile,Buffalo,Dry Van,1039.1,2037.11,2011.1227,25.9873193359374,1.275695437945786
2025-10-27,Columbia,San Francisco,Reefer,2520.1,5264.57,5007.541,257.0289843749997,4.882240797918913
2025-10-27,San Antonio,Mobile,Reefer,768.7,1992.37,1904.1539,88.21606933593739,4.427695123693762
2025-10-27,Lubbock,Oklahoma City,Dry Van,219.4,614.66,611.52057,3.139431152343718,0.5107589809559299
2025-10-27,Atlanta,Bakersfield,Reefer,1987.7,4113.53,3988.1414,125.38864257812475,3.048200513382053
2025-10-27,Reno,Montgomery,Reefer,2196.7,4347.35,4456.026,108.67587890624964,2.499818945018221
2025-10-27,Chattanooga,Philadelphia,Dry Van,957.4,1962.23,1900.7766,61.45338867187502,3.131813735998074
2025-10-27,Lexington,Buffalo,Dry Van,570.4,1179.2,1171.405,7.7949707031250455,0.6610388995187453
2025-10-27,Milwaukee,Madison,Dry Van,207.2,517.3,487.97543,29.32456665039058,5.6687737580496
2025-10-27,Chattanooga,Fresno,Dry Van,2175.4,3901.87,3907.207,5.337031250000109,0.13678137021479725
2025-10-27,Lexington,Memphis,Flatbed,310.9,783.99,811.4797,27.48967529296874,3.506380858552882
2025-10-27,Birmingham,Washington,Dry Van,772.6,1658.47,1564.9088,93.56118652343753,5.6414156736894565
2025-10-27,Albuquerque,Grand Rapids,Dry Van,1588.3,2984.09,2880.8918,103.19815429687515,3.458278882234622
2025-10-27,New York,Philadelphia,Dry Van,103.8,292.09,303.88538,11.795375976562525,4.038267649204878
2025-10-27,Detroit,Baton Rouge,Dry Van,1211.3,2375.88,2392.2622,16.38220703124989,0.6895216522404284
2025-10-27,Grand Rapids,San Francisco,Flatbed,2256.6,4115.51,4000.933,114.57689453125022,2.784026634153488
2025-10-27,New Orleans,New York,Dry Van,1334.2,2571.32,2512.198,59.122001953125164,2.2992860458101347
2025-10-27,Corpus Christi,Shreveport,Flatbed,425.5,1138.74,1108.8673,29.87269042968751,2.6233108900791673
2025-10-27,Albuquerque,Cincinnati,Flatbed,1477.0,2899.76,2938.7917,39.03174804687478,1.3460337423398756
2025-10-27,Reno,Albany,Reefer,2801.9,5327.47,5385.8125,58.342499999999745,1.0951258289582062
2025-10-27,Savannah,Syracuse,Flatbed,807.2,1662.74,1601.6337,61.10633300781251,3.6750383708705217
2025-10-27,Greensboro,Hartford,Dry Van,750.2,1535.64,1520.4242,15.2158056640626,0.9908445771185043
2025-10-27,San Antonio,Phoenix,Flatbed,1225.5,2740.37,2619.2664,121.10364257812489,4.419244210749822
2025-10-27,Nashville,El Paso,Reefer,1467.2,3171.33,3077.5652,93.76481445312493,2.9566400990475583
2025-10-27,Philadelphia,Columbia,Flatbed,776.1,1657.15,1635.9928,21.15720214843759,1.2767222127410065
2025-10-27,Boston,Bakersfield,Reefer,2979.1,19110.3,5965.6626,13144.63740234375,68.78299870930205
2025-10-27,San Antonio,Baton Rouge,Dry Van,411.7,1042.31,1041.2521,1.0579248046874454,0.10149809602588916
2025-10-27,Fort Wayne,Los Angeles,Flatbed,2312.6,4466.18,4295.7734,170.4065625000003,3.8154880121267007
2025-10-27,Syracuse,San Antonio,Flatbed,1715.6,3304.3,3364.1353,59.83525390624982,1.810829946017305
2025-10-27,Phoenix,Philadelphia,Dry Van,2936.3,5149.54,4526.1577,623.38228515625,12.105591667532439
2025-10-27,Mobile,Bakersfield,Reefer,1953.2,4210.91,4404.5576,193.64761718750015,4.598711850585744
2025-10-27,Philadelphia,Albuquerque,Dry Van,2365.4,4473.29,4524.1763,50.886269531250036,1.1375580284589202
2025-10-27,New York,Chattanooga,Dry Van,930.0,1837.59,1855.1406,17.550625000000082,0.9550892745389385
2025-10-27,Fort Wayne,Oklahoma City,Dry Van,1167.3,2456.79,2448.8054,7.984580078124964,0.3250005119739564
2025-10-27,Toledo,Oklahoma City,Reefer,1257.1,2818.51,2979.5486,161.03858398437478,5.7136069761815556
2025-10-27,El Paso,Charleston,Flatbed,2019.7,3911.92,4144.6543,232.73429687499993,5.9493623815159795
2025-10-27,Washington,El Paso,Flatbed,2139.9,4311.77,4166.0547,145.71531250000044,3.379477859440564
2025-10-27,Hartford,Greensboro,Flatbed,728.4,1608.17,1517.0892,91.08076660156257,5.663628012061073
2025-10-27,Bakersfield,Philadelphia,Reefer,2786.7,5637.98,5734.3423,96.36228515625044,1.709163302392886
2025-10-27,Fort Wayne,Albany,Dry Van,879.9,1728.39,1722.5022,5.8878027343751,0.34065244154242386
2025-10-27,Birmingham,Buffalo,Reefer,835.3,2008.6,1937.5388,71.06118164062491,3.537846342757389
2025-10-27,Green Bay,Memphis,Dry Van,719.1,1564.16,1494.528,69.63204589843758,4.451721428654203
2025-10-27,Fort Wayne,Richmond,Dry Van,614.9,1320.45,1246.1584,74.29155273437505,5.626229901501385
2025-10-27,Reno,Madison,Flatbed,1741.4,3409.07,3593.0864,184.01642578124984,5.397848263052675
2025-10-27,Los Angeles,Baton Rouge,Dry Van,1693.3,3084.87,3016.9927,67.87732421874989,2.200330134454609
2025-10-27,Little Rock,Hartford,Flatbed,1356.1,2904.7,3074.3696,169.66962890625018,5.84121007010191
2025-10-27,Milwaukee,Buffalo,Dry Van,658.3,1355.05,1357.6738,2.6238281250000455,0.19363330688904806
2025-10-27,Lexington,Charleston,Dry Van,417.0,968.23,954.32947,13.900532226562518,1.435664276727897
2025-10-27,Toledo,Oklahoma City,Dry Van,1258.0,2451.68,2397.8184,53.861640624999836,2.1969278464155124
2025-10-27,Harrisburg,Charleston,Dry Van,485.4,1040.5,993.46747,47.03253173828125,4.520185654808386
2025-10-27,Hartford,Toledo,Reefer,784.5,1729.69,1700.9597,28.730283203125055,1.6610076489501038
2025-10-27,Columbia,Austin,Dry Van,1209.6,2546.21,2477.176,69.03397460937504,2.711244343921948
2025-10-27,Fort Wayne,Syracuse,Dry Van,544.3,1149.91,1155.7041,5.794101562499918,0.5038743521232024
2025-10-27,Richmond,Boston,Dry Van,493.2,1124.24,1129.435,5.195058593749991,0.4620951570616586
2025-10-27,Montgomery,Baton Rouge,Dry Van,457.1,1078.91,1087.0555,8.145541992187418,0.7549788204935924
2025-10-27,Salt Lake City,Fresno,Flatbed,470.1,1082.86,1083.1123,0.25230468750010004,0.023299843700949344
2025-10-27,Baton Rouge,Tulsa,Dry Van,288.3,754.18,756.76874,2.5887377929688,0.34325198135309876
2025-10-27,Chattanooga,Tampa,Dry Van,586.4,1260.1,1308.566,48.46604003906259,3.846205859778001
2025-10-27,San Antonio,Phoenix,Reefer,1219.1,2947.21,2890.0847,57.125283203125036,1.9382834342691915
2025-10-27,Little Rock,Shreveport,Dry Van,169.0,467.71,480.24493,12.53493408203127,2.6800654426955317
2025-10-27,Green Bay,New York,Flatbed,886.2,1963.72,1885.9049,77.81509277343753,3.9626368715212723
2025-10-27,Greensboro,Fresno,Dry Van,2440.9,4254.89,4313.9688,59.07874999999967,1.3884906542824766
2025-10-27,Houston,Greensboro,Flatbed,926.2,2173.71,2194.7014,20.991416015624964,0.965695332662819
2025-10-27,Albany,Phoenix,Flatbed,3097.3,5916.65,5790.648,126.00205078124964,2.129618124804571
2025-10-27,Charleston,Tulsa,Dry Van,1032.8,2248.82,2118.8154,130.00457031250016,5.781012722783511
2025-10-27,Richmond,Montgomery,Reefer,820.9,1837.42,1741.5457,95.87434570312507,5.21787863978432
2025-10-27,Oklahoma City,Cincinnati,Dry Van,922.8,1909.42,1893.6279,15.792070312500073,0.8270611134533038
2025-10-27,Houston,Lubbock,Dry Van,382.9,969.54,968.71643,0.8235693359374636,0.08494433813328627
2025-10-27,Birmingham,Tampa,Flatbed,437.1,1081.86,1099.8092,17.9492041015626,1.659105993526205
2025-10-27,Little Rock,Houston,Dry Van,355.7,880.2,744.2292,135.9708129882813,15.447717903690217
2025-10-27,Nashville,Greensboro,Flatbed,366.4,910.03,897.3348,12.695222167968723,1.395033369006376
2025-10-27,Charleston,Los Angeles,Dry Van,2596.2,4879.54,4919.9033,40.363320312500036,0.8271951928358008
2025-10-27,Reno,Providence,Dry Van,3173.4,5653.31,5424.599,228.7108789062504,4.04561007456252
2025-10-27,Atlanta,Richmond,Dry Van,699.3,1481.77,1312.7021,169.06785156249998,11.409857910640651
2025-10-27,Oklahoma City,San Antonio,Reefer,202.9,600.37,591.3502,9.019780273437505,1.5023702505850567
2025-10-27,Shreveport,Cincinnati,Dry Van,552.6,1181.66,1133.1583,48.50167480468758,4.104537244612459
2025-10-27,Amarillo,Lexington,Reefer,1320.9,3020.37,3282.2156,261.8455761718751,8.669321181572958
2025-10-27,Albany,Columbia,Dry Van,1067.6,1953.54,1995.5194,41.979409179687536,2.148889154032553
2025-10-27,Richmond,Baton Rouge,Dry Van,1262.8,2506.68,2508.1018,1.4218066406251637,0.05672070789351508
2025-10-28,Fort Wayne,New York,Flatbed,715.7,1575.97,1495.6465,80.32351562500003,5.096766792832352
2025-10-28,New York,Syracuse,Dry Van,324.2,696.47,678.42145,18.048552246093777,2.5914328321526807
2025-10-28,Mobile,Austin,Reefer,831.6,2128.96,2039.4126,89.54740234375004,4.206157106932495
2025-10-28,Dayton,Milwaukee,Dry Van,198.6,504.28,480.1738,24.106202392578098,4.780320931343321
2025-10-28,Phoenix,Nashville,Dry Van,1954.9,3847.37,3611.5913,235.7786914062499,6.128308205507916
2025-10-28,Columbia,Fresno,Flatbed,2384.7,5009.28,4956.3706,52.909394531249745,1.0562275323249997
2025-10-28,Corpus Christi,Charleston,Reefer,1233.6,2709.64,2738.7742,29.134169921875127,1.075204452321162
2025-10-28,Baltimore,Corpus Christi,Dry Van,1743.9,3458.39,3407.8638,50.52623046874987,1.4609754963653572
2025-10-28,Savannah,Baton Rouge,Dry Van,770.4,1718.9,1613.1715,105.72849121093759,6.150939043047157
2025-10-28,Greensboro,Shreveport,Dry Van,705.6,1468.62,1404.1416,64.47839843749989,4.390407214766236
2025-10-28,Oklahoma City,San Antonio,Flatbed,225.6,618.21,585.74335,32.466652832031286,5.251719129750616
2025-10-28,Birmingham,Baton Rouge,Flatbed,487.6,1285.55,1250.9304,34.619580078124955,2.6929781088347364
2025-10-28,Corpus Christi,Little Rock,Reefer,529.9,1391.52,1385.1433,6.376689453124982,0.4582535251469603
2025-10-28,Oklahoma City,St. Louis,Flatbed,818.8,1832.71,1761.1248,71.58524414062504,3.905977712820088
2025-10-28,Montgomery,Austin,Dry Van,967.4,2095.3,2026.002,69.29804687500018,3.307309066720764
2025-10-28,Grand Rapids,Indianapolis,Flatbed,442.0,1044.28,1008.51794,35.76205566406247,3.4245657930882976
2025-10-28,Toledo,Tulsa,Dry Van,975.4,2093.14,2000.6517,92.48826660156237,4.418637386967063
2025-10-28,Shreveport,Memphis,Reefer,314.8,888.73,919.065,30.335002441406232,3.4132979016581224
2025-10-28,Las Vegas,Greensboro,Dry Van,2183.5,3924.86,3950.9158,26.055771484374873,0.6638649909646426
2025-10-28,Milwaukee,Providence,Reefer,1198.9,2569.09,2463.813,105.27701171875015,4.0978327625248685
2025-10-28,Bakersfield,Amarillo,Reefer,848.6,1998.58,1981.12,17.460004882812427,0.8736205147060626
2025-10-28,Memphis,Savannah,Dry Van,533.8,1234.58,1390.627,156.04695312500007,12.639679334267532
2025-10-28,Oklahoma City,Indianapolis,Reefer,863.3,2035.9,1969.7223,66.17770996093759,3.2505383349348
2025-10-28,Tucson,Birmingham,Dry Van,1886.6,3597.23,3247.1013,350.128681640625,9.733285935028482
2025-10-28,Austin,Phoenix,Dry Van,1139.4,2321.27,2298.4224,22.847636718749982,0.9842731228486985
2025-10-28,Cincinnati,Salt Lake City,Dry Van,1672.1,3163.93,3094.57,69.35993164062484,2.1922081601244288
2025-10-28,Reno,Phoenix,Flatbed,884.5,1939.15,1670.7688,268.3812011718751,13.840146516353819
2025-10-28,Louisville,Fort Wayne,Dry Van,361.0,856.65,854.5163,2.1337036132812273,0.24907530651739068
2025-10-28,Montgomery,Bakersfield,Reefer,2035.1,4463.62,4318.2715,145.3485156249999,3.256292328311996
2025-10-28,Chattanooga,Phoenix,Flatbed,2040.7,4338.95,4214.2217,124.72832031249982,2.874619903720942
2025-10-28,Louisville,Baton Rouge,Dry Van,685.8,1498.89,1425.9059,72.9841162109376,4.869210963508836
2025-10-28,Richmond,Cincinnati,Reefer,634.2,1571.22,1515.1135,56.10647460937503,3.570885974553215
2025-10-28,Los Angeles,Jacksonville,Dry Van,2338.2,4355.11,4439.4453,84.33531250000033,1.9364680226217095
2025-10-28,Montgomery,Philadelphia,Flatbed,1049.3,2270.1,2285.732,15.631933593750091,0.6886011009977574
2025-10-28,Baltimore,Syracuse,Flatbed,458.9,1042.46,1016.50604,25.953957519531286,2.489683778709139
2025-10-28,San Francisco,Madison,Dry Van,2095.1,3678.26,3497.76,180.49999023437522,4.907211296492776
2025-10-28,Atlanta,Richmond,Dry Van,679.8,1425.24,1321.9598,103.28016113281251,7.246510140945562
2025-10-28,Philadelphia,Salt Lake City,Dry Van,2531.1,4745.33,4451.293,294.0370312499999,6.196345275249559
2025-10-28,Buffalo,Boston,Reefer,598.2,1405.42,1466.1627,60.74271972656243,4.32203325173702
2025-10-28,Los Angeles,Fresno,Reefer,435.0,1120.77,1124.498,3.728046875000018,0.33263264318281344
2025-10-28,Reno,San Francisco,Dry Van,428.0,941.6,913.9436,27.656396484375023,2.9371703997849425
2025-10-28,Columbia,Reno,Flatbed,2306.4,4749.79,3760.7275,989.0624609375,20.823288207215477
2025-10-28,Montgomery,El Paso,Dry Van,1652.5,3187.5,3087.0159,100.484130859375,3.1524433210784313
2025-10-28,Amarillo,Columbia,Flatbed,1413.1,3189.23,3150.2166,39.01344726562502,1.2232873535500737
2025-10-28,Oklahoma City,Austin,Dry Van,248.3,656.46,656.1339,0.3260888671875364,0.04967383651517783
2025-10-28,Mobile,Philadelphia,Reefer,1151.6,2465.88,2457.3232,8.55675781250011,0.3470062538525844
2025-10-28,Syracuse,Nashville,Reefer,909.5,2112.89,2031.5751,81.31492675781237,3.848516806734491
2025-10-28,Savannah,Milwaukee,Dry Van,637.7,1354.66,1333.619,21.040981445312582,1.5532296993572248
2025-10-28,New Orleans,Nashville,Reefer,356.8,1019.77,1012.1386,7.631389160156232,0.7483441521280516
2025-10-28,Detroit,San Antonio,Dry Van,1442.5,2754.21,2810.775,56.564902343749964,2.0537614177477375
2025-10-28,Washington,Fresno,Flatbed,2829.3,5681.27,5661.553,19.716777343750437,0.34704876451480804
2025-10-28,Toledo,Fresno,Reefer,2355.5,4655.6,4177.444,478.15615234375036,10.27055916195013
2025-10-28,Baton Rouge,Memphis,Dry Van,468.7,1077.64,1044.6924,32.9476171875001,3.057386250278395
2025-10-28,Baton Rouge,El Paso,Dry Van,1249.0,2642.51,2614.756,27.75389648437522,1.0502853909493328
2025-10-28,Albuquerque,Lexington,Dry Van,1611.3,3069.81,3027.1814,42.628603515624945,1.388639802320826
2025-10-28,Amarillo,New York,Dry Van,2026.7,3993.34,3700.7124,292.62759765625015,7.3278908797209885
2025-10-28,Milwaukee,Charleston,Dry Van,723.9,1605.8,1513.2726,92.52741699218745,5.762076036379839
2025-10-28,Corpus Christi,Bakersfield,Dry Van,1500.2,3021.1,2911.7708,109.32924804687491,3.6188556501563967
2025-10-28,Bakersfield,Lubbock,Flatbed,1197.4,2578.04,2583.499,5.459023437500036,0.21175092075763124
2025-10-28,Syracuse,Austin,Dry Van,1852.0,3556.61,3538.2124,18.397597656250127,0.5172790285201393
2025-10-28,Richmond,Fort Wayne,Dry Van,596.6,1183.25,1166.597,16.6529541015625,1.4073910079495033
2025-10-28,Albuquerque,Amarillo,Reefer,428.5,1176.14,1130.1328,46.0071875000001,3.911710128045989
2025-10-28,Syracuse,Bakersfield,Flatbed,2587.3,5096.63,4861.075,235.5548046875001,4.621775657395183
2025-10-28,Fort Wayne,Philadelphia,Dry Van,769.0,1591.65,1519.775,71.87497558593759,4.515752557782024
2025-10-28,Albany,Cincinnati,Dry Van,1149.8,2284.94,2291.3174,6.377382812499945,0.279105044880826
2025-10-28,Columbia,Phoenix,Dry Van,2187.1,4063.92,3910.8425,153.07747070312507,3.7667441953366474
2025-10-28,Cincinnati,Toledo,Reefer,421.9,1091.27,1074.0999,17.170146484374982,1.5734095580722447
2025-10-28,Mobile,Salt Lake City,Dry Van,1650.6,3212.28,3117.882,94.3979199218752,2.9386578978755025
2025-10-28,Lexington,Bakersfield,Dry Van,2190.8,4325.34,4018.566,306.77408203125015,7.0924847996053515
2025-10-28,Atlanta,Little Rock,Flatbed,404.4,1022.33,1041.2233,18.89326660156246,1.848059491706441
2025-10-28,Savannah,Little Rock,Flatbed,658.0,1600.71,1536.1152,64.59476562500004,4.035382150733114
2025-10-28,Tucson,Albany,Reefer,2896.1,5972.82,5791.482,181.3380664062497,3.036054433353922
2025-10-28,Los Angeles,Charleston,Dry Van,2544.0,4709.46,4639.1235,70.33646484375004,1.493514433581558
2025-10-28,Salt Lake City,Milwaukee,Flatbed,1639.3,3365.06,3209.7375,155.32245117187495,4.6157409131449345
2025-10-28,Montgomery,Hartford,Reefer,1148.9,2540.54,2609.1206,68.58060546875004,2.699449938546531
2025-10-28,Richmond,Greensboro,Dry Van,419.1,993.52,953.90454,39.61545898437498,3.987384147714689
2025-10-28,Birmingham,Memphis,Dry Van,272.6,692.88,759.9051,67.02509033203125,9.673405255171351
2025-10-28,Indianapolis,Raleigh,Reefer,783.7,1841.61,1768.9825,72.6274560546874,3.9436936188817073
2025-10-28,Hartford,Grand Rapids,Dry Van,926.5,1806.26,1786.7571,19.50291992187499,1.0797404538590785
2025-10-28,Phoenix,Chattanooga,Flatbed,1978.6,4295.45,4246.7715,48.67851562499982,1.133257647627136
2025-10-28,St. Louis,Baton Rouge,Reefer,664.6,1613.18,1585.8821,27.297919921875064,1.6921806569555202
2025-10-28,Greensboro,Corpus Christi,Dry Van,1096.5,2271.94,2204.6787,67.26128906250005,2.9605222436552046
2025-10-28,Baton Rouge,Charleston,Dry Van,928.7,2060.68,1988.8428,71.83722656249984,3.4860932586573288
2025-10-28,Raleigh,Dayton,Flatbed,650.4,1447.73,1340.1522,107.57777832031252,7.4307901556445275
2025-10-28,Nashville,Dallas,Reefer,527.7,1373.08,1410.0065,36.92646972656257,2.689316698703832
2025-10-28,Albany,Houston,Flatbed,1867.0,3974.95,3904.405,70.54497070312482,1.7747385678593397
2025-10-28,Lubbock,Madison,Reefer,1186.8,2686.94,2702.3318,15.391787109374945,0.5728370231331903
2025-10-28,Fort Wayne,Corpus Christi,Dry Van,1242.8,2579.09,2507.7297,71.36026367187515,2.7668776069030216
2025-10-28,Greensboro,Amarillo,Flatbed,1458.4,3125.81,3105.4739,20.336123046874945,0.6505873052704721
2025-10-28,Montgomery,Kansas City,Reefer,738.3,1760.31,1788.9492,28.639218750000055,1.6269417744601833
2025-10-28,Dallas,Buffalo,Flatbed,1287.2,2912.71,2765.5078,147.20218750000004,5.053787967219532
2025-10-28,Boston,Reno,Dry Van,3024.7,5224.85,5292.0156,67.16562499999964,1.2855034115811868
2025-10-28,Harrisburg,Greensboro,Dry Van,443.2,985.67,959.58435,26.08564941406246,2.646489130648438
2025-10-28,Syracuse,Columbia,Dry Van,735.8,1465.33,1408.7488,56.58122070312493,3.8613295778510595
2025-10-28,Lubbock,Baltimore,Dry Van,1882.9,3575.15,3549.3884,25.76157226562509,0.7205731861775055
2025-10-28,Corpus Christi,Richmond,Dry Van,1495.0,3023.55,2920.3418,103.20820312500018,3.413477638041381
2025-10-28,Dayton,New York,Dry Van,737.2,1474.64,1384.5334,90.1065527343751,6.110410183799103
2025-10-28,San Antonio,Atlanta,Reefer,920.4,2197.71,2129.804,67.90604492187504,3.089854663348442
2025-10-28,Raleigh,Grand Rapids,Dry Van,850.0,1698.45,1653.932,44.517993164062545,2.62109530242648
2025-10-28,Milwaukee,Mobile,Reefer,623.3,1540.06,1540.9353,0.8753027343750546,0.05683562551946382
2025-10-28,Reno,Fort Wayne,Dry Van,2091.9,3650.16,3682.4604,32.300449218750146,0.8849050238551226
2025-10-28,Salt Lake City,Richmond,Dry Van,2376.2,4413.94,4398.7637,15.1763281249996,0.34382724108165497
2025-10-28,Montgomery,Austin,Dry Van,932.1,1871.9,1913.7457,41.84572753906241,2.2354681093574658
2025-10-28,El Paso,Grand Rapids,Flatbed,1708.0,3295.02,3437.8909,142.87086914062502,4.335963640300363
2025-10-28,Cincinnati,Hartford,Reefer,958.0,2174.2,2144.4302,29.769824218749818,1.3692311755473194
2025-10-28,Los Angeles,Lexington,Dry Van,2267.2,4308.62,4316.3027,7.682734375000109,0.17831079034586736
2025-10-28,Mobile,Lexington,Reefer,490.2,1258.82,1253.6586,5.161430664062436,0.41002134253208855
2025-10-28,Fort Wayne,Atlanta,Dry Van,549.0,1200.85,1156.1101,44.73989257812491,3.725685354384387
2025-10-28,Toledo,Providence,Reefer,987.4,2207.48,2237.918,30.437968749999982,1.37885592394948
2025-10-28,Mobile,Reno,Flatbed,2069.7,3936.26,4082.8347,146.57471679687478,3.7237051616731307
2025-10-28,Bakersfield,Little Rock,Reefer,1640.8,3628.24,3449.497,178.74292968749978,4.926436224932744
2025-10-28,Harrisburg,Phoenix,Flatbed,2642.2,5167.12,5160.299,6.821171874999891,0.13201109854231932
2025-10-28,Fort Wayne,Hartford,Dry Van,807.5,1696.9,1614.8187,82.08127441406259,4.837130910133926
2025-10-28,Nashville,Fort Wayne,Dry Van,541.3,1179.5,1179.2664,0.233642578125,0.0198086119648156
2025-10-28,Green Bay,St. Louis,Dry Van,507.6,1083.36,1051.3688,31.9912255859374,2.952963519599893
2025-10-28,Kansas City,Jacksonville,Dry Van,746.6,1641.29,1577.0399,64.25008300781246,3.9146088142748976
2025-10-28,Houston,Montgomery,Dry Van,624.4,1458.78,1405.2428,53.53720214843747,3.669998364965072
2025-10-28,Lexington,Detroit,Reefer,534.0,1330.5,1311.1964,19.3035888671875,1.4508522260193537
2025-10-28,Oklahoma City,Baltimore,Flatbed,1766.6,3611.22,4135.8115,524.5915234375002,14.526711843573647
2025-10-28,Houston,Tulsa,Dry Van,235.1,595.09,502.32556,92.76443847656253,15.58830403410619
2025-10-28,Charleston,Bakersfield,Dry Van,2465.2,4372.61,4244.8804,127.72962890624967,2.921130146668687
2025-10-28,Philadelphia,Columbia,Flatbed,774.0,1745.58,1861.8163,116.23628417968757,6.658891839943605
2025-10-28,El Paso,Phoenix,Reefer,548.7,1307.46,1315.1637,7.703696289062464,0.5892108583866782
2025-10-28,Atlanta,Jacksonville,Reefer,282.3,751.16,745.1551,6.004909667968718,0.7994181889302836
2025-10-28,Las Vegas,Phoenix,Dry Van,383.6,916.19,911.9472,4.242795410156305,0.46309121581291046
2025-10-28,Milwaukee,Albuquerque,Flatbed,1408.6,2860.24,2959.8137,99.57372070312522,3.481306488375983
2025-10-28,Montgomery,Phoenix,Dry Van,2101.8,4115.49,3725.2864,390.2036230468748,9.481340570548703
2025-10-28,Bakersfield,Dallas,Dry Van,1473.1,2873.82,2845.2761,28.543876953125164,0.9932381622065809
2025-10-28,Philadelphia,New York,Dry Van,108.5,283.17,285.2455,2.075513916015609,0.7329568513668852
2025-10-28,Syracuse,Montgomery,Dry Van,1040.7,2125.82,2088.8765,36.943535156250164,1.7378486963266013
2025-10-28,Louisville,Hartford,Dry Van,975.2,1976.8,1980.3981,3.5980712890625455,0.18201493773080463
2025-10-29,Oklahoma City,Buffalo,Reefer,1518.9,3370.38,3251.6643,118.71569335937511,3.5223236952324397
2025-10-29,Oklahoma City,El Paso,Dry Van,823.5,1870.23,1802.257,67.97304199218752,3.6344750106771637
2025-10-29,Milwaukee,St. Louis,Reefer,152.1,484.6,423.4763,61.12371215820315,12.613229912959792
2025-10-29,Cincinnati,Montgomery,Dry Van,490.5,1121.9,1041.8431,80.05686035156259,7.135828536550726
2025-10-29,Milwaukee,Hartford,Reefer,1014.5,2270.61,2009.3821,261.2279199218751,11.50474629821392
2025-10-29,Albany,Tampa,Dry Van,1602.4,2892.34,2622.0166,270.32339843750015,9.346183313078688
2025-10-29,Buffalo,Baton Rouge,Flatbed,1283.9,2747.48,2684.842,62.63795898437502,2.2798331192356276
2025-10-29,Richmond,Lexington,Reefer,556.8,1363.85,1325.9528,37.89724121093741,2.7786956931434843
2025-10-29,Los Angeles,Shreveport,Dry Van,1737.9,3559.43,3421.8518,137.57819335937484,3.8651748555070573
2025-10-29,Fresno,Amarillo,Dry Van,1066.8,2250.61,2182.4524,68.15760742187513,3.0284059620225237
2025-10-29,Washington,Syracuse,Dry Van,327.0,731.72,664.3989,67.32107421875003,9.200387336515337
2025-10-29,Lexington,Memphis,Flatbed,341.3,888.94,927.70953,38.769533691406195,4.36132176428175
2025-10-29,Tucson,Milwaukee,Dry Van,1743.6,3390.51,3372.2517,18.25829101562522,0.5385116403026452
2025-10-29,Chattanooga,Birmingham,Flatbed,169.4,500.4,509.63245,9.232446289062523,1.845013247214733
2025-10-29,Reno,El Paso,Dry Van,731.6,1606.79,1522.7903,83.99971679687496,5.227796836977761
2025-10-29,Salt Lake City,Birmingham,Dry Van,1796.7,3778.61,3597.7063,180.90370117187513,4.787572709855612
2025-10-29,Grand Rapids,San Francisco,Dry Van,2319.7,4190.67,4178.0337,12.636308593750073,0.3015343272973074
2025-10-29,Philadelphia,Fort Wayne,Reefer,790.2,1783.42,1637.8281,145.59187500000007,8.163633636496174
2025-10-29,Mobile,Nashville,Flatbed,299.5,846.81,880.2796,33.469602050781305,3.952433491666526
2025-10-29,Las Vegas,Kansas City,Reefer,1674.0,3685.43,3630.3372,55.092841796874836,1.4948823284358905
2025-10-29,Bakersfield,Montgomery,Reefer,2063.5,880.04,4216.2324,3336.192421875,379.0955435974501
2025-10-29,Phoenix,Little Rock,Reefer,1691.5,3606.92,3562.19,44.73005859375007,1.2401178455233295
2025-10-29,Philadelphia,Memphis,Dry Van,1112.3,2312.14,2286.7866,25.353378906249873,1.096533034602138
2025-10-29,Charleston,Bakersfield,Reefer,2454.6,5152.2,5020.253,131.94707031249982,2.5609850221749895
2025-10-29,Tulsa,Baton Rouge,Dry Van,290.9,766.56,786.71216,20.152158203125055,2.6289081354525483
2025-10-29,St. Louis,Milwaukee,Dry Van,160.3,446.16,381.89856,64.26144042968753,14.403227637997023
2025-10-29,Oklahoma City,Jacksonville,Flatbed,959.7,2272.15,2212.7869,59.36313476562509,2.612641540638826
2025-10-29,El Paso,St. Louis,Dry Van,1398.3,2651.73,2713.8987,62.16868164062498,2.34445745383674
2025-10-29,Tucson,Jacksonville,Dry Van,2002.3,3767.08,3777.9436,10.863603515625073,0.2883826071021872
2025-10-29,Greensboro,Los Angeles,Flatbed,2399.3,4946.8,4869.689,77.11103515625018,1.5588064032556437
2025-10-29,Kansas City,Lexington,Dry Van,450.4,994.65,964.14166,30.508337402343727,3.067243492921503
2025-10-29,Kansas City,Tampa,Flatbed,944.0,2144.48,2138.312,6.167988281250018,0.287621627678972
2025-10-29,Albuquerque,Austin,Dry Van,856.3,1957.2,1792.7651,164.43486328125005,8.401536035216127
2025-10-29,Lubbock,Shreveport,Dry Van,564.1,1357.67,1303.6895,53.98054687500007,3.9759696299542653
2025-10-29,Columbia,New York,Reefer,749.1,1760.13,1758.1469,1.9831494140626091,0.11267062171899855
2025-10-29,Montgomery,Raleigh,Dry Van,689.0,1602.83,1595.349,7.481000976562427,0.4667370199311485
2025-10-29,Tulsa,Nashville,Reefer,484.8,1269.47,1247.8301,21.639921875000027,1.7046422424318832
2025-10-29,Milwaukee,Jacksonville,Dry Van,697.9,1527.82,1453.5337,74.28630859374994,4.862242187806806
2025-10-29,Mobile,Shreveport,Dry Van,286.4,757.91,769.9592,12.049228515625032,1.5897967457382847
2025-10-29,Memphis,Montgomery,Reefer,433.5,1174.09,1153.1835,20.906528320312418,1.7806580688288307
2025-10-29,Richmond,Louisville,Flatbed,675.2,1547.03,1244.441,302.5889599609375,19.559346616480447
2025-10-29,San Francisco,Lexington,Dry Van,2321.5,4199.93,4211.0273,11.097343749999709,0.26422687401932193
2025-10-29,Columbia,Madison,Dry Van,692.5,1434.93,1383.4556,51.474433593750064,3.5872435306077692
2025-10-29,New Orleans,Tucson,Dry Van,1469.7,2909.37,2779.9707,129.3992968749999,4.447674131341146
2025-10-29,Indianapolis,St. Louis,Flatbed,93.0,299.74,291.34238,8.397623291015634,2.8016358480735417
2025-10-29,Bakersfield,El Paso,Dry Van,453.6,996.52,977.73645,18.783549804687482,1.8849144828691329
2025-10-29,Chattanooga,Shreveport,Dry Van,424.6,1043.66,1011.23944,32.42055908203133,3.106429208940779
2025-10-29,Greensboro,Salt Lake City,Dry Van,2037.1,3939.96,3885.3154,54.644570312500036,1.3869321087650646
2025-10-29,Shreveport,Providence,Dry Van,1562.2,3087.48,2948.0862,139.39381835937502,4.51480878772899
2025-10-29,Bakersfield,Amarillo,Reefer,831.6,2012.77,2036.6348,23.864765625000018,1.1856677923955552
2025-10-29,Green Bay,Harrisburg,Flatbed,686.7,1537.05,1447.0846,89.96540527343745,5.853121581824759
2025-10-29,Shreveport,Philadelphia,Dry Van,1357.2,2731.05,2435.1028,295.9472167968752,10.836389549692433
2025-10-29,Savannah,Kansas City,Dry Van,734.7,1532.23,1450.1772,82.05275390625002,5.3551199171305885
2025-10-29,Los Angeles,Richmond,Dry Van,2782.4,15003.55,4752.4375,10251.1125,68.32457984943562
2025-10-29,Tucson,Albany,Dry Van,2847.6,5253.36,5131.7847,121.57533203124967,2.314239496841063
2025-10-29,St. Louis,New York,Dry Van,1041.1,472.91,2007.0425,1534.13248046875,324.402630620784
2025-10-29,Green Bay,Cincinnati,Dry Van,596.3,1301.4,1279.1753,22.22470703125009,1.7077537291570684
2025-10-29,Raleigh,Baltimore,Flatbed,405.4,1028.05,1049.8324,21.782397460937545,2.1188072040209662
2025-10-29,Washington,Shreveport,Dry Van,1129.3,2245.8,2241.771,4.029003906250182,0.17940172349497646
2025-10-29,Richmond,San Antonio,Dry Van,1579.2,3160.91,3061.419,99.49105468749985,3.1475446845212254
2025-10-29,Salt Lake City,Houston,Dry Van,1291.1,2737.09,2680.3901,56.699863281250146,2.0715381401872115
2025-10-29,Salt Lake City,Montgomery,Flatbed,1881.2,4073.56,3992.1304,81.42962890624995,1.9989794898381257
2025-10-29,Shreveport,Baltimore,Dry Van,1367.0,2729.05,2636.153,92.89692382812518,3.4040022655548703
2025-10-29,Shreveport,Harrisburg,Dry Van,1091.3,2164.35,2141.443,22.90688476562491,1.0583724797571978
2025-10-29,Toledo,Charleston,Dry Van,716.4,1457.56,1412.2777,45.282290039062445,3.1067187655439534
2025-10-29,Syracuse,Oklahoma City,Reefer,1650.7,3814.07,3341.4648,472.60515625000016,12.391098124837775
2025-10-29,Chattanooga,Dayton,Dry Van,406.9,934.1,910.5087,23.591271972656273,2.525561714233623
2025-10-29,Atlanta,Kansas City,Dry Van,491.2,1173.54,1149.0215,24.518515624999964,2.089278220171444
2025-10-29,San Francisco,Birmingham,Flatbed,2283.8,4781.72,4669.023,112.69705078125025,2.3568308219897913
2025-10-29,Savannah,New Orleans,Dry Van,672.2,1576.9,1476.8705,100.02951660156259,6.343428029777575
2025-10-29,El Paso,Milwaukee,Reefer,1471.7,3164.95,3159.812,5.137988281249818,0.1623402670263296
2025-10-29,Baltimore,Albany,Dry Van,513.7,1121.82,1081.6344,40.185600585937436,3.582179011422282
2025-10-29,Tucson,Lubbock,Dry Van,937.4,2021.99,1843.0414,178.9486181640625,8.850123797054511
2025-10-29,Indianapolis,Tampa,Dry Van,844.9,1802.15,1695.5891,106.56088867187509,5.9129866366215404
2025-10-29,Cincinnati,San Antonio,Dry Van,1054.5,2256.25,2137.2168,119.033203125,5.2757098337950135
2025-10-29,Tucson,Phoenix,Reefer,276.0,751.56,733.2368,18.323183593749945,2.4380200640999985
2025-10-29,Atlanta,Phoenix,Reefer,2107.5,4370.07,4267.1523,102.91765624999971,2.3550573846643124
2025-10-29,Tulsa,Lexington,Dry Van,737.8,1661.68,1716.3511,54.671074218749936,3.290108457630226
2025-10-29,Kansas City,Hartford,Dry Van,1173.4,2324.37,2316.5762,7.793828124999891,0.33530927197476695
2025-10-29,Lexington,Phoenix,Reefer,2159.5,4417.81,4469.917,52.1069921874996,1.1794756267811335
2025-10-29,Nashville,Baltimore,Reefer,1023.1,2238.49,2235.5864,2.9035742187497817,0.12971128835732043
2025-10-29,Providence,Columbia,Dry Van,910.8,1859.53,1559.3269,300.203095703125,16.144030787517544
2025-10-29,Tulsa,Greensboro,Reefer,841.8,2168.55,2052.4956,116.05439453125018,5.351704804189443
2025-10-29,Columbia,Lexington,Dry Van,225.5,555.65,444.50366,111.14633789062498,20.002940320458016
2025-10-29,Austin,San Antonio,Flatbed,105.9,327.27,386.75266,59.48265502929689,18.17540716512265
2025-10-29,Raleigh,Montgomery,Flatbed,693.1,1633.65,1612.0135,21.63645019531259,1.3244238481506192
2025-10-29,Fresno,Phoenix,Dry Van,467.2,1086.62,1000.7841,85.83588134765614,7.899346721729413
2025-10-29,Lexington,Nashville,Flatbed,263.2,748.27,749.7257,1.4557080078125182,0.19454314723462363
2025-10-29,Tulsa,Indianapolis,Dry Van,594.9,1375.77,1296.0344,79.73557617187498,5.795705399294575
2025-10-29,Oklahoma City,Kansas City,Dry Van,805.6,1783.98,1705.6431,78.33693359375002,4.391132949570624
2025-10-29,Kansas City,Toledo,Flatbed,467.7,1187.99,1158.1296,29.86036132812501,2.5135195858656223
2025-10-29,Memphis,Richmond,Dry Van,842.9,1710.9,1654.4838,56.41623535156259,3.2974595447754154
2025-10-29,Chattanooga,New York,Dry Van,944.2,1943.9,1868.385,75.51499023437509,3.884715789617526
2025-10-29,Oklahoma City,Corpus Christi,Reefer,337.2,966.33,943.11896,23.21104248046879,2.4019788768297365
2025-10-29,Oklahoma City,Baton Rouge,Dry Van,431.4,1018.54,1056.7261,38.186074218750036,3.7490991241139318
2025-10-29,Bakersfield,Phoenix,Flatbed,387.8,980.92,953.49664,27.42335693359371,2.7956772146142104
2025-10-29,Shreveport,Philadelphia,Dry Van,1374.0,2600.37,2078.566,521.8040820312499,20.066532148550014
2025-10-29,Philadelphia,Albuquerque,Reefer,2337.1,4798.37,4599.81,198.5599414062499,4.138070665793799
2025-10-29,Albany,Hartford,Dry Van,371.2,820.66,741.45233,79.20766845703122,9.65170331891785
2025-10-29,Reno,Milwaukee,Flatbed,1852.6,3789.3,3658.5737,130.72626953125018,3.4498791209788133
2025-10-29,Birmingham,Jacksonville,Dry Van,214.0,558.82,544.6486,14.1713793945313,2.535947066055492
2025-10-29,St. Louis,El Paso,Dry Van,1394.4,2854.93,2810.374,44.555976562499836,1.5606679169892026
2025-10-29,Houston,Grand Rapids,Dry Van,1140.7,2215.0,2260.586,45.5859375,2.0580558690744923
2025-10-29,Corpus Christi,Las Vegas,Flatbed,1383.3,11596.28,2817.6992,8778.58078125,75.70169727921368
2025-10-29,Tulsa,Montgomery,Dry Van,631.7,1390.99,1343.0946,47.89539550781251,3.4432595135703714
2025-10-29,Syracuse,Charleston,Reefer,746.7,1834.12,1770.5674,63.55261718749989,3.4650195836422855
2025-10-29,Tucson,Hartford,Dry Van,2719.2,4873.36,4704.376,168.98402343749967,3.467505446704115
2025-10-29,Montgomery,Richmond,Dry Van,832.3,1774.21,1706.7046,67.50541015625004,3.8048151096121674
2025-10-29,Richmond,Hartford,Dry Van,325.4,754.97,723.379,31.590971679687527,4.184400927147771
2025-10-29,Bakersfield,Austin,Reefer,1197.4,2991.48,2778.4648,213.01515625000002,7.120728076069371
2025-10-29,Memphis,Fort Wayne,Dry Van,518.3,1191.82,1119.5522,72.26775390624994,6.06364668374838
2025-10-29,Oklahoma City,Tulsa,Reefer,308.4,927.59,914.4599,13.130100097656282,1.4155068616151836
2025-10-29,Oklahoma City,Amarillo,Reefer,416.2,1161.51,1083.8068,77.70323730468749,6.689846605254152
2025-10-29,Tulsa,Toledo,Dry Van,979.8,2108.62,2045.5573,63.06274902343739,2.9907118885070516
2025-10-29,Baton Rouge,Chattanooga,Reefer,535.7,1375.06,1374.2494,0.8106103515624454,0.05895090771038685
2025-10-29,Mobile,Baltimore,Reefer,1151.6,2611.37,2608.2932,3.076787109374891,0.1178227179363664
2025-10-29,Syracuse,Memphis,Dry Van,1006.7,1993.97,2066.6445,72.67453124999997,3.644715379368795
2025-10-29,Cincinnati,Corpus Christi,Dry Van,940.9,1948.36,2239.6096,291.2496191406251,14.948449934335805
2025-10-29,San Antonio,Columbia,Flatbed,1145.7,2421.4,2582.73,161.3299804687499,6.662673679224825
2025-10-29,Baltimore,Richmond,Flatbed,270.6,699.65,665.0214,34.62857666015623,4.949414229994458
2025-10-29,Tucson,Green Bay,Flatbed,1922.3,3920.05,4109.4277,189.37773437499982,4.831003032486826
2025-10-29,Raleigh,Fresno,Dry Van,2815.5,5026.75,4895.3037,131.4462890625,2.6149358743223754
2025-10-29,Salt Lake City,Little Rock,Reefer,1395.2,3122.21,3038.8015,83.40848632812504,2.671456638987289
2025-10-29,Tucson,Detroit,Flatbed,2132.7,4301.42,4350.002,48.58195312499993,1.1294398855494214
2025-10-29,Fresno,Jacksonville,Dry Van,2339.5,4614.73,4566.2227,48.50734374999956,1.0511415348243465
2025-10-29,Salt Lake City,Memphis,Reefer,1557.7,3294.52,3277.2878,17.232158203124982,0.5230552008524757
2025-10-29,Charleston,Houston,Flatbed,1080.6,2559.98,2504.9202,55.05983398437502,2.1507915680737746
2025-10-29,Memphis,Cincinnati,Reefer,233.7,660.61,636.435,24.175002441406264,3.659496895506617
2025-10-29,Phoenix,Mobile,Reefer,1911.1,4203.68,4094.2776,109.40241210937529,2.6025390160377406
2025-10-29,Dallas,Tulsa,Dry Van,144.8,403.88,428.43973,24.55972778320313,6.080946762207371
2025-10-29,Dallas,Syracuse,Reefer,1396.3,3243.76,3565.6135,321.8535253906248,9.922236089927267
2025-10-29,Cincinnati,Jacksonville,Dry Van,463.8,1073.46,1062.2705,11.189492187500036,1.0423762587800232
2025-10-29,Tucson,Lexington,Flatbed,1912.3,4092.42,3997.5225,94.89753906250007,2.3188611887953843
2025-10-29,Raleigh,Reno,Dry Van,2609.2,4874.2,4824.766,49.43388671874982,1.014194877492713
2025-10-29,Boston,Shreveport,Reefer,1569.1,3464.06,3353.0593,111.00067382812495,3.2043519404434373
2025-10-29,Tulsa,Albany,Dry Van,1723.4,3399.68,3352.8545,46.825507812499836,1.3773504509983245
2025-10-29,Nashville,Cincinnati,Flatbed,182.8,539.46,529.40234,10.057656250000036,1.8643933285137053
2025-10-29,Little Rock,Boston,Dry Van,1527.8,3160.75,3037.5552,123.19482421875,3.8976453126235864
2025-10-29,St. Louis,Charleston,Reefer,758.8,1856.54,1823.1426,33.397421874999964,1.7989066691264377
2025-10-29,San Antonio,Albuquerque,Dry Van,910.4,2012.18,1904.2439,107.93610351562506,5.364137577931649
2025-10-29,Bakersfield,Lubbock,Dry Van,1225.8,2564.63,2535.9866,28.64342773437511,1.1168639427276101
2025-10-29,Bakersfield,Fort Wayne,Reefer,2070.0,4277.21,4247.039,30.170937500000036,0.7053882671180521
2025-10-29,Cincinnati,Lexington,Dry Van,138.3,385.1,375.1487,9.951287841796898,2.584078899453881
2025-10-29,Phoenix,Oklahoma City,Dry Van,1238.6,2471.08,2460.3376,10.742353515624927,0.4347230164796335
2025-10-29,New York,Syracuse,Dry Van,310.5,688.18,617.05273,71.12726562499995,10.335561281205493
2025-10-29,Baton Rouge,Boston,Dry Van,1667.7,3398.73,3320.876,77.85402343750002,2.290679855048798
2025-10-29,Kansas City,Albuquerque,Reefer,1248.2,2907.44,2892.047,15.392880859375055,0.5294307314811331
2025-10-29,San Francisco,Hartford,Flatbed,3092.4,5797.06,5803.1997,6.1397070312496,0.10591070355058599
2025-10-29,Nashville,Detroit,Dry Van,707.8,1385.22,1388.9497,3.7297070312499727,0.2692501574659601
2025-10-29,Grand Rapids,Phoenix,Dry Van,2260.1,4146.93,3980.2058,166.7241894531253,4.0204244936163684
2025-10-29,Shreveport,Green Bay,Dry Van,997.8,2093.42,2094.8342,1.4142285156249272,0.06755589015223544
2025-10-29,Buffalo,Tucson,Dry Van,2424.6,4355.51,4201.658,153.85179687500022,3.5323486084293276
2025-10-29,Hartford,Grand Rapids,Dry Van,925.1,1774.25,1780.6672,6.417236328125,0.36168726662674366
2025-10-29,Milwaukee,New Orleans,Flatbed,657.5,1606.38,1482.9724,123.40758789062511,7.682340908790268
2025-10-29,Lubbock,Birmingham,Dry Van,968.5,2087.61,2010.2296,77.38038574218763,3.7066495055200743
2025-10-29,San Antonio,Indianapolis,Dry Van,961.3,2068.13,1921.9907,146.1392773437501,7.066251993044446
2025-10-29,Toledo,Savannah,Dry Van,697.8,1393.76,1409.8086,16.04859375000001,1.1514603482665602
2025-10-29,Phoenix,San Antonio,Dry Van,1202.4,2581.13,2499.6287,81.50133789062511,3.1575836122405736
2025-10-29,Fort Wayne,Columbia,Flatbed,592.5,1378.94,1348.0851,30.854916992187555,2.2375822727738375
2025-10-29,Providence,El Paso,Dry Van,2671.6,5279.51,5005.669,273.8410546875002,5.186864968292515
2025-10-29,Fort Wayne,Salt Lake City,Dry Van,1836.2,3453.76,3409.636,44.12401367187522,1.2775645578116377
2025-10-29,Syracuse,Tucson,Dry Van,2512.9,4502.62,4366.523,136.0970507812499,3.0226190702579805
2025-10-29,Fresno,New Orleans,Flatbed,1835.1,4087.37,4043.4482,43.92175781249989,1.0745725934402781
2025-10-29,New York,Toledo,Reefer,668.5,1532.92,1454.7098,78.21016113281257,5.102038014561266
2025-10-30,Corpus Christi,Memphis,Dry Van,724.1,1647.93,1686.9534,39.023369140624936,2.3680234682677623
2025-10-30,Bakersfield,Charleston,Dry Van,2500.5,4892.67,4796.3394,96.33064453125007,1.9688768000141041
2025-10-30,Corpus Christi,San Antonio,Flatbed,206.5,601.03,597.4856,3.5444042968749727,0.5897216939046258
2025-10-30,Bakersfield,Kansas City,Dry Van,1738.4,3349.82,3244.7915,105.02849609375016,3.135347454303519
2025-10-30,Dallas,Lexington,Reefer,768.6,1898.3,1898.3135,0.013476562500045475,0.0007099279618630077
2025-10-30,Memphis,Buffalo,Dry Van,868.7,1840.18,1813.2614,26.918647460937564,1.4628268680747298
2025-10-30,Jacksonville,Fort Wayne,Dry Van,765.2,1635.87,1564.3318,71.53821289062489,4.373098894815902
2025-10-30,Syracuse,Louisville,Dry Van,794.9,1709.94,1612.2598,97.68023437500005,5.7124948463104
2025-10-30,Syracuse,Little Rock,Reefer,1178.2,2658.31,2609.9385,48.371523437499945,1.8196344082330482
2025-10-30,Memphis,Philadelphia,Reefer,1125.7,552.14,2480.7246,1928.5846093750001,349.29268109084654
2025-10-30,Fort Wayne,Milwaukee,Dry Van,246.5,602.47,597.81647,4.653532714843777,0.7724090352787321
2025-10-30,Milwaukee,Los Angeles,Dry Van,2087.6,4068.07,3818.1045,249.96550781250016,6.1445724339183
2025-10-30,Richmond,San Antonio,Dry Van,1580.2,3247.49,3068.8608,178.62916015624978,5.5005299525556595
2025-10-30,Little Rock,Baton Rouge,Dry Van,328.1,864.68,809.7675,54.9124829101562,6.350613280075428
2025-10-30,Phoenix,Oklahoma City,Dry Van,1261.3,8276.0,2620.005,5655.9951171875,68.342135297094
2025-10-30,Amarillo,Nashville,Reefer,1107.4,2573.87,2512.8381,61.03186523437489,2.371210093531332
2025-10-30,Los Angeles,Philadelphia,Dry Van,3104.8,5530.61,5603.7227,73.11265625000033,1.3219636938782582
2025-10-30,Richmond,New Orleans,Dry Van,1113.4,2292.7,2241.4053,51.29472656249982,2.2373065190604886
2025-10-30,Harrisburg,Greensboro,Reefer,446.9,1110.85,1124.5233,13.673315429687591,1.2308876472689916
2025-10-30,Greensboro,Madison,Dry Van,646.4,1352.21,1198.2633,153.94669433593754,11.384821465300325
2025-10-30,Charleston,Little Rock,Dry Van,824.9,1856.57,1813.5988,42.971245117187436,2.3145502252641936
2025-10-30,Tampa,Savannah,Flatbed,551.2,1369.62,1335.6704,33.94958984374989,2.478759790580591
2025-10-30,Columbia,Tulsa,Dry Van,776.6,1781.06,1725.4624,55.597597656249945,3.121601611189401
2025-10-30,Lexington,Philadelphia,Flatbed,793.5,1756.84,1829.9407,73.10067382812508,4.1609181159425495
2025-10-30,Hartford,Boston,Reefer,183.4,535.76,486.3395,49.420491943359366,9.22437134973857
2025-10-30,Savannah,Hartford,Dry Van,822.7,1799.38,1725.3102,74.06981933593761,4.116407836918139
2025-10-30,San Antonio,Houston,Reefer,284.2,822.11,817.9856,4.124404296875014,0.5016852120610397
2025-10-30,Reno,Charleston,Flatbed,2592.4,5216.72,5015.8926,200.82742187500025,3.849687579072679
2025-10-30,Nashville,Bakersfield,Reefer,1935.7,4313.84,4198.8613,114.97867187500015,2.665343913427483
2025-10-30,Greensboro,Indianapolis,Dry Van,447.5,1055.51,1045.3707,10.139272460937491,0.9606041118452209
2025-10-30,Fresno,Louisville,Reefer,2151.8,4646.88,4535.281,111.59923828125011,2.4015950117336815
2025-10-30,Las Vegas,Corpus Christi,Dry Van,1417.6,2993.39,2856.1614,137.22862304687487,4.584388370605731
2025-10-30,Greensboro,San Antonio,Dry Van,1175.7,2374.26,2389.3254,15.065439453124782,0.634531999575648
2025-10-30,Syracuse,Columbia,Dry Van,778.2,1670.64,1598.5454,72.0945898437501,4.315387506808774
2025-10-30,Richmond,Oklahoma City,Flatbed,1530.9,3188.2,3072.6133,115.58671874999982,3.625453821905772
2025-10-30,Cincinnati,Salt Lake City,Dry Van,1696.3,3388.71,3457.0244,68.31441406249996,2.0159415843344504
2025-10-30,San Antonio,Bakersfield,Dry Van,1311.1,2595.54,2583.9697,11.570273437499964,0.4457751927344585
2025-10-30,Buffalo,Grand Rapids,Reefer,497.4,1173.21,1141.5491,31.660927734375036,2.6986581885915593
2025-10-30,Jacksonville,San Francisco,Reefer,2523.5,5443.58,5405.839,37.74113281249993,0.6933145616028409
2025-10-30,Grand Rapids,Charleston,Dry Van,842.1,1735.58,1627.2689,108.31107910156243,6.240627288950232
2025-10-30,San Antonio,Greensboro,Reefer,1184.3,2720.24,2686.7356,33.50440429687478,1.231670892894553
2025-10-30,Memphis,Greensboro,Dry Van,461.9,1102.45,1087.4908,14.959155273437545,1.35690101804504
2025-10-30,Atlanta,Mobile,Reefer,288.2,811.26,849.65326,38.39325927734376,4.7325468132711785
2025-10-30,Reno,Hartford,Dry Van,2851.8,5264.69,5096.9287,167.7612890624996,3.186536891298436
2025-10-30,Kansas City,Washington,Dry Van,900.4,1822.65,1854.2964,31.64638671874991,1.7362843507393029
2025-10-30,Hartford,Charleston,Flatbed,672.6,1566.62,1430.5327,136.0872851562499,8.686681208988134
2025-10-30,San Francisco,Mobile,Dry Van,2240.8,4492.79,4390.6562,102.13374999999996,2.2732811905297146
2025-10-30,Tulsa,Cincinnati,Dry Van,619.3,1375.3,1327.1815,48.118481445312455,3.4987625569193965
2025-10-30,Indianapolis,Salt Lake City,Dry Van,1582.9,3265.76,3204.0198,61.74022460937522,1.8905315947704429
2025-10-30,Corpus Christi,Tucson,Flatbed,1210.4,2802.67,2786.2263,16.443681640625073,0.5867148697715062
2025-10-30,Oklahoma City,St. Louis,Dry Van,789.8,1773.38,1674.5181,98.86193359375011,5.574774362728243
2025-10-30,Tulsa,Lubbock,Dry Van,464.1,1114.11,1189.4907,75.3807226562501,6.766003595358637
2025-10-30,Shreveport,Corpus Christi,Flatbed,409.2,1134.89,1148.8131,13.9231103515624,1.226824657152887
2025-10-30,Kansas City,Shreveport,Dry Van,570.8,1262.99,1259.5912,3.398813476562509,0.2691085025663314
2025-10-30,Atlanta,Richmond,Flatbed,670.3,370.24,1388.0692,1017.8292138671875,274.9106562951565
2025-10-30,Hartford,Philadelphia,Flatbed,78.2,246.59,226.03748,20.552524414062503,8.334695005500022
2025-10-30,New York,Little Rock,Reefer,1307.3,3005.3,3055.292,49.99199218749982,1.6634609585565439
2025-10-30,Amarillo,Oklahoma City,Flatbed,418.8,1154.41,1166.8683,12.458286132812418,1.0791907669556238
2025-10-30,Washington,Greensboro,Dry Van,432.2,1009.87,985.56146,24.308537597656255,2.407095724960268
2025-10-30,Atlanta,Baton Rouge,Dry Van,579.2,1327.71,1172.2959,155.41410156250004,11.705425248171666
2025-10-30,Nashville,Greensboro,Reefer,369.6,1000.75,997.9168,2.83319091796875,0.2831067617255808
2025-10-30,Baltimore,Phoenix,Dry Van,2979.0,5532.34,5411.8286,120.51138671875015,2.178307673041609
2025-10-30,Atlanta,Albany,Dry Van,1190.3,2247.46,2339.7249,92.26485351562496,4.1052945776843615
2025-10-30,Columbia,Albuquerque,Dry Van,1728.6,3451.23,3308.673,142.55690429687502,4.130611529711872
2025-10-30,Washington,Memphis,Dry Van,862.6,1851.58,1765.9172,85.66276367187493,4.62646840384293
2025-10-30,Lexington,Mobile,Dry Van,500.7,1212.03,1176.0734,35.95663574218747,2.96664568881855
2025-10-30,Greensboro,Buffalo,Dry Van,542.9,1197.57,1181.725,15.845024414062436,1.3230979745703748
2025-10-30,Albany,New York,Reefer,363.5,958.18,945.577,12.60297363281245,1.3153033493511084
2025-10-30,Oklahoma City,Richmond,Reefer,1500.1,3469.99,3424.765,45.22510742187478,1.3033209727369468
2025-10-30,Phoenix,Milwaukee,Reefer,1994.0,4434.45,4226.8833,207.56669921874982,4.680776628866034
2025-10-30,Fresno,Albuquerque,Dry Van,699.6,1591.71,1520.6229,71.08707519531254,4.466082087523012
2025-10-30,Mobile,Shreveport,Reefer,306.2,859.86,864.7862,4.926193847656236,0.5729065019487168
2025-10-30,Lexington,Lubbock,Dry Van,1142.3,2463.27,2312.7214,150.54856445312498,6.1117362064704635
2025-10-30,Toledo,Syracuse,Dry Van,465.5,1022.08,1013.5449,8.535078125000041,0.8350694784165663
2025-10-30,Hartford,Baton Rouge,Dry Van,1524.9,3134.03,3014.6968,119.3332226562502,3.807660509192643
2025-10-30,Lexington,Fort Wayne,Dry Van,370.3,864.61,806.2324,58.377578125000014,6.75189717040053
2025-10-30,Baton Rouge,Richmond,Reefer,1183.7,2620.82,2667.7607,46.940742187499836,1.7910708170534348
2025-10-30,Lexington,Phoenix,Dry Van,2129.3,4171.25,3482.3552,688.894775390625,16.51530777082709
2025-10-30,Albany,Indianapolis,Dry Van,1194.3,2395.25,2346.2747,48.975341796875,2.0446860159430122
2025-10-30,Richmond,Shreveport,Dry Van,1148.3,2551.54,2432.458,119.08199218749996,4.667063506255045
2025-10-30,New York,El Paso,Dry Van,2456.1,4757.71,4505.6787,252.03128906250004,5.297323482568295
2025-10-30,Lexington,Columbia,Dry Van,226.1,598.72,588.3205,10.399504394531277,1.7369562390652187
2025-10-30,Hartford,Baton Rouge,Dry Van,1514.9,3021.06,2943.5125,77.54754882812495,2.5668986656380524
2025-10-30,San Francisco,Phoenix,Dry Van,658.0,1477.27,1313.859,163.41099121093748,11.061687518932727
2025-10-30,Birmingham,Mobile,Dry Van,201.6,541.2,527.11664,14.083361816406295,2.6022471944579255
2025-10-30,Baltimore,Harrisburg,Reefer,392.2,987.59,903.56757,84.02243408203128,8.507825522942849
2025-10-30,Los Angeles,Mobile,Flatbed,2008.7,4243.72,4866.299,622.5788281249997,14.670591559410134
2025-10-30,Albany,St. Louis,Reefer,1221.1,2664.27,2620.8738,43.39622070312498,1.628822180301733
2025-10-30,Houston,Reno,Reefer,1689.1,3933.12,3638.488,294.6319628906249,7.491049418543673
2025-10-30,Columbia,Hartford,Reefer,839.9,1857.61,1703.0133,154.5966943359374,8.322343997714128
2025-10-30,El Paso,Green Bay,Dry Van,1633.8,3134.32,2939.037,195.28289062500016,6.230470744052941
2025-10-30,Baton Rouge,Green Bay,Dry Van,1149.2,2388.37,2304.7488,83.62122070312489,3.5011836818886892
2025-10-30,Fresno,Mobile,Flatbed,2116.3,4577.61,4437.6587,139.95130859374967,3.057300831520153
2025-10-30,Jacksonville,Memphis,Dry Van,446.0,1091.78,1116.5378,24.757841796875027,2.2676584840237988
2025-10-30,Bakersfield,Toledo,Reefer,2161.5,4815.8,4460.0825,355.7174804687502,7.386467055707259
2025-10-30,Atlanta,Nashville,Reefer,136.8,104.38,435.46646,331.08646118164063,317.19339067028227
2025-10-30,Hartford,Grand Rapids,Dry Van,915.4,1834.95,1775.3856,59.564379882812545,3.2461037021615056
2025-10-30,Hartford,Salt Lake City,Dry Van,2619.5,4610.22,4608.9937,1.2263476562502547,0.026600631992621925
2025-10-30,Los Angeles,Columbia,Reefer,2408.8,5077.85,4784.9834,292.86660156250036,5.767531564786284
2025-10-30,Baltimore,Grand Rapids,Dry Van,946.8,1871.61,1857.1871,14.4228662109374,0.7706127991909318
2025-10-30,Syracuse,Greensboro,Dry Van,651.2,1281.55,1305.2413,23.691333007812545,1.8486467955064214
2025-10-30,Green Bay,Kansas City,Dry Van,467.6,998.55,992.0459,6.5041015624999545,0.6513546204496474
2025-10-30,Bakersfield,Atlanta,Dry Van,2058.6,4007.09,3839.7163,167.37369140625015,4.176938661378959
2025-10-30,Madison,Tucson,Reefer,1752.5,3863.28,3809.9802,53.2997753906252,1.3796508508476009
2025-10-30,Lubbock,Tulsa,Reefer,471.5,1317.88,1260.0415,57.83849609375011,4.388752852592809
2025-10-30,Grand Rapids,Raleigh,Dry Van,878.1,1839.63,1740.3828,99.24718750000011,5.394953740697863
2025-10-30,Boston,Atlanta,Flatbed,1131.3,2338.56,2424.571,86.01104492187505,3.6779490336735026
2025-10-30,San Antonio,Jacksonville,Reefer,982.4,2331.19,2309.068,22.121884765625055,0.9489524562830596
2025-10-30,Los Angeles,Savannah,Reefer,2449.0,5356.55,5309.4136,47.13642578125018,0.8799773320747529
2025-10-30,Buffalo,San Francisco,Reefer,2735.6,5369.38,5112.2764,257.1036328125001,4.788329989915039
2025-10-30,Little Rock,Harrisburg,Reefer,1012.2,2288.61,2302.5125,13.902451171874873,0.6074626595127555
2025-10-30,Corpus Christi,Oklahoma City,Dry Van,347.5,858.63,731.80316,126.82683837890625,14.770837075213567
2025-10-30,Cincinnati,New York,Reefer,858.1,2020.71,1936.8225,83.88749023437504,4.151386900365468
2025-10-30,Bakersfield,Oklahoma City,Reefer,1230.4,2982.91,2900.5962,82.31380859374985,2.759513649213347
2025-10-30,Philadelphia,Bakersfield,Dry Van,2768.3,5281.62,5257.079,24.54089843749989,0.46464718093122737
2025-10-30,Chattanooga,Philadelphia,Reefer,986.6,2309.11,2300.3176,8.792373046875127,0.3807689129957051
2025-10-30,Little Rock,Charleston,Reefer,856.0,2099.94,2081.256,18.683896484375055,0.8897347773924518
2025-10-30,Phoenix,Memphis,Dry Van,1900.7,3771.54,3793.7437,22.203652343750036,0.5887158122080115
2025-10-30,Richmond,El Paso,Dry Van,2190.0,4121.98,4005.3665,116.61354492187456,2.829066247819606
2025-10-30,Milwaukee,Indianapolis,Reefer,113.4,371.98,327.8549,44.12511108398439,11.862226755197696
2025-10-30,Kansas City,Philadelphia,Flatbed,1151.3,2543.77,2517.2712,26.498759765624982,1.041712095261167
2025-10-30,Green Bay,Richmond,Dry Van,839.3,1651.48,1850.8308,199.35081054687498,12.071039948826204
2025-10-30,Bakersfield,Los Angeles,Flatbed,397.6,947.08,936.004,11.075971679687541,1.1694863876005765
2025-10-30,Los Angeles,St. Louis,Flatbed,1986.6,4036.76,4102.8633,66.10328124999978,1.6375331020422264
2025-10-30,Atlanta,Fort Wayne,Reefer,530.2,1362.09,1341.2616,20.828403320312418,1.5291502999296978
2025-10-30,Buffalo,Grand Rapids,Reefer,480.5,1137.26,1128.7776,8.482412109374991,0.7458639281584678
2025-10-30,Shreveport,Los Angeles,Dry Van,1704.6,3282.64,3220.577,62.06309570312487,1.8906458126119488
2025-10-30,Lexington,Syracuse,Dry Van,692.5,1449.52,1366.2188,83.30124999999998,5.7468161874275605
2025-10-30,Hartford,Mobile,Dry Van,1196.3,2360.09,2340.2852,19.804843750000146,0.8391562927685022
2025-10-30,Fresno,Albany,Flatbed,3094.9,6393.83,6176.2715,217.55851562499993,3.402632156704197
2025-10-30,Oklahoma City,Shreveport,Dry Van,457.0,1120.44,1114.3329,6.107114257812555,0.5450639264764338
2025-10-30,Baltimore,Grand Rapids,Flatbed,919.6,1973.74,1915.082,58.65796875000001,2.9719197437352443
2025-10-30,Birmingham,Shreveport,Flatbed,396.9,1009.07,1029.938,20.86798828124995,2.0680416899967247
2025-10-30,Lubbock,Phoenix,Dry Van,1122.2,2420.89,2394.6658,26.224228515624873,1.083247422048291
2025-10-30,Bakersfield,Syracuse,Dry Van,2558.4,4697.23,4768.471,71.24119140625044,1.516663893534071
2025-10-30,Cincinnati,Amarillo,Dry Van,1225.6,2639.31,2548.4385,90.87152343749995,3.443003036304941
2025-10-30,Lexington,Montgomery,Flatbed,479.5,1199.51,1206.3358,6.825815429687509,0.569050314685789
2025-10-30,Columbia,Louisville,Reefer,363.1,975.31,902.5937,72.7163110351562,7.455712648814859
2025-10-30,Tucson,Jacksonville,Dry Van,2007.6,4067.77,3989.3323,78.43772460937498,1.9282733441019277
2025-10-30,Savannah,Memphis,Reefer,511.7,1296.79,1276.689,20.101035156249964,1.5500609317044367
2025-10-30,Hartford,El Paso,Dry Van,2464.2,4760.41,4611.2144,149.19564453124985,3.13409232673761
2025-10-30,Charleston,Memphis,Dry Van,672.1,1544.73,1436.2288,108.50124023437502,7.023961484167137
2025-10-30,Baltimore,Toledo,Reefer,786.1,1814.99,1759.2251,55.76490234375001,3.07246333829663
2025-10-30,Montgomery,Atlanta,Dry Van,305.8,734.35,764.2131,29.863073730468727,4.066599541154589
2025-10-30,Tampa,Lexington,Dry Van,717.5,1613.34,1551.6385,61.70145019531242,3.8244542498984977
2025-10-30,Little Rock,Raleigh,Flatbed,970.7,2255.27,2251.7517,3.518291015624982,0.15600309566592832
2025-10-30,Tampa,Tucson,Dry Van,1881.6,3558.09,3630.5034,72.41341796874985,2.0351766809931693
2025-10-30,Hartford,Greensboro,Reefer,741.1,1782.82,1598.4822,184.33782226562494,10.339676594699686
2025-10-30,Memphis,Atlanta,Flatbed,239.2,227.15,688.16486,461.0148559570313,202.9561329328775
2025-10-30,Mobile,Oklahoma City,Dry Van,711.6,1677.55,1601.8821,75.66791992187495,4.510620841219335
2025-10-30,Baton Rouge,Richmond,Dry Van,1240.0,2600.14,2629.2798,29.139785156250127,1.1207006221299671
2025-10-30,Lexington,Shreveport,Dry Van,631.4,1440.59,1510.5983,70.00826660156258,4.859694056016117
2025-10-30,El Paso,Raleigh,Flatbed,2145.7,4466.72,4600.635,133.91476562499975,2.9980559700406504
2025-10-30,Louisville,Raleigh,Dry Van,675.7,1518.01,1333.6088,184.4012353515625,12.147563939075665
2025-10-30,Richmond,Memphis,Dry Van,849.4,1753.32,1712.8873,40.432670898437436,2.306063405336016
2025-10-30,Mobile,Cincinnati,Flatbed,459.3,1163.6,1249.7174,86.11740722656259,7.40094596309407
2025-10-30,Reno,Lexington,Reefer,2139.6,4403.34,4360.6626,42.677402343750146,0.9692052474655636
2025-10-30,Memphis,Buffalo,Reefer,855.8,2043.4,2047.718,4.318017578124909,0.21131533611260198
2025-10-30,Fort Wayne,Phoenix,Dry Van,2250.4,4158.35,4025.8906,132.45937500000036,3.185383024516944
2025-10-30,Lubbock,Fort Wayne,Dry Van,1311.1,2463.2,2482.651,19.450878906250182,0.7896589357847589
2025-10-30,Dayton,Oklahoma City,Reefer,1084.1,2390.13,2426.4375,36.30749999999989,1.519059632739637
2025-10-30,Cincinnati,Baltimore,Dry Van,908.7,1819.36,1863.945,44.5849462890626,2.4505840674227533
2025-10-30,Atlanta,Bakersfield,Dry Van,2041.1,3985.1,3806.0388,179.0611816406249,4.4932669604432744
2025-10-30,Kansas City,Harrisburg,Dry Van,811.8,1612.1,1626.7496,14.649633789062591,0.9087298423833876
2025-10-30,Jacksonville,Chattanooga,Dry Van,323.5,766.77,679.8871,86.88291503906248,11.331026910163738
2025-10-30,Madison,Grand Rapids,Dry Van,278.0,673.77,593.89124,79.87876464843748,11.855494404386882
2025-10-30,Chattanooga,Syracuse,Reefer,890.4,1927.01,1880.3024,46.70763183593749,2.423839618680624
2025-10-30,Nashville,Birmingham,Reefer,196.7,611.85,643.1194,31.269384765624977,5.110629200886652
2025-10-30,Houston,Reno,Dry Van,1732.4,3137.04,3144.377,7.336953125000036,0.23388140173539507
2025-10-30,Oklahoma City,Washington,Reefer,1481.0,3474.52,3453.3691,21.150859374999982,0.6087419089543298
2025-10-30,Phoenix,San Francisco,Dry Van,668.3,1465.84,1403.8374,62.00259765624992,4.229833928413055
2025-10-30,Oklahoma City,New York,Dry Van,1730.4,3234.9,3143.834,91.06601562500009,2.8151106873473704
2025-10-30,Nashville,Savannah,Flatbed,409.9,1037.63,1053.381,15.75098144531239,1.5179766819880294
2025-10-30,Los Angeles,Little Rock,Reefer,1722.4,9939.89,3849.8462,6090.043808593749,61.26872438823517
2025-10-30,Oklahoma City,Columbia,Flatbed,1046.0,2533.96,2498.2578,35.702187500000036,1.4089483456723877
2025-10-30,Bakersfield,Harrisburg,Reefer,2536.4,5043.29,4865.018,178.27193359374996,3.534834078424004
2025-10-30,Columbia,Memphis,Dry Van,451.6,1019.9,998.8704,21.029577636718727,2.061925447271176
2025-10-31,Jacksonville,San Antonio,Dry Van,992.1,2182.09,2146.8572,35.232822265625146,1.61463653037341
2025-10-31,Columbia,Toledo,Dry Van,594.5,1312.38,1273.261,39.11901367187511,2.9807688071957137
2025-10-31,Syracuse,Richmond,Dry Van,386.6,863.6,822.6295,40.97048339843752,4.744150462996471
2025-10-31,Amarillo,Indianapolis,Dry Van,1088.0,2233.22,2192.7778,40.4421679687498,1.8109352400905332
2025-10-31,Fort Wayne,Albany,Flatbed,894.5,1987.95,1866.9202,121.02983398437505,6.088172941189418
2025-10-31,Lubbock,Charleston,Flatbed,1405.0,2865.04,2789.7104,75.32955078124996,2.6292669834016267
2025-10-31,Phoenix,Baltimore,Dry Van,2958.8,5261.3,5476.448,215.14824218749982,4.089260110381461
2025-10-31,Raleigh,Green Bay,Dry Van,969.9,1956.59,1916.3433,40.24673828124992,2.056983746275404
2025-10-31,Cincinnati,Greensboro,Flatbed,281.0,718.63,724.17596,5.5459643554687545,0.7717412793048933
2025-10-31,Savannah,San Francisco,Dry Van,2639.4,5079.05,4987.9956,91.05439453125018,1.792744598522365
2025-10-31,Greensboro,Lexington,Dry Van,185.1,477.89,468.52832,9.361679687499986,1.95896120184561
2025-10-31,Lubbock,Bakersfield,Dry Van,1220.6,2529.12,2504.9978,24.12219726562489,0.9537782812055138
2025-10-31,Houston,Albany,Flatbed,1829.0,3755.65,3854.8184,99.16835937499991,2.6405112131055852
2025-10-31,Madison,Austin,Reefer,1188.3,2813.02,2728.9116,84.10837890624998,2.9899673271519567
2025-10-31,Tucson,Bakersfield,Flatbed,316.5,798.38,797.9281,0.45189941406249545,0.05660204590076097
2025-10-31,Corpus Christi,Madison,Dry Van,1139.5,772.61,2332.5723,1559.9622656249999,201.90811219438007
2025-10-31,Memphis,Oklahoma City,Dry Van,706.5,1628.64,1550.2267,78.4133154296876,4.814649979718514
2025-10-31,Kansas City,Green Bay,Dry Van,451.6,1037.85,995.52856,42.32143554687491,4.0777988675506975
2025-10-31,Atlanta,Amarillo,Reefer,1232.0,3006.47,2703.6006,302.8694140624998,10.07392104569478
2025-10-31,Atlanta,Shreveport,Dry Van,470.7,1162.01,1113.7555,48.25450683593749,4.152675694351812
2025-10-31,Syracuse,Savannah,Dry Van,855.0,1648.06,1670.2794,22.219418945312555,1.348216627144191
2025-10-31,Nashville,Mobile,Dry Van,284.4,734.99,715.89557,19.09443115234376,2.597917135245889
2025-10-31,Little Rock,Oklahoma City,Dry Van,488.1,1236.93,1131.2056,105.72443359375006,8.547325523170272
2025-10-31,Greensboro,Salt Lake City,Dry Van,2013.7,3562.85,3762.676,199.8260253906251,5.608600569505455
2025-10-31,Atlanta,Madison,Flatbed,614.2,1502.63,1440.9357,61.69433105468761,4.105756643663949
2025-10-31,Montgomery,Los Angeles,Dry Van,2139.5,3933.98,3839.0645,94.91554687500002,2.412710457984027
2025-10-31,Shreveport,Cincinnati,Dry Van,538.3,1191.61,1185.0746,6.5354150390624,0.5484525171039518
2025-10-31,Boston,Jacksonville,Reefer,1150.4,2620.28,2783.5256,163.2456347656248,6.2300836080733655
2025-10-31,Buffalo,Hartford,Dry Van,451.4,997.09,974.32245,22.767551269531282,2.283399820430581
2025-10-31,New Orleans,Houston,Flatbed,257.2,739.26,755.288,16.02802490234376,2.168117428556091
2025-10-31,Phoenix,El Paso,Dry Van,546.6,1152.24,1171.3424,19.10240722656249,1.657849686398883
2025-10-31,Hartford,Madison,Dry Van,1115.4,2145.81,2131.6846,14.125429687499945,0.6582796094481779
2025-10-31,Green Bay,Houston,Dry Van,1215.3,2506.8,2495.1968,11.603222656250182,0.4628699001216763
2025-10-31,Syracuse,New York,Dry Van,308.7,703.44,642.88904,60.550961914062555,8.607836050560467
2025-10-31,Lexington,Providence,Reefer,1035.4,2371.11,2086.2554,284.8546289062501,12.013556052070554
2025-10-31,New York,Milwaukee,Dry Van,904.6,1782.08,1773.2837,8.796308593749927,0.49359785159756736
2025-10-31,Grand Rapids,Richmond,Flatbed,759.7,1711.56,1568.8713,142.68866210937495,8.336760739289009
2025-10-31,Hartford,New York,Dry Van,131.1,355.88,330.10922,25.77077758789062,7.241423397743796
2025-10-31,Raleigh,Richmond,Dry Van,242.2,577.77,546.2835,31.486491699218732,5.449658462574853
2025-10-31,Milwaukee,El Paso,Flatbed,1533.1,3135.27,3113.5098,21.760234374999982,0.6940465853020628
2025-10-31,Raleigh,Albuquerque,Dry Van,2085.8,3874.49,3831.7288,42.76124023437478,1.1036611330620232
2025-10-31,Dayton,Grand Rapids,Flatbed,298.3,746.12,749.0541,2.9340771484374955,0.3932446722293325
2025-10-31,Las Vegas,Amarillo,Flatbed,744.3,1646.65,1566.542,80.10800781250009,4.8649080139981224
2025-10-31,El Paso,Nashville,Reefer,1547.4,3529.14,3364.4756,164.66441406249987,4.665851002298007
2025-10-31,Hartford,Dayton,Flatbed,835.6,1892.15,1735.8077,156.3422607421876,8.262677945310234
2025-10-31,Mobile,Detroit,Dry Van,989.7,2033.55,2069.484,35.933886718750045,1.7670520380000516
2025-10-31,Nashville,Columbia,Flatbed,329.6,854.46,842.2502,12.209816894531286,1.4289512551238543
2025-10-31,Harrisburg,Baton Rouge,Dry Van,1204.2,2493.55,2458.8535,34.69648437500018,1.3914493142307225
2025-10-31,Buffalo,Shreveport,Reefer,1181.8,2766.59,2855.1084,88.51839843749985,3.1995488466849027
2025-10-31,Corpus Christi,Fort Wayne,Reefer,1264.6,2787.97,2643.3835,144.5864550781248,5.186083604849579
2025-10-31,Hartford,Greensboro,Dry Van,749.0,1565.76,1477.9618,87.79820800781249,5.607386062219784
2025-10-31,Memphis,Philadelphia,Dry Van,1083.1,2282.64,2269.8037,12.836289062499873,0.5623439991632441
2025-10-31,Mobile,Atlanta,Dry Van,305.4,788.83,756.2201,32.60990722656254,4.133958803108722
2025-10-31,Los Angeles,Reno,Dry Van,887.6,1716.52,1603.7289,112.79111816406248,6.570917796708602
2025-10-31,Philadelphia,Albany,Dry Van,413.0,888.23,845.58606,42.64394042968752,4.801002041102813
2025-10-31,Raleigh,Providence,Dry Van,565.4,1264.64,1196.7152,67.9247900390626,5.371077147572636
2025-10-31,Richmond,Tucson,Reefer,2548.0,5507.65,5301.049,206.60117187499964,3.7511674103292627
2025-10-31,Cincinnati,Phoenix,Dry Van,2093.9,4049.65,3863.2446,186.4053710937501,4.602999545485415
2025-10-31,Reno,Phoenix,Flatbed,853.9,1756.24,1591.8317,164.4083349609375,9.36138198429244
2025-10-31,Philadelphia,Lexington,Dry Van,764.9,1596.37,1540.7699,55.60010253906239,3.4829082567990124
2025-10-31,Green Bay,Syracuse,Reefer,656.8,1454.79,1549.19,94.39994140625004,6.488905024522443
2025-10-31,Charleston,Columbia,Flatbed,271.0,760.7,757.8152,2.8848144531250455,0.379231556871966
2025-10-31,Montgomery,New Orleans,Dry Van,450.0,1078.09,1079.9249,1.8349267578125819,0.17020163045873554
2025-10-31,Albuquerque,El Paso,Flatbed,184.1,525.91,517.2159,8.694118652343718,1.6531571280910646
2025-10-31,Dayton,Jacksonville,Flatbed,635.4,1536.02,1405.7915,130.22849609374998,8.478307319810288
2025-10-31,Lubbock,Oklahoma City,Dry Van,196.3,561.02,559.6219,1.3981127929687318,0.24920908220183452
2025-10-31,Atlanta,Cincinnati,Dry Van,199.4,552.6,578.69086,26.090856933593727,4.721472481649245
2025-10-31,Montgomery,Lexington,Reefer,477.0,1254.05,1241.3868,12.663159179687455,1.0097810437931067
2025-10-31,Boston,Bakersfield,Dry Van,3090.5,5877.77,5679.3857,198.38425781250044,3.375161971504506
2025-10-31,Montgomery,Jacksonville,Dry Van,142.6,406.71,385.51218,21.197823486328105,5.21202416619412
2025-10-31,Albany,Fort Wayne,Flatbed,878.9,1803.86,1797.1935,6.6665185546874,0.3695696204077589
2025-10-31,Charleston,Fort Wayne,Flatbed,677.9,1484.36,1365.8322,118.5278466796874,7.98511457326305
2025-10-31,Greensboro,Albany,Dry Van,967.2,1920.32,1944.8588,24.538764648437564,1.2778476841587634
2025-10-31,Buffalo,Montgomery,Dry Van,965.5,1935.63,1906.3846,29.24535644531261,1.5108960103590359
2025-10-31,Syracuse,Grand Rapids,Dry Van,559.2,389.18,1173.6775,784.4974902343749,201.57703125401483
2025-10-31,Richmond,Green Bay,Reefer,864.1,1936.26,1821.336,114.92394042968749,5.935356844106034
2025-10-31,Milwaukee,Kansas City,Dry Van,183.2,498.57,508.5226,9.952613525390632,1.9962319283933314
2025-10-31,Kansas City,Shreveport,Dry Van,566.3,1298.84,1230.2417,68.59830078124992,5.281505095412054
2025-10-31,Bakersfield,Houston,Reefer,1517.0,3544.7,3449.6716,95.02836914062482,2.6808578762836017
2025-10-31,San Antonio,Buffalo,Dry Van,1584.9,3014.39,2867.8748,146.51524414062487,4.860527142825742
2025-10-31,Atlanta,Shreveport,Flatbed,443.1,1193.87,1197.9437,4.073725585937609,0.3412201986763726
2025-10-31,Houston,Los Angeles,Dry Van,1529.9,2972.61,2810.3848,162.22523437500013,5.457333265211384
2025-10-31,Madison,Louisville,Dry Van,386.0,889.76,832.7515,57.00847412109374,6.407174307801402
2025-10-31,Oklahoma City,Lexington,Reefer,999.7,2196.67,2264.3323,67.66227539062493,3.0802203057639486
2025-10-31,Tucson,Cincinnati,Dry Van,1831.9,3726.44,3558.0535,168.38653320312505,4.518697019222772
2025-10-31,Mobile,Phoenix,Dry Van,1904.2,3806.72,3839.0315,32.3114941406252,0.8488014390505527
2025-10-31,Charleston,Salt Lake City,Dry Van,2182.6,4081.47,4015.485,65.9848925781248,1.616694293431651
2025-10-31,Hartford,Columbia,Dry Van,844.4,1776.62,1761.866,14.75403320312489,0.830455201625834
2025-10-31,Louisville,Cincinnati,Flatbed,72.8,225.89,226.70209,0.8120874023437636,0.35950568964706875
2025-10-31,Mobile,Milwaukee,Dry Van,638.3,1428.79,1405.9249,22.865073242187464,1.600310279480362
2025-10-31,Reno,Albuquerque,Dry Van,700.0,1520.95,1410.7474,110.20256347656255,7.245640124695917
2025-10-31,Atlanta,Oklahoma City,Dry Van,889.2,1964.56,1826.4945,138.06549316406245,7.0278074054272945
2025-10-31,Amarillo,Baltimore,Reefer,2147.8,4747.86,4560.7246,187.13539062499967,3.941468169343656
2025-10-31,Tucson,Amarillo,Dry Van,626.4,1423.65,1336.5541,87.09592285156259,6.117790387494299
2025-10-31,Detroit,Tucson,Dry Van,2115.8,4047.69,3966.3867,81.30328125000005,2.0086340912965186
2025-10-31,Grand Rapids,Las Vegas,Dry Van,1986.1,3750.58,3564.1206,186.45939453124993,4.97148159834612
2025-10-31,Corpus Christi,Lexington,Dry Van,1005.3,2241.06,2231.1191,9.940859374999945,0.44357845729252876
2025-10-31,Austin,Albuquerque,Flatbed,831.9,1862.13,1980.8876,118.75757324218739,6.377512485282305
2025-10-31,Milwaukee,Shreveport,Flatbed,615.7,1487.72,1480.8801,6.839873046875027,0.4597554006718353
2025-10-31,Baltimore,Shreveport,Dry Van,1334.7,2781.65,2619.635,162.0149902343751,5.824420406390994
2025-10-31,Tulsa,New York,Dry Van,1501.7,3013.52,2887.9487,125.57126953124998,4.166930019752647
2025-10-31,Savannah,New Orleans,Dry Van,705.2,1624.99,1522.9502,102.03980468750001,6.2794112386845455
2025-10-31,Greensboro,Jacksonville,Flatbed,367.0,928.29,893.09125,35.198752441406214,3.791784080557392
2025-10-31,Montgomery,Mobile,Dry Van,177.0,464.45,459.90768,4.542315673828114,0.9779988532302969
2025-10-31,Syracuse,Mobile,Dry Van,1139.1,2419.63,2314.7468,104.88317382812511,4.334678187496646
2025-10-31,Charleston,Nashville,Dry Van,564.5,1245.87,1213.9978,31.87219726562489,2.5582281671141365
2025-10-31,Fort Wayne,Baton Rouge,Dry Van,1008.1,2083.49,2101.201,17.71092773437522,0.8500606066923874
2025-10-31,San Antonio,Albuquerque,Dry Van,916.6,2105.01,1937.0461,167.96385742187522,7.979242731477532
2025-10-31,Los Angeles,Greensboro,Dry Van,2412.3,4779.53,4660.7554,118.77462890624975,2.485069220326052
2025-10-31,Hartford,Detroit,Flatbed,798.8,1694.68,1663.2756,31.404365234375064,1.8531147611569772
2025-10-31,Milwaukee,Toledo,Dry Van,330.2,757.39,705.931,51.458969726562486,6.794249953994969
2025-10-31,San Francisco,Madison,Dry Van,2016.8,4018.5,3769.8904,248.609619140625,6.18662732712766
2025-10-31,Albany,New York,Flatbed,388.8,914.89,861.75714,53.132858886718736,5.807568001259029
2025-10-31,Oklahoma City,Baton Rouge,Dry Van,451.9,1148.08,1151.2335,3.1535205078125728,0.2746777670382354
2025-10-31,Phoenix,Hartford,Dry Van,3003.7,5543.53,5388.2686,155.26144531249975,2.8007685592483447
2025-10-31,Washington,Memphis,Dry Van,863.3,1865.96,1722.452,143.50797363281254,7.690838690690718
2025-10-31,Memphis,Tulsa,Dry Van,399.1,920.97,952.81647,31.846467285156223,3.4579266735242435
2025-10-31,Providence,Columbia,Reefer,939.9,2285.41,1977.9866,307.42342773437485,13.451565703063121
2025-10-31,Phoenix,Memphis,Dry Van,1857.4,3381.99,3494.295,112.30492187500022,3.3206757522937744
2025-10-31,New York,New Orleans,Reefer,1350.6,3118.76,3250.7275,131.96753906249978,4.23141053054739
2025-10-31,Salt Lake City,Charleston,Reefer,2261.2,5091.54,4845.451,246.08882812499996,4.833288712747027
2025-10-31,Grand Rapids,Greensboro,Flatbed,646.1,1509.1,1357.5287,151.5713134765624,10.043821713376344
2025-10-31,Mobile,Buffalo,Flatbed,1014.4,2269.05,2335.0093,65.95927734374982,2.906911586071255
2025-10-31,Phoenix,Buffalo,Dry Van,2641.9,4788.74,4666.7075,122.03248046874978,2.5483212801018595
2025-10-31,Memphis,Nashville,Dry Van,121.8,337.43,340.47903,3.049034423828118,0.9036050214349993
2025-10-31,Tampa,Phoenix,Dry Van,2075.2,4091.21,3950.3994,140.81058593750004,3.4417833828500624
2025-10-31,Lubbock,Mobile,Dry Van,830.8,1803.63,1775.428,28.20202148437511,1.563625659607298
2025-10-31,Corpus Christi,Kansas City,Dry Van,908.1,1832.95,1795.5865,37.363452148437545,2.038432698569931
2025-10-31,Hartford,Fort Wayne,Dry Van,873.0,1872.97,1740.3064,132.66360351562503,7.083060781305896
2025-10-31,Albuquerque,New Orleans,Dry Van,1173.6,2435.84,2422.7375,13.102451171875146,0.537902783921569
2025-10-31,Charleston,Albuquerque,Dry Van,1953.3,4018.16,3863.7715,154.38851562499985,3.8422689894130615
2025-10-31,Philadelphia,Jacksonville,Reefer,964.6,2252.0,2220.145,31.85498046875,1.4145195590031083
2025-10-31,Baton Rouge,Hartford,Dry Van,1569.9,3142.24,3093.4072,48.83277343749978,1.5540752277833578
2025-10-31,Columbia,Reno,Dry Van,2314.4,4321.21,3776.351,544.85892578125,12.608943462161063
2025-10-31,Milwaukee,Kansas City,Dry Van,184.3,486.72,474.4412,12.278807373046902,2.5227661433774866
2025-10-31,Raleigh,Lubbock,Dry Van,1574.5,3166.71,3043.847,122.86307617187504,3.879833523495206
2025-10-31,Hartford,Corpus Christi,Dry Van,1788.8,3440.82,3429.0867,11.733330078125164,0.3410038908784872
2025-10-31,Chattanooga,Nashville,Reefer,70.0,241.41,257.44583,16.03583129882813,6.642571268310396
2025-10-31,Fort Wayne,El Paso,Reefer,1731.7,3897.49,3667.1448,230.34522460937478,5.910091484760058
2025-10-31,Charleston,St. Louis,Reefer,750.6,1730.14,1662.1674,67.9726416015626,3.928736495402834
2025-10-31,Baton Rouge,Albuquerque,Dry Van,1232.6,2612.25,2549.4731,62.77685546875,2.4031718047181547
2025-10-31,Buffalo,Mobile,Dry Van,1031.2,2131.84,2079.1125,52.727451171875146,2.473330605105221
2025-10-31,Savannah,El Paso,Reefer,1868.5,4242.21,4196.767,45.442910156250036,1.0712084068504397
2025-10-31,El Paso,Charleston,Dry Van,2029.5,4143.03,3951.4395,191.59054687499975,4.624406457954679
2025-10-31,Providence,Madison,Flatbed,1320.8,2756.18,2691.9285,64.25153320312484,2.331180590640845
2025-10-31,Austin,Phoenix,Flatbed,1160.2,2578.62,2502.5159,76.10413085937489,2.951351143610726
2025-10-31,Tulsa,Corpus Christi,Reefer,414.4,1140.1,1130.8164,9.283593749999909,0.8142789009735909
2025-10-31,Albany,Toledo,Reefer,816.3,1856.36,1725.0237,131.3363183593749,7.0749379624305035
2025-10-31,Richmond,Philadelphia,Reefer,283.3,780.73,788.6316,7.901591796874982,1.012077388709923
2025-10-31,Raleigh,Richmond,Dry Van,238.9,575.35,521.33185,54.01815185546877,9.388746303201316
2025-10-31,Hartford,Houston,Dry Van,1605.1,3168.5,3154.478,14.02197265625,0.4425429274498975
2025-10-31,New York,New Orleans,Dry Van,1306.0,2373.86,2466.2446,92.38462890624987,3.8917471504743277
2025-10-31,Cincinnati,Lexington,Dry Van,132.4,361.79,366.89423,5.1042260742187295,1.4108256375849884
2025-10-31,Hartford,Lexington,Flatbed,858.6,1861.13,1826.8179,34.31212890625011,1.843618065704712
2025-10-31,Washington,Richmond,Dry Van,80.1,210.91,230.32559,19.41559204101563,9.205628960701546
2025-10-31,Bakersfield,New York,Reefer,2784.4,5609.53,4740.3716,869.1584179687497,15.494318026086852
2025-10-31,Boston,Shreveport,Dry Van,1588.9,3381.74,3113.2842,268.4558203124998,7.938393262418157
2025-10-31,Mobile,Fresno,Dry Van,2144.0,3993.28,4020.5906,27.3105761718748,0.6839133787732089
2025-10-31,Baton Rouge,Mobile,Dry Van,337.5,890.41,881.4591,8.950893554687468,1.0052552818013576
2025-10-31,Fresno,Baton Rouge,Reefer,1890.3,4368.15,4190.063,178.08701171874964,4.076943596688522
2025-10-31,San Francisco,Providence,Dry Van,3396.6,6482.04,5760.6406,721.399375,11.129202766413043
2025-10-31,Harrisburg,Shreveport,Dry Van,1101.8,2257.13,2174.0269,83.10314453125011,3.6818058566077325
2025-10-31,Mobile,Shreveport,Reefer,303.4,863.24,893.1923,29.95232177734374,3.469756009608422
2025-10-31,Lexington,Milwaukee,Dry Van,325.2,809.92,798.7346,11.185380859374959,1.3810476169714243
2025-10-31,Mobile,Phoenix,Dry Van,1951.5,3792.58,3900.675,108.09504882812507,2.850171883734162
2025-10-31,Dayton,Madison,Reefer,314.9,855.05,868.53796,13.487963867187545,1.577447385204087
2025-10-31,Atlanta,Washington,Reefer,681.1,1703.72,1624.8088,78.91116210937503,4.631697820614598
2025-10-31,Tucson,Chattanooga,Flatbed,1788.3,3804.9,3800.858,4.042089843750091,0.10623379967279274
2025-10-31,Cincinnati,Mobile,Reefer,457.0,5561.19,1202.8187,4358.371274414062,78.3711988695596
2025-10-31,Phoenix,Dayton,Dry Van,2295.2,4371.59,4280.9204,90.66958984375015,2.0740643528727567
2025-10-31,Little Rock,New York,Dry Van,1297.5,2682.29,2552.0857,130.20430664062496,4.854221826895114
2025-10-31,Reno,Baton Rouge,Flatbed,1830.9,3787.32,3825.8484,38.528388671874836,1.0172995329645986
2025-10-31,Greensboro,Memphis,Reefer,445.8,1171.93,1178.8325,6.902519531249936,0.5889873568600459
2025-10-31,Greensboro,Cincinnati,Flatbed,267.9,713.36,689.4763,23.883681640625014,3.3480545083302977
2025-10-31,Memphis,Reno,Flatbed,1901.3,3987.46,3951.7034,35.756630859375036,0.8967270106628037
2025-10-31,Bakersfield,Baltimore,Dry Van,2860.4,5264.84,5221.0835,43.756503906250146,0.8311079521172561
