load_id,date,pickup,delivery,equipment,distance,weight,posted_rate,raw_xgboost__squared_error_prediction,raw_xgboost__pseudo_huber_prediction
TR-038478,2025-09-01,Savannah,Columbia,Dry Van,126.8,17667.0,323.23,349.75378,457342200.0
TR-038479,2025-09-01,El Paso,Phoenix,Flatbed,540.2,34846.0,1264.2,1302.2075,457342200.0
TR-038480,2025-09-01,Nashville,Madison,Dry Van,549.3,33933.0,1203.42,1169.3508,457342200.0
TR-038481,2025-09-01,Tampa,Charleston,Dry Van,689.3,39417.0,1478.3,1473.8989,457342200.0
TR-038482,2025-09-01,Columbia,San Antonio,Dry Van,1103.7,35657.0,2311.83,2266.9045,457342200.0
TR-038483,2025-09-01,St. Louis,Fresno,Dry Van,1955.5,28673.0,3527.11,3653.6306,457342200.0
TR-038484,2025-09-01,Montgomery,Greensboro,Dry Van,437.4,46887.0,1052.15,1068.2284,457342200.0
TR-038485,2025-09-01,Cincinnati,Kansas City,Reefer,339.9,38681.0,907.09,930.9996,457342200.0
TR-038486,2025-09-01,Philadelphia,Hartford,Dry Van,71.4,9165.0,187.49,243.81958,457342200.0
TR-038487,2025-09-01,Raleigh,Cincinnati,Dry Van,633.8,29410.0,1347.42,1333.7552,457342200.0
TR-038488,2025-09-01,Cincinnati,Fresno,Dry Van,2178.1,26334.0,3913.63,3852.831,457342200.0
TR-038489,2025-09-01,Shreveport,Jacksonville,Flatbed,549.8,43395.0,1308.86,1333.2806,457342200.0
TR-038490,2025-09-01,El Paso,Indianapolis,Dry Van,1521.2,30052.0,2843.97,2825.612,457342200.0
TR-038491,2025-09-01,Los Angeles,Baton Rouge,Dry Van,1702.1,27264.0,3182.84,3088.0432,457342200.0
TR-038492,2025-09-01,San Francisco,Boston,Dry Van,3387.5,33166.0,6146.13,6192.119,457342200.0
TR-038493,2025-09-01,Nashville,Syracuse,Dry Van,906.5,36117.0,1846.46,1964.7462,457342200.0
TR-038494,2025-09-01,Green Bay,Fort Wayne,Dry Van,291.4,28731.0,645.51,655.20636,457342200.0
TR-038495,2025-09-01,Memphis,Shreveport,Reefer,356.5,23464.0,956.77,974.95776,457342200.0
TR-038496,2025-09-01,Green Bay,Amarillo,Dry Van,1403.9,26221.0,2570.31,3436.9917,457342200.0
TR-038497,2025-09-01,Green Bay,Corpus Christi,Flatbed,1336.6,38002.0,2800.31,2871.0698,457342200.0
TR-038498,2025-09-01,Lubbock,Buffalo,Reefer,1682.4,34678.0,3540.56,3585.8828,457342200.0
TR-038499,2025-09-01,Oklahoma City,Corpus Christi,Reefer,339.8,28833.0,940.89,958.4976,457342200.0
TR-038500,2025-09-01,Green Bay,New York,Reefer,878.3,41849.0,1965.28,1977.1644,457342200.0
TR-038501,2025-09-01,Richmond,Baltimore,Dry Van,261.8,47500.0,640.92,694.9262,457342200.0
TR-038502,2025-09-01,Lubbock,Buffalo,Dry Van,1660.3,35172.0,3084.4,3187.9453,457342200.0
TR-038503,2025-09-01,Baltimore,Savannah,Dry Van,728.9,31194.0,1518.53,1482.5493,457342200.0
TR-038504,2025-09-01,Chattanooga,Shreveport,Dry Van,428.0,26308.0,952.96,959.84436,457342200.0
TR-038505,2025-09-01,Mobile,Atlanta,Dry Van,306.7,40551.0,753.12,790.99023,457342200.0
TR-038506,2025-09-01,Kansas City,Richmond,Dry Van,940.1,22007.0,1760.57,1846.5784,457342200.0
TR-038507,2025-09-01,Albuquerque,Shreveport,Dry Van,1168.8,32159.0,2324.24,2411.0256,457342200.0
TR-038508,2025-09-01,Richmond,Buffalo,Dry Van,317.6,26543.0,697.99,706.82544,457342200.0
TR-038509,2025-09-01,Washington,El Paso,Flatbed,2180.6,35699.0,4320.99,4293.6836,457342200.0
TR-038510,2025-09-01,Hartford,Nashville,Dry Van,1085.7,38724.0,2179.31,2227.6396,457342200.0
TR-038511,2025-09-01,Memphis,Charleston,Dry Van,652.6,42310.0,1477.25,1412.0809,457342200.0
TR-038512,2025-09-01,Philadelphia,Mobile,Dry Van,1178.6,32335.0,2308.35,2392.794,457342200.0
TR-038513,2025-09-01,Tucson,Corpus Christi,Reefer,1217.1,27578.0,2753.14,2634.117,457342200.0
TR-038514,2025-09-01,Albany,Amarillo,Reefer,2318.8,23512.0,4438.04,4458.2583,457342200.0
TR-038515,2025-09-01,Philadelphia,Amarillo,Dry Van,2104.4,28637.0,3801.75,3731.21,457342200.0
TR-038516,2025-09-01,Bakersfield,San Francisco,Dry Van,389.3,27627.0,870.8,884.0682,457342200.0
TR-038517,2025-09-01,Toledo,Raleigh,Flatbed,707.4,27304.0,1525.42,1519.7695,457342200.0
TR-038518,2025-09-01,Phoenix,Cincinnati,Dry Van,2043.7,29882.0,3819.07,3687.7607,457342200.0
TR-038519,2025-09-01,Lexington,Chattanooga,Dry Van,207.3,39678.0,533.1,518.36505,457342200.0
TR-038520,2025-09-01,Corpus Christi,Houston,Dry Van,215.2,35139.0,572.08,593.9784,457342200.0
TR-038521,2025-09-01,Las Vegas,Dayton,Dry Van,1999.7,41767.0,3762.42,3759.6782,457342200.0
TR-038522,2025-09-01,Nashville,Tampa,Dry Van,551.6,40856.0,1246.71,1423.7241,457342200.0
TR-038523,2025-09-01,Indianapolis,Las Vegas,Dry Van,1718.1,31761.0,3167.45,3263.9077,457342200.0
TR-038524,2025-09-01,Dayton,Raleigh,Reefer,627.1,27559.0,1453.26,1428.4393,457342200.0
TR-038525,2025-09-01,San Antonio,Los Angeles,Dry Van,1283.6,-30839.0,2493.1,2451.7625,457342200.0
TR-038526,2025-09-01,Columbia,Montgomery,Flatbed,336.3,38744.0,890.4,910.7801,457342200.0
TR-038527,2025-09-01,Columbia,Lubbock,Reefer,1205.2,37713.0,2813.6,2739.345,457342200.0
TR-038528,2025-09-01,Providence,Montgomery,Reefer,1190.4,28501.0,2631.8,2595.385,457342200.0
TR-038529,2025-09-01,Oklahoma City,Los Angeles,Flatbed,1262.1,39266.0,2767.04,2790.2046,457342200.0
TR-038530,2025-09-01,Grand Rapids,Buffalo,Dry Van,508.7,36187.0,1076.48,1071.8188,457342200.0
TR-038531,2025-09-01,Charleston,Corpus Christi,Dry Van,1215.0,36035.0,2464.66,2472.7578,457342200.0
TR-038532,2025-09-01,Cincinnati,Providence,Dry Van,1109.8,18845.0,2139.93,2154.0566,457342200.0
TR-038533,2025-09-01,New York,Albany,Dry Van,374.8,30687.0,803.35,789.0816,457342200.0
TR-038534,2025-09-01,Boston,Phoenix,Dry Van,3234.6,27027.0,5609.77,5421.256,457342200.0
TR-038535,2025-09-01,Montgomery,Amarillo,Dry Van,1277.5,27795.0,2462.59,2522.191,457342200.0
TR-038536,2025-09-01,Cincinnati,Little Rock,Dry Van,432.8,36282.0,996.39,981.2881,457342200.0
TR-038537,2025-09-01,Hartford,Memphis,Dry Van,1183.7,38770.0,2365.84,2480.9277,457342200.0
TR-038538,2025-09-01,Baton Rouge,Jacksonville,Dry Van,589.4,20132.0,1244.22,1270.5305,457342200.0
TR-038539,2025-09-01,Las Vegas,Baltimore,Dry Van,2762.3,36492.0,4972.2,5099.4946,457342200.0
TR-038540,2025-09-01,Charleston,Raleigh,Dry Van,179.8,40572.0,462.1,487.72974,457342200.0
TR-038541,2025-09-01,Memphis,Richmond,Dry Van,858.6,33161.0,1752.1,1766.9822,457342200.0
TR-038542,2025-09-01,Phoenix,San Francisco,Reefer,659.2,26049.0,1532.71,1524.8018,457342200.0
TR-038543,2025-09-01,St. Louis,Memphis,Dry Van,248.5,26247.0,599.05,595.6612,457342200.0
TR-038544,2025-09-01,San Antonio,Nashville,Dry Van,859.6,31419.0,1884.4,1810.2789,457342200.0
TR-038545,2025-09-01,Oklahoma City,Lexington,Dry Van,1022.5,38704.0,2099.41,2106.934,457342200.0
TR-038546,2025-09-01,Greensboro,Columbia,Dry Van,134.8,38279.0,362.54,373.08743,457342200.0
TR-038547,2025-09-01,Grand Rapids,Fresno,Flatbed,2248.2,31191.0,4425.96,4386.508,457342200.0
TR-038548,2025-09-01,Boston,Charleston,Reefer,780.5,24194.0,1674.34,1671.3315,457342200.0
TR-038549,2025-09-01,Syracuse,Raleigh,Dry Van,613.4,25353.0,1217.27,1241.4642,457342200.0
TR-038550,2025-09-01,San Antonio,Salt Lake City,Dry Van,1125.7,28363.0,2215.87,2239.7312,457342200.0
TR-038551,2025-09-01,San Francisco,Las Vegas,Dry Van,473.7,43550.0,1081.85,1087.1777,457342200.0
TR-038552,2025-09-01,Dayton,Lubbock,Dry Van,1247.5,41414.0,2539.08,2564.2185,457342200.0
TR-038553,2025-09-01,Lexington,Chattanooga,Flatbed,228.0,31375.0,631.3,631.6277,457342200.0
TR-038554,2025-09-01,Mobile,Indianapolis,Dry Van,566.7,37348.0,1240.32,1213.8995,457342200.0
TR-038555,2025-09-01,Columbia,Fort Wayne,Dry Van,578.3,27331.0,1195.21,1197.315,457342200.0
TR-038556,2025-09-01,El Paso,Albuquerque,Flatbed,171.2,37939.0,505.53,563.08923,457342200.0
TR-038557,2025-09-01,Phoenix,Louisville,Dry Van,2061.1,28481.0,3821.49,3737.881,457342200.0
TR-038558,2025-09-01,Shreveport,El Paso,Reefer,1233.8,47500.0,2931.77,2876.587,457342200.0
TR-038559,2025-09-01,Reno,Richmond,Dry Van,2575.7,18089.0,4389.73,4409.5537,457342200.0
TR-038560,2025-09-01,Madison,Kansas City,Flatbed,212.9,28274.0,572.82,584.0114,457342200.0
TR-038561,2025-09-01,Los Angeles,Syracuse,Dry Van,2846.6,36963.0,4825.78,5718.181,457342200.0
TR-038562,2025-09-01,San Francisco,Montgomery,Dry Van,2430.3,35486.0,4468.22,4391.641,457342200.0
TR-038563,2025-09-01,Milwaukee,Boston,Dry Van,1187.3,21668.0,2185.71,2258.4622,457342200.0
TR-038564,2025-09-01,Fort Wayne,Oklahoma City,Dry Van,1163.6,18845.0,2180.78,2390.3564,457342200.0
TR-038565,2025-09-01,Memphis,Atlanta,Reefer,238.6,31034.0,676.22,674.2993,457342200.0
TR-038566,2025-09-01,Fort Wayne,Shreveport,Reefer,862.1,26164.0,1951.88,1909.7787,457342200.0
TR-038567,2025-09-01,New York,Lubbock,Dry Van,1896.1,21665.0,3434.23,3449.9624,457342200.0
TR-038568,2025-09-01,Detroit,El Paso,Dry Van,1816.8,17019.0,3250.49,3319.5554,457342200.0
TR-038569,2025-09-01,Tucson,Albuquerque,Dry Van,463.7,24694.0,985.7,1158.3241,457342200.0
TR-038570,2025-09-01,Grand Rapids,Kansas City,Dry Van,442.6,35916.0,977.59,969.46716,457342200.0
TR-038571,2025-09-01,Philadelphia,Shreveport,Reefer,1341.7,20891.0,2811.5,2775.4722,457342200.0
TR-038572,2025-09-01,Harrisburg,Baton Rouge,Dry Van,1173.7,32933.0,2379.08,2398.336,457342200.0
TR-038573,2025-09-01,Salt Lake City,Chattanooga,Reefer,1672.3,32665.0,3669.98,3610.9724,457342200.0
TR-038574,2025-09-01,Cincinnati,Charleston,Flatbed,533.8,,1300.57,1323.6096,457342200.0
TR-038575,2025-09-01,Philadelphia,Albuquerque,Dry Van,2420.0,17902.0,4301.88,4133.2305,457342200.0
TR-038576,2025-09-01,Milwaukee,New York,Reefer,909.5,17321.0,1931.02,2023.1099,457342200.0
TR-038577,2025-09-01,Baton Rouge,Fort Wayne,Reefer,987.5,30977.0,2258.98,2409.981,457342200.0
TR-038578,2025-09-01,Madison,Oklahoma City,Dry Van,1013.8,24331.0,1985.68,2009.0933,457342200.0
TR-038579,2025-09-01,Washington,San Antonio,Dry Van,1578.1,30019.0,2990.87,3471.0217,457342200.0
TR-038580,2025-09-01,Jacksonville,Baton Rouge,Dry Van,586.7,26702.0,1255.91,1269.1526,457342200.0
TR-038581,2025-09-01,Phoenix,Chattanooga,Dry Van,2051.4,16032.0,3678.91,3552.1182,457342200.0
TR-038582,2025-09-01,San Antonio,Tampa,Reefer,828.5,29225.0,1959.31,1932.9132,457342200.0
TR-038583,2025-09-01,Shreveport,Hartford,Reefer,1444.1,28374.0,3101.21,3080.5415,457342200.0
TR-038584,2025-09-01,New York,El Paso,Flatbed,2426.8,30639.0,4804.71,4635.4688,457342200.0
TR-038585,2025-09-01,Oklahoma City,El Paso,Dry Van,816.2,37195.0,1797.48,1765.819,457342200.0
TR-038586,2025-09-01,Mobile,Phoenix,Dry Van,2006.2,37102.0,3816.99,4263.9424,457342200.0
TR-038587,2025-09-01,Nashville,Syracuse,Dry Van,945.9,24524.0,1758.12,1967.8975,457342200.0
TR-038588,2025-09-01,Lexington,Boston,Dry Van,980.1,44417.0,1932.73,2022.9601,457342200.0
TR-038589,2025-09-01,New Orleans,New York,Dry Van,1369.8,26811.0,2559.65,2627.842,457342200.0
TR-038590,2025-09-01,Fresno,Philadelphia,Flatbed,3029.1,30854.0,5774.35,5738.752,457342200.0
TR-038591,2025-09-01,Greensboro,Jacksonville,Flatbed,365.7,29207.0,170.36,975.4851,457342200.0
TR-038592,2025-09-01,Dayton,Kansas City,Flatbed,368.0,36144.0,903.41,960.56885,457342200.0
TR-038593,2025-09-01,Philadelphia,San Antonio,Reefer,1852.2,37573.0,4025.92,3932.3396,457342200.0
TR-038594,2025-09-01,Baton Rouge,Syracuse,Reefer,1435.3,25873.0,2995.32,2995.3962,457342200.0
TR-038595,2025-09-01,Houston,Shreveport,Dry Van,233.7,32311.0,625.19,623.96545,457342200.0
TR-038596,2025-09-01,Raleigh,Indianapolis,Dry Van,769.8,34688.0,1603.62,1582.8606,457342200.0
TR-038597,2025-09-01,Shreveport,Richmond,Dry Van,1088.7,38730.0,2282.16,2258.343,457342200.0
TR-038598,2025-09-01,Charleston,Tulsa,Dry Van,1026.5,31285.0,2156.07,2064.4893,457342200.0
TR-038599,2025-09-01,Reno,Toledo,Reefer,2093.5,40626.0,4271.25,4224.296,457342200.0
TR-038600,2025-09-01,Shreveport,Atlanta,Reefer,462.2,33073.0,1208.44,1206.768,457342200.0
TR-038601,2025-09-01,Lubbock,Baton Rouge,Flatbed,520.0,40063.0,1359.2,1324.0558,457342200.0
TR-038602,2025-09-01,Buffalo,San Francisco,Dry Van,2670.9,35435.0,4943.0,4865.233,457342200.0
TR-038603,2025-09-01,Montgomery,Little Rock,Reefer,474.7,26214.0,1211.88,1241.291,457342200.0
TR-038604,2025-09-01,Lubbock,Providence,Dry Van,2164.1,38647.0,4176.25,4025.7036,457342200.0
TR-038605,2025-09-01,Cincinnati,Syracuse,Reefer,781.7,36176.0,1783.92,1775.2277,457342200.0
TR-038606,2025-09-01,Mobile,Phoenix,Flatbed,1971.5,47500.0,4093.8,4691.2656,457342200.0
TR-038607,2025-09-01,Charleston,Harrisburg,Flatbed,493.1,39419.0,1170.43,1176.6736,457342200.0
TR-038608,2025-09-01,Tampa,Charleston,Dry Van,702.8,37976.0,1531.76,1515.9531,457342200.0
TR-038609,2025-09-01,El Paso,St. Louis,Reefer,1416.9,27764.0,3029.69,3075.0242,457342200.0
TR-038610,2025-09-01,Green Bay,Philadelphia,Dry Van,973.7,29535.0,1823.43,1898.6637,457342200.0
TR-038611,2025-09-01,Tucson,Memphis,Reefer,1625.7,47500.0,3550.19,3607.2341,457342200.0
TR-038612,2025-09-01,Houston,Bakersfield,Flatbed,1476.1,31005.0,3088.61,3078.7798,457342200.0
TR-038613,2025-09-01,Lubbock,Bakersfield,Reefer,1173.0,29773.0,2651.65,2667.9604,457342200.0
TR-038614,2025-09-01,Tucson,Phoenix,Flatbed,282.2,25170.0,697.21,758.7538,457342200.0
TR-038615,2025-09-01,Fort Wayne,San Francisco,Flatbed,2328.5,40654.0,4672.93,4467.5845,457342200.0
TR-038616,2025-09-01,Bakersfield,Savannah,Dry Van,2320.1,15255.0,4100.58,4040.47,457342200.0
TR-038617,2025-09-01,Albuquerque,Milwaukee,Dry Van,1416.2,30448.0,2638.3,3496.2173,457342200.0
TR-038618,2025-09-01,Atlanta,Bakersfield,Dry Van,1972.8,38557.0,3906.01,3738.1309,457342200.0
TR-038619,2025-09-01,Grand Rapids,New York,Flatbed,799.3,28125.0,1650.6,1663.0138,457342200.0
TR-038620,2025-09-01,Columbia,Hartford,Dry Van,818.9,42661.0,1660.7,1739.7955,457342200.0
TR-038621,2025-09-01,Jacksonville,Memphis,Dry Van,473.2,40627.0,1080.36,1097.4166,457342200.0
TR-038622,2025-09-01,Montgomery,Phoenix,Reefer,2035.9,13430.0,4108.95,4035.2646,457342200.0
TR-038623,2025-09-01,New Orleans,Toledo,Dry Van,916.7,36110.0,1846.81,1829.2466,457342200.0
TR-038624,2025-09-01,New Orleans,Grand Rapids,Flatbed,945.5,22232.0,2020.1,1971.8252,457342200.0
TR-038625,2025-09-01,Amarillo,Lexington,Dry Van,1356.3,21212.0,2581.57,2614.2612,457342200.0
TR-038626,2025-09-01,Fort Wayne,Richmond,Flatbed,612.1,43477.0,1384.61,1408.9202,457342200.0
TR-038627,2025-09-01,Nashville,Mobile,Flatbed,296.8,41040.0,831.27,856.93866,457342200.0
TR-038628,2025-09-01,Atlanta,New Orleans,Flatbed,453.6,40443.0,1132.05,1208.2872,457342200.0
TR-038629,2025-09-01,Buffalo,Montgomery,Reefer,969.4,46021.0,2231.06,2263.4602,457342200.0
TR-038630,2025-09-01,Albany,Amarillo,Reefer,2204.0,38534.0,4629.23,4608.831,457342200.0
TR-038631,2025-09-01,Baltimore,Albuquerque,Reefer,2419.3,35456.0,5099.24,4911.835,457342200.0
TR-038632,2025-09-01,Phoenix,Hartford,Dry Van,2923.7,24939.0,4975.45,4890.801,457342200.0
TR-038633,2025-09-01,Oklahoma City,Baton Rouge,Dry Van,459.7,27254.0,1064.92,1039.6744,457342200.0
TR-038634,2025-09-01,Atlanta,Cincinnati,Reefer,200.4,34260.0,597.28,613.83813,457342200.0
TR-038635,2025-09-02,Jacksonville,Phoenix,Reefer,2211.2,31927.0,4595.4,4512.124,457342200.0
TR-038636,2025-09-02,Philadelphia,San Antonio,Dry Van,1864.5,36403.0,3621.16,3621.412,457342200.0
TR-038637,2025-09-02,Madison,Los Angeles,Dry Van,2064.0,39104.0,3845.42,3743.3923,457342200.0
TR-038638,2025-09-02,Louisville,Mobile,Dry Van,465.3,30720.0,1036.45,1035.266,457342200.0
TR-038639,2025-09-02,Shreveport,Baton Rouge,Dry Van,190.5,35179.0,537.66,534.112,457342200.0
TR-038640,2025-09-02,Columbia,San Antonio,Dry Van,1112.2,29323.0,2250.41,2242.124,457342200.0
TR-038641,2025-09-02,Jacksonville,Richmond,Dry Van,711.5,39230.0,1496.94,1532.3647,457342200.0
TR-038642,2025-09-02,Tulsa,Buffalo,Dry Van,1218.9,35258.0,2435.72,2433.4758,457342200.0
TR-038643,2025-09-02,Phoenix,Boston,Flatbed,3119.2,40390.0,6323.82,6067.0776,457342200.0
TR-038644,2025-09-02,Albany,Toledo,Flatbed,835.3,42090.0,1820.96,1842.0161,457342200.0
TR-038645,2025-09-02,Shreveport,Dayton,Flatbed,740.1,43259.0,1755.11,1712.1896,457342200.0
TR-038646,2025-09-02,Charleston,Lexington,Reefer,422.1,26982.0,1069.87,1105.3766,457342200.0
TR-038647,2025-09-02,Kansas City,Boston,Flatbed,1350.3,47500.0,2949.22,3187.324,457342200.0
TR-038648,2025-09-02,Columbia,Lubbock,Dry Van,1220.8,42680.0,2536.23,2528.8066,457342200.0
TR-038649,2025-09-02,Washington,Mobile,Dry Van,918.8,43963.0,1919.59,1900.1646,457342200.0
TR-038650,2025-09-02,Phoenix,Syracuse,Dry Van,2801.3,23046.0,4617.91,6031.7393,457342200.0
TR-038651,2025-09-02,Columbia,Fort Wayne,Dry Van,571.0,46391.0,1258.57,1234.3165,457342200.0
TR-038652,2025-09-02,Baton Rouge,Lubbock,Reefer,528.7,36397.0,1433.77,1415.6039,457342200.0
TR-038653,2025-09-02,Reno,Cincinnati,Dry Van,2055.1,36977.0,3736.23,3727.4897,457342200.0
TR-038654,2025-09-02,Fort Wayne,Hartford,Flatbed,835.5,20948.0,1727.75,1731.0195,457342200.0
TR-038655,2025-09-02,Richmond,Baltimore,Dry Van,276.0,18325.0,624.33,663.43475,457342200.0
TR-038656,2025-09-02,Los Angeles,El Paso,Dry Van,616.2,23863.0,1272.52,1341.0116,457342200.0
TR-038657,2025-09-02,Tucson,Lubbock,Dry Van,924.6,36732.0,2012.09,1978.1882,457342200.0
TR-038658,2025-09-02,Atlanta,Montgomery,Dry Van,287.2,35708.0,707.77,705.94977,457342200.0
TR-038659,2025-09-02,Houston,Hartford,Flatbed,1698.2,27965.0,3591.23,3342.0598,457342200.0
TR-038660,2025-09-02,Green Bay,Detroit,Dry Van,237.2,33814.0,555.34,549.8602,457342200.0
TR-038661,2025-09-02,Nashville,Fort Wayne,Reefer,540.7,47500.0,1352.42,1365.065,457342200.0
TR-038662,2025-09-02,Shreveport,El Paso,Dry Van,1217.9,38651.0,2666.14,2500.0557,457342200.0
TR-038663,2025-09-02,Albany,Atlanta,Reefer,1174.8,27351.0,2476.54,2559.5164,457342200.0
TR-038664,2025-09-02,El Paso,Amarillo,Flatbed,427.7,24471.0,1058.7,1070.0311,457342200.0
TR-038665,2025-09-02,Raleigh,Mobile,Flatbed,818.5,41040.0,1824.73,1882.1698,457342200.0
TR-038666,2025-09-02,Cincinnati,El Paso,Reefer,1572.7,31072.0,3424.84,3462.3704,457342200.0
TR-038667,2025-09-02,Bakersfield,Albany,Dry Van,2902.1,30720.0,5041.13,5001.6807,457342200.0
TR-038668,2025-09-02,Nashville,Houston,Dry Van,629.1,29210.0,1331.36,1355.1128,457342200.0
TR-038669,2025-09-02,Providence,Albany,Reefer,556.4,29847.0,1309.45,1264.7484,457342200.0
TR-038670,2025-09-02,San Antonio,Amarillo,Flatbed,508.7,25932.0,1223.28,1237.2609,457342200.0
TR-038671,2025-09-02,Salt Lake City,San Antonio,Dry Van,1100.5,33723.0,2249.04,2266.9824,457342200.0
TR-038672,2025-09-02,Mobile,Albuquerque,Reefer,1485.1,18892.0,3292.86,3110.6892,457342200.0
TR-038673,2025-09-02,New York,Dayton,Dry Van,755.1,20423.0,1464.17,1449.2195,457342200.0
TR-038674,2025-09-02,Birmingham,Fort Wayne,Dry Van,645.9,25669.0,1328.24,1311.9701,457342200.0
TR-038675,2025-09-02,Austin,Greensboro,Dry Van,1245.7,35060.0,2566.52,2539.4502,457342200.0
TR-038676,2025-09-02,Oklahoma City,Atlanta,Reefer,859.5,29741.0,2064.9,2056.9297,457342200.0
TR-038677,2025-09-02,Bakersfield,Tucson,Dry Van,323.2,23764.0,748.11,755.43256,457342200.0
TR-038678,2025-09-02,Philadelphia,Fort Wayne,Reefer,788.7,27247.0,1697.16,1642.6936,457342200.0
TR-038679,2025-09-02,Mobile,Milwaukee,Dry Van,630.4,41816.0,1408.45,1385.1704,457342200.0
TR-038680,2025-09-02,Atlanta,Mobile,Dry Van,299.4,31263.0,733.24,733.4568,457342200.0
TR-038681,2025-09-02,Fort Wayne,Amarillo,Reefer,1414.4,28144.0,3208.32,3052.9055,457342200.0
TR-038682,2025-09-02,Dayton,New York,Flatbed,721.7,35624.0,1629.6,1627.936,457342200.0
TR-038683,2025-09-02,Fresno,Columbia,Dry Van,2432.9,40185.0,4484.01,4486.8633,457342200.0
TR-038684,2025-09-02,Kansas City,Albany,Dry Van,1256.8,31702.0,2440.1,2508.917,457342200.0
TR-038685,2025-09-02,Hartford,Syracuse,Reefer,403.9,27185.0,971.68,967.284,457342200.0
TR-038686,2025-09-02,Albany,Mobile,Dry Van,1485.9,47500.0,2932.54,2998.1682,457342200.0
TR-038687,2025-09-02,Cincinnati,Bakersfield,Reefer,1952.9,41026.0,4163.72,4133.8394,457342200.0
TR-038688,2025-09-02,Baton Rouge,San Antonio,Dry Van,423.3,25117.0,971.1,970.96295,457342200.0
TR-038689,2025-09-02,Raleigh,Chattanooga,Dry Van,641.0,45712.0,1426.2,1410.4573,457342200.0
TR-038690,2025-09-02,Bakersfield,Memphis,Flatbed,1819.9,38913.0,3818.1,3845.2612,457342200.0
TR-038691,2025-09-02,Louisville,El Paso,Dry Van,1535.7,32093.0,2983.74,2941.371,457342200.0
TR-038692,2025-09-02,New York,Madison,Reefer,997.6,22699.0,2106.36,2131.431,457342200.0
TR-038693,2025-09-02,Montgomery,Albuquerque,Dry Van,1637.1,34248.0,3245.38,3178.6309,457342200.0
TR-038694,2025-09-02,Montgomery,Atlanta,Dry Van,303.4,23126.0,716.13,720.4169,457342200.0
TR-038695,2025-09-02,Baton Rouge,Austin,Dry Van,515.8,31013.0,1193.79,1133.7966,457342200.0
TR-038696,2025-09-02,Fort Wayne,Boston,Dry Van,1029.0,42838.0,2066.21,2068.1387,457342200.0
TR-038697,2025-09-02,Atlanta,Baton Rouge,Dry Van,564.4,31330.0,1278.23,1217.0834,457342200.0
TR-038698,2025-09-02,New York,Milwaukee,Flatbed,908.5,31587.0,1949.92,1913.5197,457342200.0
TR-038699,2025-09-02,Green Bay,Greensboro,Dry Van,755.1,38235.0,1593.01,1572.4176,457342200.0
TR-038700,2025-09-02,Detroit,Birmingham,Flatbed,832.1,26185.0,1798.74,1785.592,457342200.0
TR-038701,2025-09-02,Tucson,Cincinnati,Dry Van,1893.5,18273.0,3556.26,3480.3792,457342200.0
TR-038702,2025-09-02,Atlanta,Boston,Dry Van,1153.5,17476.0,2136.24,2226.391,457342200.0
TR-038703,2025-09-02,Los Angeles,Reno,Reefer,884.2,35840.0,2000.26,1999.1638,457342200.0
TR-038704,2025-09-02,Cincinnati,Lubbock,Dry Van,1055.0,46386.0,2167.17,2224.1042,457342200.0
TR-038705,2025-09-02,Atlanta,Lexington,Reefer,206.1,30575.0,607.3,612.43884,457342200.0
TR-038706,2025-09-02,Raleigh,Greensboro,Dry Van,383.3,33954.0,889.82,992.83655,457342200.0
TR-038707,2025-09-02,Toledo,Charleston,Dry Van,709.2,29972.0,1406.42,1420.5521,457342200.0
TR-038708,2025-09-02,Charleston,Tampa,Dry Van,712.8,27073.0,1436.54,1462.8226,457342200.0
TR-038709,2025-09-02,Reno,Atlanta,Flatbed,2038.3,38829.0,4129.04,4052.135,457342200.0
TR-038710,2025-09-02,Hartford,Richmond,Reefer,334.8,27985.0,309.15,880.0861,457342200.0
TR-038711,2025-09-02,San Antonio,Reno,Reefer,1546.9,40493.0,3408.34,3430.6519,457342200.0
TR-038712,2025-09-02,Bakersfield,Jacksonville,Flatbed,2168.1,31652.0,4460.9,4323.578,457342200.0
TR-038713,2025-09-02,Montgomery,El Paso,Dry Van,1632.0,43987.0,3214.87,3295.6194,457342200.0
TR-038714,2025-09-02,Bakersfield,Philadelphia,Flatbed,2837.4,36504.0,5681.04,5591.6147,457342200.0
TR-038715,2025-09-02,Richmond,Columbia,Reefer,529.8,21063.0,1206.46,1230.5637,457342200.0
TR-038716,2025-09-02,Dallas,Chattanooga,Flatbed,575.9,20737.0,1346.17,1755.6826,457342200.0
TR-038717,2025-09-02,San Francisco,Fort Wayne,Flatbed,2305.3,23872.0,4389.4,4327.566,457342200.0
TR-038718,2025-09-02,Memphis,Louisville,Reefer,206.4,38606.0,596.38,610.6663,457342200.0
TR-038719,2025-09-02,Amarillo,Austin,Reefer,445.9,27263.0,1179.97,1145.2983,457342200.0
TR-038720,2025-09-02,Reno,Kansas City,Flatbed,1725.3,33492.0,3426.51,3551.9792,457342200.0
TR-038721,2025-09-02,Chattanooga,Richmond,Dry Van,728.6,31398.0,1540.25,1485.7051,457342200.0
TR-038722,2025-09-02,Atlanta,Greensboro,Dry Van,266.0,37355.0,685.55,661.5006,457342200.0
TR-038723,2025-09-02,San Antonio,Savannah,Flatbed,1151.5,17681.0,2445.9,2487.4048,457342200.0
TR-038724,2025-09-02,Lexington,Amarillo,Reefer,1321.2,30635.0,2989.15,2917.0354,457342200.0
TR-038725,2025-09-02,Austin,Madison,Dry Van,1207.9,33595.0,2450.2,2423.361,457342200.0
TR-038726,2025-09-02,Hartford,New Orleans,Dry Van,1439.1,32571.0,2853.25,2792.5918,457342200.0
TR-038727,2025-09-02,Syracuse,Atlanta,Flatbed,902.8,24925.0,1874.72,1886.5979,457342200.0
TR-038728,2025-09-02,Harrisburg,Toledo,Flatbed,450.7,36055.0,1070.88,1049.862,457342200.0
TR-038729,2025-09-02,Green Bay,Bakersfield,Flatbed,2017.1,43534.0,4071.21,4092.2334,457342200.0
TR-038730,2025-09-02,Columbia,Nashville,Flatbed,349.1,40176.0,926.33,971.5469,457342200.0
TR-038731,2025-09-02,El Paso,Kansas City,Dry Van,1381.5,27749.0,2760.09,2776.0427,457342200.0
TR-038732,2025-09-02,Richmond,Tulsa,Dry Van,1238.3,29291.0,2307.59,2467.8389,457342200.0
TR-038733,2025-09-02,Tucson,Baton Rouge,Reefer,1444.4,29900.0,3145.59,3548.3806,457342200.0
TR-038734,2025-09-02,Atlanta,Bakersfield,Flatbed,2007.3,28095.0,4096.04,3983.7175,457342200.0
TR-038735,2025-09-02,Las Vegas,Albany,Dry Van,2806.0,34910.0,5060.03,5070.48,457342200.0
TR-038736,2025-09-02,Kansas City,Washington,Dry Van,901.3,32490.0,1780.41,1789.5192,457342200.0
TR-038737,2025-09-02,Montgomery,Memphis,Reefer,424.7,39879.0,1130.16,1157.6034,457342200.0
TR-038738,2025-09-02,Montgomery,Syracuse,Flatbed,1101.4,21611.0,2245.46,2274.6255,457342200.0
TR-038739,2025-09-02,Jacksonville,New York,Dry Van,973.1,23858.0,1889.19,1879.4861,457342200.0
TR-038740,2025-09-02,Columbia,Savannah,Dry Van,126.1,36057.0,361.07,378.13345,457342200.0
TR-038741,2025-09-02,Harrisburg,Shreveport,Dry Van,1086.0,27926.0,2153.71,2178.4312,457342200.0
TR-038742,2025-09-02,Albany,Milwaukee,Dry Van,1130.1,33710.0,2173.75,2370.2239,457342200.0
TR-038743,2025-09-02,New York,Hartford,Dry Van,120.7,30496.0,329.42,333.48267,457342200.0
TR-038744,2025-09-02,San Francisco,Charleston,Dry Van,2680.7,32617.0,4928.27,4803.59,457342200.0
TR-038745,2025-09-02,Dayton,Shreveport,Dry Van,738.9,21992.0,1506.14,1463.1294,457342200.0
TR-038746,2025-09-02,Louisville,St. Louis,Dry Van,197.2,30061.0,489.93,507.0964,457342200.0
TR-038747,2025-09-02,Lexington,Milwaukee,Reefer,314.9,35437.0,857.48,857.7005,457342200.0
TR-038748,2025-09-02,San Francisco,Phoenix,Dry Van,684.7,31360.0,1450.53,1415.8722,457342200.0
TR-038749,2025-09-02,Phoenix,San Antonio,Dry Van,1244.4,37419.0,2548.51,2553.2026,457342200.0
TR-038750,2025-09-02,Milwaukee,Houston,Flatbed,813.3,28035.0,1842.42,1765.851,457342200.0
TR-038751,2025-09-02,Syracuse,Providence,Dry Van,634.0,45749.0,1355.34,1331.149,457342200.0
TR-038752,2025-09-02,Bakersfield,Jacksonville,Dry Van,2160.0,38696.0,4107.15,4150.0146,457342200.0
TR-038753,2025-09-02,Grand Rapids,Birmingham,Dry Van,801.6,31568.0,1658.81,1669.1761,457342200.0
TR-038754,2025-09-02,Madison,Lubbock,Dry Van,1129.8,47500.0,2344.9,2353.8184,457342200.0
TR-038755,2025-09-02,Tulsa,Cincinnati,Reefer,590.5,29110.0,1471.43,1484.6772,457342200.0
TR-038756,2025-09-02,Reno,Greensboro,Flatbed,2244.6,21648.0,4262.27,4184.0933,457342200.0
TR-038757,2025-09-02,Memphis,Bakersfield,Reefer,1806.5,47500.0,3974.2,3910.61,457342200.0
TR-038758,2025-09-02,Washington,Baltimore,Dry Van,310.7,37824.0,722.95,753.1467,457342200.0
TR-038759,2025-09-02,Charleston,Salt Lake City,Dry Van,2220.9,41075.0,4274.76,4794.076,457342200.0
TR-038760,2025-09-02,Fort Wayne,Baton Rouge,Dry Van,997.9,29273.0,2024.78,2035.6252,457342200.0
TR-038761,2025-09-02,Tulsa,Green Bay,Dry Van,1007.3,25294.0,1951.68,1989.8285,457342200.0
TR-038762,2025-09-02,Birmingham,Toledo,Flatbed,730.8,29341.0,1592.58,1560.3951,457342200.0
TR-038763,2025-09-02,New York,Providence,Dry Van,358.8,41904.0,824.12,837.44025,457342200.0
TR-038764,2025-09-02,Los Angeles,Kansas City,Dry Van,1926.8,28390.0,3466.51,3489.845,457342200.0
TR-038765,2025-09-02,Shreveport,Kansas City,Dry Van,569.0,38048.0,1313.46,1219.179,457342200.0
TR-038766,2025-09-02,Memphis,Dayton,Dry Van,436.0,39742.0,1023.67,1001.5926,457342200.0
TR-038767,2025-09-02,Green Bay,Baton Rouge,Dry Van,1141.1,39645.0,2309.25,2302.9368,457342200.0
TR-038768,2025-09-02,Toledo,Chattanooga,Reefer,570.4,29124.0,1352.59,1295.0782,457342200.0
TR-038769,2025-09-02,Toledo,Milwaukee,Dry Van,323.8,47500.0,768.48,754.29047,457342200.0
TR-038770,2025-09-02,Greensboro,Lexington,Reefer,172.1,38062.0,511.2,557.3514,457342200.0
TR-038771,2025-09-02,Atlanta,Mobile,Dry Van,285.2,43979.0,709.94,691.9761,457342200.0
TR-038772,2025-09-02,Houston,New York,Reefer,1543.2,40543.0,11377.49,3367.054,457342200.0
TR-038773,2025-09-02,Raleigh,Austin,Flatbed,1583.9,22988.0,3197.82,3133.318,457342200.0
TR-038774,2025-09-02,Tucson,Greensboro,Dry Van,2071.3,37390.0,4027.32,3869.9106,457342200.0
TR-038775,2025-09-02,Salt Lake City,Montgomery,Dry Van,1863.2,29270.0,3581.43,3578.3667,457342200.0
TR-038776,2025-09-02,Albuquerque,Atlanta,Dry Van,1526.3,32531.0,3052.83,2943.6736,457342200.0
TR-038777,2025-09-02,Albany,Columbia,Dry Van,1097.0,45662.0,2180.09,2267.5588,457342200.0
TR-038778,2025-09-02,Dayton,Charleston,Reefer,603.7,32562.0,1427.22,1419.1641,457342200.0
TR-038779,2025-09-02,Tucson,Los Angeles,Reefer,328.6,47500.0,921.05,972.7688,457342200.0
TR-038780,2025-09-02,Los Angeles,Green Bay,Dry Van,2210.4,38602.0,4116.3,4105.7485,457342200.0
TR-038781,2025-09-02,Oklahoma City,Hartford,Dry Van,1846.9,30905.0,3626.27,3639.141,457342200.0
TR-038782,2025-09-02,Las Vegas,Toledo,Dry Van,2047.1,30840.0,3614.41,3689.5696,457342200.0
TR-038783,2025-09-02,Buffalo,Greensboro,Reefer,540.7,29141.0,1300.9,1281.2644,457342200.0
TR-038784,2025-09-02,Oklahoma City,Grand Rapids,Flatbed,1206.2,40228.0,2673.39,2650.9946,457342200.0
TR-038785,2025-09-02,Columbia,Hartford,Dry Van,831.0,27754.0,1624.66,1668.3042,457342200.0
TR-038786,2025-09-02,Milwaukee,Atlanta,Dry Van,419.8,22663.0,918.03,900.8456,457342200.0
TR-038787,2025-09-02,Mobile,Dayton,Reefer,686.3,31787.0,1607.67,1585.3062,457342200.0
TR-038788,2025-09-03,Lexington,Corpus Christi,Dry Van,984.0,43492.0,2102.38,2099.4182,457342200.0
TR-038789,2025-09-03,San Francisco,Richmond,Reefer,2935.3,30996.0,5768.28,5837.9985,457342200.0
TR-038790,2025-09-03,Phoenix,San Antonio,Dry Van,1234.1,46726.0,2568.2,2557.634,457342200.0
TR-038791,2025-09-03,Charleston,Boston,Flatbed,804.0,30421.0,1837.9,1748.9587,457342200.0
TR-038792,2025-09-03,San Antonio,Hartford,Dry Van,1952.3,31204.0,3673.71,3649.6433,457342200.0
TR-038793,2025-09-03,Amarillo,Milwaukee,Dry Van,1132.0,33007.0,2317.84,2304.4602,457342200.0
TR-038794,2025-09-03,Boston,Houston,Dry Van,1758.2,30963.0,3469.94,3416.965,457342200.0
TR-038795,2025-09-03,Fresno,Corpus Christi,Dry Van,1673.0,39886.0,3365.78,3321.6206,457342200.0
TR-038796,2025-09-03,Chattanooga,Greensboro,Dry Van,304.5,21082.0,714.78,702.96893,457342200.0
TR-038797,2025-09-03,Montgomery,Atlanta,Dry Van,288.2,16763.0,689.93,688.3782,457342200.0
TR-038798,2025-09-03,Lexington,Albuquerque,Dry Van,1609.1,32881.0,3144.44,3180.77,457342200.0
TR-038799,2025-09-03,Little Rock,Grand Rapids,Flatbed,822.9,26489.0,1841.62,1749.5148,457342200.0
TR-038800,2025-09-03,Syracuse,Detroit,Flatbed,429.7,39186.0,1007.46,1015.1551,457342200.0
TR-038801,2025-09-03,San Antonio,Green Bay,Dry Van,1371.7,37589.0,2787.96,2728.0872,457342200.0
TR-038802,2025-09-03,Providence,Grand Rapids,Reefer,1188.3,28324.0,2484.83,2569.833,457342200.0
TR-038803,2025-09-03,Columbia,Milwaukee,Flatbed,527.4,25672.0,486.09,1223.6506,457342200.0
TR-038804,2025-09-03,Las Vegas,Cincinnati,Dry Van,1871.9,43511.0,3665.65,3787.8186,457342200.0
TR-038805,2025-09-03,Memphis,Phoenix,Dry Van,1820.7,11986.0,3329.54,3426.9216,457342200.0
TR-038806,2025-09-03,Las Vegas,Mobile,Reefer,1878.9,-39242.0,4243.19,4454.0547,457342200.0
TR-038807,2025-09-03,Atlanta,Tampa,Reefer,534.3,34742.0,1384.46,1708.1356,457342200.0
TR-038808,2025-09-03,Memphis,Richmond,Dry Van,873.6,29950.0,1782.17,1773.3737,457342200.0
TR-038809,2025-09-03,Atlanta,Lubbock,Flatbed,1022.5,30906.0,2329.64,2233.8816,457342200.0
TR-038810,2025-09-03,Baton Rouge,San Antonio,Dry Van,422.2,33976.0,1025.98,1036.597,457342200.0
TR-038811,2025-09-03,Baltimore,Montgomery,Flatbed,1050.3,31611.0,2262.13,2265.3535,457342200.0
TR-038812,2025-09-03,Oklahoma City,Memphis,Dry Van,706.5,47500.0,1653.13,1609.2329,457342200.0
TR-038813,2025-09-03,New York,Milwaukee,Dry Van,936.8,27595.0,1809.32,1870.4004,457342200.0
TR-038814,2025-09-03,Hartford,Austin,Flatbed,2011.8,47382.0,4192.29,4129.529,457342200.0
TR-038815,2025-09-03,Baton Rouge,Jacksonville,Dry Van,595.5,27648.0,1311.58,1310.9822,457342200.0
TR-038816,2025-09-03,Charleston,Oklahoma City,Reefer,1312.2,28049.0,2941.49,2838.7195,457342200.0
TR-038817,2025-09-03,Tulsa,Cincinnati,Flatbed,624.2,15558.0,1438.42,1449.6006,457342200.0
TR-038818,2025-09-03,Atlanta,Albany,Dry Van,1225.2,17509.0,2279.18,2304.142,457342200.0
TR-038819,2025-09-03,Indianapolis,Jacksonville,Reefer,616.2,35507.0,1501.31,1529.7477,457342200.0
TR-038820,2025-09-03,Buffalo,San Francisco,Reefer,2704.5,28439.0,5645.59,5233.175,457342200.0
TR-038821,2025-09-03,Fort Wayne,El Paso,Dry Van,1690.6,34280.0,3301.88,3301.319,457342200.0
TR-038822,2025-09-03,Phoenix,El Paso,Dry Van,550.5,30074.0,1177.46,1224.128,457342200.0
TR-038823,2025-09-03,New York,Hartford,Reefer,116.9,30915.0,353.31,396.13718,457342200.0
TR-038824,2025-09-03,Shreveport,Dayton,Dry Van,756.1,27964.0,1588.32,1516.747,457342200.0
TR-038825,2025-09-03,Shreveport,Little Rock,Reefer,153.5,37926.0,508.45,537.72687,457342200.0
TR-038826,2025-09-03,Fort Wayne,Columbia,Flatbed,600.6,43062.0,1418.54,1420.5756,457342200.0
TR-038827,2025-09-03,Lubbock,Harrisburg,Reefer,1616.7,29605.0,3545.47,3469.8171,457342200.0
TR-038828,2025-09-03,Bakersfield,Lexington,Dry Van,2131.0,23221.0,3947.82,3826.8208,457342200.0
TR-038829,2025-09-03,Syracuse,Providence,Dry Van,655.5,18513.0,1314.47,1275.6227,457342200.0
TR-038830,2025-09-03,Louisville,Mobile,Dry Van,475.4,22162.0,1045.11,1035.3248,457342200.0
TR-038831,2025-09-03,Indianapolis,Houston,Dry Van,763.6,36882.0,1658.81,1625.0872,457342200.0
TR-038832,2025-09-03,Lexington,St. Louis,Reefer,365.0,31601.0,950.23,970.4098,457342200.0
TR-038833,2025-09-03,Oklahoma City,Columbia,Dry Van,1069.0,24095.0,2122.98,2183.2837,457342200.0
TR-038834,2025-09-03,St. Louis,Atlanta,Dry Van,381.0,35871.0,914.67,851.90027,457342200.0
TR-038835,2025-09-03,Greensboro,Louisville,Reefer,326.3,25071.0,856.83,866.58685,457342200.0
TR-038836,2025-09-03,Buffalo,Montgomery,Dry Van,974.9,38327.0,2005.14,1986.1332,457342200.0
TR-038837,2025-09-03,Montgomery,Toledo,Dry Van,881.0,26593.0,1740.1,1740.0656,457342200.0
TR-038838,2025-09-03,Fort Wayne,Hartford,Dry Van,858.3,36326.0,4931.28,1734.0676,457342200.0
TR-038839,2025-09-03,Columbia,Madison,Dry Van,719.4,38153.0,1509.11,1521.6283,457342200.0
TR-038840,2025-09-03,Cincinnati,Washington,Dry Van,662.6,28740.0,1366.36,1350.571,457342200.0
TR-038841,2025-09-03,Toledo,Green Bay,Dry Van,277.4,35328.0,643.59,641.2858,457342200.0
TR-038842,2025-09-03,Milwaukee,San Francisco,Dry Van,2155.0,43244.0,4159.14,4214.1914,457342200.0
TR-038843,2025-09-03,Montgomery,Green Bay,Dry Van,1077.4,24809.0,2019.72,2134.6753,457342200.0
TR-038844,2025-09-03,San Francisco,Kansas City,Dry Van,1956.8,25010.0,3574.04,3676.959,457342200.0
TR-038845,2025-09-03,Syracuse,Green Bay,Reefer,653.8,20223.0,1405.61,1410.5356,457342200.0
TR-038846,2025-09-03,Greensboro,Mobile,Flatbed,486.8,35278.0,1190.88,1202.9613,457342200.0
TR-038847,2025-09-03,New York,Savannah,Dry Van,769.6,30379.0,1552.07,1544.5154,457342200.0
TR-038848,2025-09-03,Bakersfield,Green Bay,Flatbed,2008.1,27289.0,3967.87,4028.9758,457342200.0
TR-038849,2025-09-03,Richmond,Little Rock,Dry Van,1051.7,27696.0,2152.14,2123.7493,457342200.0
TR-038850,2025-09-03,Atlanta,Bakersfield,Flatbed,2032.3,40310.0,4376.41,4177.556,457342200.0
TR-038851,2025-09-03,Nashville,Tampa,Reefer,584.8,34808.0,1509.58,1675.9218,457342200.0
TR-038852,2025-09-03,Cincinnati,Oklahoma City,Flatbed,891.7,35128.0,2125.38,2075.3164,457342200.0
TR-038853,2025-09-03,Syracuse,Tulsa,Dry Van,1372.7,42396.0,2774.52,2778.369,457342200.0
TR-038854,2025-09-03,Syracuse,Fort Wayne,Dry Van,525.4,37127.0,1137.04,1115.667,457342200.0
TR-038855,2025-09-03,Baton Rouge,Amarillo,Dry Van,825.5,26716.0,1778.32,1743.6064,457342200.0
TR-038856,2025-09-03,Oklahoma City,Shreveport,Dry Van,440.2,32623.0,1096.27,1078.1571,457342200.0
TR-038857,2025-09-03,Tucson,Richmond,Dry Van,2550.2,28261.0,4400.76,4754.0215,457342200.0
TR-038858,2025-09-03,Houston,Columbia,Dry Van,840.8,43950.0,1838.06,1856.7383,457342200.0
TR-038859,2025-09-03,Shreveport,Indianapolis,Dry Van,541.6,26942.0,1196.71,1184.9957,457342200.0
TR-038860,2025-09-03,Richmond,Providence,Dry Van,481.3,31036.0,1062.89,1054.2454,457342200.0
TR-038861,2025-09-03,Oklahoma City,Tulsa,Dry Van,294.1,28407.0,756.61,759.8487,457342200.0
TR-038862,2025-09-03,Columbia,Green Bay,Dry Van,856.5,47424.0,1790.45,1805.2925,457342200.0
TR-038863,2025-09-03,Dayton,Jacksonville,Dry Van,654.1,29012.0,1368.54,1324.7546,457342200.0
TR-038864,2025-09-03,Oklahoma City,Nashville,Reefer,777.8,45586.0,1933.62,1946.7096,457342200.0
TR-038865,2025-09-03,Savannah,Mobile,Reefer,447.0,25116.0,1143.89,1142.9121,457342200.0
TR-038866,2025-09-03,El Paso,Salt Lake City,Dry Van,253.0,33678.0,634.01,648.9,457342200.0
TR-038867,2025-09-03,Dayton,Kansas City,Dry Van,365.7,18319.0,833.33,794.8008,457342200.0
TR-038868,2025-09-03,Tulsa,Hartford,Dry Van,1540.5,16939.0,2896.96,2793.6807,457342200.0
TR-038869,2025-09-03,Albany,Raleigh,Reefer,803.0,29493.0,1804.39,1759.6392,457342200.0
TR-038870,2025-09-03,Greensboro,Fresno,Reefer,2530.5,41744.0,5502.7,5730.325,457342200.0
TR-038871,2025-09-03,Richmond,Boston,Flatbed,491.2,37068.0,1177.76,1173.1338,457342200.0
TR-038872,2025-09-03,Kansas City,Houston,Reefer,737.6,24111.0,1790.91,1772.9075,457342200.0
TR-038873,2025-09-03,Baltimore,Little Rock,Dry Van,1287.2,26833.0,2419.58,2493.4004,457342200.0
TR-038874,2025-09-03,Dayton,Green Bay,Dry Van,381.7,16681.0,824.38,796.5278,457342200.0
TR-038875,2025-09-03,Phoenix,Grand Rapids,Dry Van,2230.8,46158.0,4138.03,4197.1,457342200.0
TR-038876,2025-09-03,Cincinnati,Grand Rapids,Reefer,504.5,35336.0,1264.58,1246.1776,457342200.0
TR-038877,2025-09-03,Richmond,Indianapolis,Dry Van,798.1,27942.0,1609.32,1620.7325,457342200.0
TR-038878,2025-09-03,Jacksonville,Nashville,Flatbed,382.0,23115.0,948.67,978.9127,457342200.0
TR-038879,2025-09-03,Philadelphia,Little Rock,Dry Van,1293.8,18208.0,2408.22,2420.0625,457342200.0
TR-038880,2025-09-03,Washington,El Paso,Dry Van,2225.6,14842.0,4037.25,4071.4048,457342200.0
TR-038881,2025-09-03,Boston,Fresno,Dry Van,3195.4,34944.0,5870.15,5683.504,457342200.0
TR-038882,2025-09-03,Montgomery,Las Vegas,Flatbed,1995.9,42558.0,4332.21,4207.215,457342200.0
TR-038883,2025-09-03,Toledo,Charleston,Dry Van,709.0,32239.0,1429.26,1462.1104,457342200.0
TR-038884,2025-09-03,St. Louis,El Paso,Dry Van,1418.2,25311.0,2736.58,2742.6194,457342200.0
TR-038885,2025-09-03,Hartford,Harrisburg,Flatbed,373.9,33890.0,920.82,916.3841,457342200.0
TR-038886,2025-09-03,Dayton,Charleston,Flatbed,613.0,21422.0,1344.11,1355.8307,457342200.0
TR-038887,2025-09-03,New York,Atlanta,Dry Van,910.5,32197.0,1846.08,1826.0618,457342200.0
TR-038888,2025-09-03,Dallas,Shreveport,Dry Van,162.5,31840.0,454.76,479.0788,457342200.0
TR-038889,2025-09-03,Milwaukee,Albany,Flatbed,1108.8,28266.0,2334.05,2353.2366,457342200.0
TR-038890,2025-09-03,Lexington,Mobile,Dry Van,477.4,39177.0,1120.7,1094.9413,457342200.0
TR-038891,2025-09-03,Salt Lake City,Baton Rouge,Dry Van,1434.1,34721.0,2885.45,2881.067,457342200.0
TR-038892,2025-09-03,Shreveport,Tampa,Reefer,518.3,34422.0,1412.11,1519.7289,457342200.0
TR-038893,2025-09-03,Los Angeles,Fort Wayne,Dry Van,2296.6,34426.0,4126.36,4154.084,457342200.0
TR-038894,2025-09-03,Green Bay,Los Angeles,Reefer,2234.8,35271.0,4536.4,4541.725,457342200.0
TR-038895,2025-09-03,Fort Wayne,Lexington,Flatbed,380.2,36324.0,988.98,929.18115,457342200.0
TR-038896,2025-09-03,El Paso,Tampa,Reefer,1674.6,39494.0,3696.76,3654.8342,457342200.0
TR-038897,2025-09-03,Harrisburg,Reno,Flatbed,2476.5,47500.0,4929.32,4666.095,457342200.0
TR-038898,2025-09-03,Mobile,Montgomery,Dry Van,169.0,29289.0,445.85,505.2953,457342200.0
TR-038899,2025-09-03,Salt Lake City,Green Bay,Flatbed,1761.2,27002.0,3456.36,3537.3843,457342200.0
TR-038900,2025-09-03,Austin,El Paso,Dry Van,809.9,38873.0,1799.05,1777.8589,457342200.0
TR-038901,2025-09-03,Montgomery,Oklahoma City,Dry Van,852.9,39332.0,1899.77,1838.4498,457342200.0
TR-038902,2025-09-03,Jacksonville,Shreveport,Dry Van,544.9,39735.0,1246.44,1371.7635,457342200.0
TR-038903,2025-09-03,Greensboro,Memphis,Dry Van,463.5,27028.0,1034.94,1031.985,457342200.0
TR-038904,2025-09-03,Shreveport,Indianapolis,Dry Van,543.5,30294.0,1244.67,1208.653,457342200.0
TR-038905,2025-09-03,Baton Rouge,Bakersfield,Dry Van,1695.4,36533.0,3381.01,3264.9338,457342200.0
TR-038906,2025-09-03,Baton Rouge,Memphis,Dry Van,491.5,38689.0,1186.89,1145.2219,457342200.0
TR-038907,2025-09-03,Memphis,Oklahoma City,Dry Van,695.6,39323.0,1574.67,1510.201,457342200.0
TR-038908,2025-09-03,Tampa,Houston,Dry Van,606.5,30246.0,1412.04,1353.4541,457342200.0
TR-038909,2025-09-03,Corpus Christi,Montgomery,Dry Van,733.1,31449.0,1618.75,1550.0682,457342200.0
TR-038910,2025-09-03,Hartford,Fort Wayne,Dry Van,830.1,29972.0,1711.45,1687.4222,457342200.0
TR-038911,2025-09-03,Atlanta,Kansas City,Dry Van,492.6,27778.0,1058.96,1039.0762,457342200.0
TR-038912,2025-09-03,Columbia,Boston,Reefer,979.9,40503.0,2342.99,2411.7761,457342200.0
TR-038913,2025-09-03,Fresno,Mobile,Reefer,2167.3,41208.0,4769.86,4851.6675,457342200.0
TR-038914,2025-09-03,San Antonio,Fort Wayne,Dry Van,1320.6,45826.0,2749.61,2722.701,457342200.0
TR-038915,2025-09-03,Mobile,Montgomery,Flatbed,175.3,20974.0,478.51,555.3057,457342200.0
TR-038916,2025-09-03,Bakersfield,Nashville,Reefer,1874.4,32701.0,4031.4,4057.3755,457342200.0
TR-038917,2025-09-03,Charleston,Buffalo,Flatbed,603.1,43467.0,1398.6,1433.8124,457342200.0
TR-038918,2025-09-03,Oklahoma City,Montgomery,Flatbed,870.3,25268.0,2035.61,1950.7858,457342200.0
TR-038919,2025-09-03,St. Louis,Milwaukee,Dry Van,146.0,17791.0,379.08,371.33957,457342200.0
TR-038920,2025-09-03,Fort Wayne,Montgomery,Flatbed,810.0,26286.0,1762.2,1706.8334,457342200.0
TR-038921,2025-09-03,Greensboro,Lexington,Flatbed,178.4,27904.0,490.18,546.9634,457342200.0
TR-038922,2025-09-03,Hartford,Grand Rapids,Dry Van,932.6,26125.0,1833.07,1871.2927,457342200.0
TR-038923,2025-09-03,Lexington,Buffalo,Dry Van,569.6,,1228.28,1232.6024,457342200.0
TR-038924,2025-09-03,Jacksonville,Montgomery,Dry Van,149.7,28374.0,390.61,454.25427,457342200.0
TR-038925,2025-09-03,St. Louis,San Antonio,Reefer,902.4,20796.0,2120.23,2017.9283,457342200.0
TR-038926,2025-09-03,New Orleans,Indianapolis,Flatbed,516.8,44155.0,1281.36,1287.9084,457342200.0
TR-038927,2025-09-03,Albany,Fort Wayne,Dry Van,881.0,47500.0,1811.89,1800.9238,457342200.0
TR-038928,2025-09-03,Oklahoma City,Kansas City,Dry Van,807.2,20248.0,1657.1,1638.4656,457342200.0
TR-038929,2025-09-03,Phoenix,Montgomery,Reefer,2066.9,46729.0,4494.52,4546.071,457342200.0
TR-038930,2025-09-03,Cincinnati,San Francisco,Flatbed,2334.8,40078.0,4903.95,4543.7812,457342200.0
TR-038931,2025-09-03,Los Angeles,Nashville,Dry Van,2000.6,28000.0,3719.11,4061.8496,457342200.0
TR-038932,2025-09-03,Hartford,Oklahoma City,Dry Van,1801.1,28202.0,3395.51,3529.8887,457342200.0
TR-038933,2025-09-03,Dayton,Lubbock,Dry Van,1236.7,37863.0,2534.45,2490.4082,457342200.0
TR-038934,2025-09-03,Lubbock,Green Bay,Flatbed,1418.0,25694.0,2884.07,2924.4858,457342200.0
TR-038935,2025-09-03,Lubbock,San Francisco,Reefer,1541.4,22322.0,3287.09,3182.2603,457342200.0
TR-038936,2025-09-04,Birmingham,Baltimore,Dry Van,1008.1,41251.0,2103.52,2123.044,457342200.0
TR-038937,2025-09-04,Tulsa,Austin,Dry Van,481.1,25775.0,1119.29,1086.2568,457342200.0
TR-038938,2025-09-04,Charleston,El Paso,Dry Van,2055.0,26821.0,3831.98,3821.2573,457342200.0
TR-038939,2025-09-04,Milwaukee,Fort Wayne,Dry Van,248.2,30413.0,611.13,598.5149,457342200.0
TR-038940,2025-09-04,Grand Rapids,Oklahoma City,Reefer,1238.8,36525.0,2807.36,2781.731,457342200.0
TR-038941,2025-09-04,Green Bay,Mobile,Dry Van,1036.1,28902.0,2071.96,2095.0532,457342200.0
TR-038942,2025-09-04,Mobile,Grand Rapids,Reefer,995.4,36993.0,2339.95,2367.6726,457342200.0
TR-038943,2025-09-04,Los Angeles,Grand Rapids,Reefer,2365.9,33471.0,4874.27,4752.2407,457342200.0
TR-038944,2025-09-04,St. Louis,Buffalo,Reefer,776.7,34266.0,1768.91,1778.361,457342200.0
TR-038945,2025-09-04,Phoenix,Greensboro,Dry Van,2288.4,34647.0,4304.74,4335.916,457342200.0
TR-038946,2025-09-04,Buffalo,Austin,Reefer,1698.0,30214.0,3572.95,3619.1636,457342200.0
TR-038947,2025-09-04,Tucson,Madison,Reefer,1731.5,30529.0,3764.61,3729.3489,457342200.0
TR-038948,2025-09-04,Kansas City,Fort Wayne,Dry Van,387.7,28635.0,870.61,847.28766,457342200.0
TR-038949,2025-09-04,Indianapolis,Louisville,Dry Van,144.7,37934.0,413.09,389.73526,457342200.0
TR-038950,2025-09-04,San Antonio,Greensboro,Dry Van,1206.7,34773.0,2544.99,2460.0037,457342200.0
TR-038951,2025-09-04,Indianapolis,Syracuse,Dry Van,825.3,27331.0,1660.37,1637.9406,457342200.0
TR-038952,2025-09-04,Madison,Lexington,Flatbed,496.5,19459.0,1092.96,1093.9601,457342200.0
TR-038953,2025-09-04,Phoenix,New York,Flatbed,2915.7,37607.0,5716.18,5554.782,457342200.0
TR-038954,2025-09-04,Salt Lake City,Grand Rapids,Dry Van,1792.0,24339.0,3141.19,3316.0037,457342200.0
TR-038955,2025-09-04,Fresno,Philadelphia,Flatbed,3020.8,35588.0,6185.0,6080.332,457342200.0
TR-038956,2025-09-04,Fresno,Nashville,Reefer,2072.0,47236.0,4636.85,4413.568,457342200.0
TR-038957,2025-09-04,Green Bay,Bakersfield,Dry Van,2029.1,15671.0,3625.04,3661.5366,457342200.0
TR-038958,2025-09-04,Mobile,Buffalo,Dry Van,1016.7,27940.0,1954.2,2044.9354,457342200.0
TR-038959,2025-09-04,Richmond,San Antonio,Reefer,1586.3,25694.0,3415.8,3336.3105,457342200.0
TR-038960,2025-09-04,Milwaukee,Memphis,Dry Van,368.5,17509.0,819.65,795.81464,457342200.0
TR-038961,2025-09-04,Nashville,Montgomery,Dry Van,361.0,29981.0,835.18,846.93085,457342200.0
TR-038962,2025-09-04,Milwaukee,Louisville,Dry Van,214.3,25048.0,517.61,547.21204,457342200.0
TR-038963,2025-09-04,Mobile,Columbia,Dry Van,414.6,27311.0,958.93,974.54645,457342200.0
TR-038964,2025-09-04,Fort Wayne,Memphis,Dry Van,545.6,31316.0,1197.57,1179.4751,457342200.0
TR-038965,2025-09-04,Mobile,Oklahoma City,Dry Van,739.6,41810.0,1674.76,1613.259,457342200.0
TR-038966,2025-09-04,Los Angeles,Richmond,Flatbed,2767.7,22992.0,5233.71,5341.351,457342200.0
TR-038967,2025-09-04,Washington,Las Vegas,Dry Van,2519.2,44382.0,4807.93,4685.7734,457342200.0
TR-038968,2025-09-04,Raleigh,Grand Rapids,Dry Van,847.2,26569.0,1614.61,1687.9786,457342200.0
TR-038969,2025-09-04,Los Angeles,Philadelphia,Reefer,2976.6,24331.0,5839.12,5707.7686,457342200.0
TR-038970,2025-09-04,Columbia,Corpus Christi,Reefer,1033.0,23542.0,2360.93,2342.8499,457342200.0
TR-038971,2025-09-04,Bakersfield,Mobile,Reefer,1927.8,20474.0,4100.64,3973.7302,457342200.0
TR-038972,2025-09-04,Albuquerque,Corpus Christi,Flatbed,1082.2,14973.0,2338.31,2313.8423,457342200.0
TR-038973,2025-09-04,Philadelphia,Harrisburg,Dry Van,328.6,36142.0,777.59,770.82227,457342200.0
TR-038974,2025-09-04,Tucson,Little Rock,Reefer,1435.5,30506.0,3240.89,3148.9617,457342200.0
TR-038975,2025-09-04,Indianapolis,Salt Lake City,Reefer,1578.5,43696.0,3635.79,3684.6116,457342200.0
TR-038976,2025-09-04,St. Louis,Greensboro,Dry Van,507.7,40986.0,1166.61,1144.0486,457342200.0
TR-038977,2025-09-04,Columbia,San Francisco,Reefer,2534.0,23546.0,5181.47,4946.1187,457342200.0
TR-038978,2025-09-04,Fort Wayne,Tucson,Reefer,2007.8,29662.0,4170.51,4186.691,457342200.0
TR-038979,2025-09-04,Montgomery,Amarillo,Flatbed,1276.4,18882.0,2723.28,2616.503,457342200.0
TR-038980,2025-09-04,Buffalo,Toledo,Dry Van,388.3,31833.0,830.68,832.01227,457342200.0
TR-038981,2025-09-04,Bakersfield,Savannah,Flatbed,2291.3,30038.0,4731.45,4698.3433,457342200.0
TR-038982,2025-09-04,Baton Rouge,Mobile,Flatbed,354.6,40161.0,946.26,1000.33386,457342200.0
TR-038983,2025-09-04,St. Louis,Dayton,Dry Van,306.3,25578.0,711.59,729.24115,457342200.0
TR-038984,2025-09-04,Charleston,Lexington,Flatbed,419.3,32736.0,1082.09,1072.9513,457342200.0
TR-038985,2025-09-04,Fort Wayne,Boston,Dry Van,998.5,36611.0,2041.64,2062.217,457342200.0
TR-038986,2025-09-04,Cincinnati,Austin,Flatbed,1092.1,43350.0,2599.43,2493.595,457342200.0
TR-038987,2025-09-04,Albuquerque,Tampa,Flatbed,1690.2,40414.0,3685.54,3549.6902,457342200.0
TR-038988,2025-09-04,Tampa,Nashville,Flatbed,569.9,40613.0,1417.52,1369.4092,457342200.0
TR-038989,2025-09-04,Phoenix,Harrisburg,Dry Van,2634.7,19386.0,4591.38,4482.963,457342200.0
TR-038990,2025-09-04,Syracuse,San Francisco,Dry Van,2783.6,47500.0,5144.4,5434.0483,457342200.0
TR-038991,2025-09-04,Mobile,Fresno,Dry Van,2205.7,30795.0,4160.37,4098.2876,457342200.0
TR-038992,2025-09-04,Baton Rouge,Richmond,Flatbed,1219.1,38706.0,2771.41,2669.8074,457342200.0
TR-038993,2025-09-04,Little Rock,Mobile,Dry Van,334.8,30525.0,812.49,800.3794,457342200.0
TR-038994,2025-09-04,Nashville,Savannah,Dry Van,430.0,37360.0,989.2,1000.5453,457342200.0
TR-038995,2025-09-04,Los Angeles,Phoenix,Dry Van,92.8,19110.0,251.45,302.18607,457342200.0
TR-038996,2025-09-04,Chattanooga,Memphis,Flatbed,165.3,37584.0,498.55,530.3954,457342200.0
TR-038997,2025-09-04,St. Louis,Oklahoma City,Dry Van,762.1,33531.0,1607.21,1630.2902,457342200.0
TR-038998,2025-09-04,Phoenix,Los Angeles,Dry Van,70.0,27339.0,196.37,309.57043,457342200.0
TR-038999,2025-09-04,Nashville,Bakersfield,Dry Van,1930.8,29724.0,3701.75,3695.658,457342200.0
TR-039000,2025-09-04,Philadelphia,Hartford,Reefer,70.5,37816.0,236.37,311.97333,457342200.0
TR-039001,2025-09-04,Columbia,Greensboro,Dry Van,120.1,35214.0,345.86,367.52945,457342200.0
TR-039002,2025-09-04,Baton Rouge,Toledo,Dry Van,1055.2,13784.0,2077.33,2037.8269,457342200.0
TR-039003,2025-09-04,Phoenix,New York,Flatbed,2832.1,47500.0,5633.17,5843.272,457342200.0
TR-039004,2025-09-04,Columbia,Houston,Dry Van,846.0,36575.0,1878.85,1857.936,457342200.0
TR-039005,2025-09-04,Atlanta,Savannah,Dry Van,305.0,33433.0,742.41,751.1705,457342200.0
TR-039006,2025-09-04,Syracuse,Memphis,Dry Van,994.0,32039.0,1934.15,1999.8888,457342200.0
TR-039007,2025-09-04,San Francisco,Toledo,Dry Van,2408.2,40572.0,4583.28,4498.554,457342200.0
TR-039008,2025-09-04,Syracuse,Toledo,Reefer,470.1,37627.0,1155.21,1181.7471,457342200.0
TR-039009,2025-09-04,Atlanta,Boston,Dry Van,1169.7,26905.0,2265.2,2318.6501,457342200.0
TR-039010,2025-09-04,Birmingham,Milwaukee,Dry Van,523.0,29917.0,1152.28,1134.4467,457342200.0
TR-039011,2025-09-04,Phoenix,Baton Rouge,Reefer,1664.6,17907.0,3524.5,3395.1912,457342200.0
TR-039012,2025-09-04,Grand Rapids,Harrisburg,Reefer,574.5,32640.0,1333.02,1332.1163,457342200.0
TR-039013,2025-09-04,Austin,Jacksonville,Dry Van,1077.3,38625.0,2290.51,2295.7227,457342200.0
TR-039014,2025-09-04,Philadelphia,Baton Rouge,Dry Van,1479.6,23106.0,2815.63,2757.0159,457342200.0
TR-039015,2025-09-04,Cincinnati,Bakersfield,Dry Van,1948.1,38135.0,3706.5,3845.072,457342200.0
TR-039016,2025-09-04,Washington,Madison,Dry Van,822.3,25567.0,1625.36,1634.2668,457342200.0
TR-039017,2025-09-04,Dallas,Dayton,Flatbed,865.8,33643.0,2034.63,2005.3625,457342200.0
TR-039018,2025-09-04,Houston,Charleston,Dry Van,1066.6,27241.0,2154.52,2203.176,457342200.0
TR-039019,2025-09-04,Harrisburg,Dayton,Dry Van,488.4,32027.0,1086.45,1043.5858,457342200.0
TR-039020,2025-09-04,Detroit,Hartford,Flatbed,767.2,35499.0,1719.87,1665.6989,457342200.0
TR-039021,2025-09-04,Shreveport,Richmond,Dry Van,1130.4,12473.0,2197.15,2188.0295,457342200.0
TR-039022,2025-09-04,Chattanooga,Fresno,Flatbed,2203.0,37072.0,4716.82,4430.9497,457342200.0
TR-039023,2025-09-04,Detroit,Houston,Reefer,1245.7,39954.0,2940.08,2944.2993,457342200.0
TR-039024,2025-09-04,Dayton,Dallas,Dry Van,876.5,30047.0,1864.87,1801.7842,457342200.0
TR-039025,2025-09-04,St. Louis,Los Angeles,Dry Van,1942.3,18773.0,3495.24,3585.0608,457342200.0
TR-039026,2025-09-04,Columbia,Atlanta,Dry Van,217.7,27036.0,544.25,568.24084,457342200.0
TR-039027,2025-09-04,Syracuse,Oklahoma City,Dry Van,1614.0,47500.0,3230.31,3198.6475,457342200.0
TR-039028,2025-09-04,Memphis,Las Vegas,Dry Van,1784.6,37649.0,3459.65,3466.803,457342200.0
TR-039029,2025-09-04,Las Vegas,Los Angeles,Reefer,416.8,24380.0,1036.49,1082.4274,457342200.0
TR-039030,2025-09-04,Charleston,New York,Flatbed,636.9,35247.0,1434.39,1458.1849,457342200.0
TR-039031,2025-09-04,Atlanta,Corpus Christi,Reefer,834.4,42518.0,2102.58,2081.3882,457342200.0
TR-039032,2025-09-04,Corpus Christi,Phoenix,Reefer,1424.4,13531.0,3041.2,2990.827,457342200.0
TR-039033,2025-09-04,Las Vegas,Amarillo,Reefer,769.8,47500.0,1922.11,1939.1815,457342200.0
TR-039034,2025-09-04,Syracuse,Mobile,Flatbed,1135.7,34009.0,2411.56,2453.7712,457342200.0
TR-039035,2025-09-04,Fort Wayne,Washington,Dry Van,564.9,32821.0,1202.71,1192.8285,457342200.0
TR-039036,2025-09-04,San Antonio,Shreveport,Flatbed,515.3,39896.0,1342.71,1323.8503,457342200.0
TR-039037,2025-09-04,Greensboro,Houston,Dry Van,928.1,30926.0,1951.86,1978.3904,457342200.0
TR-039038,2025-09-04,Little Rock,Dayton,Flatbed,615.6,38065.0,1492.67,1472.0682,457342200.0
TR-039039,2025-09-04,Hartford,Milwaukee,Reefer,1029.3,33822.0,2293.08,2255.0508,457342200.0
TR-039040,2025-09-04,Atlanta,Lexington,Reefer,195.2,32781.0,579.89,622.83124,457342200.0
TR-039041,2025-09-04,Washington,El Paso,Dry Van,2214.6,41092.0,4312.53,4418.058,457342200.0
TR-039042,2025-09-04,Cincinnati,Oklahoma City,Dry Van,896.6,-32397.0,1993.26,1790.369,457342200.0
TR-039043,2025-09-04,Fort Wayne,Baltimore,Reefer,839.1,18500.0,1803.31,1843.719,457342200.0
TR-039044,2025-09-04,Montgomery,Fort Wayne,Flatbed,816.2,29833.0,1870.98,1760.7335,457342200.0
TR-039045,2025-09-04,Grand Rapids,Indianapolis,Flatbed,438.6,26546.0,1035.33,1024.0024,457342200.0
TR-039046,2025-09-04,Amarillo,Mobile,Dry Van,1107.9,42033.0,2346.17,2363.212,457342200.0
TR-039047,2025-09-04,Tampa,Syracuse,Dry Van,1328.6,33134.0,2565.6,2575.4727,457342200.0
TR-039048,2025-09-04,Albuquerque,Shreveport,Dry Van,1192.2,41585.0,2561.74,2503.3606,457342200.0
TR-039049,2025-09-04,San Antonio,Syracuse,Dry Van,1761.1,15229.0,3226.05,3259.5713,457342200.0
TR-039050,2025-09-04,Los Angeles,Memphis,Dry Van,1888.9,28678.0,3600.54,3685.8916,457342200.0
TR-039051,2025-09-04,Chattanooga,Atlanta,Dry Van,75.2,39359.0,224.92,295.22516,457342200.0
TR-039052,2025-09-04,Memphis,Jacksonville,Dry Van,462.1,17763.0,1038.92,1018.93896,457342200.0
TR-039053,2025-09-04,Fresno,Atlanta,Dry Van,2224.3,35769.0,4309.6,4324.8457,457342200.0
TR-039054,2025-09-04,Lexington,Montgomery,Dry Van,478.6,32408.0,1073.55,1071.9972,457342200.0
TR-039055,2025-09-04,Lubbock,Grand Rapids,Dry Van,1370.6,31991.0,2717.74,2665.8638,457342200.0
TR-039056,2025-09-04,Nashville,Cincinnati,Flatbed,187.6,31118.0,545.79,586.0899,457342200.0
TR-039057,2025-09-04,Philadelphia,Lexington,Dry Van,781.6,39803.0,1635.9,1644.0027,457342200.0
TR-039058,2025-09-04,Jacksonville,Syracuse,Flatbed,1017.2,47500.0,2223.7,2292.1965,457342200.0
TR-039059,2025-09-04,Grand Rapids,Dayton,Dry Van,311.0,29022.0,706.43,711.9952,457342200.0
TR-039060,2025-09-04,Madison,Houston,Dry Van,950.4,37392.0,1993.08,1992.0437,457342200.0
TR-039061,2025-09-04,Milwaukee,St. Louis,Dry Van,150.7,34999.0,419.81,429.10663,457342200.0
TR-039062,2025-09-04,Fresno,Montgomery,Reefer,2310.4,17905.0,4728.81,4613.0757,457342200.0
TR-039063,2025-09-04,Hartford,Columbia,Dry Van,832.5,20050.0,1619.87,1660.5988,457342200.0
TR-039064,2025-09-04,Detroit,Buffalo,Dry Van,370.2,38779.0,829.81,829.74304,457342200.0
TR-039065,2025-09-04,Columbia,Charleston,Reefer,253.5,20247.0,675.2,705.25055,457342200.0
TR-039066,2025-09-04,Cincinnati,Dayton,Reefer,249.9,22466.0,669.78,676.5319,457342200.0
TR-039067,2025-09-04,Oklahoma City,Chattanooga,Dry Van,804.8,33854.0,1777.59,1741.1168,457342200.0
TR-039068,2025-09-04,Boston,Amarillo,Dry Van,2329.5,30758.0,4479.42,4321.754,457342200.0
TR-039069,2025-09-04,Harrisburg,Philadelphia,Reefer,348.7,29234.0,882.08,912.3469,457342200.0
TR-039070,2025-09-04,Bakersfield,Tulsa,Flatbed,1495.8,37072.0,3210.13,3245.196,457342200.0
TR-039071,2025-09-04,Oklahoma City,Chattanooga,Reefer,823.0,36146.0,2080.39,2016.9501,457342200.0
TR-039072,2025-09-04,Richmond,Dayton,Reefer,584.8,34155.0,1442.01,1393.972,457342200.0
TR-039073,2025-09-04,Baton Rouge,San Antonio,Dry Van,414.3,33798.0,995.5,1013.7405,457342200.0
TR-039074,2025-09-04,Atlanta,Lexington,Flatbed,196.2,31254.0,557.08,596.46027,457342200.0
TR-039075,2025-09-04,Washington,Oklahoma City,Dry Van,1526.0,23888.0,2895.45,3047.9763,457342200.0
TR-039076,2025-09-04,Boston,Kansas City,Dry Van,1368.1,37231.0,2750.9,2785.549,457342200.0
TR-039077,2025-09-04,Lexington,Greensboro,Dry Van,186.1,32504.0,497.6,485.0431,457342200.0
TR-039078,2025-09-04,Fresno,Washington,Reefer,2783.0,32431.0,5931.57,6037.588,457342200.0
TR-039079,2025-09-04,Fresno,Buffalo,Dry Van,2660.4,25435.0,4678.42,4568.5127,457342200.0
TR-039080,2025-09-04,Oklahoma City,Nashville,Dry Van,775.2,33900.0,1735.69,1697.9272,457342200.0
TR-039081,2025-09-04,El Paso,Los Angeles,Reefer,606.9,36765.0,1491.48,1538.4763,457342200.0
TR-039082,2025-09-04,Raleigh,Baton Rouge,Dry Van,1134.0,-20180.0,2227.63,2210.6956,457342200.0
TR-039083,2025-09-04,San Antonio,Los Angeles,Dry Van,1308.3,26943.0,2606.74,2569.3577,457342200.0
TR-039084,2025-09-04,Bakersfield,Baltimore,Dry Van,2725.0,34837.0,5037.89,5027.4146,457342200.0
TR-039085,2025-09-04,Phoenix,Buffalo,Reefer,2660.5,39650.0,5580.78,5679.0024,457342200.0
TR-039086,2025-09-04,Madison,Nashville,Flatbed,540.4,44150.0,1339.97,1314.1965,457342200.0
TR-039087,2025-09-04,Savannah,Phoenix,Reefer,2301.8,30865.0,4731.22,4650.049,457342200.0
TR-039088,2025-09-04,Bakersfield,New Orleans,Dry Van,1617.7,26692.0,3136.86,3124.5735,457342200.0
TR-039089,2025-09-04,Phoenix,Fort Wayne,Reefer,2243.7,40332.0,4776.59,4916.568,457342200.0
TR-039090,2025-09-04,Atlanta,New York,Reefer,932.2,28956.0,2207.44,2154.3555,457342200.0
TR-039091,2025-09-04,Greensboro,Dayton,Dry Van,375.0,33996.0,873.34,837.704,457342200.0
TR-039092,2025-09-05,Mobile,Detroit,Dry Van,1001.3,44567.0,1990.86,2080.7522,457342200.0
TR-039093,2025-09-05,Kansas City,Greensboro,Dry Van,622.5,39869.0,1383.52,1340.7881,457342200.0
TR-039094,2025-09-05,Albany,Fresno,Flatbed,3098.1,28651.0,5939.13,5935.8804,457342200.0
TR-039095,2025-09-05,Baltimore,Savannah,Reefer,720.2,19485.0,1602.12,1630.2263,457342200.0
TR-039096,2025-09-05,Memphis,Syracuse,Dry Van,959.3,33570.0,1943.74,1906.1084,457342200.0
TR-039097,2025-09-05,Kansas City,Hartford,Reefer,1176.5,28249.0,2558.28,2536.9556,457342200.0
TR-039098,2025-09-05,Oklahoma City,St. Louis,Reefer,802.7,-24397.0,1898.24,1809.3411,457342200.0
TR-039099,2025-09-05,Buffalo,Richmond,Flatbed,333.6,31071.0,833.5,831.8318,457342200.0
TR-039100,2025-09-05,Savannah,Houston,Reefer,880.8,21594.0,2025.05,1990.0068,457342200.0
TR-039101,2025-09-05,Richmond,Little Rock,Dry Van,1049.8,32754.0,2231.66,2127.4236,457342200.0
TR-039102,2025-09-05,Green Bay,Lexington,Reefer,634.6,46679.0,1574.91,1515.5424,457342200.0
TR-039103,2025-09-05,Los Angeles,Fresno,Dry Van,422.4,33342.0,992.27,998.79407,457342200.0
TR-039104,2025-09-05,Bakersfield,Detroit,Dry Van,2177.4,32818.0,3972.75,3979.2415,457342200.0
TR-039105,2025-09-05,Greensboro,Buffalo,Dry Van,520.6,25171.0,1104.17,1087.5201,457342200.0
TR-039106,2025-09-05,Lexington,Phoenix,Reefer,2212.2,30317.0,4521.64,4368.009,457342200.0
TR-039107,2025-09-05,Cincinnati,Tampa,Dry Van,764.0,31423.0,1668.8,1553.1482,457342200.0
TR-039108,2025-09-05,Shreveport,Hartford,Dry Van,1470.1,11541.0,2740.42,2661.8755,457342200.0
TR-039109,2025-09-05,Hartford,Kansas City,Flatbed,1167.6,24354.0,2446.6,2447.6372,457342200.0
TR-039110,2025-09-05,Houston,Nashville,Dry Van,620.2,18346.0,1368.65,1321.5156,457342200.0
TR-039111,2025-09-05,Tulsa,Philadelphia,Reefer,1494.9,22533.0,3261.55,3088.4336,457342200.0
TR-039112,2025-09-05,Richmond,Philadelphia,Dry Van,287.9,12038.0,640.63,646.4158,457342200.0
TR-039113,2025-09-05,Detroit,Dayton,Reefer,329.6,34304.0,857.79,845.8668,457342200.0
TR-039114,2025-09-05,Toledo,Kansas City,Reefer,461.1,18640.0,1076.26,1066.4875,457342200.0
TR-039115,2025-09-05,Grand Rapids,Harrisburg,Dry Van,577.6,24556.0,1153.1,1168.4495,457342200.0
TR-039116,2025-09-05,Bakersfield,Albany,Dry Van,2941.7,18025.0,5027.1,4928.5874,457342200.0
TR-039117,2025-09-05,Austin,Green Bay,Dry Van,1436.2,24508.0,2671.85,2728.957,457342200.0
TR-039118,2025-09-05,Memphis,Madison,Reefer,489.5,33195.0,1254.71,1205.9401,457342200.0
TR-039119,2025-09-05,Memphis,New Orleans,Reefer,324.2,36364.0,965.6,900.7349,457342200.0
TR-039120,2025-09-05,Greensboro,Mobile,Reefer,505.9,33806.0,1290.97,1284.5436,457342200.0
TR-039121,2025-09-05,Madison,Fort Wayne,Reefer,292.6,33122.0,791.06,760.846,457342200.0
TR-039122,2025-09-05,Kansas City,Atlanta,Reefer,485.8,32303.0,1227.54,1210.2577,457342200.0
TR-039123,2025-09-05,Indianapolis,Milwaukee,Reefer,113.8,11113.0,341.56,342.79926,457342200.0
TR-039124,2025-09-05,Jacksonville,Savannah,Reefer,206.4,15491.0,581.85,637.92377,457342200.0
TR-039125,2025-09-05,Richmond,Raleigh,Dry Van,238.9,33397.0,578.63,578.0178,457342200.0
TR-039126,2025-09-05,Phoenix,Cincinnati,Dry Van,2077.8,-31560.0,3915.16,3775.793,457342200.0
TR-039127,2025-09-05,Oklahoma City,Toledo,Dry Van,1213.9,37922.0,2473.31,2442.1106,457342200.0
TR-039128,2025-09-05,Fort Wayne,Chattanooga,Dry Van,495.8,26520.0,1056.11,1026.0856,457342200.0
TR-039129,2025-09-05,Buffalo,Memphis,Dry Van,863.1,21100.0,1683.15,1698.9174,457342200.0
TR-039130,2025-09-05,Greensboro,Cincinnati,Flatbed,294.4,32861.0,788.94,863.0375,457342200.0
TR-039131,2025-09-05,Tampa,San Antonio,Flatbed,822.4,30774.0,1950.21,1909.6686,457342200.0
TR-039132,2025-09-05,Greensboro,Harrisburg,Reefer,456.4,34879.0,1155.37,1164.6163,457342200.0
TR-039133,2025-09-05,Buffalo,Richmond,Flatbed,320.1,33714.0,785.6,806.3766,457342200.0
TR-039134,2025-09-05,Montgomery,Los Angeles,Dry Van,2145.3,47500.0,4124.89,4214.366,457342200.0
TR-039135,2025-09-05,Los Angeles,Tulsa,Dry Van,1556.7,37508.0,3112.26,3090.8706,457342200.0
TR-039136,2025-09-05,Los Angeles,Lexington,Dry Van,2229.9,29251.0,4107.05,4048.3428,457342200.0
TR-039137,2025-09-05,St. Louis,Lubbock,Flatbed,988.5,30969.0,2265.1,2248.082,457342200.0
TR-039138,2025-09-05,Green Bay,Cincinnati,Reefer,582.4,42816.0,1455.36,1393.8417,457342200.0
TR-039139,2025-09-05,Dayton,Lexington,Flatbed,256.6,33983.0,689.69,665.65,457342200.0
TR-039140,2025-09-05,Boston,Milwaukee,Flatbed,1173.7,31768.0,2395.68,2556.0215,457342200.0
TR-039141,2025-09-05,Bakersfield,Richmond,Dry Van,2663.8,35880.0,4954.29,4886.39,457342200.0
TR-039142,2025-09-05,Green Bay,Chattanooga,Dry Van,749.0,25679.0,1474.97,1464.0674,457342200.0
TR-039143,2025-09-05,Green Bay,San Antonio,Dry Van,1375.6,27929.0,2664.11,2668.168,457342200.0
TR-039144,2025-09-05,Fresno,Mobile,Flatbed,2120.8,38898.0,4592.34,4199.2935,457342200.0
TR-039145,2025-09-05,Corpus Christi,Charleston,Dry Van,1212.5,28732.0,2469.17,2450.5125,457342200.0
TR-039146,2025-09-05,Buffalo,Fort Wayne,Reefer,421.2,31158.0,1028.4,1010.3512,457342200.0
TR-039147,2025-09-05,Mobile,Bakersfield,Reefer,1945.3,29090.0,4251.39,4481.169,457342200.0
TR-039148,2025-09-05,Louisville,Philadelphia,Reefer,927.2,26426.0,2009.23,2082.9592,457342200.0
TR-039149,2025-09-05,Philadelphia,Chattanooga,Reefer,972.9,26025.0,2139.57,2133.192,457342200.0
TR-039150,2025-09-05,Memphis,Syracuse,Reefer,985.7,47500.0,2307.9,2323.0317,457342200.0
TR-039151,2025-09-05,Buffalo,Syracuse,Dry Van,142.4,47500.0,361.96,383.15668,457342200.0
TR-039152,2025-09-05,Green Bay,Tucson,Reefer,1988.8,31394.0,4078.17,4082.1436,457342200.0
TR-039153,2025-09-05,Grand Rapids,Baton Rouge,Dry Van,1107.1,25186.0,2118.24,2194.107,457342200.0
TR-039154,2025-09-05,San Antonio,Bakersfield,Dry Van,1312.8,29178.0,2511.37,2563.5857,457342200.0
TR-039155,2025-09-05,Green Bay,Little Rock,Dry Van,870.7,24372.0,1714.1,1722.5844,457342200.0
TR-039156,2025-09-05,Bakersfield,Charleston,Reefer,2470.3,37858.0,5335.02,4986.9434,457342200.0
TR-039157,2025-09-05,Shreveport,Montgomery,Reefer,449.2,31980.0,1169.68,1168.7377,457342200.0
TR-039158,2025-09-05,Baton Rouge,Providence,Dry Van,1625.6,15520.0,3081.04,3022.786,457342200.0
TR-039159,2025-09-05,Indianapolis,Columbia,Flatbed,501.0,34088.0,1187.65,1200.712,457342200.0
TR-039160,2025-09-05,Indianapolis,Atlanta,Flatbed,342.0,43453.0,927.17,913.52576,457342200.0
TR-039161,2025-09-05,Albuquerque,Lexington,Dry Van,1611.6,45974.0,3278.97,3221.827,457342200.0
TR-039162,2025-09-05,Los Angeles,Fort Wayne,Reefer,2287.1,39409.0,4844.98,4883.3896,457342200.0
TR-039163,2025-09-05,Oklahoma City,Mobile,Dry Van,698.2,30067.0,1538.53,1474.3485,457342200.0
TR-039164,2025-09-05,Amarillo,Houston,Dry Van,689.7,33239.0,1556.98,1512.9539,457342200.0
TR-039165,2025-09-05,Washington,Indianapolis,Flatbed,769.1,28755.0,1639.49,1628.7059,457342200.0
TR-039166,2025-09-05,El Paso,Providence,Dry Van,2672.0,24182.0,4829.59,4579.632,457342200.0
TR-039167,2025-09-05,Phoenix,Baton Rouge,Reefer,1663.6,30308.0,3605.8,3618.958,457342200.0
TR-039168,2025-09-05,Lubbock,Indianapolis,Reefer,988.6,36601.0,2372.36,2361.6868,457342200.0
TR-039169,2025-09-05,Oklahoma City,Kansas City,Flatbed,784.8,33658.0,1848.35,1816.5939,457342200.0
TR-039170,2025-09-05,Dayton,Raleigh,Reefer,649.3,41334.0,1545.64,1540.8628,457342200.0
TR-039171,2025-09-05,Las Vegas,Oklahoma City,Dry Van,1143.5,14356.0,2236.81,2203.2969,457342200.0
TR-039172,2025-09-05,Bakersfield,Greensboro,Reefer,2235.2,38797.0,4856.02,4720.4697,457342200.0
TR-039173,2025-09-05,Mobile,Albany,Reefer,1443.3,17204.0,2963.57,2930.201,457342200.0
TR-039174,2025-09-05,Amarillo,Hartford,Dry Van,2093.3,19995.0,3804.05,3728.097,457342200.0
TR-039175,2025-09-05,Oklahoma City,Phoenix,Dry Van,1213.2,36563.0,2504.29,2489.0466,457342200.0
TR-039176,2025-09-05,Nashville,Baton Rouge,Dry Van,516.2,29783.0,1161.24,1126.6595,457342200.0
TR-039177,2025-09-05,Fresno,Raleigh,Dry Van,2754.5,33570.0,5084.27,5113.0947,457342200.0
TR-039178,2025-09-05,Nashville,Green Bay,Dry Van,742.3,38337.0,1551.07,1523.2335,457342200.0
TR-039179,2025-09-05,Tucson,Lexington,Flatbed,1947.6,16063.0,3925.06,3923.6646,457342200.0
TR-039180,2025-09-05,Houston,Milwaukee,Flatbed,829.8,31153.0,1940.07,1885.9396,457342200.0
TR-039181,2025-09-05,San Antonio,Madison,Flatbed,1111.2,33344.0,2458.96,2438.8767,457342200.0
TR-039182,2025-09-05,Los Angeles,Shreveport,Reefer,1667.3,37361.0,3749.01,3663.907,457342200.0
TR-039183,2025-09-05,New Orleans,Reno,Dry Van,1810.9,35122.0,3545.25,3508.231,457342200.0
TR-039184,2025-09-05,Little Rock,Dallas,Flatbed,267.3,47500.0,770.47,764.71,457342200.0
TR-039185,2025-09-05,Oklahoma City,Lexington,Flatbed,982.8,29537.0,2194.96,2163.4185,457342200.0
TR-039186,2025-09-05,Baltimore,Madison,Reefer,1114.7,39936.0,2501.52,2515.758,457342200.0
TR-039187,2025-09-05,Hartford,El Paso,Dry Van,2486.7,24578.0,4472.64,4271.062,457342200.0
TR-039188,2025-09-05,Savannah,Fort Wayne,Reefer,646.7,40253.0,1597.1,1558.4144,457342200.0
TR-039189,2025-09-05,Greensboro,Milwaukee,Reefer,480.1,34429.0,1233.95,1320.3448,457342200.0
TR-039190,2025-09-05,Madison,Hartford,Reefer,1092.7,42783.0,2445.17,2436.0444,457342200.0
TR-039191,2025-09-05,Reno,Oklahoma City,Reefer,1446.4,27820.0,3131.14,3067.9805,457342200.0
TR-039192,2025-09-05,Syracuse,Shreveport,Reefer,1279.0,42274.0,2965.22,2931.8853,457342200.0
TR-039193,2025-09-05,Corpus Christi,Nashville,Flatbed,735.2,34429.0,1744.51,1739.3054,457342200.0
TR-039194,2025-09-05,Toledo,Richmond,Dry Van,568.7,18223.0,1126.29,1131.8274,457342200.0
TR-039195,2025-09-05,Harrisburg,Lexington,Dry Van,494.0,35280.0,1086.72,1060.792,457342200.0
TR-039196,2025-09-05,Fort Wayne,Montgomery,Dry Van,814.3,23781.0,1638.54,1592.3428,457342200.0
TR-039197,2025-09-05,New York,Dayton,Dry Van,750.9,41565.0,1528.0,1547.5498,457342200.0
TR-039198,2025-09-05,Memphis,Greensboro,Dry Van,454.3,29819.0,1023.08,997.3888,457342200.0
TR-039199,2025-09-05,Cincinnati,Nashville,Reefer,184.5,35367.0,555.88,571.5053,457342200.0
TR-039200,2025-09-05,Baton Rouge,Hartford,Dry Van,1546.5,40631.0,3039.5,3051.5276,457342200.0
TR-039201,2025-09-05,Kansas City,Dayton,Dry Van,331.0,38977.0,796.76,760.18634,457342200.0
TR-039202,2025-09-05,Syracuse,Bakersfield,Flatbed,2675.6,14333.0,5059.84,4797.0337,457342200.0
TR-039203,2025-09-05,Los Angeles,Milwaukee,Dry Van,2098.9,28894.0,3827.69,3767.335,457342200.0
TR-039204,2025-09-05,Baton Rouge,Milwaukee,Dry Van,809.0,29379.0,1725.56,1666.9325,457342200.0
TR-039205,2025-09-05,Jacksonville,Atlanta,Reefer,276.0,33013.0,806.04,781.1697,457342200.0
TR-039206,2025-09-05,Memphis,Savannah,Reefer,521.7,30220.0,1340.8,1311.0593,457342200.0
TR-039207,2025-09-05,Salt Lake City,Richmond,Reefer,2410.3,26555.0,4949.75,4757.4277,457342200.0
TR-039208,2025-09-05,Philadelphia,Albuquerque,Dry Van,2369.8,32638.0,4428.74,4343.476,457342200.0
TR-039209,2025-09-05,Madison,Providence,Dry Van,1348.9,47500.0,2715.57,2804.1775,457342200.0
TR-039210,2025-09-05,Lubbock,St. Louis,Dry Van,969.3,40479.0,2048.31,2021.0654,457342200.0
TR-039211,2025-09-05,Dallas,New York,Dry Van,1521.2,41662.0,3028.91,3004.2756,457342200.0
TR-039212,2025-09-05,Tucson,San Antonio,Dry Van,1024.4,28316.0,2167.26,2082.4836,457342200.0
TR-039213,2025-09-05,Toledo,Chattanooga,Dry Van,589.5,27928.0,1241.89,1237.6498,457342200.0
TR-039214,2025-09-05,Atlanta,Charleston,Dry Van,438.5,45874.0,1036.02,1036.2139,457342200.0
TR-039215,2025-09-05,Bakersfield,Cincinnati,Dry Van,2020.1,35359.0,3925.28,3819.1716,457342200.0
TR-039216,2025-09-05,Buffalo,Los Angeles,Dry Van,2731.8,38605.0,4953.28,4800.864,457342200.0
TR-039217,2025-09-05,Boston,Raleigh,Dry Van,586.1,32137.0,1273.52,1252.4484,457342200.0
TR-039218,2025-09-05,Memphis,Baton Rouge,Flatbed,464.6,16193.0,1118.18,1111.443,457342200.0
TR-039219,2025-09-05,Columbia,Cincinnati,Dry Van,338.9,46929.0,823.81,818.45215,457342200.0
TR-039220,2025-09-05,Charleston,Toledo,Dry Van,708.9,29238.0,1408.04,1415.6744,457342200.0
TR-039221,2025-09-05,Milwaukee,Tulsa,Dry Van,659.7,32456.0,1432.23,1358.8926,457342200.0
TR-039222,2025-09-05,Milwaukee,Greensboro,Flatbed,461.6,31170.0,1137.48,1139.1904,457342200.0
TR-039223,2025-09-05,Buffalo,San Antonio,Dry Van,1628.4,38644.0,3174.53,3126.9705,457342200.0
TR-039224,2025-09-05,Austin,New York,Reefer,1910.8,28667.0,4107.89,3947.6248,457342200.0
TR-039225,2025-09-05,St. Louis,Reno,Flatbed,1746.3,21720.0,3376.19,4843.3643,457342200.0
TR-039226,2025-09-05,Austin,Montgomery,Reefer,968.8,31550.0,2297.51,2262.3142,457342200.0
TR-039227,2025-09-05,Fort Wayne,New Orleans,Flatbed,817.4,37768.0,1884.83,1857.6995,457342200.0
TR-039228,2025-09-05,Nashville,Chattanooga,Reefer,76.6,24802.0,258.05,335.798,457342200.0
TR-039229,2025-09-05,Savannah,Phoenix,Flatbed,2385.7,-38535.0,4859.34,4620.03,457342200.0
TR-039230,2025-09-05,Milwaukee,Fort Wayne,Reefer,259.6,23743.0,683.15,667.91174,457342200.0
TR-039231,2025-09-05,Bakersfield,Fort Wayne,Dry Van,2125.6,39774.0,4073.23,3966.5586,457342200.0
TR-039232,2025-09-05,Grand Rapids,Columbia,Dry Van,742.6,46936.0,1592.93,1515.045,457342200.0
TR-039233,2025-09-05,Nashville,Atlanta,Dry Van,145.5,32805.0,405.5,395.32135,457342200.0
TR-039234,2025-09-05,Lexington,Mobile,Dry Van,473.9,37291.0,1084.65,1073.1963,457342200.0
TR-039235,2025-09-05,Tucson,Shreveport,Reefer,1429.5,21152.0,3092.79,3047.22,457342200.0
TR-039236,2025-09-05,Montgomery,Fort Wayne,Dry Van,811.4,27026.0,1672.09,1619.0822,457342200.0
TR-039237,2025-09-05,Montgomery,Nashville,Dry Van,367.8,33146.0,893.28,863.51263,457342200.0
TR-039238,2025-09-05,Detroit,Cincinnati,Dry Van,556.2,36663.0,1240.53,1165.9314,457342200.0
TR-039239,2025-09-05,Charleston,Shreveport,Flatbed,877.0,38419.0,2059.35,2032.4852,457342200.0
TR-039240,2025-09-05,Los Angeles,Grand Rapids,Flatbed,2282.1,37021.0,4666.64,4481.8867,457342200.0
TR-039241,2025-09-05,Kansas City,Nashville,Dry Van,406.1,13363.0,883.17,875.5392,457342200.0
TR-039242,2025-09-06,Phoenix,Baton Rouge,Flatbed,1608.9,28838.0,3389.96,3295.905,457342200.0
TR-039243,2025-09-06,Milwaukee,Albuquerque,Dry Van,1373.7,35951.0,2719.01,2741.2583,457342200.0
TR-039244,2025-09-06,Greensboro,Amarillo,Dry Van,1453.8,33533.0,2808.78,2854.986,457342200.0
TR-039245,2025-09-06,Little Rock,Indianapolis,Dry Van,415.5,27499.0,929.65,924.423,457342200.0
TR-039246,2025-09-06,Dayton,Chattanooga,Flatbed,392.7,39617.0,1023.48,960.95917,457342200.0
TR-039247,2025-09-06,Nashville,Oklahoma City,Dry Van,780.9,34651.0,1735.32,1780.5216,457342200.0
TR-039248,2025-09-06,El Paso,Baltimore,Dry Van,2434.7,31292.0,4370.43,4445.3,457342200.0
TR-039249,2025-09-06,Richmond,Nashville,Dry Van,782.2,18404.0,1546.16,1580.0115,457342200.0
TR-039250,2025-09-06,Providence,Savannah,Flatbed,930.9,26923.0,2035.95,2028.1992,457342200.0
TR-039251,2025-09-06,El Paso,Baltimore,Dry Van,2444.7,30659.0,4485.15,4451.869,457342200.0
TR-039252,2025-09-06,Cincinnati,Houston,Dry Van,743.7,34017.0,1601.21,1605.5475,457342200.0
TR-039253,2025-09-06,Atlanta,Baltimore,Flatbed,951.8,32880.0,2066.06,2044.1602,457342200.0
TR-039254,2025-09-06,Lubbock,Cincinnati,Dry Van,1068.4,37938.0,2197.3,2257.6262,457342200.0
TR-039255,2025-09-06,Nashville,Phoenix,Reefer,1943.4,31391.0,4122.85,3994.929,457342200.0
TR-039256,2025-09-06,Nashville,Mobile,Dry Van,310.8,19980.0,730.65,720.58655,457342200.0
TR-039257,2025-09-06,Providence,Los Angeles,Reefer,3231.4,44240.0,6768.62,6271.3623,457342200.0
TR-039258,2025-09-06,Baton Rouge,Montgomery,Reefer,465.4,28531.0,1179.45,1205.0933,457342200.0
TR-039259,2025-09-06,Mobile,Lubbock,Dry Van,836.5,37848.0,1844.5,1815.3429,457342200.0
TR-039260,2025-09-06,Amarillo,Columbia,Reefer,1418.5,20503.0,3040.63,3019.1858,457342200.0
TR-039261,2025-09-06,New York,Detroit,Flatbed,688.3,5000.0,1386.89,1414.2347,457342200.0
TR-039262,2025-09-06,Baton Rouge,Syracuse,Reefer,1414.6,26983.0,3061.97,2987.9487,457342200.0
TR-039263,2025-09-06,Louisville,Fresno,Reefer,2182.1,32833.0,4734.52,4452.0015,457342200.0
TR-039264,2025-09-06,Syracuse,Amarillo,Flatbed,1922.2,28655.0,3864.33,3902.713,457342200.0
TR-039265,2025-09-06,Albany,Fresno,Dry Van,3220.7,34945.0,5608.43,5459.6943,457342200.0
TR-039266,2025-09-06,Hartford,Corpus Christi,Reefer,1787.0,43436.0,3828.43,3791.6099,457342200.0
TR-039267,2025-09-06,Houston,Los Angeles,Reefer,1595.4,42111.0,3648.31,3531.243,457342200.0
TR-039268,2025-09-06,Amarillo,Phoenix,Flatbed,867.6,38704.0,1949.08,1965.9668,457342200.0
TR-039269,2025-09-06,Columbia,Raleigh,Dry Van,387.0,28778.0,847.69,860.3586,457342200.0
TR-039270,2025-09-06,Jacksonville,Kansas City,Reefer,718.9,44221.0,1749.83,1809.8481,457342200.0
TR-039271,2025-09-06,Oklahoma City,Washington,Dry Van,1507.6,42726.0,3076.42,2955.8809,457342200.0
TR-039272,2025-09-06,Corpus Christi,Tucson,Dry Van,1242.1,35218.0,2587.34,2515.252,457342200.0
TR-039273,2025-09-06,Nashville,New York,Dry Van,1019.0,40712.0,2080.38,2066.655,457342200.0
TR-039274,2025-09-06,San Francisco,Montgomery,Flatbed,2320.0,38885.0,4656.27,4504.086,457342200.0
TR-039275,2025-09-06,Madison,Cincinnati,Dry Van,425.3,32865.0,969.15,940.8263,457342200.0
TR-039276,2025-09-06,Tucson,Phoenix,Dry Van,273.5,30411.0,651.83,743.7527,457342200.0
TR-039277,2025-09-06,Atlanta,Cincinnati,Reefer,201.5,29232.0,594.15,605.4597,457342200.0
TR-039278,2025-09-06,Tulsa,Richmond,Reefer,1232.8,32648.0,2794.78,2775.9353,457342200.0
TR-039279,2025-09-06,Nashville,Montgomery,Reefer,374.1,42457.0,1051.15,995.5609,457342200.0
TR-039280,2025-09-06,Charleston,Dallas,Dry Van,1030.6,40028.0,2149.2,2117.9524,457342200.0
TR-039281,2025-09-06,Lubbock,Chattanooga,Dry Van,991.2,30721.0,2044.32,2050.0476,457342200.0
TR-039282,2025-09-06,Mobile,Albany,Dry Van,1434.7,12352.0,2618.27,2623.2148,457342200.0
TR-039283,2025-09-06,Baton Rouge,Salt Lake City,Dry Van,1440.9,27660.0,2764.5,3546.021,457342200.0
TR-039284,2025-09-06,Fort Wayne,St. Louis,Dry Van,375.8,35657.0,851.04,811.3458,457342200.0
TR-039285,2025-09-06,Bakersfield,Austin,Dry Van,1211.0,37163.0,2490.81,2466.6323,457342200.0
TR-039286,2025-09-06,Lexington,Columbia,Dry Van,246.1,10572.0,570.47,581.0163,457342200.0
TR-039287,2025-09-06,Indianapolis,Amarillo,Dry Van,1108.8,37223.0,2306.35,2358.3953,457342200.0
TR-039288,2025-09-06,Hartford,Bakersfield,Reefer,2810.6,24713.0,5439.24,5481.2075,457342200.0
TR-039289,2025-09-06,Los Angeles,Amarillo,Dry Van,924.1,24767.0,1855.19,1922.6174,457342200.0
TR-039290,2025-09-06,Hartford,Lubbock,Flatbed,2026.5,24386.0,4090.46,3949.965,457342200.0
TR-039291,2025-09-06,Atlanta,Dayton,Reefer,419.6,38892.0,1072.6,1059.9194,457342200.0
TR-039292,2025-09-06,Indianapolis,Amarillo,Dry Van,1083.3,35906.0,6295.71,2256.4407,457342200.0
TR-039293,2025-09-06,Dayton,San Antonio,Dry Van,1199.2,38132.0,2469.45,2440.7063,457342200.0
TR-039294,2025-09-06,Baton Rouge,Oklahoma City,Dry Van,436.8,25646.0,997.29,1009.7239,457342200.0
TR-039295,2025-09-06,Columbia,Shreveport,Reefer,647.8,38935.0,1656.07,1620.6498,457342200.0
TR-039296,2025-09-06,Baton Rouge,Buffalo,Reefer,1276.5,47500.0,2849.08,2873.1565,457342200.0
TR-039297,2025-09-06,Hartford,Raleigh,Reefer,514.5,38897.0,1245.26,1238.8759,457342200.0
TR-039298,2025-09-06,Raleigh,Richmond,Reefer,242.6,36305.0,663.83,687.8848,457342200.0
TR-039299,2025-09-06,Albuquerque,Baton Rouge,Dry Van,1256.7,36131.0,2596.02,2555.2852,457342200.0
TR-039300,2025-09-06,Austin,Greensboro,Dry Van,1270.2,28430.0,2518.86,2513.3032,457342200.0
TR-039301,2025-09-06,Lexington,Charleston,Reefer,418.3,34133.0,1096.44,1079.787,457342200.0
TR-039302,2025-09-06,Lexington,Houston,Dry Van,830.5,26196.0,1698.47,1711.5548,457342200.0
TR-039303,2025-09-06,Syracuse,Houston,Reefer,1523.2,39410.0,3405.77,3307.7212,457342200.0
TR-039304,2025-09-06,Washington,Hartford,Dry Van,334.7,37503.0,763.32,767.02936,457342200.0
TR-039305,2025-09-06,Atlanta,Toledo,Reefer,615.2,24827.0,1418.95,1420.461,457342200.0
TR-039306,2025-09-06,Cincinnati,Albuquerque,Flatbed,1451.4,28913.0,3069.94,3049.2935,457342200.0
TR-039307,2025-09-06,Dayton,Charleston,Dry Van,606.0,47304.0,519.57,1297.371,457342200.0
TR-039308,2025-09-06,Richmond,San Francisco,Reefer,2894.6,20672.0,5686.61,5500.5864,457342200.0
TR-039309,2025-09-06,Montgomery,El Paso,Dry Van,1666.7,31796.0,3282.87,3202.3328,457342200.0
TR-039310,2025-09-06,Greensboro,Houston,Dry Van,901.7,26980.0,1849.22,1814.8463,457342200.0
TR-039311,2025-09-06,Hartford,Cincinnati,Reefer,962.1,30834.0,2167.65,2108.9495,457342200.0
TR-039312,2025-09-06,Boston,Milwaukee,Dry Van,1186.9,27507.0,2175.71,2297.7554,457342200.0
TR-039313,2025-09-06,Greensboro,Amarillo,Dry Van,1403.7,16841.0,2605.28,2688.9617,457342200.0
TR-039314,2025-09-06,Nashville,Baton Rouge,Dry Van,498.9,34877.0,1126.8,1111.6204,457342200.0
TR-039315,2025-09-06,Baton Rouge,El Paso,Dry Van,1190.4,28127.0,2325.47,2367.1636,457342200.0
TR-039316,2025-09-06,Baton Rouge,Philadelphia,Dry Van,1429.9,46148.0,2859.86,3394.4946,457342200.0
TR-039317,2025-09-06,Greensboro,Harrisburg,Dry Van,441.0,21673.0,940.39,945.7625,457342200.0
TR-039318,2025-09-06,Buffalo,Tucson,Reefer,2410.7,39963.0,4794.14,4942.185,457342200.0
TR-039319,2025-09-06,Syracuse,Boston,Dry Van,552.3,24992.0,1120.78,1125.1082,457342200.0
TR-039320,2025-09-06,Little Rock,Tulsa,Reefer,212.4,31292.0,645.29,659.72925,457342200.0
TR-039321,2025-09-06,Las Vegas,Bakersfield,Reefer,106.9,22799.0,327.62,469.54294,457342200.0
TR-039322,2025-09-06,Mobile,Indianapolis,Reefer,547.8,21200.0,1318.46,1285.6469,457342200.0
TR-039323,2025-09-06,Fort Wayne,Cincinnati,Reefer,350.9,41299.0,925.32,944.18964,457342200.0
TR-039324,2025-09-06,Lexington,Cincinnati,Reefer,131.9,18936.0,382.63,439.81342,457342200.0
TR-039325,2025-09-06,Tulsa,Washington,Flatbed,1218.2,47500.0,2652.69,2663.097,457342200.0
TR-039326,2025-09-06,Phoenix,Salt Lake City,Dry Van,541.9,28223.0,1159.79,1186.0345,457342200.0
TR-039327,2025-09-06,Oklahoma City,Lubbock,Dry Van,209.9,35716.0,591.03,593.9784,457342200.0
TR-039328,2025-09-06,Fresno,Phoenix,Dry Van,484.0,30390.0,1084.2,1083.0026,457342200.0
TR-039329,2025-09-06,Green Bay,Charleston,Dry Van,940.7,23026.0,1814.58,1878.9583,457342200.0
TR-039330,2025-09-06,Lexington,Syracuse,Reefer,710.3,28142.0,1651.04,1636.4626,457342200.0
TR-039331,2025-09-06,Detroit,Dayton,Dry Van,307.2,29594.0,694.25,710.15295,457342200.0
TR-039332,2025-09-06,San Antonio,Tulsa,Dry Van,411.7,28117.0,973.92,968.5186,457342200.0
TR-039333,2025-09-06,Fresno,Columbia,Dry Van,2431.4,37740.0,4522.88,4441.2856,457342200.0
TR-039334,2025-09-06,Savannah,New York,Dry Van,771.4,24253.0,1533.94,1506.4819,457342200.0
TR-039335,2025-09-06,Las Vegas,Dayton,Flatbed,1958.4,19593.0,3744.98,3872.4597,457342200.0
TR-039336,2025-09-06,Lubbock,Philadelphia,Reefer,1905.7,20467.0,3921.95,3871.1328,457342200.0
TR-039337,2025-09-06,Cincinnati,Hartford,Dry Van,937.9,36803.0,1883.57,1913.8717,457342200.0
TR-039338,2025-09-06,Philadelphia,Fort Wayne,Flatbed,798.8,37451.0,1797.06,1744.4702,457342200.0
TR-039339,2025-09-06,New York,Boston,Reefer,288.4,44453.0,766.34,773.8641,457342200.0
TR-039340,2025-09-06,Bakersfield,Philadelphia,Reefer,2744.3,36993.0,5553.3,5588.89,457342200.0
TR-039341,2025-09-06,Los Angeles,Nashville,Dry Van,2066.3,10662.0,3607.34,4042.2656,457342200.0
TR-039342,2025-09-06,Fort Wayne,Syracuse,Dry Van,533.6,35435.0,1099.18,1134.5145,457342200.0
TR-039343,2025-09-06,Hartford,El Paso,Reefer,2491.7,33833.0,5329.38,4975.8022,457342200.0
TR-039344,2025-09-06,Atlanta,Lexington,Dry Van,206.3,41244.0,542.84,520.90375,457342200.0
TR-039345,2025-09-06,Fort Wayne,Charleston,Dry Van,692.5,31185.0,1431.19,1366.1222,457342200.0
TR-039346,2025-09-06,San Francisco,Shreveport,Dry Van,1959.5,17754.0,3645.68,3564.8516,457342200.0
TR-039347,2025-09-06,Buffalo,Charleston,Flatbed,600.2,35776.0,1386.26,1383.3141,457342200.0
TR-039348,2025-09-06,Mobile,Philadelphia,Dry Van,1178.3,18965.0,2183.38,2253.5413,457342200.0
TR-039349,2025-09-06,Grand Rapids,Madison,Flatbed,272.3,-23983.0,669.86,664.4387,457342200.0
TR-039350,2025-09-06,Columbia,Richmond,Dry Van,522.2,24675.0,1096.55,1095.1815,457342200.0
TR-039351,2025-09-06,Reno,Atlanta,Flatbed,2079.3,27495.0,4066.97,3972.948,457342200.0
TR-039352,2025-09-06,Memphis,Kansas City,Reefer,346.3,24570.0,901.47,884.76154,457342200.0
TR-039353,2025-09-06,Bakersfield,Tulsa,Flatbed,1449.3,22129.0,2912.56,3023.0671,457342200.0
TR-039354,2025-09-06,Montgomery,Syracuse,Reefer,1125.9,22471.0,2402.59,2383.7996,457342200.0
TR-039355,2025-09-06,Hartford,Philadelphia,Reefer,70.6,30031.0,219.83,302.5188,457342200.0
TR-039356,2025-09-06,Tucson,Washington,Flatbed,2491.8,41566.0,5018.5,4738.8096,457342200.0
TR-039357,2025-09-06,Kansas City,Dallas,Dry Van,642.6,28688.0,1366.89,1334.4172,457342200.0
TR-039358,2025-09-06,Syracuse,Memphis,Dry Van,972.0,24144.0,1822.67,1876.8348,457342200.0
TR-039359,2025-09-06,Greensboro,Fort Wayne,Dry Van,460.7,21835.0,394.42,977.2505,457342200.0
TR-039360,2025-09-06,New Orleans,Hartford,Dry Van,1420.1,35236.0,2779.53,2817.959,457342200.0
TR-039361,2025-09-06,Hartford,Washington,Reefer,323.4,32039.0,820.3,829.07745,457342200.0
TR-039362,2025-09-06,Grand Rapids,Chattanooga,Dry Van,693.7,27150.0,1441.33,1367.5558,457342200.0
TR-039363,2025-09-06,Tulsa,Bakersfield,Dry Van,1477.7,30076.0,11684.7,2818.7805,457342200.0
TR-039364,2025-09-06,Oklahoma City,Richmond,Dry Van,1536.2,47500.0,3140.85,3074.1335,457342200.0
TR-039365,2025-09-06,Grand Rapids,Lexington,Flatbed,535.2,39720.0,1295.72,1253.9916,457342200.0
TR-039366,2025-09-06,Dayton,Tampa,Dry Van,940.4,24477.0,1827.9,1860.4536,457342200.0
TR-039367,2025-09-06,Philadelphia,Phoenix,Reefer,2948.2,25083.0,5673.91,5558.996,457342200.0
TR-039368,2025-09-06,Baton Rouge,Grand Rapids,Dry Van,1103.7,22408.0,9250.6,2106.2473,457342200.0
TR-039369,2025-09-06,St. Louis,Chattanooga,Flatbed,315.2,35688.0,819.34,828.44305,457342200.0
TR-039370,2025-09-06,Hartford,Lexington,Dry Van,858.8,27551.0,1700.82,1713.3595,457342200.0
TR-039371,2025-09-06,New York,Memphis,Dry Van,1044.1,39574.0,2067.45,2129.7983,457342200.0
TR-039372,2025-09-06,Savannah,San Antonio,Dry Van,1165.3,34073.0,2351.81,2422.7788,457342200.0
TR-039373,2025-09-06,Buffalo,Syracuse,Reefer,163.0,23748.0,422.75,470.66843,457342200.0
TR-039374,2025-09-06,Richmond,Cincinnati,Dry Van,664.5,35422.0,1417.7,1383.4413,457342200.0
TR-039375,2025-09-06,Grand Rapids,Amarillo,Reefer,1403.9,25329.0,2924.5,2971.7651,457342200.0
TR-039376,2025-09-06,Shreveport,Indianapolis,Flatbed,549.4,23763.0,1320.2,1260.8179,457342200.0
TR-039377,2025-09-06,Atlanta,Milwaukee,Dry Van,425.7,32145.0,979.97,937.37524,457342200.0
TR-039378,2025-09-06,Baltimore,New York,Reefer,194.1,26805.0,518.55,558.1004,457342200.0
TR-039379,2025-09-06,Fort Wayne,Tampa,Dry Van,1117.5,44260.0,2348.29,2317.0986,457342200.0
TR-039380,2025-09-06,Cincinnati,Austin,Dry Van,1077.1,45799.0,2307.08,2304.5647,457342200.0
TR-039381,2025-09-06,Albany,Fort Wayne,Dry Van,887.5,32982.0,1720.0,1743.7545,457342200.0
TR-039382,2025-09-06,Austin,Fort Wayne,Dry Van,1374.1,24793.0,2573.08,2613.1145,457342200.0
TR-039383,2025-09-06,Louisville,Chattanooga,Dry Van,180.9,43584.0,474.06,483.65057,457342200.0
TR-039384,2025-09-06,El Paso,Los Angeles,Dry Van,575.6,41067.0,1251.61,1278.0791,457342200.0
TR-039385,2025-09-06,Syracuse,Albany,Dry Van,377.2,30582.0,798.99,789.07336,457342200.0
TR-039386,2025-09-06,Baton Rouge,Cincinnati,Dry Van,670.0,32746.0,1537.76,1411.9858,457342200.0
TR-039387,2025-09-06,Charleston,Tampa,Reefer,696.8,41214.0,1718.98,1701.8545,457342200.0
TR-039388,2025-09-06,Oklahoma City,New Orleans,Reefer,442.3,31307.0,1168.83,1151.7899,457342200.0
TR-039389,2025-09-06,Lexington,New Orleans,Dry Van,612.4,23737.0,1276.72,1292.3767,457342200.0
TR-039390,2025-09-06,Baton Rouge,Charleston,Dry Van,954.9,29262.0,1934.18,1950.0602,457342200.0
TR-039391,2025-09-06,Raleigh,San Francisco,Reefer,2891.2,18502.0,5635.6,5626.782,457342200.0
TR-039392,2025-09-06,Detroit,Albuquerque,Dry Van,1704.4,43240.0,3236.78,3292.9397,457342200.0
TR-039393,2025-09-06,Louisville,Bakersfield,Dry Van,1843.4,41948.0,3619.2,3671.3696,457342200.0
TR-039394,2025-09-06,Fort Wayne,Bakersfield,Dry Van,2146.7,29158.0,3929.2,3874.104,457342200.0
TR-039395,2025-09-06,Hartford,Fort Wayne,Dry Van,834.8,35176.0,1680.95,1696.9236,457342200.0
TR-039396,2025-09-06,Fort Wayne,Amarillo,Reefer,1413.1,41418.0,3259.67,3262.0366,457342200.0
TR-039397,2025-09-06,Richmond,Fort Wayne,Dry Van,605.6,45239.0,1274.14,1290.2926,457342200.0
TR-039398,2025-09-06,Atlanta,Oklahoma City,Flatbed,862.6,40268.0,2091.65,2045.0104,457342200.0
TR-039399,2025-09-06,Montgomery,Los Angeles,Reefer,2114.0,38575.0,4500.84,4350.9106,457342200.0
TR-039400,2025-09-06,Toledo,Baton Rouge,Flatbed,1075.7,17057.0,2187.86,2267.8965,457342200.0
TR-039401,2025-09-06,Syracuse,Chattanooga,Reefer,916.0,31009.0,2024.09,2034.0111,457342200.0
TR-039402,2025-09-06,Houston,El Paso,Flatbed,1102.7,33137.0,2494.08,2417.268,457342200.0
TR-039403,2025-09-06,Memphis,Milwaukee,Dry Van,339.5,,823.14,864.5335,457342200.0
TR-039404,2025-09-06,Savannah,Shreveport,Dry Van,682.6,42531.0,1519.16,1496.0411,457342200.0
TR-039405,2025-09-06,Fort Wayne,Atlanta,Dry Van,526.5,26997.0,1095.6,1089.1626,457342200.0
TR-039406,2025-09-06,Montgomery,Albany,Flatbed,1397.1,26399.0,2834.89,2943.7473,457342200.0
TR-039407,2025-09-06,Charleston,Columbia,Dry Van,250.1,27266.0,611.65,621.326,457342200.0
TR-039408,2025-09-06,San Francisco,Reno,Dry Van,423.3,18681.0,904.38,885.2696,457342200.0
TR-039409,2025-09-06,Charleston,Grand Rapids,Flatbed,888.5,43654.0,1940.13,1937.5282,457342200.0
TR-039410,2025-09-06,Lexington,Grand Rapids,Reefer,557.9,44461.0,1397.51,1315.9083,457342200.0
TR-039411,2025-09-06,Fort Wayne,Hartford,Reefer,845.3,39229.0,1946.57,1896.9084,457342200.0
TR-039412,2025-09-07,Montgomery,Tulsa,Reefer,610.3,31526.0,1472.84,1485.8762,457342200.0
TR-039413,2025-09-07,Hartford,Jacksonville,Flatbed,1065.9,26924.0,2260.94,2381.037,457342200.0
TR-039414,2025-09-07,Columbia,Phoenix,Flatbed,2275.5,44347.0,4649.91,4382.408,457342200.0
TR-039415,2025-09-07,Kansas City,Bakersfield,Dry Van,1724.5,39231.0,3356.25,3338.897,457342200.0
TR-039416,2025-09-07,Toledo,Reno,Flatbed,2037.5,24922.0,3912.24,3915.2366,457342200.0
TR-039417,2025-09-07,Richmond,Austin,Dry Van,1689.8,28712.0,3145.67,3150.6428,457342200.0
TR-039418,2025-09-07,Oklahoma City,Tampa,Dry Van,857.4,15655.0,1711.18,1733.0372,457342200.0
TR-039419,2025-09-07,Little Rock,Jacksonville,Dry Van,567.3,33274.0,1275.03,1225.9753,457342200.0
TR-039420,2025-09-07,Fort Wayne,Dayton,Dry Van,137.7,30495.0,346.53,335.3587,457342200.0
TR-039421,2025-09-07,Syracuse,Indianapolis,Dry Van,805.9,30121.0,1610.93,1607.8916,457342200.0
TR-039422,2025-09-07,Amarillo,Memphis,Dry Van,1016.3,31547.0,2137.02,2053.311,457342200.0
TR-039423,2025-09-07,Philadelphia,Atlanta,Dry Van,954.4,35682.0,1913.01,1936.7157,457342200.0
TR-039424,2025-09-07,Harrisburg,Nashville,Dry Van,756.1,32424.0,1530.06,1569.3165,457342200.0
TR-039425,2025-09-07,New York,Philadelphia,Dry Van,98.1,31365.0,259.85,287.25803,457342200.0
TR-039426,2025-09-07,Fort Wayne,Memphis,Reefer,533.7,18128.0,1239.05,1215.6514,457342200.0
TR-039427,2025-09-07,Boston,San Francisco,Reefer,3320.9,28101.0,6507.07,6261.9478,457342200.0
TR-039428,2025-09-07,Grand Rapids,Fresno,Dry Van,2269.0,13935.0,4073.5,3909.6736,457342200.0
TR-039429,2025-09-07,Los Angeles,Dallas,Reefer,1572.8,32163.0,3438.62,3481.1104,457342200.0
TR-039430,2025-09-07,Memphis,Milwaukee,Flatbed,339.0,23879.0,826.33,827.51825,457342200.0
TR-039431,2025-09-07,Lubbock,Grand Rapids,Reefer,1420.6,33574.0,3170.07,3057.5085,457342200.0
TR-039432,2025-09-07,Hartford,Milwaukee,Dry Van,1050.4,31807.0,2023.51,2042.1869,457342200.0
TR-039433,2025-09-07,Charleston,Baton Rouge,Reefer,954.4,27809.0,2196.22,2201.3296,457342200.0
TR-039434,2025-09-07,Los Angeles,Philadelphia,Dry Van,3026.4,36555.0,5451.7,5318.545,457342200.0
TR-039435,2025-09-07,Baton Rouge,Tampa,Dry Van,448.9,27315.0,1009.88,1016.3208,457342200.0
TR-039436,2025-09-07,Columbia,Jacksonville,Dry Van,244.7,5222.0,575.32,587.83997,457342200.0
TR-039437,2025-09-07,Phoenix,Jacksonville,Dry Van,2177.2,23166.0,3864.89,5107.799,457342200.0
TR-039438,2025-09-07,Richmond,New Orleans,Flatbed,1141.2,29874.0,2386.99,2420.1575,457342200.0
TR-039439,2025-09-07,Tucson,Houston,Dry Van,1292.0,40140.0,7773.89,3278.8599,457342200.0
TR-039440,2025-09-07,Shreveport,Albuquerque,Reefer,1188.6,26023.0,2518.56,2613.9153,457342200.0
TR-039441,2025-09-07,Cincinnati,Syracuse,Dry Van,769.9,27757.0,1471.93,1466.0679,457342200.0
TR-039442,2025-09-07,Tulsa,Lubbock,Dry Van,452.2,25906.0,1040.31,1015.79095,457342200.0
TR-039443,2025-09-07,Fresno,Nashville,Reefer,2150.6,43753.0,4546.95,4616.2056,457342200.0
TR-039444,2025-09-07,Toledo,Tulsa,Dry Van,932.9,37419.0,1865.15,1965.9325,457342200.0
TR-039445,2025-09-07,Phoenix,Providence,Dry Van,3201.1,35349.0,5853.34,5655.4575,457342200.0
TR-039446,2025-09-07,Austin,Savannah,Reefer,1253.2,30164.0,2738.53,2769.5732,457342200.0
TR-039447,2025-09-07,Houston,Detroit,Dry Van,1239.9,35595.0,2411.71,2468.316,457342200.0
TR-039448,2025-09-07,Cincinnati,Tulsa,Dry Van,635.3,28042.0,1384.37,1340.8379,457342200.0
TR-039449,2025-09-07,Buffalo,Kansas City,Reefer,791.5,18623.0,1714.74,1630.047,457342200.0
TR-039450,2025-09-07,Shreveport,Jacksonville,Dry Van,547.2,25855.0,1172.76,1194.7029,457342200.0
TR-039451,2025-09-07,Richmond,Buffalo,Flatbed,331.1,32740.0,829.69,813.1278,457342200.0
TR-039452,2025-09-07,Atlanta,Austin,Flatbed,1045.0,32576.0,2345.65,2287.3008,457342200.0
TR-039453,2025-09-07,Columbia,Los Angeles,Reefer,2325.3,20393.0,4680.61,4498.7236,457342200.0
TR-039454,2025-09-07,Tulsa,Louisville,Dry Van,604.3,26173.0,1312.28,1284.392,457342200.0
TR-039455,2025-09-07,Baton Rouge,Los Angeles,Reefer,1707.6,26078.0,3535.13,3569.0706,457342200.0
TR-039456,2025-09-07,Kansas City,Raleigh,Reefer,938.1,36599.0,2159.99,2192.7124,457342200.0
TR-039457,2025-09-07,Shreveport,Oklahoma City,Dry Van,444.4,15738.0,1007.21,996.20996,457342200.0
TR-039458,2025-09-07,Bakersfield,Hartford,Reefer,2933.7,36251.0,5895.32,5845.313,457342200.0
TR-039459,2025-09-07,Milwaukee,Harrisburg,Dry Van,653.9,32090.0,1375.54,1312.7528,457342200.0
TR-039460,2025-09-07,Phoenix,Lexington,Dry Van,2217.9,32609.0,10528.39,4039.8706,457342200.0
TR-039461,2025-09-07,Mobile,San Antonio,Dry Van,731.7,34936.0,1606.52,1571.0128,457342200.0
TR-039462,2025-09-07,San Antonio,Milwaukee,Dry Van,1091.1,33365.0,2156.76,2221.796,457342200.0
TR-039463,2025-09-07,Milwaukee,Richmond,Flatbed,755.4,19972.0,1607.8,1561.174,457342200.0
TR-039464,2025-09-07,Kansas City,Fort Wayne,Dry Van,399.3,35811.0,879.23,886.88904,457342200.0
TR-039465,2025-09-07,Green Bay,Reno,Flatbed,1903.0,38037.0,3696.98,3862.851,457342200.0
TR-039466,2025-09-07,Louisville,Harrisburg,Dry Van,604.0,22322.0,1221.65,1234.5984,457342200.0
TR-039467,2025-09-07,Columbia,Hartford,Dry Van,840.3,34603.0,1670.68,1725.1542,457342200.0
TR-039468,2025-09-07,Memphis,Amarillo,Reefer,1020.3,40501.0,2493.04,2412.8628,457342200.0
TR-039469,2025-09-07,Lubbock,Amarillo,Dry Van,433.2,14152.0,1001.46,962.4001,457342200.0
TR-039470,2025-09-07,Shreveport,New York,Flatbed,1362.6,28934.0,2768.33,2864.0227,457342200.0
TR-039471,2025-09-07,Amarillo,New York,Dry Van,2062.1,47500.0,3948.28,3890.217,457342200.0
TR-039472,2025-09-07,Bakersfield,San Francisco,Dry Van,364.8,27978.0,799.58,849.2371,457342200.0
TR-039473,2025-09-07,Albuquerque,Buffalo,Flatbed,2039.8,36973.0,4030.59,4091.5918,457342200.0
TR-039474,2025-09-07,Boston,Syracuse,Dry Van,547.9,25022.0,1098.18,1131.4779,457342200.0
TR-039475,2025-09-07,New Orleans,Atlanta,Reefer,437.9,32784.0,1158.69,1147.3018,457342200.0
TR-039476,2025-09-07,Greensboro,El Paso,Dry Van,1785.4,32873.0,3359.77,3412.2776,457342200.0
TR-039477,2025-09-07,Nashville,Richmond,Flatbed,776.7,21615.0,1643.12,1617.2932,457342200.0
TR-039478,2025-09-07,Phoenix,Shreveport,Reefer,1661.2,32399.0,3729.06,3635.2773,457342200.0
TR-039479,2025-09-07,Reno,Cincinnati,Dry Van,1970.7,13955.0,3395.52,3451.9822,457342200.0
TR-039480,2025-09-07,Syracuse,Indianapolis,Reefer,829.7,27194.0,8354.94,1837.0901,457342200.0
TR-039481,2025-09-07,Memphis,Tulsa,Reefer,414.2,39409.0,1166.12,1098.2432,457342200.0
TR-039482,2025-09-07,San Francisco,San Antonio,Dry Van,1657.2,34594.0,3297.59,3213.3489,457342200.0
TR-039483,2025-09-07,Cincinnati,New Orleans,Flatbed,524.8,23048.0,1215.34,1190.7157,457342200.0
TR-039484,2025-09-07,Buffalo,Bakersfield,Dry Van,2501.0,19446.0,4191.0,4076.4119,457342200.0
TR-039485,2025-09-07,Montgomery,Houston,Dry Van,609.7,34980.0,1413.69,1405.3871,457342200.0
TR-039486,2025-09-07,Cincinnati,San Antonio,Dry Van,993.6,38170.0,2152.77,2081.4548,457342200.0
TR-039487,2025-09-07,San Antonio,Austin,Reefer,105.5,32135.0,343.33,400.52573,457342200.0
TR-039488,2025-09-07,Toledo,Madison,Reefer,320.9,30234.0,820.83,886.09515,457342200.0
TR-039489,2025-09-07,Corpus Christi,Fort Wayne,Reefer,1246.6,27363.0,2721.38,2719.0378,457342200.0
TR-039490,2025-09-07,Syracuse,Philadelphia,Dry Van,394.3,36513.0,858.77,845.40137,457342200.0
TR-039491,2025-09-07,Los Angeles,Albany,Flatbed,3193.0,41418.0,6095.83,6062.386,457342200.0
TR-039492,2025-09-07,Mobile,Syracuse,Dry Van,1177.4,33379.0,2285.94,2378.1565,457342200.0
TR-039493,2025-09-07,Montgomery,Baton Rouge,Reefer,439.0,22988.0,1089.0,1120.2214,457342200.0
TR-039494,2025-09-07,Charleston,Buffalo,Dry Van,602.2,27557.0,1203.48,1243.8573,457342200.0
TR-039495,2025-09-07,Las Vegas,Albuquerque,Dry Van,433.9,10237.0,921.46,1033.5576,457342200.0
TR-039496,2025-09-07,Savannah,Phoenix,Flatbed,2357.4,40467.0,4839.21,4561.4424,457342200.0
TR-039497,2025-09-07,Tucson,Hartford,Dry Van,2790.4,37119.0,5064.37,4971.7993,457342200.0
TR-039498,2025-09-07,Hartford,Mobile,Reefer,1223.8,38249.0,2760.21,3344.2966,457342200.0
TR-039499,2025-09-07,Fort Wayne,Tucson,Reefer,1972.6,34507.0,4159.52,4087.3416,457342200.0
TR-039500,2025-09-07,Green Bay,Nashville,Dry Van,742.3,25840.0,1480.7,1443.2389,457342200.0
TR-039501,2025-09-07,Syracuse,Oklahoma City,Reefer,1634.4,28432.0,3547.97,3382.5051,457342200.0
TR-039502,2025-09-07,Harrisburg,Las Vegas,Dry Van,2411.1,40524.0,4401.81,4432.1616,457342200.0
TR-039503,2025-09-07,Lubbock,Baltimore,Dry Van,1976.4,31241.0,3708.8,3765.5684,457342200.0
TR-039504,2025-09-07,Syracuse,Montgomery,Dry Van,1098.1,28598.0,2099.69,2145.01,457342200.0
TR-039505,2025-09-07,Grand Rapids,San Antonio,Dry Van,1335.3,19646.0,2482.71,2477.6343,457342200.0
TR-039506,2025-09-07,El Paso,Lexington,Dry Van,1696.3,36630.0,3321.61,3230.3315,457342200.0
TR-039507,2025-09-07,Baton Rouge,Toledo,Dry Van,1052.7,38607.0,2144.55,2140.1086,457342200.0
TR-039508,2025-09-07,Shreveport,Fort Wayne,Reefer,826.8,31218.0,1894.1,1877.9891,457342200.0
TR-039509,2025-09-07,Nashville,Richmond,Reefer,755.5,34953.0,1717.44,1783.9318,457342200.0
TR-039510,2025-09-07,Baton Rouge,Atlanta,Dry Van,565.1,40921.0,1262.04,1233.5972,457342200.0
TR-039511,2025-09-07,Nashville,Richmond,Reefer,770.7,24935.0,1674.09,1672.6028,457342200.0
TR-039512,2025-09-07,Lexington,Tucson,Reefer,1910.9,44184.0,4191.96,4199.4487,457342200.0
TR-039513,2025-09-07,Grand Rapids,Baton Rouge,Reefer,1111.9,26504.0,2461.67,2429.5347,457342200.0
TR-039514,2025-09-07,Cincinnati,Green Bay,Flatbed,593.2,-33699.0,3509.58,1319.7842,457342200.0
TR-039515,2025-09-07,Greensboro,Dallas,Reefer,866.1,43153.0,2129.99,2113.2764,457342200.0
TR-039516,2025-09-07,Kansas City,El Paso,Dry Van,1356.7,36850.0,2738.76,2722.4744,457342200.0
TR-039517,2025-09-07,Louisville,Harrisburg,Dry Van,640.2,29780.0,1305.73,1312.2218,457342200.0
TR-039518,2025-09-07,Baltimore,New York,Dry Van,197.1,33856.0,491.43,494.71704,457342200.0
TR-039519,2025-09-07,Richmond,Buffalo,Reefer,337.4,34413.0,869.11,876.9391,457342200.0
TR-039520,2025-09-07,Mobile,San Antonio,Reefer,735.2,22368.0,1721.63,1733.5688,457342200.0
TR-039521,2025-09-07,Tampa,Tucson,Reefer,1869.6,29171.0,3966.54,3898.9915,457342200.0
TR-039522,2025-09-07,Charleston,Montgomery,Flatbed,512.5,13378.0,1171.48,1173.1674,457342200.0
TR-039523,2025-09-07,Little Rock,Charleston,Flatbed,811.7,39209.0,1922.81,1871.0613,457342200.0
TR-039524,2025-09-07,Albany,Nashville,Dry Van,1286.1,25196.0,2341.29,2411.3735,457342200.0
TR-039525,2025-09-07,Houston,Salt Lake City,Reefer,1270.0,24688.0,2751.76,2720.6328,457342200.0
TR-039526,2025-09-07,San Francisco,Little Rock,Reefer,1987.0,32242.0,4251.85,4120.534,457342200.0
TR-039527,2025-09-07,Los Angeles,Mobile,Reefer,2008.8,15421.0,4103.62,5248.5723,457342200.0
TR-039528,2025-09-07,Lubbock,San Antonio,Dry Van,129.8,21046.0,352.04,375.01828,457342200.0
TR-039529,2025-09-07,Tampa,Reno,Reefer,2283.1,25149.0,4337.4,4461.644,457342200.0
TR-039530,2025-09-07,Toledo,Columbia,Dry Van,602.4,23998.0,1205.49,1224.9347,457342200.0
TR-039531,2025-09-07,Harrisburg,Montgomery,Flatbed,882.6,38355.0,2005.36,1947.2085,457342200.0
TR-039532,2025-09-07,Madison,Jacksonville,Dry Van,848.0,26403.0,1652.64,1696.1106,457342200.0
TR-039533,2025-09-07,Memphis,Bakersfield,Dry Van,1812.4,27594.0,3379.91,3453.286,457342200.0
TR-039534,2025-09-07,Oklahoma City,Baltimore,Reefer,1772.8,30944.0,3821.57,5752.203,457342200.0
TR-039535,2025-09-07,Dallas,Louisville,Flatbed,659.4,27467.0,1529.04,1553.5568,457342200.0
TR-039536,2025-09-07,Lexington,Houston,Dry Van,845.1,27197.0,1693.03,1747.5033,457342200.0
TR-039537,2025-09-07,Memphis,Fresno,Dry Van,2004.0,24430.0,3646.69,3584.8782,457342200.0
TR-039538,2025-09-07,Phoenix,Richmond,Dry Van,2746.4,30766.0,4841.75,4685.7046,457342200.0
TR-039539,2025-09-07,Grand Rapids,Kansas City,Flatbed,463.0,39345.0,1130.84,1116.1975,457342200.0
TR-039540,2025-09-07,Chattanooga,Lubbock,Reefer,982.4,42057.0,2359.22,2372.274,457342200.0
TR-039541,2025-09-07,Tulsa,Green Bay,Dry Van,1001.5,33204.0,2047.67,2009.895,457342200.0
TR-039542,2025-09-07,Montgomery,Lexington,Dry Van,475.3,23237.0,1014.08,1042.3392,457342200.0
TR-039543,2025-09-07,Philadelphia,Albuquerque,Flatbed,2356.2,38049.0,4740.83,4525.947,457342200.0
TR-039544,2025-09-07,Houston,Toledo,Flatbed,1154.5,27797.0,2396.78,2483.199,457342200.0
TR-039545,2025-09-07,Boston,New York,Dry Van,287.1,33419.0,646.25,671.1215,457342200.0
TR-039546,2025-09-07,Bakersfield,Memphis,Flatbed,1787.5,42162.0,1477.09,3746.9226,457342200.0
TR-039547,2025-09-07,Fresno,Los Angeles,Dry Van,435.2,39437.0,971.37,1032.5603,457342200.0
TR-039548,2025-09-07,Toledo,Kansas City,Reefer,491.9,26525.0,1157.04,1115.1923,457342200.0
TR-039549,2025-09-07,Oklahoma City,Birmingham,Reefer,820.1,37581.0,2065.89,2007.1326,457342200.0
TR-039550,2025-09-07,Austin,Philadelphia,Dry Van,1906.2,41850.0,3716.51,3659.041,457342200.0
TR-039551,2025-09-07,Washington,Corpus Christi,Dry Van,1518.5,33750.0,2890.69,3045.152,457342200.0
TR-039552,2025-09-07,Nashville,Baton Rouge,Dry Van,504.8,27575.0,1114.15,1096.1127,457342200.0
TR-039553,2025-09-07,Raleigh,Atlanta,Reefer,584.7,31706.0,1465.64,1399.1334,457342200.0
TR-039554,2025-09-07,Chattanooga,Boston,Dry Van,1192.8,21653.0,2266.5,2278.7473,457342200.0
TR-039555,2025-09-07,Raleigh,Cincinnati,Flatbed,650.4,35087.0,1482.34,1481.1105,457342200.0
TR-039556,2025-09-07,Kansas City,Detroit,Flatbed,564.0,19323.0,1209.0,1198.9692,457342200.0
TR-039557,2025-09-07,Lubbock,Hartford,Dry Van,1950.4,24581.0,3641.16,3596.6401,457342200.0
TR-039558,2025-09-07,Chattanooga,Cincinnati,Flatbed,171.0,39745.0,499.9,522.5552,457342200.0
TR-039559,2025-09-07,Cincinnati,Kansas City,Dry Van,346.4,40343.0,198.16,813.5648,457342200.0
TR-039560,2025-09-07,Atlanta,Charleston,Flatbed,460.9,32811.0,1136.33,1148.2772,457342200.0
TR-039561,2025-09-07,Little Rock,Milwaukee,Flatbed,502.3,28125.0,1211.34,1198.7137,457342200.0
TR-039562,2025-09-07,Salt Lake City,Raleigh,Dry Van,2311.2,28228.0,4067.4,4251.1167,457342200.0
TR-039563,2025-09-07,Milwaukee,Buffalo,Dry Van,641.7,41226.0,1334.81,1351.058,457342200.0
TR-039564,2025-09-07,Louisville,Boston,Flatbed,1156.2,25556.0,2365.18,2472.6846,457342200.0
TR-039565,2025-09-07,Charleston,Columbia,Flatbed,264.9,22703.0,664.79,667.20514,457342200.0
TR-039566,2025-09-07,Baton Rouge,Albany,Dry Van,1808.8,42696.0,3399.59,3598.4604,457342200.0
TR-039567,2025-09-07,Fort Wayne,Kansas City,Dry Van,405.6,31006.0,905.5,874.27136,457342200.0
TR-039568,2025-09-07,Albany,Green Bay,Reefer,955.8,38779.0,2122.6,2112.2185,457342200.0
TR-039569,2025-09-07,Green Bay,Fresno,Dry Van,2182.4,26360.0,3813.01,3846.1587,457342200.0
TR-039570,2025-09-07,Phoenix,Little Rock,Dry Van,1706.5,19750.0,3183.5,3140.975,457342200.0
TR-039571,2025-09-07,Shreveport,Richmond,Dry Van,1134.7,15298.0,2124.08,2168.0132,457342200.0
TR-039572,2025-09-08,Baton Rouge,Chattanooga,Flatbed,552.4,17878.0,1258.26,1258.8367,457342200.0
TR-039573,2025-09-08,Kansas City,Richmond,Dry Van,910.7,29963.0,1832.43,1790.7655,457342200.0
TR-039574,2025-09-08,Oklahoma City,Charleston,Dry Van,1311.4,41618.0,2684.71,2630.2007,457342200.0
TR-039575,2025-09-08,Kansas City,Syracuse,Dry Van,951.0,22745.0,1779.91,2018.8845,457342200.0
TR-039576,2025-09-08,Grand Rapids,Hartford,Dry Van,904.2,25709.0,1643.21,1716.3461,457342200.0
TR-039577,2025-09-08,Memphis,Toledo,Dry Van,608.0,39089.0,1308.17,1288.806,457342200.0
TR-039578,2025-09-08,Amarillo,Phoenix,Dry Van,877.3,35081.0,1834.7,1859.7979,457342200.0
TR-039579,2025-09-08,Mobile,Lexington,Dry Van,488.8,27430.0,1106.89,1061.7355,457342200.0
TR-039580,2025-09-08,Bakersfield,Charleston,Dry Van,2429.3,32104.0,4308.44,4334.125,457342200.0
TR-039581,2025-09-08,Indianapolis,Raleigh,Dry Van,785.0,40640.0,1659.41,1633.4993,457342200.0
TR-039582,2025-09-08,Bakersfield,El Paso,Dry Van,453.1,32502.0,1010.14,1035.8461,457342200.0
TR-039583,2025-09-08,Oklahoma City,Chattanooga,Reefer,842.0,33749.0,2052.54,2066.7168,457342200.0
TR-039584,2025-09-08,Memphis,Indianapolis,Flatbed,249.4,22504.0,664.46,653.861,457342200.0
TR-039585,2025-09-08,Fort Wayne,Phoenix,Flatbed,2202.4,41773.0,4409.01,4376.5186,457342200.0
TR-039586,2025-09-08,Harrisburg,Fort Wayne,Reefer,481.9,32242.0,1144.42,1136.1814,457342200.0
TR-039587,2025-09-08,Toledo,Montgomery,Reefer,886.7,31911.0,2062.26,1994.8396,457342200.0
TR-039588,2025-09-08,Richmond,Tulsa,Reefer,1253.4,35527.0,2791.08,2821.0684,457342200.0
TR-039589,2025-09-08,Tulsa,Cincinnati,Dry Van,650.0,25497.0,1374.41,1346.12,457342200.0
TR-039590,2025-09-08,Baton Rouge,Albany,Reefer,1780.1,32945.0,3729.88,3784.0508,457342200.0
TR-039591,2025-09-08,Houston,Kansas City,Dry Van,759.6,31084.0,1611.62,1554.9454,457342200.0
TR-039592,2025-09-08,Albany,Reno,Dry Van,2823.6,46964.0,4852.21,4895.0527,457342200.0
TR-039593,2025-09-08,Syracuse,Kansas City,Dry Van,908.2,18902.0,1714.23,1701.8654,457342200.0
TR-039594,2025-09-08,Jacksonville,Green Bay,Dry Van,1004.1,34274.0,1990.99,2035.6445,457342200.0
TR-039595,2025-09-08,Amarillo,Bakersfield,Dry Van,846.5,31898.0,1764.95,1859.2996,457342200.0
TR-039596,2025-09-08,New York,Toledo,Dry Van,678.8,31483.0,1322.52,1351.5095,457342200.0
TR-039597,2025-09-08,Los Angeles,Montgomery,Dry Van,2151.2,38592.0,4247.79,4087.405,457342200.0
TR-039598,2025-09-08,Tampa,Memphis,Dry Van,592.0,38310.0,1340.5,1308.2096,457342200.0
TR-039599,2025-09-08,Tucson,Hartford,Reefer,2775.9,38208.0,5620.89,5649.121,457342200.0
TR-039600,2025-09-08,Montgomery,Oklahoma City,Dry Van,867.0,12275.0,1717.38,1830.9359,457342200.0
TR-039601,2025-09-08,San Francisco,Oklahoma City,Flatbed,1537.8,42748.0,3365.65,3259.318,457342200.0
TR-039602,2025-09-08,Fresno,San Francisco,Dry Van,224.7,28104.0,556.94,579.1285,457342200.0
TR-039603,2025-09-08,Montgomery,Louisville,Dry Van,497.8,21405.0,1058.37,1066.6383,457342200.0
TR-039604,2025-09-08,Tucson,Atlanta,Flatbed,1911.7,36881.0,3903.03,3919.4485,457342200.0
TR-039605,2025-09-08,Jacksonville,Detroit,Reefer,935.5,16575.0,2014.63,2030.1608,457342200.0
TR-039606,2025-09-08,Cincinnati,Philadelphia,Flatbed,883.1,40275.0,1999.43,1935.1356,457342200.0
TR-039607,2025-09-08,Richmond,Birmingham,Reefer,750.9,36042.0,1801.21,1836.7686,457342200.0
TR-039608,2025-09-08,Raleigh,El Paso,Reefer,2168.3,22134.0,4431.09,4274.2036,457342200.0
TR-039609,2025-09-08,San Antonio,Providence,Dry Van,2032.1,28719.0,3905.77,3715.02,457342200.0
TR-039610,2025-09-08,Memphis,Mobile,Dry Van,335.5,33773.0,809.6,788.3,457342200.0
TR-039611,2025-09-08,Charleston,Baton Rouge,Dry Van,924.9,33442.0,1872.88,1949.5026,457342200.0
TR-039612,2025-09-08,Greensboro,Chattanooga,Dry Van,289.2,44830.0,2021.98,701.46234,457342200.0
TR-039613,2025-09-08,Richmond,Los Angeles,Dry Van,2785.9,27632.0,4791.87,4749.868,457342200.0
TR-039614,2025-09-08,Las Vegas,Dayton,Reefer,2030.6,30646.0,4200.31,4151.9146,457342200.0
TR-039615,2025-09-08,Madison,Savannah,Dry Van,821.4,34909.0,1667.08,1716.2317,457342200.0
TR-039616,2025-09-08,Corpus Christi,Grand Rapids,Reefer,1366.2,30512.0,2948.72,2942.9114,457342200.0
TR-039617,2025-09-08,Lexington,Oklahoma City,Dry Van,963.1,27930.0,2027.06,1942.7623,457342200.0
TR-039618,2025-09-08,San Antonio,Jacksonville,Flatbed,992.9,33357.0,2292.08,2275.51,457342200.0
TR-039619,2025-09-08,Mobile,Charleston,Flatbed,607.4,23842.0,1387.72,1415.081,457342200.0
TR-039620,2025-09-08,Philadelphia,Columbia,Reefer,742.8,32786.0,1751.27,1722.0853,457342200.0
TR-039621,2025-09-08,St. Louis,Albuquerque,Reefer,1272.8,31242.0,2850.46,2778.349,457342200.0
TR-039622,2025-09-08,Columbia,Atlanta,Dry Van,223.9,33526.0,573.2,567.4676,457342200.0
TR-039623,2025-09-08,Buffalo,Cincinnati,Dry Van,662.5,30880.0,1357.84,1342.3735,457342200.0
TR-039624,2025-09-08,Oklahoma City,Fort Wayne,Reefer,1160.6,47500.0,2689.88,2774.6978,457342200.0
TR-039625,2025-09-08,Boston,Tampa,Dry Van,1476.1,38497.0,2836.8,2895.6138,457342200.0
TR-039626,2025-09-08,Lexington,Philadelphia,Reefer,814.9,38906.0,1854.62,1933.4438,457342200.0
TR-039627,2025-09-08,Tucson,San Antonio,Flatbed,1051.0,10384.0,2213.5,2219.4304,457342200.0
TR-039628,2025-09-08,Green Bay,San Antonio,Dry Van,1419.1,,2589.09,2660.782,457342200.0
TR-039629,2025-09-08,Los Angeles,Reno,Reefer,888.6,30126.0,1942.25,1964.6411,457342200.0
TR-039630,2025-09-08,San Antonio,Buffalo,Flatbed,1672.3,47500.0,3568.34,3466.3103,457342200.0
TR-039631,2025-09-08,Grand Rapids,Milwaukee,Dry Van,342.2,25659.0,767.26,738.9191,457342200.0
TR-039632,2025-09-08,Lexington,Tulsa,Dry Van,728.6,40333.0,1623.8,1559.5765,457342200.0
TR-039633,2025-09-08,Los Angeles,San Antonio,Flatbed,1308.4,35128.0,2904.7,2796.076,457342200.0
TR-039634,2025-09-08,Cincinnati,New Orleans,Reefer,521.6,25889.0,1282.29,1266.6724,457342200.0
TR-039635,2025-09-08,Lexington,Hartford,Dry Van,853.6,28860.0,1670.61,1708.5652,457342200.0
TR-039636,2025-09-08,Toledo,Oklahoma City,Dry Van,1208.5,42242.0,2446.14,2456.058,457342200.0
TR-039637,2025-09-08,Reno,Tampa,Dry Van,2332.5,24983.0,3952.07,3941.3113,457342200.0
TR-039638,2025-09-08,Greensboro,Baton Rouge,Flatbed,789.9,28104.0,1746.0,1717.4893,457342200.0
TR-039639,2025-09-08,Tampa,Syracuse,Reefer,1335.3,24611.0,2833.34,2760.0422,457342200.0
TR-039640,2025-09-08,Jacksonville,Green Bay,Dry Van,1023.1,,1984.86,2007.0431,457342200.0
TR-039641,2025-09-08,Las Vegas,Lexington,Flatbed,1990.6,35337.0,3964.88,4029.769,457342200.0
TR-039642,2025-09-08,Bakersfield,Phoenix,Dry Van,380.1,46531.0,896.28,877.4842,457342200.0
TR-039643,2025-09-08,Phoenix,Jacksonville,Reefer,2139.6,13692.0,4288.2,4050.6863,457342200.0
TR-039644,2025-09-08,Bakersfield,Phoenix,Reefer,402.1,27869.0,1008.41,1042.6729,457342200.0
TR-039645,2025-09-08,Oklahoma City,Albany,Flatbed,2039.6,24118.0,3975.86,3928.4868,457342200.0
TR-039646,2025-09-08,Hartford,Fresno,Dry Van,3152.6,24027.0,5396.01,5346.7637,457342200.0
TR-039647,2025-09-08,Phoenix,Syracuse,Dry Van,2786.7,42290.0,5007.64,5253.1274,457342200.0
TR-039648,2025-09-08,Syracuse,Tulsa,Dry Van,1386.9,32168.0,2653.14,2682.4785,457342200.0
TR-039649,2025-09-08,Madison,Tampa,Reefer,1115.0,38088.0,2458.79,2539.4102,457342200.0
TR-039650,2025-09-08,Indianapolis,Cincinnati,Reefer,197.1,42071.0,579.86,601.58813,457342200.0
TR-039651,2025-09-08,El Paso,Atlanta,Dry Van,1627.4,31180.0,3207.95,3111.1316,457342200.0
TR-039652,2025-09-08,Savannah,Mobile,Flatbed,439.1,35666.0,1140.47,1120.8398,457342200.0
TR-039653,2025-09-08,Philadelphia,Raleigh,Dry Van,443.0,22928.0,936.17,1024.0392,457342200.0
TR-039654,2025-09-08,Syracuse,Corpus Christi,Flatbed,1699.3,26004.0,3444.93,3259.905,457342200.0
TR-039655,2025-09-08,Nashville,Greensboro,Dry Van,369.7,30693.0,846.27,834.33093,457342200.0
TR-039656,2025-09-08,Fort Wayne,Tucson,Dry Van,1939.9,21852.0,1039.33,3453.0593,457342200.0
TR-039657,2025-09-08,Shreveport,Philadelphia,Reefer,1430.4,35540.0,3077.83,3286.1716,457342200.0
TR-039658,2025-09-08,Grand Rapids,Chattanooga,Dry Van,668.5,28867.0,1366.54,1328.2096,457342200.0
TR-039659,2025-09-08,Toledo,New York,Dry Van,682.2,27999.0,1341.67,1347.5898,457342200.0
TR-039660,2025-09-08,Memphis,Mobile,Dry Van,339.4,35463.0,819.55,807.46124,457342200.0
TR-039661,2025-09-08,New Orleans,Memphis,Dry Van,322.5,32382.0,801.7,772.3913,457342200.0
TR-039662,2025-09-08,Richmond,Nashville,Dry Van,764.3,35723.0,1574.89,1594.9318,457342200.0
TR-039663,2025-09-08,Hartford,Charleston,Reefer,679.0,31180.0,1580.81,1555.3114,457342200.0
TR-039664,2025-09-08,Nashville,Shreveport,Dry Van,370.6,27631.0,895.55,843.95056,457342200.0
TR-039665,2025-09-08,Richmond,Hartford,Flatbed,325.2,32340.0,810.22,808.5146,457342200.0
TR-039666,2025-09-08,Phoenix,Philadelphia,Dry Van,2983.9,37660.0,5216.82,5180.02,457342200.0
TR-039667,2025-09-08,Bakersfield,Memphis,Dry Van,1871.8,26463.0,3482.9,3512.1729,457342200.0
TR-039668,2025-09-08,Chattanooga,Albany,Dry Van,1203.7,28762.0,2322.91,2342.9993,457342200.0
TR-039669,2025-09-08,Richmond,Austin,Flatbed,1695.3,20821.0,3360.0,3296.1147,457342200.0
TR-039670,2025-09-08,Tulsa,Shreveport,Reefer,195.1,32268.0,599.52,628.4282,457342200.0
TR-039671,2025-09-08,Birmingham,Boston,Flatbed,1217.6,18871.0,2524.95,2463.2622,457342200.0
TR-039672,2025-09-08,Shreveport,Corpus Christi,Dry Van,411.6,33499.0,996.28,965.71313,457342200.0
TR-039673,2025-09-08,Harrisburg,Tulsa,Reefer,1169.2,32244.0,2615.19,2920.4758,457342200.0
TR-039674,2025-09-08,Fresno,Syracuse,Dry Van,2707.8,35424.0,4876.72,4790.2163,457342200.0
TR-039675,2025-09-08,Albuquerque,Tucson,Reefer,448.4,27739.0,1123.76,1122.506,457342200.0
TR-039676,2025-09-08,San Antonio,Tucson,Reefer,1054.5,33582.0,2486.05,2473.2522,457342200.0
TR-039677,2025-09-08,Oklahoma City,Indianapolis,Flatbed,848.9,25735.0,758.12,1848.9045,457342200.0
TR-039678,2025-09-08,Toledo,Detroit,Flatbed,146.5,31510.0,402.44,422.5885,457342200.0
TR-039679,2025-09-08,Shreveport,Hartford,Dry Van,1467.6,34886.0,2950.34,2852.0232,457342200.0
TR-039680,2025-09-08,Birmingham,Mobile,Reefer,180.1,27515.0,514.24,575.5119,457342200.0
TR-039681,2025-09-08,St. Louis,Kansas City,Flatbed,122.1,39457.0,381.97,366.27072,457342200.0
TR-039682,2025-09-08,Montgomery,Cincinnati,Dry Van,474.8,20752.0,997.23,1036.8246,457342200.0
TR-039683,2025-09-08,Mobile,Hartford,Dry Van,1226.3,38730.0,2412.98,2453.6724,457342200.0
TR-039684,2025-09-08,Tucson,Bakersfield,Reefer,313.3,29501.0,833.53,888.1285,457342200.0
TR-039685,2025-09-08,Amarillo,New Orleans,Dry Van,840.6,43823.0,1871.96,1852.118,457342200.0
TR-039686,2025-09-08,Houston,Mobile,Dry Van,467.3,26948.0,1062.85,1051.5636,457342200.0
TR-039687,2025-09-08,Montgomery,Phoenix,Reefer,2103.7,44704.0,4653.73,4382.7173,457342200.0
TR-039688,2025-09-08,Dayton,Memphis,Flatbed,457.8,32649.0,1095.41,1108.0437,457342200.0
TR-039689,2025-09-08,San Antonio,Raleigh,Dry Van,1492.9,32098.0,2891.35,2891.0215,457342200.0
TR-039690,2025-09-08,Baton Rouge,Hartford,Flatbed,1553.3,,3059.64,3185.9897,457342200.0
TR-039691,2025-09-08,Houston,Tucson,Dry Van,1252.0,36875.0,2568.75,3037.079,457342200.0
TR-039692,2025-09-08,Reno,Milwaukee,Reefer,1894.8,37775.0,3891.56,3977.4216,457342200.0
TR-039693,2025-09-08,Fresno,Albuquerque,Flatbed,700.3,40770.0,1641.31,1692.6964,457342200.0
TR-039694,2025-09-08,Charleston,Atlanta,Flatbed,444.3,44191.0,1132.92,1132.6193,457342200.0
TR-039695,2025-09-08,Lubbock,Cincinnati,Dry Van,1042.1,42402.0,2132.59,2179.313,457342200.0
TR-039696,2025-09-08,San Antonio,Toledo,Dry Van,1351.4,42499.0,2650.23,2714.815,457342200.0
TR-039697,2025-09-08,Atlanta,Charleston,Reefer,450.3,36176.0,1138.21,1152.8737,457342200.0
TR-039698,2025-09-08,San Antonio,Memphis,Dry Van,769.6,36307.0,1704.6,1666.96,457342200.0
TR-039699,2025-09-08,Atlanta,El Paso,Flatbed,1601.2,27687.0,3238.85,3232.1165,457342200.0
TR-039700,2025-09-08,Toledo,Little Rock,Dry Van,805.7,47500.0,1688.91,1717.7758,457342200.0
TR-039701,2025-09-08,Syracuse,Kansas City,Dry Van,954.7,47500.0,1946.66,1938.4938,457342200.0
TR-039702,2025-09-08,Richmond,Milwaukee,Reefer,737.2,37275.0,1786.14,1823.7833,457342200.0
TR-039703,2025-09-08,Fresno,Memphis,Dry Van,2051.6,28782.0,3806.95,4523.2266,457342200.0
TR-039704,2025-09-08,Hartford,Amarillo,Flatbed,2106.4,43129.0,4380.38,4121.5107,457342200.0
TR-039705,2025-09-08,Madison,Hartford,Dry Van,1132.1,37545.0,2149.63,2249.8254,457342200.0
TR-039706,2025-09-08,Albuquerque,Chattanooga,Dry Van,1481.5,27840.0,2873.29,2817.6172,457342200.0
TR-039707,2025-09-08,Albany,Amarillo,Reefer,2243.4,31089.0,4481.33,4509.642,457342200.0
TR-039708,2025-09-08,Columbia,Chattanooga,Flatbed,282.8,43489.0,765.21,751.6954,457342200.0
TR-039709,2025-09-08,Boston,Lexington,Dry Van,997.1,33391.0,1949.17,2025.4773,457342200.0
TR-039710,2025-09-08,Fort Wayne,Tucson,Flatbed,1997.2,27626.0,3869.27,3907.9514,457342200.0
TR-039711,2025-09-08,Fresno,Columbia,Reefer,2440.4,,5057.26,4755.455,457342200.0
TR-039712,2025-09-08,Columbia,New York,Dry Van,770.9,27670.0,1532.53,1517.3335,457342200.0
TR-039713,2025-09-08,Buffalo,Fort Wayne,Flatbed,447.7,25783.0,1015.6,995.8485,457342200.0
TR-039714,2025-09-08,Boston,Grand Rapids,Reefer,1079.1,21409.0,2156.21,2322.8071,457342200.0
TR-039715,2025-09-08,Grand Rapids,Los Angeles,Dry Van,2224.8,37323.0,4022.03,4062.916,457342200.0
TR-039716,2025-09-08,Boston,San Francisco,Reefer,3326.1,40867.0,6853.93,6373.693,457342200.0
TR-039717,2025-09-08,Green Bay,Los Angeles,Flatbed,2251.2,33776.0,4327.24,4340.59,457342200.0
TR-039718,2025-09-08,Baltimore,Lexington,Reefer,821.4,19587.0,1861.62,1785.3202,457342200.0
TR-039719,2025-09-08,New Orleans,Mobile,Dry Van,300.8,30595.0,771.61,740.6695,457342200.0
TR-039720,2025-09-08,San Antonio,Mobile,Flatbed,749.3,38244.0,1803.52,1808.182,457342200.0
TR-039721,2025-09-08,Tucson,Richmond,Dry Van,2503.6,32709.0,4459.47,4380.898,457342200.0
TR-039722,2025-09-08,Tucson,Atlanta,Reefer,1852.3,21150.0,3829.72,3828.931,457342200.0
TR-039723,2025-09-08,Green Bay,Grand Rapids,Dry Van,109.7,34640.0,288.59,289.59113,457342200.0
TR-039724,2025-09-08,Tulsa,Grand Rapids,Dry Van,971.2,30753.0,1997.43,1916.8701,457342200.0
TR-039725,2025-09-08,Charleston,Mobile,Dry Van,636.9,,1357.32,1393.6246,457342200.0
TR-039726,2025-09-08,Oklahoma City,Detroit,Dry Van,1329.2,32843.0,2560.61,2555.916,457342200.0
TR-039727,2025-09-08,Detroit,Harrisburg,Reefer,510.9,34392.0,1210.84,1189.153,457342200.0
TR-039728,2025-09-08,San Francisco,Cincinnati,Reefer,2273.2,45065.0,4652.33,4687.5366,457342200.0
TR-039729,2025-09-08,Shreveport,Greensboro,Dry Van,703.5,31827.0,1475.59,1503.3909,457342200.0
TR-039730,2025-09-08,Raleigh,Charleston,Flatbed,194.6,28744.0,536.68,573.0928,457342200.0
TR-039731,2025-09-08,Houston,Chattanooga,Flatbed,627.9,33188.0,1455.89,1485.945,457342200.0
TR-039732,2025-09-08,Greensboro,Fort Wayne,Reefer,479.9,17808.0,1140.25,1108.6277,457342200.0
TR-039733,2025-09-08,Cincinnati,Baton Rouge,Dry Van,676.5,29732.0,1431.89,1370.1746,457342200.0
TR-039734,2025-09-08,Grand Rapids,Baltimore,Dry Van,930.6,40179.0,1824.25,1928.9451,457342200.0
TR-039735,2025-09-09,Fort Wayne,Austin,Dry Van,1350.7,29358.0,2646.9,2641.781,457342200.0
TR-039736,2025-09-09,Fresno,Houston,Dry Van,1756.8,27795.0,3419.98,3335.3071,457342200.0
TR-039737,2025-09-09,Tucson,Syracuse,Dry Van,2473.1,34897.0,4409.54,4420.016,457342200.0
TR-039738,2025-09-09,Chattanooga,Tucson,Dry Van,1784.7,15440.0,3293.99,3240.8796,457342200.0
TR-039739,2025-09-09,Fort Wayne,Bakersfield,Dry Van,2040.6,29854.0,3756.14,3668.5852,457342200.0
TR-039740,2025-09-09,Houston,Shreveport,Reefer,254.0,34229.0,736.62,740.564,457342200.0
TR-039741,2025-09-09,Baltimore,Columbia,Reefer,744.2,27293.0,1736.13,1683.1288,457342200.0
TR-039742,2025-09-09,San Antonio,Montgomery,Flatbed,873.4,40066.0,2129.31,2047.9731,457342200.0
TR-039743,2025-09-09,Columbia,Montgomery,Dry Van,343.2,28090.0,798.6,796.0592,457342200.0
TR-039744,2025-09-09,Houston,Syracuse,Dry Van,1530.3,36767.0,2937.98,2907.8806,457342200.0
TR-039745,2025-09-09,Bakersfield,Kansas City,Dry Van,1700.4,30687.0,3102.39,3182.827,457342200.0
TR-039746,2025-09-09,Raleigh,Harrisburg,Dry Van,366.7,47500.0,841.5,831.383,457342200.0
TR-039747,2025-09-09,Fresno,Detroit,Dry Van,2383.2,39658.0,4439.53,4435.251,457342200.0
TR-039748,2025-09-09,Mobile,Los Angeles,Reefer,2034.9,27416.0,4346.79,4125.0493,457342200.0
TR-039749,2025-09-09,Houston,Oklahoma City,Dry Van,285.3,33420.0,741.53,701.2173,457342200.0
TR-039750,2025-09-09,Greensboro,Tampa,Dry Van,711.7,18615.0,1441.03,1418.7383,457342200.0
TR-039751,2025-09-09,Richmond,Reno,Reefer,2591.8,40593.0,5273.19,5124.0703,457342200.0
TR-039752,2025-09-09,Birmingham,Boston,Dry Van,1201.2,20920.0,2324.44,2317.239,457342200.0
TR-039753,2025-09-09,El Paso,San Antonio,Reefer,847.5,28094.0,2011.22,2043.4602,457342200.0
TR-039754,2025-09-09,Providence,Indianapolis,Dry Van,1216.8,33925.0,2411.65,2429.6772,457342200.0
TR-039755,2025-09-09,Green Bay,Amarillo,Reefer,1401.8,33623.0,3101.74,3788.6807,457342200.0
TR-039756,2025-09-09,Dallas,Dayton,Dry Van,901.4,28499.0,1843.06,2056.3367,457342200.0
TR-039757,2025-09-09,Boston,New York,Flatbed,286.5,43030.0,758.22,732.24866,457342200.0
TR-039758,2025-09-09,Montgomery,New York,Reefer,1070.7,31926.0,2375.16,2425.479,457342200.0
TR-039759,2025-09-09,Madison,Lexington,Reefer,490.0,40189.0,1248.98,1208.5472,457342200.0
TR-039760,2025-09-09,Fort Wayne,Mobile,Reefer,810.4,33206.0,1877.24,1858.1509,457342200.0
TR-039761,2025-09-09,Baton Rouge,Albany,Dry Van,1804.0,21603.0,3194.83,3319.326,457342200.0
TR-039762,2025-09-09,Buffalo,Lubbock,Dry Van,1673.6,28537.0,3115.19,3099.0354,457342200.0
TR-039763,2025-09-09,Madison,Little Rock,Flatbed,642.3,34214.0,1535.4,1456.2902,457342200.0
TR-039764,2025-09-09,Tucson,Atlanta,Reefer,1796.9,45121.0,3986.13,3880.4788,457342200.0
TR-039765,2025-09-09,Phoenix,Montgomery,Reefer,2122.5,17036.0,4330.26,4117.7563,457342200.0
TR-039766,2025-09-09,El Paso,Los Angeles,Dry Van,613.0,33145.0,1308.15,1319.5428,457342200.0
TR-039767,2025-09-09,Lexington,Milwaukee,Dry Van,334.1,35305.0,805.56,778.3875,457342200.0
TR-039768,2025-09-09,Oklahoma City,Lexington,Flatbed,1016.1,16052.0,2185.16,2151.824,457342200.0
TR-039769,2025-09-09,Dayton,Harrisburg,Dry Van,502.0,30041.0,1068.62,1196.7863,457342200.0
TR-039770,2025-09-09,Baltimore,Grand Rapids,Reefer,970.0,33370.0,2118.18,2112.5923,457342200.0
TR-039771,2025-09-09,Harrisburg,Nashville,Dry Van,712.0,22045.0,1420.85,1438.8197,457342200.0
TR-039772,2025-09-09,Philadelphia,Milwaukee,Dry Van,917.0,47500.0,1881.54,1872.9333,457342200.0
TR-039773,2025-09-09,Cincinnati,San Antonio,Reefer,1046.8,35939.0,2523.52,2470.2666,457342200.0
TR-039774,2025-09-09,Fresno,Phoenix,Dry Van,466.9,37980.0,1079.58,1090.7252,457342200.0
TR-039775,2025-09-09,Baltimore,New York,Reefer,171.3,26132.0,476.49,523.67694,457342200.0
TR-039776,2025-09-09,Kansas City,Baton Rouge,Reefer,721.9,36277.0,1790.29,1817.8992,457342200.0
TR-039777,2025-09-09,Las Vegas,Cincinnati,Dry Van,1973.5,35837.0,3825.67,3701.479,457342200.0
TR-039778,2025-09-09,Mobile,Cincinnati,Reefer,450.5,39575.0,1168.88,1171.7,457342200.0
TR-039779,2025-09-09,Fresno,Bakersfield,Dry Van,216.9,30035.0,540.28,603.7168,457342200.0
TR-039780,2025-09-09,Bakersfield,Greensboro,Dry Van,2268.9,26654.0,4144.97,4027.75,457342200.0
TR-039781,2025-09-09,Baltimore,San Antonio,Dry Van,1810.5,26064.0,3430.45,3399.1084,457342200.0
TR-039782,2025-09-09,Columbia,Dayton,Dry Van,489.4,34290.0,1089.14,1058.7233,457342200.0
TR-039783,2025-09-09,Dayton,Charleston,Reefer,611.2,42185.0,1496.16,1502.3518,457342200.0
TR-039784,2025-09-09,Baltimore,Hartford,Dry Van,136.9,44707.0,357.82,352.5443,457342200.0
TR-039785,2025-09-09,Green Bay,El Paso,Dry Van,1674.6,32548.0,776.5,3187.8286,457342200.0
TR-039786,2025-09-09,Boston,Charleston,Dry Van,773.2,28249.0,1563.27,1555.1616,457342200.0
TR-039787,2025-09-09,Lubbock,Austin,Reefer,70.0,11812.0,235.09,352.25586,457342200.0
TR-039788,2025-09-09,Grand Rapids,Louisville,Reefer,526.2,27231.0,1284.8,1221.7544,457342200.0
TR-039789,2025-09-09,Reno,Tucson,Dry Van,774.4,37717.0,1632.44,1625.154,457342200.0
TR-039790,2025-09-09,San Francisco,Grand Rapids,Dry Van,2290.5,40962.0,4249.72,4300.517,457342200.0
TR-039791,2025-09-09,Nashville,Mobile,Dry Van,299.4,34175.0,734.9,731.1825,457342200.0
TR-039792,2025-09-09,Oklahoma City,Columbia,Dry Van,1046.7,25670.0,2122.27,2102.0728,457342200.0
TR-039793,2025-09-09,Charleston,Corpus Christi,Dry Van,1159.4,43532.0,2356.26,2485.6504,457342200.0
TR-039794,2025-09-09,Hartford,New Orleans,Flatbed,1413.3,25828.0,2940.91,2953.8572,457342200.0
TR-039795,2025-09-09,Toledo,Baltimore,Dry Van,801.3,43012.0,1697.13,1779.6057,457342200.0
TR-039796,2025-09-09,Dayton,Savannah,Dry Van,570.0,20140.0,1153.23,1150.1235,457342200.0
TR-039797,2025-09-09,Baltimore,Dayton,Flatbed,828.3,24009.0,1760.2,1707.6976,457342200.0
TR-039798,2025-09-09,Milwaukee,Nashville,Dry Van,370.5,26647.0,826.5,804.776,457342200.0
TR-039799,2025-09-09,Atlanta,Lexington,Dry Van,200.8,29061.0,522.73,513.2045,457342200.0
TR-039800,2025-09-09,San Antonio,San Francisco,Dry Van,1651.9,20699.0,3088.51,3083.409,457342200.0
TR-039801,2025-09-09,Reno,Chattanooga,Dry Van,2053.6,40989.0,3918.45,3829.0305,457342200.0
TR-039802,2025-09-09,San Antonio,Mobile,Reefer,756.0,20297.0,1744.76,1745.4594,457342200.0
TR-039803,2025-09-09,El Paso,Atlanta,Dry Van,1616.5,40216.0,3267.04,3176.4507,457342200.0
TR-039804,2025-09-09,Greensboro,Richmond,Dry Van,431.4,34420.0,955.94,973.4242,457342200.0
TR-039805,2025-09-09,Richmond,Columbia,Flatbed,511.1,26078.0,1145.81,1184.1233,457342200.0
TR-039806,2025-09-09,Houston,Oklahoma City,Dry Van,305.2,44064.0,783.88,769.8562,457342200.0
TR-039807,2025-09-09,Houston,Raleigh,Dry Van,1216.4,25037.0,2393.62,2388.647,457342200.0
TR-039808,2025-09-09,Bakersfield,Washington,Flatbed,2659.9,24181.0,5099.65,4953.7817,457342200.0
TR-039809,2025-09-09,Tampa,Phoenix,Dry Van,2076.4,32538.0,3823.37,3782.7256,457342200.0
TR-039810,2025-09-09,Jacksonville,Atlanta,Flatbed,253.3,34043.0,714.31,708.2476,457342200.0
TR-039811,2025-09-09,Los Angeles,Buffalo,Dry Van,2694.9,29688.0,4718.05,4591.0327,457342200.0
TR-039812,2025-09-09,Atlanta,Syracuse,Dry Van,904.9,38781.0,1832.35,1832.8254,457342200.0
TR-039813,2025-09-09,Hartford,Albuquerque,Reefer,2426.5,43426.0,5180.3,5046.062,457342200.0
TR-039814,2025-09-09,Columbia,Savannah,Dry Van,110.9,24659.0,299.01,324.68335,457342200.0
TR-039815,2025-09-09,Salt Lake City,Amarillo,Dry Van,618.1,33227.0,1361.79,1354.1193,457342200.0
TR-039816,2025-09-09,Madison,Boston,Reefer,1265.3,40654.0,2786.74,2878.4558,457342200.0
TR-039817,2025-09-09,Charleston,Phoenix,Dry Van,2463.8,25203.0,4467.02,7637.7007,457342200.0
TR-039818,2025-09-09,Milwaukee,Reno,Dry Van,1902.5,25200.0,3448.36,3493.5205,457342200.0
TR-039819,2025-09-09,Los Angeles,Dallas,Dry Van,1566.1,27683.0,2934.27,2962.6006,457342200.0
TR-039820,2025-09-09,Tampa,Lexington,Dry Van,736.9,23804.0,1515.65,1437.1257,457342200.0
TR-039821,2025-09-09,Jacksonville,Tucson,Dry Van,1970.3,21183.0,3623.26,3570.607,457342200.0
TR-039822,2025-09-09,Grand Rapids,Dayton,Flatbed,309.3,27185.0,772.57,779.9238,457342200.0
TR-039823,2025-09-09,El Paso,Los Angeles,Reefer,597.1,29314.0,1400.18,1453.0055,457342200.0
TR-039824,2025-09-09,Oklahoma City,Fort Wayne,Reefer,1127.1,43052.0,2645.92,2614.0427,457342200.0
TR-039825,2025-09-09,Buffalo,Nashville,Flatbed,815.5,27509.0,1751.61,1731.4939,457342200.0
TR-039826,2025-09-09,Charleston,San Francisco,Dry Van,2707.4,21548.0,4606.47,4587.0835,457342200.0
TR-039827,2025-09-09,Syracuse,San Antonio,Reefer,1773.8,33152.0,3726.44,3718.6895,457342200.0
TR-039828,2025-09-09,Atlanta,Tampa,Dry Van,534.1,27739.0,1188.52,1190.6456,457342200.0
TR-039829,2025-09-09,Shreveport,Charleston,Dry Van,874.4,31384.0,1854.52,1806.135,457342200.0
TR-039830,2025-09-09,Washington,Savannah,Dry Van,546.7,18958.0,1108.73,1137.5636,457342200.0
TR-039831,2025-09-09,Los Angeles,Madison,Dry Van,2076.1,37659.0,3805.0,3778.3787,457342200.0
TR-039832,2025-09-09,Savannah,Hartford,Dry Van,813.8,8779.0,1569.73,1575.6105,457342200.0
TR-039833,2025-09-09,Dallas,Baton Rouge,Dry Van,174.0,27716.0,474.35,505.53952,457342200.0
TR-039834,2025-09-09,Columbia,Tulsa,Flatbed,783.3,33747.0,1865.49,1834.4324,457342200.0
TR-039835,2025-09-09,Shreveport,Mobile,Reefer,301.1,26902.0,827.22,857.0219,457342200.0
TR-039836,2025-09-09,Boston,Lubbock,Reefer,2154.4,23829.0,4380.71,4307.772,457342200.0
TR-039837,2025-09-09,Shreveport,Mobile,Dry Van,307.1,28552.0,770.35,765.8001,457342200.0
TR-039838,2025-09-09,Chattanooga,Cincinnati,Dry Van,184.1,42553.0,501.55,477.3177,457342200.0
TR-039839,2025-09-09,Baton Rouge,Houston,Flatbed,163.5,26901.0,494.72,531.0516,457342200.0
TR-039840,2025-09-09,Cincinnati,Kansas City,Dry Van,345.8,33242.0,835.94,803.5965,457342200.0
TR-039841,2025-09-09,Savannah,Milwaukee,Dry Van,660.8,40406.0,1419.19,1385.3625,457342200.0
TR-039842,2025-09-09,Mobile,Amarillo,Dry Van,1109.3,18425.0,2237.19,2986.052,457342200.0
TR-039843,2025-09-09,Tucson,Columbia,Dry Van,1991.1,37783.0,3770.8,3784.8652,457342200.0
TR-039844,2025-09-09,Little Rock,Salt Lake City,Flatbed,1394.3,26430.0,2954.69,2982.834,457342200.0
TR-039845,2025-09-09,San Francisco,Harrisburg,Flatbed,2765.8,28297.0,5432.67,5268.419,457342200.0
TR-039846,2025-09-09,Houston,Green Bay,Dry Van,1240.6,36676.0,2532.98,2480.5515,457342200.0
TR-039847,2025-09-09,Houston,Philadelphia,Flatbed,1563.9,40318.0,3328.7,3329.004,457342200.0
TR-039848,2025-09-09,Syracuse,Grand Rapids,Dry Van,566.6,25704.0,1125.98,1148.9888,457342200.0
TR-039849,2025-09-09,Los Angeles,Tulsa,Dry Van,1587.2,28022.0,3038.98,2986.2974,457342200.0
TR-039850,2025-09-09,Bakersfield,Columbia,Dry Van,2215.1,30676.0,4046.38,4031.6885,457342200.0
TR-039851,2025-09-09,Tulsa,Corpus Christi,Dry Van,411.1,42879.0,1010.4,1014.5363,457342200.0
TR-039852,2025-09-09,Nashville,Green Bay,Reefer,732.6,34113.0,1766.85,1749.615,457342200.0
TR-039853,2025-09-09,Kansas City,Shreveport,Reefer,573.2,24994.0,1401.81,1338.9004,457342200.0
TR-039854,2025-09-09,Lexington,Mobile,Dry Van,477.9,32298.0,1068.44,1062.8339,457342200.0
TR-039855,2025-09-09,Harrisburg,Corpus Christi,Dry Van,1483.5,30271.0,2901.08,2767.1357,457342200.0
TR-039856,2025-09-09,Buffalo,Atlanta,Dry Van,735.7,32039.0,1490.23,1472.795,457342200.0
TR-039857,2025-09-09,Shreveport,Salt Lake City,Reefer,1430.2,22196.0,3120.02,3054.874,457342200.0
TR-039858,2025-09-09,Shreveport,Phoenix,Dry Van,1611.0,22562.0,3082.78,3048.902,457342200.0
TR-039859,2025-09-09,Tampa,Cincinnati,Reefer,716.5,35357.0,1764.32,1780.838,457342200.0
TR-039860,2025-09-09,Montgomery,Indianapolis,Dry Van,588.2,12638.0,1232.86,1235.8926,457342200.0
TR-039861,2025-09-09,Raleigh,Cincinnati,Reefer,604.9,43253.0,1528.31,1577.7933,457342200.0
TR-039862,2025-09-09,Tucson,Richmond,Dry Van,2448.9,35987.0,4537.71,4439.8135,457342200.0
TR-039863,2025-09-09,Greensboro,Oklahoma City,Dry Van,1151.1,40035.0,2369.38,2430.4165,457342200.0
TR-039864,2025-09-09,Detroit,Charleston,Reefer,826.7,33667.0,1911.08,1890.5253,457342200.0
TR-039865,2025-09-09,Lexington,Milwaukee,Reefer,332.3,34048.0,899.29,887.42487,457342200.0
TR-039866,2025-09-09,Los Angeles,Harrisburg,Dry Van,2676.7,34313.0,4862.84,4799.394,457342200.0
TR-039867,2025-09-09,Kansas City,Nashville,Flatbed,396.3,35200.0,1014.12,1007.3649,457342200.0
TR-039868,2025-09-09,St. Louis,Philadelphia,Reefer,1052.0,45402.0,2439.93,2429.2078,457342200.0
TR-039869,2025-09-09,Philadelphia,Bakersfield,Dry Van,2917.8,37739.0,5375.41,5287.2944,457342200.0
TR-039870,2025-09-09,Montgomery,Toledo,Flatbed,881.2,29781.0,1855.47,1896.0116,457342200.0
TR-039871,2025-09-09,Greensboro,Montgomery,Reefer,441.4,32908.0,1120.17,1134.9641,457342200.0
TR-039872,2025-09-09,El Paso,Grand Rapids,Reefer,1667.3,32617.0,3529.76,3688.908,457342200.0
TR-039873,2025-09-09,Tampa,Phoenix,Flatbed,2058.8,37216.0,4233.88,4151.4185,457342200.0
TR-039874,2025-09-09,San Antonio,Memphis,Dry Van,799.0,40411.0,1775.71,1746.5544,457342200.0
TR-039875,2025-09-09,Savannah,Baton Rouge,Reefer,754.1,36603.0,1887.01,1909.6917,457342200.0
TR-039876,2025-09-09,Hartford,Bakersfield,Dry Van,2929.2,29730.0,5250.05,5093.607,457342200.0
TR-039877,2025-09-09,Lexington,Lubbock,Dry Van,1141.3,37401.0,2407.73,2337.8625,457342200.0
TR-039878,2025-09-09,Phoenix,Greensboro,Reefer,2337.9,33886.0,4875.93,4670.5737,457342200.0
TR-039879,2025-09-09,Reno,Washington,Dry Van,2608.5,22442.0,4505.4,4389.64,457342200.0
TR-039880,2025-09-09,El Paso,Mobile,Dry Van,1576.9,16453.0,2985.84,2932.9934,457342200.0
TR-039881,2025-09-09,Dallas,San Antonio,Dry Van,373.6,30121.0,926.34,943.8826,457342200.0
TR-039882,2025-09-09,St. Louis,Columbia,Dry Van,555.8,33515.0,1185.19,1183.6865,457342200.0
TR-039883,2025-09-09,Albuquerque,Shreveport,Flatbed,1185.0,24424.0,2529.83,2532.6658,457342200.0
TR-039884,2025-09-09,Grand Rapids,Charleston,Reefer,882.5,43358.0,2072.02,2067.119,457342200.0
TR-039885,2025-09-09,Mobile,Cincinnati,Flatbed,472.9,32387.0,1134.3,1176.5198,457342200.0
TR-039886,2025-09-09,Bakersfield,Indianapolis,Reefer,1827.0,42830.0,4011.04,3975.9495,457342200.0
TR-039887,2025-09-09,Los Angeles,Toledo,Reefer,2315.7,30663.0,4606.8,4594.085,457342200.0
TR-039888,2025-09-09,Syracuse,Mobile,Dry Van,1164.6,36208.0,2324.44,2407.6863,457342200.0
TR-039889,2025-09-09,Fort Wayne,Hartford,Dry Van,835.0,32699.0,1663.25,1688.1084,457342200.0
TR-039890,2025-09-09,Toledo,Houston,Dry Van,1136.9,32277.0,2317.78,2291.2593,457342200.0
TR-039891,2025-09-09,St. Louis,Baltimore,Flatbed,1078.1,25275.0,2253.5,2299.584,457342200.0
TR-039892,2025-09-09,Albuquerque,Salt Lake City,Dry Van,248.0,30190.0,625.09,618.9392,457342200.0
TR-039893,2025-09-09,Oklahoma City,Fort Wayne,Dry Van,1110.5,30157.0,2214.63,2206.8667,457342200.0
TR-039894,2025-09-09,Montgomery,Buffalo,Dry Van,993.0,38571.0,2005.03,2054.266,457342200.0
TR-039895,2025-09-09,Cincinnati,New York,Dry Van,848.5,28753.0,1734.28,1692.9049,457342200.0
TR-039896,2025-09-09,Lubbock,Salt Lake City,Reefer,1034.0,32301.0,2513.73,2387.3772,457342200.0
TR-039897,2025-09-09,Charleston,Syracuse,Reefer,723.9,20724.0,1601.42,1582.4113,457342200.0
TR-039898,2025-09-09,Green Bay,Philadelphia,Flatbed,946.5,24015.0,1949.56,1968.9084,457342200.0
TR-039899,2025-09-09,New York,Memphis,Reefer,1067.8,38204.0,2424.14,2483.6033,457342200.0
TR-039900,2025-09-09,Birmingham,Mobile,Reefer,194.5,,587.37,734.4587,457342200.0
TR-039901,2025-09-10,Fort Wayne,Chattanooga,Reefer,510.9,25611.0,1234.24,1211.2073,457342200.0
TR-039902,2025-09-10,Phoenix,Harrisburg,Flatbed,2608.8,32496.0,5383.25,4962.6797,457342200.0
TR-039903,2025-09-10,Phoenix,Montgomery,Dry Van,2029.2,18898.0,3849.67,3689.55,457342200.0
TR-039904,2025-09-10,Austin,Phoenix,Dry Van,1146.1,18690.0,2218.39,2329.846,457342200.0
TR-039905,2025-09-10,Kansas City,Lexington,Flatbed,455.6,47500.0,1165.07,1204.9672,457342200.0
TR-039906,2025-09-10,Madison,Syracuse,Dry Van,796.3,33626.0,1591.62,1633.4807,457342200.0
TR-039907,2025-09-10,Phoenix,Providence,Dry Van,3123.9,37996.0,5842.69,5691.893,457342200.0
TR-039908,2025-09-10,Charleston,Fort Wayne,Dry Van,691.8,43431.0,1422.84,1445.0022,457342200.0
TR-039909,2025-09-10,Montgomery,Washington,Reefer,838.2,31435.0,5795.79,1960.7852,457342200.0
TR-039910,2025-09-10,Boston,Oklahoma City,Dry Van,1986.2,25302.0,3704.0,3824.1294,457342200.0
TR-039911,2025-09-10,El Paso,Los Angeles,Dry Van,616.7,37767.0,1330.84,1368.4761,457342200.0
TR-039912,2025-09-10,San Francisco,Providence,Dry Van,3377.2,19275.0,5969.57,5496.2285,457342200.0
TR-039913,2025-09-10,Boston,Lexington,Dry Van,1003.4,47500.0,2057.92,2097.7434,457342200.0
TR-039914,2025-09-10,Richmond,Fresno,Dry Van,2844.3,28786.0,5233.94,5420.7236,457342200.0
TR-039915,2025-09-10,Montgomery,Richmond,Dry Van,839.4,24364.0,1654.8,1703.9371,457342200.0
TR-039916,2025-09-10,Indianapolis,Memphis,Dry Van,258.5,22695.0,630.26,610.93384,457342200.0
TR-039917,2025-09-10,Grand Rapids,Salt Lake City,Reefer,1856.1,27246.0,3902.89,3946.6272,457342200.0
TR-039918,2025-09-10,Oklahoma City,Lubbock,Dry Van,201.2,27398.0,548.19,552.5404,457342200.0
TR-039919,2025-09-10,Philadelphia,Chattanooga,Dry Van,974.5,24198.0,1953.83,1919.5839,457342200.0
TR-039920,2025-09-10,Shreveport,Fort Wayne,Dry Van,859.5,-30943.0,1834.95,1708.7129,457342200.0
TR-039921,2025-09-10,Grand Rapids,Phoenix,Dry Van,2263.7,46354.0,4355.98,4275.673,457342200.0
TR-039922,2025-09-10,Cincinnati,Shreveport,Reefer,532.9,38403.0,1391.81,1636.5282,457342200.0
TR-039923,2025-09-10,Tulsa,Austin,Reefer,509.1,17684.0,1323.33,1262.8448,457342200.0
TR-039924,2025-09-10,Oklahoma City,St. Louis,Dry Van,779.2,28693.0,1682.87,1620.5615,457342200.0
TR-039925,2025-09-10,Reno,St. Louis,Reefer,1764.2,24722.0,3642.58,3613.2185,457342200.0
TR-039926,2025-09-10,Savannah,Albuquerque,Flatbed,1810.4,27047.0,3688.48,3782.808,457342200.0
TR-039927,2025-09-10,El Paso,Baton Rouge,Dry Van,1249.0,22821.0,2459.73,2478.7703,457342200.0
TR-039928,2025-09-10,Fort Wayne,Montgomery,Dry Van,815.4,40611.0,1716.4,1691.2188,457342200.0
TR-039929,2025-09-10,Oklahoma City,Fresno,Reefer,1425.4,25673.0,3159.05,3097.693,457342200.0
TR-039930,2025-09-10,Albany,Washington,Flatbed,578.0,42045.0,1375.61,1334.8729,457342200.0
TR-039931,2025-09-10,Baltimore,Oklahoma City,Dry Van,1815.0,27103.0,3457.21,3485.467,457342200.0
TR-039932,2025-09-10,Atlanta,Montgomery,Reefer,300.9,19303.0,805.25,832.43243,457342200.0
TR-039933,2025-09-10,Milwaukee,Tucson,Dry Van,1731.7,26192.0,3318.89,3189.1404,457342200.0
TR-039934,2025-09-10,Phoenix,Columbia,Dry Van,2280.6,29766.0,4213.04,4165.445,457342200.0
TR-039935,2025-09-10,Columbia,Baton Rouge,Flatbed,722.6,43875.0,1800.09,1815.4995,457342200.0
TR-039936,2025-09-10,Atlanta,Indianapolis,Dry Van,361.6,23029.0,830.98,801.66595,457342200.0
TR-039937,2025-09-10,Tulsa,Baton Rouge,Flatbed,297.8,28145.0,822.94,1003.4694,457342200.0
TR-039938,2025-09-10,Cincinnati,Atlanta,Flatbed,199.7,34039.0,606.05,604.1646,457342200.0
TR-039939,2025-09-10,Bakersfield,Birmingham,Dry Van,1998.4,39349.0,3890.56,3887.4326,457342200.0
TR-039940,2025-09-10,Kansas City,Syracuse,Flatbed,891.9,38308.0,1978.86,1948.9578,457342200.0
TR-039941,2025-09-10,Greensboro,Jacksonville,Reefer,352.5,23107.0,932.38,954.9109,457342200.0
TR-039942,2025-09-10,San Antonio,Hartford,Dry Van,1875.7,20485.0,3379.98,3664.8772,457342200.0
TR-039943,2025-09-10,Louisville,Cincinnati,Dry Van,81.6,41662.0,245.86,282.39783,457342200.0
TR-039944,2025-09-10,Madison,Louisville,Dry Van,410.2,28420.0,910.23,901.58856,457342200.0
TR-039945,2025-09-10,Atlanta,Bakersfield,Dry Van,2082.2,19352.0,3826.97,3738.414,457342200.0
TR-039946,2025-09-10,Lexington,Louisville,Dry Van,173.3,34895.0,468.64,475.30124,457342200.0
TR-039947,2025-09-10,Fort Wayne,Tucson,Dry Van,1970.1,30247.0,3655.22,3659.0457,457342200.0
TR-039948,2025-09-10,Dayton,Columbia,Reefer,481.7,33551.0,1227.68,1209.1995,457342200.0
TR-039949,2025-09-10,Bakersfield,Cincinnati,Dry Van,1988.1,37278.0,3892.71,3830.8528,457342200.0
TR-039950,2025-09-10,Richmond,Lexington,Dry Van,552.7,24982.0,1159.83,1165.9309,457342200.0
TR-039951,2025-09-10,Toledo,Mobile,Dry Van,861.4,22613.0,1714.46,1700.466,457342200.0
TR-039952,2025-09-10,St. Louis,Bakersfield,Dry Van,1816.2,41367.0,3751.53,3645.0574,457342200.0
TR-039953,2025-09-10,Philadelphia,Toledo,Dry Van,758.7,23764.0,1490.03,1462.6187,457342200.0
TR-039954,2025-09-10,Green Bay,Bakersfield,Flatbed,2049.9,47500.0,4221.78,4112.073,457342200.0
TR-039955,2025-09-10,Harrisburg,Columbia,Reefer,530.1,24834.0,1274.03,1254.5365,457342200.0
TR-039956,2025-09-10,Baton Rouge,Richmond,Dry Van,1250.9,27508.0,2456.19,2572.334,457342200.0
TR-039957,2025-09-10,Jacksonville,Atlanta,Dry Van,274.5,40731.0,706.67,702.1663,457342200.0
TR-039958,2025-09-10,Cincinnati,Albany,Dry Van,1105.6,24295.0,2134.16,2112.9985,457342200.0
TR-039959,2025-09-10,Bakersfield,Providence,Flatbed,3072.9,29213.0,5990.75,5949.9375,457342200.0
TR-039960,2025-09-10,Richmond,Nashville,Reefer,789.6,38508.0,1891.27,1859.8,457342200.0
TR-039961,2025-09-10,Tampa,Nashville,Dry Van,558.5,31275.0,1261.09,1210.6317,457342200.0
TR-039962,2025-09-10,Columbia,Kansas City,Flatbed,636.6,29457.0,1495.45,1460.6764,457342200.0
TR-039963,2025-09-10,Los Angeles,Albany,Dry Van,3101.9,45201.0,5714.34,5632.3257,457342200.0
TR-039964,2025-09-10,Harrisburg,Baltimore,Dry Van,373.1,33049.0,857.81,830.3419,457342200.0
TR-039965,2025-09-10,Greensboro,Cincinnati,Reefer,291.0,30677.0,810.24,855.15186,457342200.0
TR-039966,2025-09-10,Oklahoma City,Tulsa,Flatbed,307.9,29096.0,856.86,878.9402,457342200.0
TR-039967,2025-09-10,Philadelphia,Albuquerque,Dry Van,2353.9,33693.0,4324.74,4284.095,457342200.0
TR-039968,2025-09-10,Kansas City,Dayton,Dry Van,336.8,32976.0,775.28,787.3837,457342200.0
TR-039969,2025-09-10,Oklahoma City,Buffalo,Dry Van,1557.5,23538.0,2897.11,2871.8877,457342200.0
TR-039970,2025-09-10,Baton Rouge,Baltimore,Dry Van,1451.5,34999.0,2932.4,2956.2952,457342200.0
TR-039971,2025-09-10,Memphis,Shreveport,Reefer,307.3,35389.0,899.18,904.6943,457342200.0
TR-039972,2025-09-10,Boston,Reno,Dry Van,2964.6,33103.0,5282.81,5106.954,457342200.0
TR-039973,2025-09-10,Richmond,Nashville,Dry Van,774.4,33879.0,1604.96,1650.6533,457342200.0
TR-039974,2025-09-10,Los Angeles,Indianapolis,Reefer,1961.5,31944.0,4190.71,4121.4526,457342200.0
TR-039975,2025-09-10,Indianapolis,Toledo,Dry Van,394.0,32468.0,902.06,846.86224,457342200.0
TR-039976,2025-09-10,Montgomery,Baton Rouge,Reefer,486.4,29082.0,1284.52,1269.7474,457342200.0
TR-039977,2025-09-10,Raleigh,Bakersfield,Dry Van,2502.0,44541.0,4791.56,4656.65,457342200.0
TR-039978,2025-09-10,Montgomery,Fresno,Dry Van,2323.0,33397.0,4493.19,4516.7573,457342200.0
TR-039979,2025-09-10,Green Bay,Kansas City,Reefer,499.8,24984.0,1194.45,1159.968,457342200.0
TR-039980,2025-09-10,Fort Wayne,New York,Dry Van,739.5,22244.0,1403.96,1409.2739,457342200.0
TR-039981,2025-09-10,Columbia,New Orleans,Dry Van,627.6,28014.0,1389.2,1345.671,457342200.0
TR-039982,2025-09-10,Reno,New York,Reefer,2745.9,41531.0,5433.92,5504.874,457342200.0
TR-039983,2025-09-10,Lubbock,Salt Lake City,Dry Van,1004.2,28518.0,2077.41,2081.364,457342200.0
TR-039984,2025-09-10,Nashville,Kansas City,Dry Van,396.0,19032.0,867.11,882.3356,457342200.0
TR-039985,2025-09-10,Baltimore,Fort Wayne,Dry Van,814.6,42744.0,1673.2,1690.1542,457342200.0
TR-039986,2025-09-10,Hartford,Tucson,Dry Van,2810.7,43604.0,5348.71,5134.123,457342200.0
TR-039987,2025-09-10,Mobile,Shreveport,Flatbed,308.9,38466.0,851.64,891.9911,457342200.0
TR-039988,2025-09-10,Los Angeles,Shreveport,Dry Van,1706.0,35419.0,3442.21,3398.4456,457342200.0
TR-039989,2025-09-10,El Paso,Lubbock,Flatbed,771.8,35559.0,1870.77,1863.1522,457342200.0
TR-039990,2025-09-10,Oklahoma City,Columbia,Dry Van,1072.5,27546.0,2203.39,2206.9316,457342200.0
TR-039991,2025-09-10,Toledo,Fresno,Reefer,2330.1,33370.0,4945.33,4639.2773,457342200.0
TR-039992,2025-09-10,Milwaukee,Los Angeles,Reefer,2089.0,22524.0,4316.9,4083.1208,457342200.0
TR-039993,2025-09-10,New York,Fort Wayne,Reefer,706.7,33357.0,1617.61,1666.6603,457342200.0
TR-039994,2025-09-10,Memphis,Austin,Reefer,877.6,31997.0,2135.53,2105.0715,457342200.0
TR-039995,2025-09-10,Philadelphia,Tucson,Flatbed,2678.0,31165.0,5390.41,5049.798,457342200.0
TR-039996,2025-09-10,Tulsa,Tucson,Flatbed,1265.5,41283.0,2952.58,2868.8372,457342200.0
TR-039997,2025-09-10,Tampa,Mobile,Dry Van,297.8,33387.0,745.55,754.39545,457342200.0
TR-039998,2025-09-10,Montgomery,Lubbock,Dry Van,976.0,32898.0,2039.12,1993.9615,457342200.0
TR-039999,2025-09-10,Lexington,Syracuse,Reefer,697.3,36275.0,1642.87,1658.4061,457342200.0
TR-040000,2025-09-10,Tampa,Albany,Dry Van,1628.1,30598.0,3055.7,3072.8623,457342200.0
TR-040001,2025-09-10,Richmond,Austin,Dry Van,1682.5,47500.0,3333.07,3288.78,457342200.0
TR-040002,2025-09-10,Lexington,Washington,Dry Van,536.2,35948.0,1175.9,1178.2964,457342200.0
TR-040003,2025-09-10,Amarillo,Savannah,Dry Van,1445.3,23418.0,2813.46,2765.0205,457342200.0
TR-040004,2025-09-10,Toledo,Lexington,Dry Van,425.0,34553.0,977.98,951.7415,457342200.0
TR-040005,2025-09-10,Salt Lake City,Houston,Reefer,1290.6,29651.0,3025.17,2873.7566,457342200.0
TR-040006,2025-09-10,Chattanooga,Tulsa,Dry Van,547.4,18711.0,1174.92,1178.2609,457342200.0
TR-040007,2025-09-10,Boston,Charleston,Dry Van,785.9,46153.0,1652.47,1681.1434,457342200.0
TR-040008,2025-09-10,Reno,Jacksonville,Dry Van,2236.9,41550.0,4186.74,4195.711,457342200.0
TR-040009,2025-09-10,Cincinnati,Philadelphia,Reefer,897.7,28834.0,2057.18,1976.1235,457342200.0
TR-040010,2025-09-10,Baltimore,Raleigh,Reefer,384.2,20589.0,961.79,977.53687,457342200.0
TR-040011,2025-09-10,Tulsa,Atlanta,Dry Van,619.6,38455.0,1417.14,1388.1731,457342200.0
TR-040012,2025-09-10,Phoenix,Green Bay,Flatbed,2186.9,22806.0,4233.0,4148.0903,457342200.0
TR-040013,2025-09-10,Philadelphia,Fort Wayne,Dry Van,777.4,32720.0,1563.34,1602.7168,457342200.0
TR-040014,2025-09-10,San Antonio,Richmond,Reefer,1590.6,31473.0,3545.53,3490.5916,457342200.0
TR-040015,2025-09-10,Las Vegas,Lexington,Reefer,1977.9,39364.0,4307.33,4207.2715,457342200.0
TR-040016,2025-09-10,Baton Rouge,Lubbock,Reefer,527.8,31345.0,1407.48,1669.2499,457342200.0
TR-040017,2025-09-10,Albany,Oklahoma City,Reefer,1998.6,47500.0,4376.2,4266.417,457342200.0
TR-040018,2025-09-10,Milwaukee,Dayton,Flatbed,187.8,40518.0,548.09,576.1935,457342200.0
TR-040019,2025-09-10,Hartford,Houston,Dry Van,1610.4,28009.0,3124.92,3073.6357,457342200.0
TR-040020,2025-09-10,Syracuse,Baton Rouge,Dry Van,1457.5,23889.0,2782.8,2695.8938,457342200.0
TR-040021,2025-09-10,Green Bay,Mobile,Dry Van,1013.1,27414.0,2012.52,2012.8973,457342200.0
TR-040022,2025-09-10,Baltimore,Salt Lake City,Dry Van,2611.8,38359.0,4860.78,4806.1094,457342200.0
TR-040023,2025-09-10,Atlanta,Lubbock,Reefer,987.8,24774.0,2276.91,2299.1223,457342200.0
TR-040024,2025-09-10,Tucson,Grand Rapids,Dry Van,1950.8,33543.0,3663.3,3657.376,457342200.0
TR-040025,2025-09-10,Albany,Atlanta,Dry Van,1204.1,38127.0,2406.78,2424.8303,457342200.0
TR-040026,2025-09-10,San Francisco,Fresno,Reefer,215.8,47500.0,643.83,691.6698,457342200.0
TR-040027,2025-09-10,Fort Wayne,Baltimore,Dry Van,831.2,39641.0,1711.91,1725.0328,457342200.0
TR-040028,2025-09-10,Columbia,Hartford,Reefer,851.9,43376.0,2042.48,2046.9886,457342200.0
TR-040029,2025-09-10,Memphis,Montgomery,Flatbed,434.5,25830.0,1098.71,1086.8275,457342200.0
TR-040030,2025-09-10,Oklahoma City,Baton Rouge,Dry Van,438.1,35605.0,1070.18,1129.301,457342200.0
TR-040031,2025-09-10,Lubbock,New Orleans,Dry Van,600.4,41504.0,1395.18,1370.9763,457342200.0
TR-040032,2025-09-10,Bakersfield,Albany,Dry Van,2914.6,35135.0,5241.8,5188.927,457342200.0
TR-040033,2025-09-10,Boston,Montgomery,Reefer,1278.3,20195.0,2710.93,2676.0164,457342200.0
TR-040034,2025-09-10,Raleigh,Phoenix,Dry Van,2617.1,35007.0,4813.65,4636.326,457342200.0
TR-040035,2025-09-10,Little Rock,Richmond,Dry Van,1067.3,32565.0,2195.23,2519.8333,457342200.0
TR-040036,2025-09-10,Baton Rouge,New York,Dry Van,1431.3,31298.0,2806.77,2740.9954,457342200.0
TR-040037,2025-09-10,Lexington,Columbia,Reefer,228.3,28261.0,636.64,664.7358,457342200.0
TR-040038,2025-09-10,Milwaukee,Tampa,Dry Van,950.5,28573.0,1887.3,1928.767,457342200.0
TR-040039,2025-09-10,Oklahoma City,Jacksonville,Reefer,957.3,17877.0,2192.73,2169.2563,457342200.0
TR-040040,2025-09-10,Greensboro,Oklahoma City,Reefer,1129.5,31628.0,2680.22,2583.1008,457342200.0
TR-040041,2025-09-10,Grand Rapids,Toledo,Dry Van,180.2,37908.0,477.61,469.68823,457342200.0
TR-040042,2025-09-10,Kansas City,Tucson,Reefer,1625.8,22679.0,3401.18,3330.4216,457342200.0
TR-040043,2025-09-10,Corpus Christi,Fort Wayne,Dry Van,1292.1,24793.0,2511.55,2466.498,457342200.0
TR-040044,2025-09-10,Buffalo,Phoenix,Reefer,2688.4,39893.0,5641.98,5360.5107,457342200.0
TR-040045,2025-09-10,Corpus Christi,Providence,Dry Van,1916.8,36005.0,3808.59,3668.7397,457342200.0
TR-040046,2025-09-10,Washington,Atlanta,Dry Van,688.3,35557.0,3348.83,1461.8947,457342200.0
TR-040047,2025-09-10,Corpus Christi,Cincinnati,Dry Van,957.6,35710.0,2049.34,1986.8446,457342200.0
TR-040048,2025-09-10,Albuquerque,Milwaukee,Dry Van,1370.4,41050.0,2807.39,3290.756,457342200.0
TR-040049,2025-09-10,New York,Los Angeles,Flatbed,2887.9,31240.0,1758.37,5487.75,457342200.0
TR-040050,2025-09-10,Los Angeles,Jacksonville,Dry Van,2285.2,30659.0,4302.88,4306.2607,457342200.0
TR-040051,2025-09-10,Indianapolis,Philadelphia,Dry Van,993.1,29726.0,1969.6,1992.1228,457342200.0
TR-040052,2025-09-10,Milwaukee,Memphis,Dry Van,356.3,44081.0,855.3,849.40466,457342200.0
TR-040053,2025-09-10,Baton Rouge,Syracuse,Dry Van,1447.5,36698.0,2914.9,2842.5034,457342200.0
TR-040054,2025-09-10,Amarillo,Montgomery,Dry Van,1248.3,26331.0,2465.22,2491.5754,457342200.0
TR-040055,2025-09-10,Lexington,Oklahoma City,Flatbed,1007.4,34451.0,2399.07,2329.6377,457342200.0
TR-040056,2025-09-10,Los Angeles,Albany,Dry Van,3100.0,27790.0,5383.59,5357.307,457342200.0
TR-040057,2025-09-10,Greensboro,Syracuse,Flatbed,703.5,29749.0,1579.77,1551.1923,457342200.0
TR-040058,2025-09-10,Albuquerque,Raleigh,Flatbed,2091.8,16480.0,4140.08,4107.1885,457342200.0
TR-040059,2025-09-10,Baton Rouge,Syracuse,Dry Van,1421.4,34871.0,2887.23,2801.4224,457342200.0
TR-040060,2025-09-10,Mobile,Tampa,Dry Van,327.0,34212.0,3869.45,792.22516,457342200.0
TR-040061,2025-09-10,Lexington,Nashville,Dry Van,265.1,34313.0,657.63,631.3961,457342200.0
TR-040062,2025-09-11,Buffalo,Shreveport,Dry Van,1166.6,30420.0,2291.53,2879.947,457342200.0
TR-040063,2025-09-11,Hartford,San Antonio,Dry Van,1822.9,28138.0,3516.64,3614.7952,457342200.0
TR-040064,2025-09-11,Austin,Montgomery,Reefer,988.2,32679.0,2417.85,2346.6309,457342200.0
TR-040065,2025-09-11,Kansas City,Fresno,Reefer,1922.5,24901.0,4033.26,4004.7148,457342200.0
TR-040066,2025-09-11,Oklahoma City,Tucson,Flatbed,1027.1,32410.0,2439.49,2337.2595,457342200.0
TR-040067,2025-09-11,Indianapolis,Toledo,Dry Van,417.9,26027.0,934.11,915.4467,457342200.0
TR-040068,2025-09-11,El Paso,Montgomery,Reefer,1652.6,40725.0,3825.7,3733.2385,457342200.0
TR-040069,2025-09-11,El Paso,Syracuse,Dry Van,2197.5,26779.0,4007.04,3974.5212,457342200.0
TR-040070,2025-09-11,Lexington,Syracuse,Dry Van,697.1,31223.0,1452.89,1401.9823,457342200.0
TR-040071,2025-09-11,Savannah,Jacksonville,Reefer,217.2,23542.0,627.33,656.9808,457342200.0
TR-040072,2025-09-11,Richmond,Dayton,Flatbed,597.4,21028.0,1337.53,1336.5879,457342200.0
TR-040073,2025-09-11,Los Angeles,Raleigh,Reefer,2744.5,35031.0,5729.48,5534.727,457342200.0
TR-040074,2025-09-11,Philadelphia,Shreveport,Dry Van,1355.0,21578.0,2534.93,2605.5642,457342200.0
TR-040075,2025-09-11,Houston,Indianapolis,Reefer,753.5,35694.0,1893.57,1874.5052,457342200.0
TR-040076,2025-09-11,Salt Lake City,Fort Wayne,Dry Van,1765.6,24561.0,3118.9,3327.3416,457342200.0
TR-040077,2025-09-11,Houston,Greensboro,Dry Van,931.9,30557.0,1991.68,1982.602,457342200.0
TR-040078,2025-09-11,Oklahoma City,Syracuse,Reefer,1626.9,38225.0,3709.46,3619.4697,457342200.0
TR-040079,2025-09-11,Hartford,New York,Reefer,116.3,32264.0,363.4,358.60004,457342200.0
TR-040080,2025-09-11,Tucson,Columbia,Flatbed,2046.7,23285.0,9993.31,4072.8923,457342200.0
TR-040081,2025-09-11,Atlanta,Lexington,Dry Van,201.8,40231.0,548.2,538.8742,457342200.0
TR-040082,2025-09-11,San Francisco,San Antonio,Reefer,1657.6,16615.0,3595.73,3428.0857,457342200.0
TR-040083,2025-09-11,Richmond,Toledo,Dry Van,573.4,28624.0,1190.03,1184.4312,457342200.0
TR-040084,2025-09-11,Houston,Mobile,Reefer,464.9,31649.0,1258.59,1234.3363,457342200.0
TR-040085,2025-09-11,Syracuse,Fort Wayne,Dry Van,528.1,34619.0,1169.27,1134.2174,457342200.0
TR-040086,2025-09-11,Kansas City,Indianapolis,Dry Van,183.5,16351.0,468.28,472.01913,457342200.0
TR-040087,2025-09-11,New Orleans,Boston,Dry Van,1556.1,28679.0,3077.55,2960.21,457342200.0
TR-040088,2025-09-11,Nashville,Buffalo,Flatbed,792.1,26770.0,1750.91,1635.8914,457342200.0
TR-040089,2025-09-11,San Francisco,Columbia,Dry Van,2508.0,39356.0,4867.0,4911.9497,457342200.0
TR-040090,2025-09-11,Phoenix,Tucson,Dry Van,266.7,29610.0,674.55,686.7855,457342200.0
TR-040091,2025-09-11,Madison,Kansas City,Reefer,217.5,32374.0,637.22,636.41144,457342200.0
TR-040092,2025-09-11,Richmond,Philadelphia,Dry Van,274.6,23215.0,632.9,647.1611,457342200.0
TR-040093,2025-09-11,Bakersfield,El Paso,Dry Van,455.6,30210.0,1013.09,1056.295,457342200.0
TR-040094,2025-09-11,Tucson,Amarillo,Dry Van,638.8,32348.0,1437.98,1395.7137,457342200.0
TR-040095,2025-09-11,Indianapolis,Louisville,Dry Van,133.1,42651.0,392.73,394.27737,457342200.0
TR-040096,2025-09-11,Nashville,Cincinnati,Dry Van,181.6,22341.0,480.28,487.8219,457342200.0
TR-040097,2025-09-11,Baltimore,Oklahoma City,Reefer,1760.3,29521.0,20132.37,3808.0005,457342200.0
TR-040098,2025-09-11,Shreveport,Syracuse,Dry Van,1312.0,22948.0,2463.78,2466.072,457342200.0
TR-040099,2025-09-11,Memphis,Shreveport,Flatbed,324.5,32238.0,879.33,884.95386,457342200.0
TR-040100,2025-09-11,Cincinnati,Raleigh,Flatbed,641.8,28453.0,1495.51,1475.8885,457342200.0
TR-040101,2025-09-11,San Antonio,Mobile,Dry Van,741.7,28187.0,1606.71,1539.2035,457342200.0
TR-040102,2025-09-11,Kansas City,Houston,Dry Van,770.0,19641.0,1606.62,1519.9723,457342200.0
TR-040103,2025-09-11,St. Louis,Philadelphia,Dry Van,1079.0,43650.0,2213.28,2260.4426,457342200.0
TR-040104,2025-09-11,Harrisburg,Memphis,Dry Van,810.8,22649.0,1625.51,1632.7166,457342200.0
TR-040105,2025-09-11,Montgomery,Hartford,Dry Van,1143.6,37294.0,2270.71,2315.0198,457342200.0
TR-040106,2025-09-11,Montgomery,San Antonio,Dry Van,863.5,33521.0,1872.91,1852.7742,457342200.0
TR-040107,2025-09-11,Lexington,Richmond,Dry Van,554.5,34144.0,1196.5,1213.7593,457342200.0
TR-040108,2025-09-11,Lexington,Oklahoma City,Flatbed,997.3,30185.0,2320.06,2302.6616,457342200.0
TR-040109,2025-09-11,Greensboro,Reno,Dry Van,2303.8,26183.0,4229.61,4078.8486,457342200.0
TR-040110,2025-09-11,Greensboro,Albany,Flatbed,995.3,43985.0,2167.33,2231.3542,457342200.0
TR-040111,2025-09-11,Tucson,Cincinnati,Dry Van,1844.6,43360.0,3664.86,3736.0984,457342200.0
TR-040112,2025-09-11,Corpus Christi,Milwaukee,Dry Van,1025.3,34366.0,2196.15,2114.642,457342200.0
TR-040113,2025-09-11,Montgomery,Savannah,Reefer,337.2,40021.0,977.56,973.0594,457342200.0
TR-040114,2025-09-11,Raleigh,Toledo,Reefer,712.8,39612.0,1685.94,1780.057,457342200.0
TR-040115,2025-09-11,Grand Rapids,Baltimore,Reefer,918.0,19426.0,1979.6,1964.7493,457342200.0
TR-040116,2025-09-11,Boston,Richmond,Dry Van,481.9,44715.0,1098.94,1087.8856,457342200.0
TR-040117,2025-09-11,Milwaukee,El Paso,Dry Van,1478.9,47500.0,2989.01,3049.4712,457342200.0
TR-040118,2025-09-11,Tucson,Albany,Dry Van,2866.2,36160.0,5292.37,5114.5117,457342200.0
TR-040119,2025-09-11,Houston,Bakersfield,Dry Van,1532.8,36130.0,3098.97,3010.4932,457342200.0
TR-040120,2025-09-11,Philadelphia,San Antonio,Reefer,1856.4,47500.0,4344.65,4079.8218,457342200.0
TR-040121,2025-09-11,Lexington,Greensboro,Dry Van,174.5,38838.0,492.83,499.44067,457342200.0
TR-040122,2025-09-11,Toledo,New York,Reefer,694.1,31239.0,1599.16,1550.6265,457342200.0
TR-040123,2025-09-11,Greensboro,Montgomery,Dry Van,442.3,8037.0,941.77,984.76935,457342200.0
TR-040124,2025-09-11,Los Angeles,Kansas City,Reefer,1917.8,30982.0,4198.18,3981.674,457342200.0
TR-040125,2025-09-11,Green Bay,Albany,Dry Van,941.8,21567.0,1749.01,1815.5707,457342200.0
TR-040126,2025-09-11,Columbia,Reno,Dry Van,2295.9,25979.0,4168.47,4053.5908,457342200.0
TR-040127,2025-09-11,Atlanta,Kansas City,Reefer,494.1,39812.0,1301.34,1240.3514,457342200.0
TR-040128,2025-09-11,Phoenix,St. Louis,Dry Van,1891.9,14170.0,3471.55,3440.0806,457342200.0
TR-040129,2025-09-11,El Paso,Raleigh,Flatbed,2184.9,33482.0,4630.06,4684.289,457342200.0
TR-040130,2025-09-11,Toledo,Houston,Flatbed,1126.7,25796.0,2434.73,2395.122,457342200.0
TR-040131,2025-09-11,Indianapolis,Columbia,Flatbed,507.1,26844.0,1194.91,1208.7421,457342200.0
TR-040132,2025-09-11,Jacksonville,Albany,Flatbed,1298.2,33201.0,2820.43,2713.2693,457342200.0
TR-040133,2025-09-11,Lexington,Memphis,Flatbed,331.1,,880.53,986.30585,457342200.0
TR-040134,2025-09-11,Richmond,Oklahoma City,Reefer,1547.7,17986.0,3309.54,3231.7517,457342200.0
TR-040135,2025-09-11,Indianapolis,Shreveport,Dry Van,558.9,22757.0,1195.38,1170.1726,457342200.0
TR-040136,2025-09-11,Philadelphia,Tampa,Flatbed,1311.3,22225.0,2679.76,2658.46,457342200.0
TR-040137,2025-09-11,Hartford,Amarillo,Dry Van,2157.5,36427.0,4219.73,4107.347,457342200.0
TR-040138,2025-09-11,Lexington,Philadelphia,Dry Van,798.7,27414.0,1606.18,1690.788,457342200.0
TR-040139,2025-09-11,Richmond,Albany,Dry Van,588.6,30344.0,1217.29,1246.8046,457342200.0
TR-040140,2025-09-11,Montgomery,Chattanooga,Reefer,343.6,42502.0,958.52,993.3007,457342200.0
TR-040141,2025-09-11,Raleigh,Salt Lake City,Dry Van,2325.6,27525.0,4241.61,4194.478,457342200.0
TR-040142,2025-09-11,Tucson,Grand Rapids,Dry Van,1989.7,47500.0,3791.78,3850.8948,457342200.0
TR-040143,2025-09-11,Albany,Chattanooga,Reefer,1256.7,43606.0,2814.93,2865.1924,457342200.0
TR-040144,2025-09-11,Phoenix,Atlanta,Dry Van,2122.2,31374.0,3895.62,4030.3794,457342200.0
TR-040145,2025-09-11,Phoenix,Louisville,Dry Van,2036.5,34561.0,3866.67,3889.0525,457342200.0
TR-040146,2025-09-11,Tulsa,Atlanta,Dry Van,591.3,32450.0,1328.04,1319.7826,457342200.0
TR-040147,2025-09-11,Hartford,Albuquerque,Reefer,2363.2,35059.0,5113.28,4709.629,457342200.0
TR-040148,2025-09-11,Philadelphia,Fresno,Dry Van,3082.4,40606.0,5746.04,5743.31,457342200.0
TR-040149,2025-09-11,Toledo,Richmond,Flatbed,576.3,37285.0,1360.11,1325.4525,457342200.0
TR-040150,2025-09-11,Hartford,Grand Rapids,Reefer,917.1,31857.0,2140.16,2080.5732,457342200.0
TR-040151,2025-09-11,Reno,Kansas City,Reefer,1693.2,26568.0,3534.88,3526.8074,457342200.0
TR-040152,2025-09-11,Greensboro,Indianapolis,Dry Van,454.7,19389.0,967.48,973.60254,457342200.0
TR-040153,2025-09-11,Hartford,Albany,Flatbed,370.3,23826.0,869.7,858.68414,457342200.0
TR-040154,2025-09-11,Atlanta,Mobile,Dry Van,284.9,38713.0,732.91,704.7992,457342200.0
TR-040155,2025-09-11,Oklahoma City,Charleston,Dry Van,1280.0,32959.0,2668.05,2553.7522,457342200.0
TR-040156,2025-09-11,Atlanta,Jacksonville,Reefer,272.7,36857.0,770.42,796.61896,457342200.0
TR-040157,2025-09-11,Shreveport,Louisville,Dry Van,498.0,31956.0,1172.93,1129.1005,457342200.0
TR-040158,2025-09-11,Madison,Memphis,Dry Van,518.8,19202.0,1098.51,1080.9644,457342200.0
TR-040159,2025-09-11,San Francisco,Shreveport,Dry Van,1950.8,40882.0,12240.81,3866.4436,457342200.0
TR-040160,2025-09-11,Memphis,Louisville,Dry Van,215.4,28176.0,550.71,560.2279,457342200.0
TR-040161,2025-09-11,Nashville,Jacksonville,Reefer,362.0,27706.0,993.48,1005.9153,457342200.0
TR-040162,2025-09-11,Fort Wayne,Hartford,Flatbed,840.7,33638.0,1879.68,1834.1709,457342200.0
TR-040163,2025-09-11,Little Rock,Philadelphia,Dry Van,1292.9,27731.0,2545.64,2512.7822,457342200.0
TR-040164,2025-09-11,Baton Rouge,Oklahoma City,Dry Van,441.5,19326.0,1010.27,1018.50433,457342200.0
TR-040165,2025-09-11,Mobile,Los Angeles,Reefer,2026.7,25938.0,4331.88,4182.0986,457342200.0
TR-040166,2025-09-11,Mobile,Grand Rapids,Flatbed,967.0,43353.0,2163.98,2139.2705,457342200.0
TR-040167,2025-09-11,Mobile,Albany,Dry Van,1442.6,18579.0,2695.4,2672.0518,457342200.0
TR-040168,2025-09-11,Hartford,Mobile,Flatbed,1229.2,33367.0,2682.78,3035.4106,457342200.0
TR-040169,2025-09-11,Lexington,Las Vegas,Dry Van,2044.4,33253.0,3981.03,3878.5579,457342200.0
TR-040170,2025-09-11,Milwaukee,Albany,Flatbed,1127.4,42884.0,2474.47,2488.1567,457342200.0
TR-040171,2025-09-11,Milwaukee,Greensboro,Reefer,484.8,29263.0,1212.72,1205.5774,457342200.0
TR-040172,2025-09-11,Montgomery,Fresno,Dry Van,2283.4,32447.0,20361.89,4518.2627,457342200.0
TR-040173,2025-09-11,Fort Wayne,Cincinnati,Flatbed,362.0,30162.0,899.35,893.3024,457342200.0
TR-040174,2025-09-11,Salt Lake City,Reno,Flatbed,521.0,45205.0,244.05,1266.6522,457342200.0
TR-040175,2025-09-11,Syracuse,Tulsa,Dry Van,1358.0,16863.0,2526.64,2602.0059,457342200.0
TR-040176,2025-09-11,Kansas City,Hartford,Dry Van,1192.0,41693.0,2423.17,2452.233,457342200.0
TR-040177,2025-09-11,Fort Wayne,Lubbock,Dry Van,1335.2,21299.0,2534.0,2510.7908,457342200.0
TR-040178,2025-09-11,Mobile,Lubbock,Dry Van,845.3,39635.0,1879.01,1845.9655,457342200.0
TR-040179,2025-09-11,Philadelphia,San Francisco,Dry Van,3000.0,31380.0,5488.25,5452.687,457342200.0
TR-040180,2025-09-11,Fort Wayne,Mobile,Dry Van,801.8,42648.0,1711.83,1706.467,457342200.0
TR-040181,2025-09-11,San Antonio,Lexington,Dry Van,1064.7,36704.0,2250.71,2251.033,457342200.0
TR-040182,2025-09-11,Hartford,El Paso,Dry Van,2439.7,29317.0,4541.48,4374.233,457342200.0
TR-040183,2025-09-11,Albany,Baton Rouge,Dry Van,1733.3,29446.0,3295.32,3734.4197,457342200.0
TR-040184,2025-09-11,Tucson,Columbia,Dry Van,2025.2,43975.0,4008.71,3998.3923,457342200.0
TR-040185,2025-09-11,Syracuse,Albany,Dry Van,359.9,32287.0,780.62,805.7361,457342200.0
TR-040186,2025-09-11,Montgomery,Chattanooga,Reefer,348.8,35479.0,963.27,986.4871,457342200.0
TR-040187,2025-09-11,San Antonio,San Francisco,Flatbed,1658.8,35342.0,3688.72,3541.2668,457342200.0
TR-040188,2025-09-11,Montgomery,Shreveport,Reefer,444.6,25005.0,1139.9,1157.1796,457342200.0
TR-040189,2025-09-11,Albany,Raleigh,Dry Van,795.6,26803.0,1562.41,1592.0923,457342200.0
TR-040190,2025-09-11,Nashville,Milwaukee,Reefer,369.7,24153.0,939.43,934.10925,457342200.0
TR-040191,2025-09-11,Washington,Lubbock,Reefer,1698.2,31142.0,3780.8,4621.541,457342200.0
TR-040192,2025-09-11,Reno,Lexington,Dry Van,2178.8,36434.0,4087.56,4048.4858,457342200.0
TR-040193,2025-09-11,Dayton,Oklahoma City,Flatbed,1068.1,44012.0,2435.69,2469.602,457342200.0
TR-040194,2025-09-11,Providence,Tulsa,Flatbed,1730.8,20327.0,3586.64,3451.7048,457342200.0
TR-040195,2025-09-11,Los Angeles,Fort Wayne,Reefer,2240.6,47500.0,4789.73,4836.86,457342200.0
TR-040196,2025-09-11,Nashville,Tucson,Dry Van,1764.6,25951.0,3313.06,3329.1335,457342200.0
TR-040197,2025-09-11,Baton Rouge,Fort Wayne,Flatbed,1018.5,36342.0,2325.49,2480.1477,457342200.0
TR-040198,2025-09-11,Lubbock,Montgomery,Dry Van,962.2,37076.0,2019.28,2030.7697,457342200.0
TR-040199,2025-09-11,Reno,Tulsa,Dry Van,1593.3,29585.0,3086.07,2979.9854,457342200.0
TR-040200,2025-09-11,Shreveport,Charleston,Dry Van,866.2,41138.0,1863.61,1874.4194,457342200.0
TR-040201,2025-09-11,Memphis,Richmond,Reefer,855.1,27002.0,1956.54,1910.2284,457342200.0
TR-040202,2025-09-11,Lexington,Phoenix,Flatbed,2178.9,40694.0,4542.1,4225.5176,457342200.0
TR-040203,2025-09-11,Savannah,Fort Wayne,Reefer,672.7,43310.0,1690.71,1598.0577,457342200.0
TR-040204,2025-09-11,Albuquerque,Hartford,Reefer,2419.5,32265.0,5069.2,4827.639,457342200.0
TR-040205,2025-09-11,Richmond,Tulsa,Reefer,1241.6,42921.0,2925.33,3009.1028,457342200.0
TR-040206,2025-09-11,Albany,El Paso,Dry Van,2559.1,29560.0,4590.57,4537.5864,457342200.0
TR-040207,2025-09-11,Amarillo,Providence,Reefer,2300.7,30408.0,4872.62,4660.1797,457342200.0
TR-040208,2025-09-11,Fresno,Harrisburg,Dry Van,2675.9,14325.0,4808.27,4551.5273,457342200.0
TR-040209,2025-09-11,Columbia,Shreveport,Reefer,635.7,32015.0,1603.47,1596.2493,457342200.0
TR-040210,2025-09-11,Chattanooga,Lexington,Reefer,222.1,28853.0,643.67,670.18945,457342200.0
TR-040211,2025-09-11,Albany,Phoenix,Dry Van,3157.1,37597.0,5816.71,5971.1304,457342200.0
TR-040212,2025-09-11,Columbia,Memphis,Dry Van,425.2,27755.0,979.75,973.06726,457342200.0
TR-040213,2025-09-11,Kansas City,Shreveport,Dry Van,593.8,25574.0,1342.92,1290.8556,457342200.0
TR-040214,2025-09-11,Atlanta,Phoenix,Reefer,2056.9,25623.0,4292.87,4338.7856,457342200.0
TR-040215,2025-09-11,Lubbock,Richmond,Dry Van,1700.9,39239.0,3390.36,3281.8157,457342200.0
TR-040216,2025-09-11,Baton Rouge,Tulsa,Dry Van,310.3,36671.0,820.63,815.85547,457342200.0
TR-040217,2025-09-11,Phoenix,Columbia,Dry Van,2286.9,24681.0,4105.79,4027.556,457342200.0
TR-040218,2025-09-11,New Orleans,Reno,Reefer,1829.6,27931.0,4006.85,3919.0188,457342200.0
TR-040219,2025-09-12,Mobile,Baton Rouge,Dry Van,336.1,39205.0,863.19,840.0087,457342200.0
TR-040220,2025-09-12,Tucson,Bakersfield,Dry Van,295.9,36666.0,767.37,778.76605,457342200.0
TR-040221,2025-09-12,Columbia,Tucson,Dry Van,2064.1,23622.0,3793.98,3666.5327,457342200.0
TR-040222,2025-09-12,Oklahoma City,Albany,Dry Van,2052.0,37608.0,3929.53,3833.7466,457342200.0
TR-040223,2025-09-12,Oklahoma City,El Paso,Reefer,812.7,21926.0,1980.42,1861.1583,457342200.0
TR-040224,2025-09-12,Los Angeles,Austin,Reefer,1212.5,25543.0,2759.38,2648.2964,457342200.0
TR-040225,2025-09-12,Memphis,Charleston,Flatbed,674.8,27465.0,1625.12,1554.0736,457342200.0
TR-040226,2025-09-12,Atlanta,Bakersfield,Dry Van,2047.0,39204.0,4099.71,3836.24,457342200.0
TR-040227,2025-09-12,Shreveport,Columbia,Dry Van,634.3,25478.0,1379.44,1344.2925,457342200.0
TR-040228,2025-09-12,Green Bay,Tampa,Dry Van,1310.1,32206.0,2548.48,2525.395,457342200.0
TR-040229,2025-09-12,Bakersfield,Albuquerque,Dry Van,501.6,32539.0,1158.71,1121.9478,457342200.0
TR-040230,2025-09-12,Oklahoma City,Memphis,Dry Van,670.5,39854.0,1487.45,1472.2921,457342200.0
TR-040231,2025-09-12,Mobile,Nashville,Dry Van,309.1,,767.78,872.3126,457342200.0
TR-040232,2025-09-12,Philadelphia,Fort Wayne,Dry Van,795.6,42348.0,1667.13,1661.5833,457342200.0
TR-040233,2025-09-12,Fresno,Syracuse,Reefer,2805.7,29425.0,5722.29,5889.053,457342200.0
TR-040234,2025-09-12,Oklahoma City,Bakersfield,Flatbed,1279.7,33990.0,2938.6,2804.3809,457342200.0
TR-040235,2025-09-12,Los Angeles,Louisville,Reefer,2072.6,33109.0,4591.1,4283.498,457342200.0
TR-040236,2025-09-12,Bakersfield,Grand Rapids,Reefer,2051.1,20571.0,4100.14,4013.6917,457342200.0
TR-040237,2025-09-12,Green Bay,Nashville,Reefer,742.3,35168.0,1824.41,1773.8303,457342200.0
TR-040238,2025-09-12,Grand Rapids,Syracuse,Reefer,594.3,36321.0,1438.34,1465.7797,457342200.0
TR-040239,2025-09-12,Cincinnati,Baltimore,Dry Van,915.1,20969.0,1776.7,1755.2118,457342200.0
TR-040240,2025-09-12,Charleston,Kansas City,Dry Van,833.7,37520.0,1791.57,1758.9465,457342200.0
TR-040241,2025-09-12,Providence,Milwaukee,Dry Van,1182.2,29703.0,2270.22,2367.5164,457342200.0
TR-040242,2025-09-12,Houston,Greensboro,Dry Van,928.9,43551.0,2023.04,2018.7743,457342200.0
TR-040243,2025-09-12,Atlanta,Harrisburg,Flatbed,654.9,33744.0,1554.3,1500.5637,457342200.0
TR-040244,2025-09-12,Las Vegas,Amarillo,Dry Van,765.6,39048.0,1638.1,1746.4731,457342200.0
TR-040245,2025-09-12,Green Bay,San Antonio,Reefer,1394.5,39919.0,3209.87,3235.8335,457342200.0
TR-040246,2025-09-12,Providence,Milwaukee,Dry Van,1242.3,21748.0,2315.18,2378.8542,457342200.0
TR-040247,2025-09-12,Amarillo,Grand Rapids,Dry Van,1389.5,28639.0,2765.1,2685.0315,457342200.0
TR-040248,2025-09-12,Amarillo,Hartford,Dry Van,2156.3,30971.0,4187.65,4034.6887,457342200.0
TR-040249,2025-09-12,Albany,Bakersfield,Dry Van,2952.2,30797.0,5413.49,5198.7285,457342200.0
TR-040250,2025-09-12,Lubbock,Kansas City,Dry Van,979.2,36121.0,2089.53,2079.605,457342200.0
TR-040251,2025-09-12,Madison,New Orleans,Dry Van,745.9,14978.0,1529.14,1478.7987,457342200.0
TR-040252,2025-09-12,Fresno,Tulsa,Reefer,1696.5,14329.0,3547.22,3413.98,457342200.0
TR-040253,2025-09-12,Charleston,Washington,Flatbed,442.4,31046.0,1091.26,1106.8018,457342200.0
TR-040254,2025-09-12,Lubbock,Hartford,Reefer,2010.8,34612.0,4639.2,4227.273,457342200.0
TR-040255,2025-09-12,Fresno,Philadelphia,Dry Van,3013.0,34381.0,5437.19,5414.3076,457342200.0
TR-040256,2025-09-12,Syracuse,Phoenix,Dry Van,2706.1,25267.0,4618.42,4499.766,457342200.0
TR-040257,2025-09-12,Oklahoma City,Green Bay,Dry Van,1247.0,28991.0,2496.84,2500.3667,457342200.0
TR-040258,2025-09-12,Richmond,Savannah,Dry Van,517.1,29395.0,1135.31,1132.463,457342200.0
TR-040259,2025-09-12,Los Angeles,Memphis,Flatbed,1961.2,37076.0,4185.43,4079.0544,457342200.0
TR-040260,2025-09-12,Reno,Buffalo,Flatbed,2450.1,26162.0,4591.58,4465.8027,457342200.0
TR-040261,2025-09-12,Lubbock,Louisville,Reefer,1052.6,16839.0,2364.33,2285.901,457342200.0
TR-040262,2025-09-12,Atlanta,Boston,Dry Van,1156.1,21923.0,2225.24,2292.0693,457342200.0
TR-040263,2025-09-12,El Paso,Hartford,Dry Van,2574.8,45322.0,4945.19,4856.9883,457342200.0
TR-040264,2025-09-12,Columbia,Montgomery,Flatbed,337.1,34118.0,879.21,914.319,457342200.0
TR-040265,2025-09-12,Atlanta,Bakersfield,Reefer,2027.5,41373.0,4561.04,4324.781,457342200.0
TR-040266,2025-09-12,Hartford,Mobile,Dry Van,1234.1,47500.0,2543.79,2649.5408,457342200.0
TR-040267,2025-09-12,Amarillo,Albany,Reefer,2276.1,37568.0,5028.04,4679.4634,457342200.0
TR-040268,2025-09-12,New York,Houston,Reefer,1558.3,31906.0,3489.82,3451.0852,457342200.0
TR-040269,2025-09-12,Amarillo,Shreveport,Dry Van,833.9,39447.0,1882.39,1823.3633,457342200.0
TR-040270,2025-09-12,Savannah,Green Bay,Dry Van,962.9,39621.0,1972.59,1960.5852,457342200.0
TR-040271,2025-09-12,Milwaukee,Detroit,Reefer,435.6,31001.0,1106.33,1076.3845,457342200.0
TR-040272,2025-09-12,Fort Wayne,Nashville,Reefer,532.0,-31212.0,1328.03,1238.4916,457342200.0
TR-040273,2025-09-12,Shreveport,Boston,Flatbed,1576.0,28655.0,3357.98,3225.571,457342200.0
TR-040274,2025-09-12,Lubbock,New Orleans,Dry Van,581.3,28687.0,352.31,1306.5522,457342200.0
TR-040275,2025-09-12,El Paso,Raleigh,Dry Van,2237.0,34067.0,4259.95,4705.8765,457342200.0
TR-040276,2025-09-12,Kansas City,Los Angeles,Flatbed,1930.7,24721.0,3901.63,3833.12,457342200.0
TR-040277,2025-09-12,New York,Atlanta,Dry Van,895.9,30841.0,1806.24,1782.8861,457342200.0
TR-040278,2025-09-12,Greensboro,Detroit,Dry Van,637.5,27879.0,1302.11,1307.4889,457342200.0
TR-040279,2025-09-12,Jacksonville,Birmingham,Reefer,222.6,46701.0,659.64,726.06335,457342200.0
TR-040280,2025-09-12,Hartford,Charleston,Flatbed,674.3,21501.0,1475.99,1436.7218,457342200.0
TR-040281,2025-09-12,Grand Rapids,Washington,Flatbed,674.1,28436.0,1490.26,1433.0012,457342200.0
TR-040282,2025-09-12,Hartford,Baton Rouge,Flatbed,1526.6,40837.0,3320.42,3250.2832,457342200.0
TR-040283,2025-09-12,Albany,Dallas,Flatbed,1701.2,14377.0,3472.54,3277.1501,457342200.0
TR-040284,2025-09-12,Syracuse,Toledo,Reefer,469.2,31358.0,1137.73,1144.7432,457342200.0
TR-040285,2025-09-12,Tulsa,Fresno,Reefer,1648.2,37911.0,3696.43,3670.817,457342200.0
TR-040286,2025-09-12,San Francisco,Fresno,Dry Van,243.9,14951.0,577.85,609.02026,457342200.0
TR-040287,2025-09-12,Oklahoma City,Richmond,Flatbed,1525.8,24305.0,3239.2,3092.8896,457342200.0
TR-040288,2025-09-12,El Paso,Columbia,Dry Van,1818.2,,3561.78,3684.8855,457342200.0
TR-040289,2025-09-12,Kansas City,Phoenix,Dry Van,1836.6,22670.0,3320.48,4008.558,457342200.0
TR-040290,2025-09-12,Tucson,Harrisburg,Reefer,2315.7,20127.0,4697.77,4492.579,457342200.0
TR-040291,2025-09-12,Little Rock,Atlanta,Flatbed,389.2,34021.0,1046.21,996.70056,457342200.0
TR-040292,2025-09-12,Fresno,Jacksonville,Flatbed,2349.6,28254.0,4717.95,4524.0996,457342200.0
TR-040293,2025-09-12,Tulsa,El Paso,Reefer,1037.8,24103.0,2420.04,2391.4023,457342200.0
TR-040294,2025-09-12,Little Rock,Nashville,Dry Van,306.7,34560.0,763.18,775.2366,457342200.0
TR-040295,2025-09-12,Detroit,Las Vegas,Dry Van,2091.4,40226.0,3908.63,3884.5317,457342200.0
TR-040296,2025-09-12,Savannah,Kansas City,Flatbed,762.4,13076.0,1672.54,1599.4532,457342200.0
TR-040297,2025-09-12,Tulsa,Memphis,Dry Van,409.6,23607.0,971.23,971.9602,457342200.0
TR-040298,2025-09-12,San Francisco,Syracuse,Dry Van,2883.5,26935.0,4982.94,5035.2593,457342200.0
TR-040299,2025-09-12,Green Bay,Mobile,Flatbed,1002.1,42226.0,2276.71,2233.6978,457342200.0
TR-040300,2025-09-12,Raleigh,Fort Wayne,Reefer,704.6,26774.0,461.77,1904.1548,457342200.0
TR-040301,2025-09-12,Las Vegas,San Francisco,Dry Van,477.5,46405.0,1077.4,1125.7373,457342200.0
TR-040302,2025-09-12,Philadelphia,Providence,Flatbed,295.4,17141.0,739.46,764.2146,457342200.0
TR-040303,2025-09-12,Phoenix,Greensboro,Flatbed,2299.5,12460.0,4373.27,4340.9736,457342200.0
TR-040304,2025-09-12,Shreveport,Corpus Christi,Reefer,416.1,25204.0,1141.5,1094.5532,457342200.0
TR-040305,2025-09-12,Amarillo,Houston,Dry Van,706.3,30822.0,1558.84,1510.2517,457342200.0
TR-040306,2025-09-12,Toledo,Corpus Christi,Dry Van,1312.1,40795.0,2644.28,2615.5784,457342200.0
TR-040307,2025-09-12,Lubbock,Providence,Dry Van,2135.5,19534.0,3979.89,3742.8223,457342200.0
TR-040308,2025-09-12,Harrisburg,Los Angeles,Dry Van,2641.3,34923.0,4787.12,4806.2563,457342200.0
TR-040309,2025-09-12,Columbia,Tulsa,Reefer,783.7,17715.0,1811.81,1768.023,457342200.0
TR-040310,2025-09-12,Kansas City,Columbia,Dry Van,664.2,20098.0,1369.82,1330.2089,457342200.0
TR-040311,2025-09-12,Salt Lake City,Mobile,Flatbed,1608.7,28800.0,3467.94,3328.9292,457342200.0
TR-040312,2025-09-12,Lubbock,Amarillo,Dry Van,418.6,41286.0,1037.14,1030.8147,457342200.0
TR-040313,2025-09-12,Baton Rouge,Montgomery,Reefer,477.1,27925.0,1214.34,1241.8849,457342200.0
TR-040314,2025-09-12,Austin,Tucson,Dry Van,971.7,32547.0,2044.98,1996.9332,457342200.0
TR-040315,2025-09-12,Lexington,Montgomery,Dry Van,490.1,23776.0,1042.66,1048.4379,457342200.0
TR-040316,2025-09-12,Memphis,Shreveport,Dry Van,326.3,21420.0,794.57,757.7065,457342200.0
TR-040317,2025-09-12,Mobile,Cincinnati,Dry Van,439.6,38984.0,1026.46,1037.4534,457342200.0
TR-040318,2025-09-12,Phoenix,Washington,Reefer,2621.2,32276.0,5451.58,5234.5625,457342200.0
TR-040319,2025-09-12,Fresno,Raleigh,Flatbed,2813.1,26578.0,5482.58,5325.593,457342200.0
TR-040320,2025-09-12,El Paso,Milwaukee,Dry Van,1556.0,24449.0,2956.1,2915.193,457342200.0
TR-040321,2025-09-12,Milwaukee,Harrisburg,Dry Van,666.7,21836.0,1364.46,1317.1715,457342200.0
TR-040322,2025-09-12,Nashville,Chattanooga,Reefer,71.3,46022.0,247.85,347.40533,457342200.0
TR-040323,2025-09-12,Montgomery,El Paso,Dry Van,1639.9,38363.0,14949.25,3198.044,457342200.0
TR-040324,2025-09-12,Nashville,Atlanta,Reefer,142.9,32853.0,447.8,473.85046,457342200.0
TR-040325,2025-09-12,Shreveport,Green Bay,Flatbed,1018.3,39426.0,2262.85,2242.3232,457342200.0
TR-040326,2025-09-12,Mobile,Montgomery,Dry Van,179.1,36395.0,473.51,515.4693,457342200.0
TR-040327,2025-09-12,Chattanooga,Hartford,Dry Van,1040.5,47500.0,2161.89,2183.0725,457342200.0
TR-040328,2025-09-12,Tulsa,Reno,Dry Van,1589.8,33010.0,3072.12,3040.2126,457342200.0
TR-040329,2025-09-12,Philadelphia,San Francisco,Reefer,3190.6,47500.0,6656.87,6319.2646,457342200.0
TR-040330,2025-09-12,Albuquerque,Philadelphia,Dry Van,2411.3,38077.0,4522.94,4479.904,457342200.0
TR-040331,2025-09-12,Baton Rouge,Phoenix,Dry Van,1647.6,28767.0,3198.8,3125.9487,457342200.0
TR-040332,2025-09-12,Lubbock,Tucson,Reefer,921.7,39585.0,2312.51,2315.6814,457342200.0
TR-040333,2025-09-12,Montgomery,Amarillo,Dry Van,1242.4,46645.0,2666.9,2669.348,457342200.0
TR-040334,2025-09-12,Greensboro,Louisville,Flatbed,337.7,37460.0,905.78,919.6427,457342200.0
TR-040335,2025-09-12,Nashville,Memphis,Reefer,122.7,47500.0,406.25,433.8138,457342200.0
TR-040336,2025-09-12,San Antonio,Jacksonville,Flatbed,994.1,36268.0,2386.95,2339.486,457342200.0
TR-040337,2025-09-12,San Antonio,Albuquerque,Reefer,923.0,36794.0,2234.94,2247.4106,457342200.0
TR-040338,2025-09-12,Bakersfield,Jacksonville,Dry Van,2121.8,26018.0,4093.95,3900.7976,457342200.0
TR-040339,2025-09-12,Madison,Fort Wayne,Reefer,300.9,38295.0,828.81,816.3924,457342200.0
TR-040340,2025-09-12,Amarillo,Nashville,Dry Van,1124.5,25501.0,2263.03,2244.838,457342200.0
TR-040341,2025-09-12,Louisville,Atlanta,Dry Van,237.0,28798.0,598.68,581.18365,457342200.0
TR-040342,2025-09-12,Buffalo,Tampa,Flatbed,1223.6,46239.0,2710.46,2827.291,457342200.0
TR-040343,2025-09-12,Los Angeles,Grand Rapids,Dry Van,2286.2,35730.0,4232.89,4212.6294,457342200.0
TR-040344,2025-09-12,Philadelphia,Memphis,Dry Van,1110.1,36369.0,2243.11,2309.291,457342200.0
TR-040345,2025-09-12,New York,Bakersfield,Reefer,2727.3,35945.0,5715.39,5499.8813,457342200.0
TR-040346,2025-09-12,Nashville,Greensboro,Dry Van,373.0,24706.0,866.51,830.6862,457342200.0
TR-040347,2025-09-12,Buffalo,Richmond,Reefer,329.8,38409.0,853.76,857.8965,457342200.0
TR-040348,2025-09-12,Lexington,Detroit,Dry Van,525.3,27765.0,1085.75,1102.1028,457342200.0
TR-040349,2025-09-12,Madison,Tampa,Dry Van,1072.6,35241.0,2089.87,2222.8376,457342200.0
TR-040350,2025-09-12,Grand Rapids,Chattanooga,Dry Van,677.5,41571.0,1467.17,1397.0151,457342200.0
TR-040351,2025-09-12,Amarillo,Fresno,Dry Van,1076.3,35317.0,2314.16,2284.8987,457342200.0
TR-040352,2025-09-12,Dayton,Richmond,Dry Van,578.1,33792.0,1235.15,1227.5216,457342200.0
TR-040353,2025-09-12,Mobile,Hartford,Reefer,1214.5,35616.0,2838.17,2764.1624,457342200.0
TR-040354,2025-09-12,Milwaukee,Memphis,Reefer,358.3,35185.0,956.43,961.1154,457342200.0
TR-040355,2025-09-12,Green Bay,Syracuse,Dry Van,650.6,28030.0,1326.12,1306.6083,457342200.0
TR-040356,2025-09-12,Montgomery,Baltimore,Dry Van,1056.4,31246.0,2133.45,2105.5972,457342200.0
TR-040357,2025-09-12,Nashville,Memphis,Reefer,123.8,16631.0,377.23,422.23865,457342200.0
TR-040358,2025-09-12,Tucson,Syracuse,Flatbed,2556.1,34276.0,5109.12,5145.62,457342200.0
TR-040359,2025-09-12,Richmond,Green Bay,Flatbed,804.9,16779.0,1660.54,1657.7976,457342200.0
TR-040360,2025-09-12,Oklahoma City,Charleston,Dry Van,1281.9,21025.0,2562.34,2475.483,457342200.0
TR-040361,2025-09-12,El Paso,Raleigh,Dry Van,2168.7,47500.0,4194.09,4545.0186,457342200.0
TR-040362,2025-09-12,Raleigh,Madison,Reefer,946.3,28754.0,2122.65,2093.6877,457342200.0
TR-040363,2025-09-12,Tampa,Oklahoma City,Dry Van,882.0,38222.0,1989.84,1871.8585,457342200.0
TR-040364,2025-09-12,Milwaukee,New Orleans,Dry Van,631.6,31244.0,1352.36,1338.2761,457342200.0
TR-040365,2025-09-12,Oklahoma City,Buffalo,Reefer,1512.7,35685.0,3269.05,3339.8503,457342200.0
TR-040366,2025-09-12,Kansas City,Shreveport,Dry Van,581.6,40689.0,1384.88,1296.9275,457342200.0
TR-040367,2025-09-12,El Paso,Reno,Reefer,771.5,29659.0,1760.79,1751.1946,457342200.0
TR-040368,2025-09-12,Atlanta,Albany,Dry Van,1181.2,26969.0,2275.58,2301.7517,457342200.0
TR-040369,2025-09-12,Fort Wayne,Richmond,Dry Van,617.3,42781.0,1365.44,1324.2375,457342200.0
TR-040370,2025-09-12,Buffalo,New York,Reefer,352.0,26865.0,870.24,925.0809,457342200.0
TR-040371,2025-09-12,Indianapolis,San Francisco,Dry Van,2122.0,47108.0,4070.73,4019.1892,457342200.0
TR-040372,2025-09-12,Tampa,Kansas City,Reefer,945.1,34415.0,2270.2,2208.8184,457342200.0
TR-040373,2025-09-12,New York,Houston,Dry Van,1543.5,30025.0,2926.04,2866.0195,457342200.0
TR-040374,2025-09-12,Syracuse,Tampa,Flatbed,1351.2,25260.0,2770.25,2815.6997,457342200.0
TR-040375,2025-09-12,Cincinnati,Shreveport,Dry Van,545.0,36261.0,1254.79,1214.606,457342200.0
TR-040376,2025-09-12,Phoenix,Oklahoma City,Flatbed,1217.4,33043.0,2776.29,2654.994,457342200.0
TR-040377,2025-09-12,Corpus Christi,Columbia,Flatbed,979.9,20933.0,2124.53,2135.0867,457342200.0
TR-040378,2025-09-12,Houston,Atlanta,Dry Van,685.0,23040.0,1496.82,1436.063,457342200.0
TR-040379,2025-09-12,Louisville,Savannah,Dry Van,465.7,38228.0,1110.55,1089.7264,457342200.0
TR-040380,2025-09-13,Reno,New York,Reefer,2688.4,18830.0,5032.44,5036.566,457342200.0
TR-040381,2025-09-13,Greensboro,Washington,Flatbed,464.0,40237.0,1156.27,1166.887,457342200.0
TR-040382,2025-09-13,Boston,Shreveport,Flatbed,1615.9,42173.0,3594.44,3554.6064,457342200.0
TR-040383,2025-09-13,Washington,San Francisco,Dry Van,2923.1,26762.0,5024.42,4940.7085,457342200.0
TR-040384,2025-09-13,Mobile,Tucson,Dry Van,1690.3,44449.0,3518.99,3299.8826,457342200.0
TR-040385,2025-09-13,Lexington,Green Bay,Dry Van,630.6,34053.0,1308.11,1450.7317,457342200.0
TR-040386,2025-09-13,Shreveport,Richmond,Reefer,1144.9,44658.0,2641.06,2610.7942,457342200.0
TR-040387,2025-09-13,Corpus Christi,Lexington,Dry Van,997.4,32970.0,2047.73,2062.4473,457342200.0
TR-040388,2025-09-13,Nashville,Baton Rouge,Dry Van,499.5,23969.0,1098.51,1088.1412,457342200.0
TR-040389,2025-09-13,Boston,Lexington,Reefer,997.5,26035.0,2165.4,2247.0562,457342200.0
TR-040390,2025-09-13,Richmond,Baltimore,Dry Van,267.1,21567.0,642.34,658.2892,457342200.0
TR-040391,2025-09-13,Chattanooga,Philadelphia,Reefer,981.0,37036.0,2312.59,2312.9045,457342200.0
TR-040392,2025-09-13,Austin,Harrisburg,Dry Van,1645.1,47500.0,3300.38,3208.6113,457342200.0
TR-040393,2025-09-13,Mobile,Fresno,Dry Van,2107.6,41618.0,4012.45,3934.2114,457342200.0
TR-040394,2025-09-13,Columbia,Tucson,Dry Van,2036.2,31974.0,3842.18,3749.1992,457342200.0
TR-040395,2025-09-13,El Paso,Savannah,Reefer,1835.8,34487.0,4067.4,4170.9624,457342200.0
TR-040396,2025-09-13,Hartford,Lexington,Reefer,819.9,24819.0,1871.23,1808.1641,457342200.0
TR-040397,2025-09-13,Atlanta,Madison,Dry Van,602.5,31341.0,1345.09,1272.5171,457342200.0
TR-040398,2025-09-13,Tucson,Corpus Christi,Dry Van,1225.8,26230.0,2379.95,2435.1028,457342200.0
TR-040399,2025-09-13,Baton Rouge,Albany,Dry Van,1729.6,34013.0,3234.86,3289.782,457342200.0
TR-040400,2025-09-13,San Antonio,Boston,Dry Van,2034.4,28753.0,3888.05,3738.8203,457342200.0
TR-040401,2025-09-13,San Francisco,Baltimore,Dry Van,3238.9,13711.0,5546.62,5789.9023,457342200.0
TR-040402,2025-09-13,Chattanooga,Kansas City,Reefer,429.4,36249.0,1170.83,1097.8174,457342200.0
TR-040403,2025-09-13,Corpus Christi,Oklahoma City,Dry Van,335.5,16492.0,827.34,780.9998,457342200.0
TR-040404,2025-09-13,Greensboro,Grand Rapids,Dry Van,669.1,39693.0,1401.93,1392.4569,457342200.0
TR-040405,2025-09-13,San Antonio,Los Angeles,Dry Van,1317.4,,2614.48,2556.0146,457342200.0
TR-040406,2025-09-13,Greensboro,Toledo,Reefer,502.6,32880.0,1219.14,1232.186,457342200.0
TR-040407,2025-09-13,San Antonio,Fresno,Reefer,1520.3,22786.0,3280.39,3155.2024,457342200.0
TR-040408,2025-09-13,Memphis,Raleigh,Dry Van,800.0,30678.0,1654.89,1679.7457,457342200.0
TR-040409,2025-09-13,Syracuse,Albuquerque,Dry Van,2115.6,25752.0,3701.25,3698.4387,457342200.0
TR-040410,2025-09-13,Bakersfield,Cincinnati,Reefer,1948.6,13751.0,4009.05,3971.2336,457342200.0
TR-040411,2025-09-13,Albany,Mobile,Flatbed,1423.8,44800.0,3045.39,3123.6116,457342200.0
TR-040412,2025-09-13,Columbia,Albany,Reefer,1043.5,37501.0,2354.32,2351.547,457342200.0
TR-040413,2025-09-13,Atlanta,Dayton,Flatbed,426.9,30418.0,1044.62,1036.256,457342200.0
TR-040414,2025-09-13,Chattanooga,Los Angeles,Reefer,2033.5,37099.0,4472.56,4246.7466,457342200.0
TR-040415,2025-09-13,Albuquerque,Jacksonville,Flatbed,1691.2,27394.0,3543.62,3357.8398,457342200.0
TR-040416,2025-09-13,Phoenix,Salt Lake City,Dry Van,563.6,27964.0,1172.55,1221.6554,457342200.0
TR-040417,2025-09-13,Birmingham,Jacksonville,Dry Van,212.7,21707.0,522.39,563.5779,457342200.0
TR-040418,2025-09-13,Madison,Louisville,Flatbed,380.4,22738.0,946.45,873.59216,457342200.0
TR-040419,2025-09-13,Fort Wayne,Atlanta,Reefer,523.0,27769.0,1287.81,1232.889,457342200.0
TR-040420,2025-09-13,Columbia,Albany,Reefer,1132.2,34901.0,2479.11,2493.2415,457342200.0
TR-040421,2025-09-13,Kansas City,Atlanta,Dry Van,495.0,28433.0,1079.36,1048.7095,457342200.0
TR-040422,2025-09-13,Milwaukee,Hartford,Dry Van,1031.4,40864.0,2108.65,2071.1514,457342200.0
TR-040423,2025-09-13,Montgomery,Greensboro,Reefer,466.7,42244.0,1228.34,1236.3633,457342200.0
TR-040424,2025-09-13,Columbia,Baltimore,Flatbed,732.9,31495.0,1651.44,1627.7216,457342200.0
TR-040425,2025-09-13,Oklahoma City,Phoenix,Reefer,1262.9,17798.0,2785.71,2679.0127,457342200.0
TR-040426,2025-09-13,Louisville,Mobile,Dry Van,458.7,25946.0,1009.66,1013.7224,457342200.0
TR-040427,2025-09-13,Kansas City,Philadelphia,Dry Van,1116.4,30674.0,2166.72,2240.1785,457342200.0
TR-040428,2025-09-13,Chattanooga,Lubbock,Dry Van,965.5,32274.0,2058.77,1963.0902,457342200.0
TR-040429,2025-09-13,New Orleans,Reno,Dry Van,1846.8,23045.0,3388.79,3417.512,457342200.0
TR-040430,2025-09-13,Phoenix,Shreveport,Reefer,1639.1,39420.0,3731.04,3592.8945,457342200.0
TR-040431,2025-09-13,Amarillo,Lexington,Dry Van,1317.6,18890.0,2474.14,2531.9006,457342200.0
TR-040432,2025-09-13,Lexington,Phoenix,Dry Van,2191.1,24834.0,3947.05,3746.6858,457342200.0
TR-040433,2025-09-13,Reno,Cincinnati,Dry Van,1993.3,23883.0,3475.62,3507.7903,457342200.0
TR-040434,2025-09-13,Toledo,San Antonio,Dry Van,1347.9,47500.0,2662.84,2829.73,457342200.0
TR-040435,2025-09-13,Montgomery,Phoenix,Dry Van,2055.0,29618.0,3904.05,3771.5554,457342200.0
TR-040436,2025-09-13,Shreveport,Lubbock,Dry Van,580.5,21991.0,1296.1,1255.437,457342200.0
TR-040437,2025-09-13,San Francisco,Syracuse,Dry Van,2833.7,32254.0,5031.51,5385.021,457342200.0
TR-040438,2025-09-13,San Antonio,Reno,Dry Van,1520.9,38827.0,3090.11,2928.3164,457342200.0
TR-040439,2025-09-13,Nashville,Cincinnati,Dry Van,183.8,25160.0,463.47,481.2725,457342200.0
TR-040440,2025-09-13,Houston,Richmond,Dry Van,1311.4,24652.0,2545.48,2497.3835,457342200.0
TR-040441,2025-09-13,Fort Wayne,Little Rock,Flatbed,728.2,30965.0,1686.2,1639.6603,457342200.0
TR-040442,2025-09-13,Grand Rapids,Atlanta,Dry Van,695.4,45358.0,1454.96,1431.6583,457342200.0
TR-040443,2025-09-13,Bakersfield,Washington,Dry Van,2530.0,35767.0,4695.81,4521.526,457342200.0
TR-040444,2025-09-13,Baton Rouge,Hartford,Dry Van,1533.4,32628.0,2958.37,2920.5664,457342200.0
TR-040445,2025-09-13,Birmingham,Oklahoma City,Dry Van,798.2,32981.0,1734.08,1735.7611,457342200.0
TR-040446,2025-09-13,Grand Rapids,Nashville,Flatbed,685.5,42154.0,1585.84,1568.2561,457342200.0
TR-040447,2025-09-13,Fort Wayne,Dallas,Flatbed,999.6,43504.0,2357.09,2391.8972,457342200.0
TR-040448,2025-09-13,New Orleans,Jacksonville,Dry Van,538.5,27229.0,1203.48,1210.4045,457342200.0
TR-040449,2025-09-13,Los Angeles,Grand Rapids,Dry Van,2316.5,41089.0,4194.59,4337.6914,457342200.0
TR-040450,2025-09-13,Buffalo,Kansas City,Reefer,791.8,31711.0,1836.72,1757.8387,457342200.0
TR-040451,2025-09-13,Lexington,Harrisburg,Dry Van,502.6,25483.0,1044.71,1054.8999,457342200.0
TR-040452,2025-09-13,Fort Wayne,Shreveport,Reefer,849.9,27769.0,1951.01,1926.7828,457342200.0
TR-040453,2025-09-13,Fort Wayne,Atlanta,Reefer,539.0,31778.0,1304.13,1271.2162,457342200.0
TR-040454,2025-09-13,Lubbock,Chattanooga,Flatbed,965.8,30775.0,2187.52,2096.0076,457342200.0
TR-040455,2025-09-13,Atlanta,Columbia,Reefer,202.0,39567.0,615.98,638.2996,457342200.0
TR-040456,2025-09-13,Baltimore,Phoenix,Dry Van,3031.6,37530.0,5455.82,5547.325,457342200.0
TR-040457,2025-09-13,New Orleans,Baltimore,Flatbed,1393.9,45362.0,3089.77,3266.4146,457342200.0
TR-040458,2025-09-13,Albany,Kansas City,Dry Van,1304.9,27382.0,2391.71,2499.4065,457342200.0
TR-040459,2025-09-13,Boston,Amarillo,Flatbed,2296.9,29843.0,4738.84,4503.133,457342200.0
TR-040460,2025-09-13,Atlanta,Chattanooga,Dry Van,87.9,30479.0,255.06,287.02298,457342200.0
TR-040461,2025-09-13,Austin,El Paso,Dry Van,832.8,32510.0,1799.91,1805.1339,457342200.0
TR-040462,2025-09-13,Mobile,Los Angeles,Reefer,1977.9,35513.0,4376.14,4165.01,457342200.0
TR-040463,2025-09-13,Richmond,Grand Rapids,Reefer,720.9,35051.0,1688.51,1723.8074,457342200.0
TR-040464,2025-09-13,Shreveport,Buffalo,Dry Van,1115.7,30792.0,2187.93,2254.203,457342200.0
TR-040465,2025-09-13,Jacksonville,Salt Lake City,Dry Van,1922.6,25323.0,3475.74,3538.7031,457342200.0
TR-040466,2025-09-13,Greensboro,Hartford,Flatbed,744.9,27003.0,1608.67,1571.8567,457342200.0
TR-040467,2025-09-13,Nashville,Cincinnati,Flatbed,186.2,26720.0,552.07,544.52954,457342200.0
TR-040468,2025-09-13,Shreveport,Tucson,Dry Van,1443.1,43104.0,2883.87,2929.7273,457342200.0
TR-040469,2025-09-13,Atlanta,San Antonio,Flatbed,948.4,20817.0,2079.12,2154.273,457342200.0
TR-040470,2025-09-13,Atlanta,Tulsa,Dry Van,578.0,36600.0,1328.98,1286.1349,457342200.0
TR-040471,2025-09-13,New Orleans,Amarillo,Flatbed,842.7,43186.0,2066.4,2082.447,457342200.0
TR-040472,2025-09-13,Baton Rouge,Albuquerque,Reefer,1208.1,40485.0,2886.97,2836.129,457342200.0
TR-040473,2025-09-13,Toledo,Shreveport,Dry Van,933.8,23272.0,1878.13,1880.5294,457342200.0
TR-040474,2025-09-13,Albany,Columbia,Dry Van,1035.1,20277.0,1906.74,2052.171,457342200.0
TR-040475,2025-09-13,Richmond,Atlanta,Reefer,677.7,31465.0,1632.62,1567.8612,457342200.0
TR-040476,2025-09-13,San Antonio,Fort Wayne,Dry Van,1303.9,31114.0,2622.33,2507.9067,457342200.0
TR-040477,2025-09-13,Birmingham,Fresno,Dry Van,2228.9,34288.0,4250.53,4255.254,457342200.0
TR-040478,2025-09-13,Shreveport,Lexington,Dry Van,604.0,38655.0,1417.05,1341.7614,457342200.0
TR-040479,2025-09-13,Raleigh,New Orleans,Dry Van,1056.3,19160.0,2092.12,2061.725,457342200.0
TR-040480,2025-09-13,Mobile,Atlanta,Dry Van,302.1,27252.0,719.31,729.5375,457342200.0
TR-040481,2025-09-13,Kansas City,Cincinnati,Flatbed,347.6,28498.0,863.27,872.5437,457342200.0
TR-040482,2025-09-13,Tulsa,Green Bay,Dry Van,958.3,34860.0,1933.73,1918.1335,457342200.0
TR-040483,2025-09-13,Nashville,Buffalo,Dry Van,789.7,26941.0,1571.83,1530.7993,457342200.0
TR-040484,2025-09-13,Tulsa,Indianapolis,Dry Van,609.6,24402.0,1271.19,1282.7773,457342200.0
TR-040485,2025-09-13,Atlanta,Baltimore,Dry Van,931.6,39026.0,1900.04,1971.7618,457342200.0
TR-040486,2025-09-13,Boston,Corpus Christi,Reefer,1932.3,18474.0,3954.63,3857.5361,457342200.0
TR-040487,2025-09-13,Amarillo,Fort Wayne,Dry Van,1378.0,23880.0,2561.78,2632.3027,457342200.0
TR-040488,2025-09-13,Fresno,New York,Reefer,2983.6,16327.0,5851.44,5601.703,457342200.0
TR-040489,2025-09-13,Green Bay,Jacksonville,Dry Van,1019.1,27322.0,1960.67,2011.6842,457342200.0
TR-040490,2025-09-13,Dallas,Bakersfield,Dry Van,1513.8,28751.0,2971.31,2878.3142,457342200.0
TR-040491,2025-09-13,New York,Fresno,Dry Van,3033.7,27252.0,5391.91,5165.9175,457342200.0
TR-040492,2025-09-13,Syracuse,Albuquerque,Flatbed,2089.9,34860.0,4266.21,4104.661,457342200.0
TR-040493,2025-09-13,Mobile,New York,Reefer,1180.9,-24471.0,2520.81,2509.031,457342200.0
TR-040494,2025-09-13,Fresno,Corpus Christi,Dry Van,1655.1,17926.0,3124.48,3084.2554,457342200.0
TR-040495,2025-09-13,Lubbock,Tampa,Dry Van,915.4,28418.0,1878.81,1861.4851,457342200.0
TR-040496,2025-09-13,Lexington,Dayton,Dry Van,244.1,33274.0,585.46,596.8471,457342200.0
TR-040497,2025-09-13,Albany,Kansas City,Dry Van,1272.2,28179.0,2333.85,2462.3376,457342200.0
TR-040498,2025-09-13,Green Bay,Shreveport,Dry Van,1005.9,47500.0,2162.01,2167.3262,457342200.0
TR-040499,2025-09-13,Phoenix,Tucson,Reefer,276.0,37098.0,780.38,800.709,457342200.0
TR-040500,2025-09-13,Corpus Christi,Atlanta,Flatbed,841.4,36311.0,2027.02,2016.7482,457342200.0
TR-040501,2025-09-13,Milwaukee,Amarillo,Dry Van,1184.1,24579.0,2341.29,2329.4656,457342200.0
TR-040502,2025-09-13,Baton Rouge,Albuquerque,Dry Van,1218.5,44358.0,2582.43,2505.4504,457342200.0
TR-040503,2025-09-13,El Paso,Syracuse,Dry Van,2266.7,33890.0,4209.28,4113.4834,457342200.0
TR-040504,2025-09-13,Bakersfield,Providence,Dry Van,3011.3,33987.0,5482.81,5399.2197,457342200.0
TR-040505,2025-09-13,Grand Rapids,Lexington,Reefer,539.4,27887.0,1292.29,1257.7377,457342200.0
TR-040506,2025-09-13,Amarillo,Atlanta,Dry Van,1199.2,22756.0,2350.57,2358.8083,457342200.0
TR-040507,2025-09-13,Amarillo,Shreveport,Dry Van,812.9,29521.0,1693.84,1714.7379,457342200.0
TR-040508,2025-09-13,Fresno,Austin,Dry Van,1415.7,27155.0,2750.57,2766.262,457342200.0
TR-040509,2025-09-13,Lexington,Lubbock,Dry Van,1163.0,43585.0,2500.8,2478.3054,457342200.0
TR-040510,2025-09-13,Grand Rapids,Dayton,Dry Van,292.9,30552.0,679.62,653.717,457342200.0
TR-040511,2025-09-13,Tampa,Houston,Dry Van,595.7,44582.0,1405.66,1367.8884,457342200.0
TR-040512,2025-09-13,El Paso,New Orleans,Flatbed,1254.9,33003.0,2735.13,2735.0923,457342200.0
TR-040513,2025-09-13,Fresno,Nashville,Reefer,2107.4,40681.0,4475.25,4447.9956,457342200.0
TR-040514,2025-09-13,Cincinnati,Toledo,Dry Van,433.5,14068.0,900.01,907.32275,457342200.0
TR-040515,2025-09-13,Birmingham,Fort Wayne,Reefer,659.3,33884.0,1601.14,1513.9384,457342200.0
TR-040516,2025-09-13,Baltimore,Baton Rouge,Dry Van,1461.1,23760.0,2754.85,2743.1833,457342200.0
TR-040517,2025-09-13,Austin,Corpus Christi,Dry Van,286.9,14460.0,698.07,701.14044,457342200.0
TR-040518,2025-09-13,New York,Richmond,Dry Van,261.7,25031.0,586.07,603.244,457342200.0
TR-040519,2025-09-13,Mobile,New Orleans,Flatbed,291.3,24985.0,804.41,788.8669,457342200.0
TR-040520,2025-09-13,Savannah,Mobile,Dry Van,445.3,31492.0,1061.76,1034.6886,457342200.0
TR-040521,2025-09-13,Salt Lake City,Fort Wayne,Dry Van,1832.4,33962.0,3432.15,3601.771,457342200.0
TR-040522,2025-09-13,Greensboro,Montgomery,Flatbed,463.9,46892.0,1152.91,1193.5825,457342200.0
TR-040523,2025-09-13,Charleston,Amarillo,Flatbed,1601.4,32385.0,3445.34,3351.3818,457342200.0
TR-040524,2025-09-13,Charleston,Los Angeles,Dry Van,2602.0,40855.0,4873.57,4914.4126,457342200.0
TR-040525,2025-09-13,Phoenix,New Orleans,Reefer,1671.1,45075.0,3772.59,3712.5676,457342200.0
TR-040526,2025-09-13,Boston,Grand Rapids,Dry Van,1080.9,30150.0,2065.79,2136.8435,457342200.0
TR-040527,2025-09-13,Cincinnati,St. Louis,Dry Van,230.4,47500.0,608.99,607.0269,457342200.0
TR-040528,2025-09-13,Baton Rouge,Albuquerque,Dry Van,1233.6,33094.0,2507.83,2481.4302,457342200.0
TR-040529,2025-09-13,Memphis,Las Vegas,Dry Van,1647.7,32713.0,3101.53,3205.0713,457342200.0
TR-040530,2025-09-13,San Antonio,Amarillo,Reefer,519.2,40987.0,1398.57,1350.7733,457342200.0
TR-040531,2025-09-13,Buffalo,Mobile,Dry Van,1039.3,35843.0,2085.72,2133.932,457342200.0
TR-040532,2025-09-13,Montgomery,Richmond,Reefer,845.7,26484.0,1932.61,1943.0392,457342200.0
TR-040533,2025-09-13,Tampa,Los Angeles,Dry Van,2120.1,14278.0,3847.17,3740.5403,457342200.0
TR-040534,2025-09-13,Baltimore,Nashville,Dry Van,1032.6,23172.0,2083.05,2011.6442,457342200.0
TR-040535,2025-09-13,El Paso,Syracuse,Dry Van,2238.8,10921.0,3883.47,3816.1714,457342200.0
TR-040536,2025-09-13,Memphis,Cincinnati,Dry Van,232.9,30266.0,590.85,586.8151,457342200.0
TR-040537,2025-09-13,Lubbock,Mobile,Dry Van,840.6,33526.0,1809.43,1826.3254,457342200.0
TR-040538,2025-09-13,Houston,Chattanooga,Dry Van,641.3,45739.0,1466.23,1436.1508,457342200.0
TR-040539,2025-09-13,Philadelphia,Las Vegas,Dry Van,2784.1,14569.0,4734.69,4669.63,457342200.0
TR-040540,2025-09-13,Los Angeles,Raleigh,Reefer,2738.1,32117.0,5571.21,5426.6353,457342200.0
TR-040541,2025-09-13,Indianapolis,Richmond,Dry Van,778.5,21407.0,1483.49,1526.6594,457342200.0
TR-040542,2025-09-13,San Francisco,Atlanta,Dry Van,2316.0,27045.0,4169.76,5255.9824,457342200.0
TR-040543,2025-09-14,Montgomery,Bakersfield,Reefer,2087.6,37070.0,4597.16,4301.38,457342200.0
TR-040544,2025-09-14,Charleston,Richmond,Dry Van,387.2,25279.0,834.73,883.57684,457342200.0
TR-040545,2025-09-14,Charleston,El Paso,Reefer,2008.6,21174.0,3989.26,4047.0225,457342200.0
TR-040546,2025-09-14,Baltimore,Amarillo,Dry Van,2128.6,46042.0,4060.39,4049.8684,457342200.0
TR-040547,2025-09-14,Kansas City,Chattanooga,Reefer,437.2,36011.0,1175.58,1115.046,457342200.0
TR-040548,2025-09-14,Corpus Christi,Boston,Dry Van,1971.1,40946.0,3964.42,3713.3525,457342200.0
TR-040549,2025-09-14,Little Rock,Fresno,Dry Van,1839.5,27980.0,3539.25,3540.7136,457342200.0
TR-040550,2025-09-14,Jacksonville,Harrisburg,Dry Van,762.7,36514.0,1590.9,1603.2548,457342200.0
TR-040551,2025-09-14,Lubbock,Indianapolis,Reefer,1000.7,,2372.35,2329.8545,457342200.0
TR-040552,2025-09-14,Baton Rouge,San Francisco,Flatbed,2052.6,25819.0,4168.59,3999.3943,457342200.0
TR-040553,2025-09-14,Tucson,Los Angeles,Reefer,329.4,30989.0,872.33,917.2014,457342200.0
TR-040554,2025-09-14,Amarillo,Corpus Christi,Flatbed,726.7,45279.0,1805.4,1792.6381,457342200.0
TR-040555,2025-09-14,Kansas City,Tucson,Dry Van,1644.8,-45221.0,3184.99,3149.0498,457342200.0
TR-040556,2025-09-14,Oklahoma City,Los Angeles,Dry Van,1286.8,17869.0,2393.93,2431.7842,457342200.0
TR-040557,2025-09-14,Tucson,Montgomery,Dry Van,1840.2,37657.0,3498.42,4135.1973,457342200.0
TR-040558,2025-09-14,Columbia,Buffalo,Dry Van,672.3,35033.0,1421.64,1367.6996,457342200.0
TR-040559,2025-09-14,Albuquerque,San Antonio,Reefer,896.0,22391.0,2119.94,2020.0317,457342200.0
TR-040560,2025-09-14,Fresno,Boston,Dry Van,3267.0,38896.0,5663.09,5623.0273,457342200.0
TR-040561,2025-09-14,Little Rock,Birmingham,Dry Van,386.2,22505.0,872.19,857.6956,457342200.0
TR-040562,2025-09-14,Lexington,Lubbock,Dry Van,1185.0,24352.0,2379.3,2358.2295,457342200.0
TR-040563,2025-09-14,Oklahoma City,Madison,Dry Van,967.3,24917.0,1978.44,1889.947,457342200.0
TR-040564,2025-09-14,Austin,Amarillo,Dry Van,446.3,26538.0,1041.46,1026.1857,457342200.0
TR-040565,2025-09-14,Fort Wayne,Lubbock,Dry Van,1348.5,34960.0,2637.86,2660.3882,457342200.0
TR-040566,2025-09-14,Grand Rapids,Washington,Reefer,686.4,35544.0,1581.62,1582.3043,457342200.0
TR-040567,2025-09-14,Lubbock,Montgomery,Flatbed,971.6,17584.0,2171.01,2051.4229,457342200.0
TR-040568,2025-09-14,El Paso,Mobile,Flatbed,1494.3,32900.0,3184.5,3228.7322,457342200.0
TR-040569,2025-09-14,El Paso,Baltimore,Dry Van,2390.9,24507.0,4227.95,4432.5273,457342200.0
TR-040570,2025-09-14,Syracuse,Hartford,Reefer,392.0,25538.0,935.55,934.04865,457342200.0
TR-040571,2025-09-14,Savannah,Fort Wayne,Dry Van,658.5,35816.0,1426.71,1341.3954,457342200.0
TR-040572,2025-09-14,Albuquerque,Tucson,Flatbed,462.4,45520.0,1196.62,1208.5774,457342200.0
TR-040573,2025-09-14,Boston,Albany,Flatbed,390.1,34258.0,947.92,964.2025,457342200.0
TR-040574,2025-09-14,Fresno,Harrisburg,Dry Van,2728.9,36351.0,4848.77,4853.764,457342200.0
TR-040575,2025-09-14,Fresno,Oklahoma City,Reefer,1409.2,36133.0,3257.67,3327.193,457342200.0
TR-040576,2025-09-14,Birmingham,Grand Rapids,Reefer,798.3,30421.0,1827.95,1788.0963,457342200.0
TR-040577,2025-09-14,Phoenix,Los Angeles,Flatbed,71.3,25735.0,211.07,340.5722,457342200.0
TR-040578,2025-09-14,Kansas City,Jacksonville,Reefer,739.7,33114.0,1751.84,1774.0397,457342200.0
TR-040579,2025-09-14,Baltimore,Montgomery,Flatbed,1049.7,39345.0,2328.71,2313.4773,457342200.0
TR-040580,2025-09-14,Oklahoma City,Phoenix,Reefer,1233.3,21358.0,2739.57,2652.8467,457342200.0
TR-040581,2025-09-14,Hartford,Raleigh,Dry Van,484.5,,1036.14,1102.111,457342200.0
TR-040582,2025-09-14,Mobile,Tucson,Dry Van,1691.9,38673.0,3452.05,3259.74,457342200.0
TR-040583,2025-09-14,Toledo,Harrisburg,Flatbed,449.4,47500.0,1072.22,1077.8042,457342200.0
TR-040584,2025-09-14,Syracuse,Montgomery,Flatbed,1117.7,35307.0,2411.77,2440.666,457342200.0
TR-040585,2025-09-14,Bakersfield,Washington,Flatbed,2576.3,27491.0,4941.5,4847.5674,457342200.0
TR-040586,2025-09-14,Cincinnati,Memphis,Reefer,236.4,41746.0,701.85,691.68634,457342200.0
TR-040587,2025-09-14,Las Vegas,Philadelphia,Dry Van,2806.7,37086.0,5079.33,5019.4976,457342200.0
TR-040588,2025-09-14,Albany,Tucson,Flatbed,2781.0,25657.0,5218.28,5147.8115,457342200.0
TR-040589,2025-09-14,Salt Lake City,New York,Dry Van,2511.2,22315.0,4267.23,4222.96,457342200.0
TR-040590,2025-09-14,San Antonio,Fort Wayne,Flatbed,1300.2,,2904.58,2626.9507,457342200.0
TR-040591,2025-09-14,Mobile,Phoenix,Dry Van,1935.3,32673.0,3822.07,4181.841,457342200.0
TR-040592,2025-09-14,Fort Wayne,Baton Rouge,Reefer,1012.4,37228.0,2365.37,2453.442,457342200.0
TR-040593,2025-09-14,Indianapolis,Hartford,Flatbed,1034.9,41470.0,2315.08,2281.0073,457342200.0
TR-040594,2025-09-14,Dayton,Montgomery,Reefer,718.1,38662.0,1752.86,1759.6692,457342200.0
TR-040595,2025-09-14,Bakersfield,Shreveport,Dry Van,1650.4,37001.0,3289.09,3249.4858,457342200.0
TR-040596,2025-09-14,Nashville,Buffalo,Reefer,814.3,25013.0,733.39,1745.5052,457342200.0
TR-040597,2025-09-14,Jacksonville,Baton Rouge,Dry Van,612.6,28279.0,1354.26,1326.8798,457342200.0
TR-040598,2025-09-14,Greensboro,Fresno,Dry Van,2431.1,30225.0,4223.18,4321.9907,457342200.0
TR-040599,2025-09-14,Bakersfield,Columbia,Reefer,2226.4,18527.0,4618.86,4405.3955,457342200.0
TR-040600,2025-09-14,Harrisburg,Reno,Dry Van,2506.1,22887.0,4259.02,4265.79,457342200.0
TR-040601,2025-09-14,Fort Wayne,Phoenix,Dry Van,2210.6,24954.0,808.74,3875.4705,457342200.0
TR-040602,2025-09-14,Fort Wayne,Shreveport,Dry Van,857.2,27724.0,1700.06,1731.9983,457342200.0
TR-040603,2025-09-14,Jacksonville,Oklahoma City,Flatbed,971.0,35110.0,2338.34,2584.2056,457342200.0
TR-040604,2025-09-14,Amarillo,Bakersfield,Dry Van,839.1,20024.0,1653.93,1783.889,457342200.0
TR-040605,2025-09-14,Toledo,Phoenix,Dry Van,2277.0,33679.0,4115.96,4161.289,457342200.0
TR-040606,2025-09-14,Harrisburg,Baton Rouge,Dry Van,1212.4,38230.0,2525.35,2454.365,457342200.0
TR-040607,2025-09-14,Montgomery,Harrisburg,Reefer,850.0,31128.0,1940.14,1933.8287,457342200.0
TR-040608,2025-09-14,Nashville,Los Angeles,Dry Van,2036.4,17816.0,3659.54,3582.1816,457342200.0
TR-040609,2025-09-14,Fresno,Tampa,Flatbed,2279.0,27636.0,4550.71,4420.387,457342200.0
TR-040610,2025-09-14,Philadelphia,Oklahoma City,Flatbed,1777.0,41826.0,3778.61,3715.35,457342200.0
TR-040611,2025-09-14,Madison,Louisville,Dry Van,406.1,33788.0,952.32,897.7662,457342200.0
TR-040612,2025-09-14,Albany,Grand Rapids,Flatbed,926.9,26176.0,1914.44,1968.4967,457342200.0
TR-040613,2025-09-14,Buffalo,Albany,Reefer,473.5,28687.0,1088.44,1105.5714,457342200.0
TR-040614,2025-09-14,Memphis,Reno,Reefer,1862.3,31135.0,3916.1,3915.9087,457342200.0
TR-040615,2025-09-14,Bakersfield,Los Angeles,Reefer,393.3,34595.0,1040.95,1044.6399,457342200.0
TR-040616,2025-09-14,Syracuse,Montgomery,Dry Van,1088.3,18538.0,1990.67,2110.2588,457342200.0
TR-040617,2025-09-14,Lubbock,Richmond,Reefer,1700.4,30927.0,3698.67,3640.054,457342200.0
TR-040618,2025-09-14,Baton Rouge,Richmond,Dry Van,1236.4,40005.0,2529.22,2513.725,457342200.0
TR-040619,2025-09-14,Grand Rapids,Milwaukee,Reefer,331.0,43709.0,885.52,878.8357,457342200.0
TR-040620,2025-09-14,Hartford,Syracuse,Dry Van,403.2,24101.0,3043.83,867.27734,457342200.0
TR-040621,2025-09-14,Grand Rapids,Toledo,Dry Van,176.1,26169.0,439.89,438.40585,457342200.0
TR-040622,2025-09-14,Syracuse,Fort Wayne,Flatbed,525.2,18913.0,1153.83,1130.2046,457342200.0
TR-040623,2025-09-14,Hartford,Oklahoma City,Reefer,1826.7,22202.0,3862.55,4474.47,457342200.0
TR-040624,2025-09-14,Oklahoma City,Indianapolis,Dry Van,847.7,33378.0,1890.09,1802.6399,457342200.0
TR-040625,2025-09-14,Dayton,Reno,Dry Van,2040.6,36695.0,3674.7,3752.4688,457342200.0
TR-040626,2025-09-14,Baton Rouge,Phoenix,Dry Van,1657.5,23446.0,3075.53,3087.651,457342200.0
TR-040627,2025-09-14,St. Louis,Raleigh,Reefer,814.8,35463.0,1911.52,1898.1394,457342200.0
TR-040628,2025-09-14,Milwaukee,Raleigh,Dry Van,791.4,47500.0,1647.07,1660.5481,457342200.0
TR-040629,2025-09-14,Mobile,Dallas,Dry Van,428.2,25598.0,968.36,993.07874,457342200.0
TR-040630,2025-09-14,Washington,Little Rock,Flatbed,1031.5,26544.0,2236.91,2196.9375,457342200.0
TR-040631,2025-09-14,Kansas City,Chattanooga,Reefer,424.2,25147.0,1041.14,1015.6569,457342200.0
TR-040632,2025-09-14,Chattanooga,Albany,Reefer,1221.3,23919.0,2656.72,2584.6218,457342200.0
TR-040633,2025-09-14,Boston,Indianapolis,Reefer,1222.7,32153.0,2750.6,2709.319,457342200.0
TR-040634,2025-09-14,Houston,Buffalo,Reefer,1365.5,40153.0,3015.94,3116.5518,457342200.0
TR-040635,2025-09-14,Montgomery,Chattanooga,Flatbed,351.0,24897.0,897.94,931.11884,457342200.0
TR-040636,2025-09-14,Columbia,Grand Rapids,Dry Van,768.1,25263.0,1535.46,1461.869,457342200.0
TR-040637,2025-09-14,San Antonio,Shreveport,Flatbed,503.9,27956.0,1274.27,1268.0618,457342200.0
TR-040638,2025-09-14,Albuquerque,Hartford,Dry Van,2445.2,36527.0,4485.86,4424.9834,457342200.0
TR-040639,2025-09-14,Philadelphia,Green Bay,Flatbed,987.7,20744.0,1930.91,2028.0751,457342200.0
TR-040640,2025-09-14,San Antonio,Fort Wayne,Reefer,1241.4,24520.0,2747.43,2652.4636,457342200.0
TR-040641,2025-09-14,Amarillo,Montgomery,Flatbed,1235.6,16525.0,2581.86,2564.612,457342200.0
TR-040642,2025-09-14,Lexington,Boston,Dry Van,1017.3,26539.0,1999.03,1998.1685,457342200.0
TR-040643,2025-09-14,Dayton,Philadelphia,Reefer,781.4,42001.0,1856.98,1801.5745,457342200.0
TR-040644,2025-09-14,Providence,Nashville,Reefer,1208.5,37813.0,2806.99,2776.1772,457342200.0
TR-040645,2025-09-14,Fort Wayne,Buffalo,Flatbed,432.8,36768.0,1047.96,1019.6281,457342200.0
TR-040646,2025-09-14,Harrisburg,Los Angeles,Reefer,2649.7,38664.0,5487.77,5328.186,457342200.0
TR-040647,2025-09-14,Greensboro,New Orleans,Reefer,684.7,26902.0,1626.23,1635.2034,457342200.0
TR-040648,2025-09-14,Syracuse,New Orleans,Dry Van,1331.9,33252.0,2468.53,2565.2002,457342200.0
TR-040649,2025-09-14,Memphis,Houston,Reefer,554.4,26763.0,1359.7,1328.1714,457342200.0
TR-040650,2025-09-14,Albuquerque,Savannah,Reefer,1826.0,31862.0,3944.15,3902.181,457342200.0
TR-040651,2025-09-14,Fresno,Oklahoma City,Reefer,1455.1,43191.0,3304.61,3353.4702,457342200.0
TR-040652,2025-09-14,Albany,Louisville,Reefer,1114.2,39054.0,2541.31,2532.6226,457342200.0
TR-040653,2025-09-14,Hartford,Cincinnati,Dry Van,977.5,26959.0,1843.13,1951.5568,457342200.0
TR-040654,2025-09-14,Tulsa,Cincinnati,Dry Van,610.2,41818.0,1357.03,1349.578,457342200.0
TR-040655,2025-09-14,Atlanta,Richmond,Dry Van,700.2,37091.0,1492.26,1469.4972,457342200.0
TR-040656,2025-09-14,Shreveport,Cincinnati,Dry Van,524.3,30184.0,1151.06,1142.4883,457342200.0
TR-040657,2025-09-14,Bakersfield,Harrisburg,Dry Van,2491.9,25811.0,4344.6,4243.4463,457342200.0
TR-040658,2025-09-14,Dallas,Montgomery,Reefer,583.6,35333.0,1465.86,1473.609,457342200.0
TR-040659,2025-09-14,Baton Rouge,Kansas City,Dry Van,715.1,29577.0,1555.76,1460.2244,457342200.0
TR-040660,2025-09-14,Toledo,Hartford,Flatbed,794.2,39071.0,1745.31,1738.8086,457342200.0
TR-040661,2025-09-14,Albuquerque,Houston,Reefer,1104.3,15563.0,2401.12,2366.1675,457342200.0
TR-040662,2025-09-14,San Francisco,Phoenix,Flatbed,656.1,36379.0,1536.67,1524.0325,457342200.0
TR-040663,2025-09-14,Baton Rouge,Salt Lake City,Flatbed,1471.7,37315.0,3211.14,3675.3726,457342200.0
TR-040664,2025-09-14,Amarillo,Tucson,Dry Van,644.9,41869.0,1394.94,1425.6018,457342200.0
TR-040665,2025-09-14,Louisville,Green Bay,Dry Van,569.7,40891.0,1245.58,1221.7704,457342200.0
TR-040666,2025-09-14,Little Rock,Milwaukee,Dry Van,492.0,34004.0,1114.52,1061.7455,457342200.0
TR-040667,2025-09-14,Bakersfield,Hartford,Dry Van,2882.4,46224.0,5308.01,5684.3633,457342200.0
TR-040668,2025-09-14,Oklahoma City,Nashville,Flatbed,758.0,35107.0,1833.03,1809.8234,457342200.0
TR-040669,2025-09-14,New York,Syracuse,Reefer,316.1,17027.0,758.17,785.7798,457342200.0
TR-040670,2025-09-14,Cincinnati,Tulsa,Dry Van,609.5,43994.0,1393.75,1355.9105,457342200.0
TR-040671,2025-09-14,Detroit,Milwaukee,Dry Van,441.7,45022.0,975.82,1023.7953,457342200.0
TR-040672,2025-09-14,New York,Chattanooga,Reefer,925.4,40091.0,2122.92,2292.679,457342200.0
TR-040673,2025-09-14,Houston,Jacksonville,Dry Van,717.3,21319.0,1493.78,1482.8461,457342200.0
TR-040674,2025-09-14,Hartford,New Orleans,Dry Van,1403.6,15243.0,2587.46,2663.0493,457342200.0
TR-040675,2025-09-14,Amarillo,Boston,Dry Van,2385.8,41748.0,4724.87,4566.01,457342200.0
TR-040676,2025-09-14,Syracuse,Boston,Reefer,545.1,39577.0,1311.04,1313.6223,457342200.0
TR-040677,2025-09-14,Cincinnati,Green Bay,Reefer,585.2,24366.0,1367.4,1322.3467,457342200.0
TR-040678,2025-09-14,Syracuse,Washington,Reefer,314.2,34542.0,803.0,834.8519,457342200.0
TR-040679,2025-09-14,Jacksonville,Baton Rouge,Dry Van,575.6,38260.0,4277.4,1307.3143,457342200.0
TR-040680,2025-09-14,Philadelphia,Columbia,Dry Van,783.6,28320.0,1544.08,1609.2993,457342200.0
TR-040681,2025-09-14,Tampa,Buffalo,Dry Van,1208.9,44384.0,2356.8,2454.4368,457342200.0
TR-040682,2025-09-14,Raleigh,Shreveport,Flatbed,1027.3,28713.0,2282.38,2223.9756,457342200.0
TR-040683,2025-09-14,San Antonio,Houston,Flatbed,299.7,41148.0,868.27,865.1183,457342200.0
TR-040684,2025-09-14,Grand Rapids,Milwaukee,Reefer,341.7,47500.0,913.85,914.70154,457342200.0
TR-040685,2025-09-14,Providence,Atlanta,Dry Van,1096.6,27338.0,2142.39,2163.9592,457342200.0
TR-040686,2025-09-14,Tulsa,Lexington,Reefer,697.8,19385.0,1683.98,1730.556,457342200.0
TR-040687,2025-09-14,Raleigh,Grand Rapids,Reefer,853.3,36388.0,1978.32,1975.2551,457342200.0
TR-040688,2025-09-14,Houston,Albuquerque,Reefer,1070.6,29875.0,2480.99,2475.4688,457342200.0
TR-040689,2025-09-14,Madison,Richmond,Dry Van,867.1,27275.0,1663.98,1708.1519,457342200.0
TR-040690,2025-09-14,Oklahoma City,New York,Dry Van,1695.9,29493.0,3141.7,3185.4316,457342200.0
TR-040691,2025-09-14,Memphis,Baton Rouge,Flatbed,471.2,43675.0,1228.47,1206.7755,457342200.0
TR-040692,2025-09-14,Hartford,Nashville,Dry Van,1076.2,29378.0,2088.95,2151.456,457342200.0
TR-040693,2025-09-14,Greensboro,Richmond,Dry Van,426.2,25182.0,907.21,944.71796,457342200.0
TR-040694,2025-09-14,Philadelphia,Lubbock,Dry Van,1903.9,30287.0,3541.96,3548.1077,457342200.0
TR-040695,2025-09-14,Buffalo,Tampa,Dry Van,1205.5,30499.0,2273.19,2389.688,457342200.0
TR-040696,2025-09-14,Kansas City,El Paso,Dry Van,1335.1,23509.0,2525.6,2520.7893,457342200.0
TR-040697,2025-09-14,Cincinnati,Bakersfield,Dry Van,1996.1,20325.0,3579.73,3555.71,457342200.0
TR-040698,2025-09-14,Jacksonville,San Francisco,Flatbed,2503.2,35286.0,5121.15,4728.308,457342200.0
TR-040699,2025-09-14,San Antonio,Tampa,Reefer,835.4,35236.0,2075.54,2051.0437,457342200.0
TR-040700,2025-09-14,Mobile,Little Rock,Dry Van,336.4,17785.0,806.71,770.6237,457342200.0
TR-040701,2025-09-14,Tulsa,Los Angeles,Dry Van,1600.3,38458.0,3211.44,3086.4556,457342200.0
TR-040702,2025-09-14,Memphis,Montgomery,Dry Van,451.8,40108.0,1020.34,1036.4338,457342200.0
TR-040703,2025-09-14,Tucson,Madison,Dry Van,1746.7,34439.0,3341.34,3367.7476,457342200.0
TR-040704,2025-09-14,Lexington,Birmingham,Dry Van,311.8,29499.0,737.54,748.62366,457342200.0
TR-040705,2025-09-14,Kansas City,Atlanta,Reefer,498.0,10974.0,1223.19,1191.3668,457342200.0
TR-040706,2025-09-14,Buffalo,Atlanta,Dry Van,758.9,28773.0,1566.25,1490.9823,457342200.0
TR-040707,2025-09-15,Fort Wayne,Amarillo,Flatbed,1409.5,36923.0,3062.16,3135.7024,457342200.0
TR-040708,2025-09-15,El Paso,Indianapolis,Reefer,1444.7,22342.0,3074.81,3030.818,457342200.0
TR-040709,2025-09-15,Charleston,Philadelphia,Reefer,603.4,35204.0,1431.72,1436.5836,457342200.0
TR-040710,2025-09-15,New York,Albuquerque,Flatbed,2259.2,37074.0,4563.16,4382.7554,457342200.0
TR-040711,2025-09-15,Tulsa,Dayton,Dry Van,786.7,26523.0,1632.04,1588.9789,457342200.0
TR-040712,2025-09-15,Baltimore,Tucson,Dry Van,2764.4,34376.0,4885.54,5091.9653,457342200.0
TR-040713,2025-09-15,Columbia,Mobile,Dry Van,414.6,26848.0,948.95,944.24457,457342200.0
TR-040714,2025-09-15,Savannah,Providence,Flatbed,916.1,29247.0,2133.96,2037.9159,457342200.0
TR-040715,2025-09-15,Lexington,Albuquerque,Dry Van,1610.9,31766.0,3110.59,3141.0837,457342200.0
TR-040716,2025-09-15,Nashville,Grand Rapids,Dry Van,693.7,35676.0,1424.34,1425.3245,457342200.0
TR-040717,2025-09-15,Montgomery,Green Bay,Reefer,1046.8,30411.0,2335.22,2308.208,457342200.0
TR-040718,2025-09-15,Harrisburg,Kansas City,Dry Van,825.2,44247.0,1687.24,1765.0496,457342200.0
TR-040719,2025-09-15,Columbia,Mobile,Flatbed,427.1,34809.0,1102.46,1089.382,457342200.0
TR-040720,2025-09-15,Tulsa,Atlanta,Dry Van,594.5,22877.0,1299.13,1268.6628,457342200.0
TR-040721,2025-09-15,Bakersfield,Reno,Reefer,539.3,35229.0,1324.29,1299.5432,457342200.0
TR-040722,2025-09-15,Mobile,Harrisburg,Dry Van,926.3,23205.0,1738.51,3088.0967,457342200.0
TR-040723,2025-09-15,Raleigh,El Paso,Reefer,2183.7,31379.0,4570.75,4458.2363,457342200.0
TR-040724,2025-09-15,Bakersfield,Tucson,Dry Van,331.4,47500.0,3515.75,806.93225,457342200.0
TR-040725,2025-09-15,Bakersfield,San Francisco,Dry Van,398.9,37507.0,905.06,956.7786,457342200.0
TR-040726,2025-09-15,Dallas,Providence,Dry Van,1699.8,34987.0,3307.65,3273.0684,457342200.0
TR-040727,2025-09-15,Syracuse,Lexington,Flatbed,691.5,32520.0,1573.36,1548.4215,457342200.0
TR-040728,2025-09-15,Raleigh,Grand Rapids,Reefer,833.0,22755.0,1764.63,1842.0723,457342200.0
TR-040729,2025-09-15,Phoenix,New York,Flatbed,2927.8,23442.0,5473.89,5233.166,457342200.0
TR-040730,2025-09-15,Savannah,Bakersfield,Dry Van,2320.5,40564.0,4555.22,4459.2495,457342200.0
TR-040731,2025-09-15,Indianapolis,Atlanta,Reefer,360.2,34708.0,996.42,965.88306,457342200.0
TR-040732,2025-09-15,Memphis,Albuquerque,Dry Van,1363.6,41519.0,2772.19,2875.4407,457342200.0
TR-040733,2025-09-15,Tampa,Louisville,Reefer,723.9,19135.0,1627.76,1631.9144,457342200.0
TR-040734,2025-09-15,Memphis,Richmond,Dry Van,859.1,37499.0,1814.27,1777.3928,457342200.0
TR-040735,2025-09-15,Mobile,Cincinnati,Flatbed,463.8,39105.0,1211.23,1207.5709,457342200.0
TR-040736,2025-09-15,Los Angeles,Memphis,Reefer,1954.8,47500.0,4400.11,4306.098,457342200.0
TR-040737,2025-09-15,Detroit,Mobile,Flatbed,1014.3,19035.0,2144.77,2117.151,457342200.0
TR-040738,2025-09-15,Providence,Dallas,Flatbed,1692.3,29651.0,3584.65,3474.871,457342200.0
TR-040739,2025-09-15,Los Angeles,Fort Wayne,Dry Van,2279.0,39017.0,4151.1,4246.0312,457342200.0
TR-040740,2025-09-15,Louisville,Amarillo,Dry Van,1174.4,36977.0,2467.5,2480.7234,457342200.0
TR-040741,2025-09-15,Cincinnati,Montgomery,Dry Van,472.5,24783.0,1050.24,1038.506,457342200.0
TR-040742,2025-09-15,Salt Lake City,Milwaukee,Dry Van,1649.5,23635.0,3094.1,3060.6387,457342200.0
TR-040743,2025-09-15,Little Rock,Boston,Flatbed,1523.0,30805.0,3206.78,3118.1475,457342200.0
TR-040744,2025-09-15,Mobile,Bakersfield,Dry Van,1929.1,47500.0,3771.61,3790.3254,457342200.0
TR-040745,2025-09-15,Baton Rouge,Charleston,Reefer,929.9,20351.0,2081.42,2101.859,457342200.0
TR-040746,2025-09-15,Cincinnati,Little Rock,Dry Van,429.5,25488.0,968.79,955.792,457342200.0
TR-040747,2025-09-15,Hartford,Mobile,Dry Van,1245.7,18737.0,2265.27,2389.2947,457342200.0
TR-040748,2025-09-15,Milwaukee,Fort Wayne,Dry Van,244.5,29267.0,588.75,586.572,457342200.0
TR-040749,2025-09-15,Atlanta,Columbia,Flatbed,236.2,46928.0,674.16,743.69806,457342200.0
TR-040750,2025-09-15,Syracuse,Salt Lake City,Reefer,2348.1,36626.0,4757.28,4771.642,457342200.0
TR-040751,2025-09-15,Indianapolis,Salt Lake City,Reefer,1628.9,33552.0,3565.01,3619.15,457342200.0
TR-040752,2025-09-15,Charleston,Lexington,Dry Van,431.3,47500.0,1017.61,1043.3816,457342200.0
TR-040753,2025-09-15,Lexington,Richmond,Dry Van,528.9,36599.0,1132.1,1181.3219,457342200.0
TR-040754,2025-09-15,Dayton,Reno,Dry Van,2068.3,21489.0,3533.31,3709.2832,457342200.0
TR-040755,2025-09-15,Fresno,Memphis,Flatbed,2007.9,30681.0,4317.3,4910.776,457342200.0
TR-040756,2025-09-15,Buffalo,St. Louis,Reefer,764.9,37138.0,1839.49,1818.488,457342200.0
TR-040757,2025-09-15,Grand Rapids,Richmond,Reefer,742.0,33730.0,1720.57,1720.6641,457342200.0
TR-040758,2025-09-15,Buffalo,Madison,Reefer,674.0,36435.0,1619.11,1569.7943,457342200.0
TR-040759,2025-09-15,Los Angeles,Cincinnati,Dry Van,2105.1,40143.0,4006.97,3914.8552,457342200.0
TR-040760,2025-09-15,Amarillo,Columbia,Reefer,1394.2,40971.0,3216.59,3296.4211,457342200.0
TR-040761,2025-09-15,Corpus Christi,Philadelphia,Reefer,1775.8,22887.0,3617.9,4123.775,457342200.0
TR-040762,2025-09-15,Nashville,Atlanta,Reefer,145.4,28938.0,453.28,473.70914,457342200.0
TR-040763,2025-09-15,Philadelphia,Greensboro,Flatbed,711.9,30525.0,1604.51,1590.5619,457342200.0
TR-040764,2025-09-15,Amarillo,Los Angeles,Reefer,932.0,25392.0,2148.4,2190.523,457342200.0
TR-040765,2025-09-15,Columbia,Tucson,Reefer,2131.0,40157.0,4688.14,4467.0996,457342200.0
TR-040766,2025-09-15,Lexington,Fort Wayne,Dry Van,350.9,22972.0,778.24,782.2505,457342200.0
TR-040767,2025-09-15,Syracuse,Lubbock,Dry Van,1851.2,27340.0,3409.93,3489.3618,457342200.0
TR-040768,2025-09-15,Toledo,Mobile,Dry Van,857.8,36279.0,1767.56,1778.7695,457342200.0
TR-040769,2025-09-15,Philadelphia,Atlanta,Dry Van,929.2,42312.0,1947.44,1981.392,457342200.0
TR-040770,2025-09-15,Hartford,Salt Lake City,Dry Van,2663.8,32733.0,4955.66,4740.892,457342200.0
TR-040771,2025-09-15,Raleigh,Lexington,Dry Van,513.5,47500.0,1174.63,1157.2169,457342200.0
TR-040772,2025-09-15,Greensboro,Montgomery,Reefer,452.2,38019.0,1172.91,1157.1306,457342200.0
TR-040773,2025-09-15,Chattanooga,Cincinnati,Dry Van,171.2,39824.0,466.35,478.90024,457342200.0
TR-040774,2025-09-15,Buffalo,Las Vegas,Reefer,2434.6,30553.0,5059.98,4805.447,457342200.0
TR-040775,2025-09-15,Oklahoma City,Jacksonville,Reefer,976.3,30645.0,575.21,2392.7583,457342200.0
TR-040776,2025-09-15,Albuquerque,Kansas City,Reefer,1212.4,28091.0,2707.48,2627.0972,457342200.0
TR-040777,2025-09-15,Tucson,Harrisburg,Dry Van,2377.9,,4476.59,4200.108,457342200.0
TR-040778,2025-09-15,Oklahoma City,Memphis,Reefer,707.5,24970.0,1701.5,1720.9613,457342200.0
TR-040779,2025-09-15,Buffalo,Amarillo,Dry Van,1779.1,41433.0,3500.96,3449.193,457342200.0
TR-040780,2025-09-15,Philadelphia,Raleigh,Reefer,434.6,37624.0,1080.4,1143.5688,457342200.0
TR-040781,2025-09-15,Buffalo,Cincinnati,Reefer,651.6,36370.0,1575.85,1536.933,457342200.0
TR-040782,2025-09-15,Milwaukee,Richmond,Flatbed,742.5,-25982.0,1644.06,1543.8387,457342200.0
TR-040783,2025-09-15,Corpus Christi,El Paso,Dry Van,1062.1,37496.0,2184.53,2244.2725,457342200.0
TR-040784,2025-09-15,Syracuse,Houston,Flatbed,1535.4,28509.0,3274.66,3068.0662,457342200.0
TR-040785,2025-09-15,Jacksonville,Reno,Reefer,2317.4,41418.0,5052.62,4869.25,457342200.0
TR-040786,2025-09-15,Memphis,Birmingham,Flatbed,257.7,36752.0,729.28,722.9959,457342200.0
TR-040787,2025-09-15,Lexington,Green Bay,Flatbed,613.8,15285.0,1347.06,1355.3024,457342200.0
TR-040788,2025-09-15,Albuquerque,Montgomery,Dry Van,1606.8,29824.0,3080.46,3094.664,457342200.0
TR-040789,2025-09-15,Atlanta,Fresno,Flatbed,2266.2,5368.0,4583.82,5209.144,457342200.0
TR-040790,2025-09-15,El Paso,Dayton,Flatbed,1692.3,22191.0,3336.87,3289.6562,457342200.0
TR-040791,2025-09-15,El Paso,Shreveport,Reefer,1223.9,40026.0,2863.65,3601.0127,457342200.0
TR-040792,2025-09-15,Shreveport,Madison,Dry Van,764.1,34383.0,1594.5,1605.1241,457342200.0
TR-040793,2025-09-15,Birmingham,Philadelphia,Dry Van,1021.2,28895.0,1965.05,2021.1311,457342200.0
TR-040794,2025-09-15,Greensboro,Indianapolis,Dry Van,466.1,45219.0,1069.2,1055.5504,457342200.0
TR-040795,2025-09-15,Mobile,Cincinnati,Dry Van,464.6,33962.0,1050.81,1067.3344,457342200.0
TR-040796,2025-09-15,Dayton,Bakersfield,Flatbed,2123.5,33650.0,4330.39,4165.243,457342200.0
TR-040797,2025-09-15,Lexington,Madison,Dry Van,519.6,18177.0,1106.96,1072.9792,457342200.0
TR-040798,2025-09-15,Phoenix,Kansas City,Dry Van,1845.6,34950.0,3386.05,3561.3403,457342200.0
TR-040799,2025-09-15,Montgomery,Jacksonville,Flatbed,145.1,31295.0,426.34,456.2177,457342200.0
TR-040800,2025-09-15,Baton Rouge,Philadelphia,Dry Van,1435.2,21835.0,2665.44,2909.087,457342200.0
TR-040801,2025-09-15,San Francisco,Charleston,Flatbed,2719.7,28794.0,5290.27,5050.0,457342200.0
TR-040802,2025-09-15,Reno,Lubbock,Dry Van,1451.2,35555.0,2763.04,2837.7769,457342200.0
TR-040803,2025-09-15,Albuquerque,Los Angeles,Dry Van,743.4,31189.0,1498.19,1566.4806,457342200.0
TR-040804,2025-09-15,Louisville,Fort Wayne,Dry Van,373.1,13334.0,823.54,779.1567,457342200.0
TR-040805,2025-09-15,Buffalo,Richmond,Dry Van,321.3,29046.0,730.98,721.3555,457342200.0
TR-040806,2025-09-15,Albany,Green Bay,Dry Van,968.2,39191.0,1937.55,1945.2153,457342200.0
TR-040807,2025-09-15,Albany,Dallas,Dry Van,1796.2,23886.0,3218.12,3249.7793,457342200.0
TR-040808,2025-09-15,Harrisburg,Los Angeles,Dry Van,2613.3,33006.0,4622.68,4548.374,457342200.0
TR-040809,2025-09-15,New York,Greensboro,Dry Van,652.4,33734.0,1354.82,1354.9116,457342200.0
TR-040810,2025-09-15,Columbia,Lubbock,Dry Van,1224.6,37247.0,2478.05,2503.7202,457342200.0
TR-040811,2025-09-15,Nashville,Hartford,Dry Van,1079.6,44144.0,2165.51,2406.7493,457342200.0
TR-040812,2025-09-15,Tampa,Savannah,Dry Van,560.5,21414.0,1196.67,1187.5331,457342200.0
TR-040813,2025-09-15,Green Bay,Hartford,Flatbed,1038.4,34031.0,2261.1,2253.4988,457342200.0
TR-040814,2025-09-15,Jacksonville,Amarillo,Dry Van,1353.9,30860.0,2689.4,2701.4822,457342200.0
TR-040815,2025-09-15,Buffalo,Cincinnati,Reefer,634.1,33135.0,1502.22,1468.8037,457342200.0
TR-040816,2025-09-15,Fort Wayne,New York,Reefer,710.8,12156.0,1496.45,1560.4569,457342200.0
TR-040817,2025-09-15,San Antonio,Montgomery,Reefer,880.4,25003.0,2041.42,2013.0331,457342200.0
TR-040818,2025-09-15,Los Angeles,Lexington,Dry Van,2231.8,30736.0,4089.63,4064.42,457342200.0
TR-040819,2025-09-15,New York,Nashville,Dry Van,1025.5,36947.0,2015.11,2201.123,457342200.0
TR-040820,2025-09-15,Corpus Christi,New Orleans,Reefer,434.3,30069.0,1168.59,1123.7529,457342200.0
TR-040821,2025-09-15,Columbia,Hartford,Dry Van,827.9,30977.0,1672.92,1692.7843,457342200.0
TR-040822,2025-09-15,Houston,Richmond,Flatbed,1335.5,19843.0,2808.09,2702.1262,457342200.0
TR-040823,2025-09-15,Nashville,Hartford,Reefer,1044.7,22996.0,2228.44,2381.9348,457342200.0
TR-040824,2025-09-15,Oklahoma City,Washington,Flatbed,1514.7,31877.0,3175.28,3227.0295,457342200.0
TR-040825,2025-09-15,Philadelphia,Green Bay,Dry Van,944.7,26676.0,1787.88,1868.5848,457342200.0
TR-040826,2025-09-15,Hartford,Phoenix,Dry Van,2975.0,39863.0,5510.91,5370.374,457342200.0
TR-040827,2025-09-15,Louisville,Amarillo,Reefer,1181.9,24928.0,2671.07,2592.4414,457342200.0
TR-040828,2025-09-15,San Francisco,New York,Dry Van,3041.8,32823.0,5392.76,5354.0557,457342200.0
TR-040829,2025-09-15,Lexington,Los Angeles,Dry Van,2260.6,44803.0,4220.44,4404.6455,457342200.0
TR-040830,2025-09-15,Nashville,Syracuse,Dry Van,905.8,33293.0,1807.31,1966.4392,457342200.0
TR-040831,2025-09-15,Albany,Tucson,Reefer,2772.6,35500.0,5682.27,5805.749,457342200.0
TR-040832,2025-09-15,San Antonio,Reno,Dry Van,1594.0,40370.0,3185.85,3041.3164,457342200.0
TR-040833,2025-09-15,Amarillo,Providence,Dry Van,2311.5,37402.0,4442.45,4374.2964,457342200.0
TR-040834,2025-09-15,Lubbock,Baton Rouge,Dry Van,524.6,27899.0,1233.62,1169.4313,457342200.0
TR-040835,2025-09-15,Hartford,Dallas,Dry Van,1588.9,23950.0,3073.89,2936.8767,457342200.0
TR-040836,2025-09-15,Atlanta,Raleigh,Reefer,596.1,29805.0,1438.67,1450.5713,457342200.0
TR-040837,2025-09-15,Washington,Oklahoma City,Reefer,1517.0,27714.0,3210.74,3210.221,457342200.0
TR-040838,2025-09-15,Tulsa,Nashville,Dry Van,467.4,23114.0,1049.12,1042.7445,457342200.0
TR-040839,2025-09-15,Grand Rapids,Phoenix,Dry Van,2222.7,30042.0,4018.01,4012.243,457342200.0
TR-040840,2025-09-15,Houston,Harrisburg,Reefer,1328.8,17503.0,2835.01,2727.883,457342200.0
TR-040841,2025-09-15,Nashville,Shreveport,Reefer,375.1,39935.0,1053.79,1026.6366,457342200.0
TR-040842,2025-09-15,Dayton,Dallas,Dry Van,858.2,37420.0,1821.43,1800.057,457342200.0
TR-040843,2025-09-15,Baton Rouge,Bakersfield,Reefer,1650.3,47500.0,3852.73,3712.0232,457342200.0
TR-040844,2025-09-15,Phoenix,Providence,Flatbed,3146.8,40099.0,6307.27,6150.8936,457342200.0
TR-040845,2025-09-15,Shreveport,Detroit,Dry Van,1032.3,25226.0,1980.81,2014.497,457342200.0
TR-040846,2025-09-15,Bakersfield,Syracuse,Dry Van,2692.2,30319.0,4645.13,4568.277,457342200.0
TR-040847,2025-09-15,Montgomery,Providence,Reefer,1217.1,26130.0,2554.83,2613.7388,457342200.0
TR-040848,2025-09-15,New York,Savannah,Flatbed,776.5,29089.0,1737.3,1674.4285,457342200.0
TR-040849,2025-09-15,Savannah,Richmond,Dry Van,543.0,44249.0,1166.74,1207.0743,457342200.0
TR-040850,2025-09-15,Baton Rouge,Memphis,Reefer,475.1,35821.0,1267.79,1256.3605,457342200.0
TR-040851,2025-09-16,Mobile,Indianapolis,Reefer,548.7,32180.0,1378.26,1344.3151,457342200.0
TR-040852,2025-09-16,Nashville,Baton Rouge,Dry Van,518.7,44558.0,1223.22,1195.8524,457342200.0
TR-040853,2025-09-16,Syracuse,Little Rock,Dry Van,1158.5,22672.0,2233.85,2309.357,457342200.0
TR-040854,2025-09-16,Jacksonville,Lexington,Reefer,432.4,23424.0,1088.38,1089.54,457342200.0
TR-040855,2025-09-16,Green Bay,Tulsa,Dry Van,982.4,36429.0,2085.37,2053.8645,457342200.0
TR-040856,2025-09-16,Nashville,Providence,Dry Van,1252.8,22564.0,2338.37,2420.7102,457342200.0
TR-040857,2025-09-16,Amarillo,Lubbock,Reefer,411.0,41918.0,1185.12,1429.7512,457342200.0
TR-040858,2025-09-16,Boston,Philadelphia,Flatbed,232.7,39535.0,660.71,652.8096,457342200.0
TR-040859,2025-09-16,Tulsa,Lexington,Dry Van,731.9,32060.0,1603.87,1627.3771,457342200.0
TR-040860,2025-09-16,Albany,Birmingham,Dry Van,1287.7,29733.0,2493.76,2502.5103,457342200.0
TR-040861,2025-09-16,Madison,Philadelphia,Dry Van,1063.1,43837.0,2083.09,2187.3992,457342200.0
TR-040862,2025-09-16,Oklahoma City,Albuquerque,Dry Van,842.8,35669.0,1877.96,1836.9037,457342200.0
TR-040863,2025-09-16,Montgomery,Chattanooga,Dry Van,342.8,39644.0,852.03,835.85736,457342200.0
TR-040864,2025-09-16,Jacksonville,Los Angeles,Dry Van,2281.7,44145.0,4391.11,4451.1895,457342200.0
TR-040865,2025-09-16,Tulsa,Phoenix,Dry Van,1505.9,40741.0,3037.88,2990.1313,457342200.0
TR-040866,2025-09-16,Dallas,Bakersfield,Flatbed,1499.7,35527.0,3337.89,3259.4187,457342200.0
TR-040867,2025-09-16,Albany,Hartford,Reefer,389.6,24190.0,960.44,932.68115,457342200.0
TR-040868,2025-09-16,Bakersfield,Albany,Dry Van,3018.0,35991.0,5332.73,5353.361,457342200.0
TR-040869,2025-09-16,Nashville,Tucson,Reefer,1766.1,36814.0,3955.24,3775.8525,457342200.0
TR-040870,2025-09-16,Amarillo,Los Angeles,Dry Van,935.3,13958.0,1870.61,1904.9803,457342200.0
TR-040871,2025-09-16,Milwaukee,Amarillo,Flatbed,1144.4,38881.0,2627.08,2551.5266,457342200.0
TR-040872,2025-09-16,Mobile,Baltimore,Reefer,1154.1,31724.0,2616.44,2623.6155,457342200.0
TR-040873,2025-09-16,Atlanta,Charleston,Dry Van,454.7,17129.0,988.5,988.9158,457342200.0
TR-040874,2025-09-16,Bakersfield,Baltimore,Reefer,2897.4,25930.0,1843.92,5609.062,457342200.0
TR-040875,2025-09-16,Buffalo,San Francisco,Dry Van,2765.0,25902.0,4985.71,4809.35,457342200.0
TR-040876,2025-09-16,Oklahoma City,Fort Wayne,Dry Van,1189.5,47500.0,2443.51,2479.299,457342200.0
TR-040877,2025-09-16,Hartford,Madison,Reefer,1104.0,32381.0,2458.21,2415.0093,457342200.0
TR-040878,2025-09-16,Fort Wayne,Tucson,Dry Van,1981.1,37104.0,3813.18,3717.9072,457342200.0
TR-040879,2025-09-16,Jacksonville,Savannah,Dry Van,224.3,35962.0,587.21,599.85956,457342200.0
TR-040880,2025-09-16,Providence,San Francisco,Reefer,3326.9,36448.0,6980.2,6310.351,457342200.0
TR-040881,2025-09-16,El Paso,Fort Wayne,Dry Van,1686.4,31326.0,3176.7,3587.5574,457342200.0
TR-040882,2025-09-16,Toledo,Syracuse,Flatbed,461.1,35735.0,1086.13,1088.8127,457342200.0
TR-040883,2025-09-16,Oklahoma City,Indianapolis,Flatbed,858.6,33480.0,2035.38,1997.8065,457342200.0
TR-040884,2025-09-16,Shreveport,Grand Rapids,Dry Van,998.3,31265.0,2026.62,2022.9716,457342200.0
TR-040885,2025-09-16,Milwaukee,Syracuse,Dry Van,714.5,36913.0,1430.78,1488.3113,457342200.0
TR-040886,2025-09-16,Milwaukee,Baton Rouge,Dry Van,793.1,22283.0,1601.26,1560.9219,457342200.0
TR-040887,2025-09-16,Dayton,Amarillo,Dry Van,1349.3,28327.0,2597.83,2650.5159,457342200.0
TR-040888,2025-09-16,Shreveport,Lexington,Dry Van,605.7,38614.0,1386.56,1345.1505,457342200.0
TR-040889,2025-09-16,Toledo,Buffalo,Dry Van,363.2,32346.0,809.74,831.1923,457342200.0
TR-040890,2025-09-16,Buffalo,Baton Rouge,Flatbed,1265.5,38280.0,2818.13,2777.8096,457342200.0
TR-040891,2025-09-16,El Paso,Cincinnati,Dry Van,1580.1,29349.0,3081.78,3248.0015,457342200.0
TR-040892,2025-09-16,Harrisburg,Mobile,Dry Van,942.9,17085.0,1810.5,1874.763,457342200.0
TR-040893,2025-09-16,Milwaukee,New York,Flatbed,918.5,23883.0,2019.08,2005.9465,457342200.0
TR-040894,2025-09-16,Lubbock,Los Angeles,Reefer,1214.8,31051.0,2736.15,2698.5417,457342200.0
TR-040895,2025-09-16,Fort Wayne,Raleigh,Reefer,731.3,24325.0,1601.91,1613.9679,457342200.0
TR-040896,2025-09-16,St. Louis,Albany,Dry Van,1234.3,32520.0,2369.62,2423.3655,457342200.0
TR-040897,2025-09-16,Salt Lake City,Savannah,Reefer,2101.0,18984.0,4319.43,4082.7402,457342200.0
TR-040898,2025-09-16,Shreveport,Bakersfield,Reefer,1633.4,29523.0,3554.88,3499.8076,457342200.0
TR-040899,2025-09-16,Bakersfield,Syracuse,Dry Van,2642.3,34811.0,4623.71,4635.0786,457342200.0
TR-040900,2025-09-16,Bakersfield,Hartford,Reefer,2941.1,-19750.0,5703.47,5350.289,457342200.0
TR-040901,2025-09-16,Albany,Columbia,Reefer,1049.2,16994.0,2206.18,2242.3213,457342200.0
TR-040902,2025-09-16,Lexington,Nashville,Dry Van,266.2,31059.0,664.52,648.6677,457342200.0
TR-040903,2025-09-16,Lubbock,New York,Dry Van,1876.8,39788.0,3668.0,3635.711,457342200.0
TR-040904,2025-09-16,Charleston,Reno,Dry Van,2591.8,29687.0,4560.56,4552.051,457342200.0
TR-040905,2025-09-16,Richmond,Los Angeles,Dry Van,2791.9,38612.0,5067.55,5383.866,457342200.0
TR-040906,2025-09-16,Hartford,Fresno,Reefer,3019.5,29029.0,6054.32,5991.2036,457342200.0
TR-040907,2025-09-16,Fort Wayne,Lexington,Reefer,363.8,27533.0,916.15,925.9157,457342200.0
TR-040908,2025-09-16,Corpus Christi,San Antonio,Reefer,205.7,28554.0,623.54,643.4303,457342200.0
TR-040909,2025-09-16,Raleigh,Syracuse,Reefer,620.9,32749.0,1477.06,1455.9747,457342200.0
TR-040910,2025-09-16,Bakersfield,Reno,Flatbed,547.3,40111.0,1290.12,1275.6982,457342200.0
TR-040911,2025-09-16,Atlanta,Indianapolis,Dry Van,349.1,31834.0,817.03,827.2252,457342200.0
TR-040912,2025-09-16,Green Bay,Charleston,Dry Van,949.3,35004.0,1886.02,1936.5073,457342200.0
TR-040913,2025-09-16,Toledo,Columbia,Dry Van,628.2,20630.0,1249.27,1269.7878,457342200.0
TR-040914,2025-09-16,Tucson,Lexington,Dry Van,1926.1,35199.0,3605.83,3653.2524,457342200.0
TR-040915,2025-09-16,Syracuse,Cincinnati,Dry Van,765.3,14045.0,1469.88,1484.0144,457342200.0
TR-040916,2025-09-16,Syracuse,Fresno,Dry Van,2742.9,40661.0,4956.68,4897.831,457342200.0
TR-040917,2025-09-16,Richmond,Charleston,Reefer,400.1,20021.0,1015.05,1011.5674,457342200.0
TR-040918,2025-09-16,El Paso,Washington,Dry Van,2180.6,39025.0,4170.13,4074.0356,457342200.0
TR-040919,2025-09-16,Bakersfield,St. Louis,Flatbed,1776.8,27500.0,3698.14,3646.6167,457342200.0
TR-040920,2025-09-16,Bakersfield,Philadelphia,Reefer,2820.4,47500.0,5841.12,5872.9463,457342200.0
TR-040921,2025-09-16,Buffalo,Reno,Dry Van,2428.8,38217.0,4325.09,4437.2656,457342200.0
TR-040922,2025-09-16,Baton Rouge,Austin,Dry Van,504.2,29271.0,1147.98,1125.3801,457342200.0
TR-040923,2025-09-16,Kansas City,Phoenix,Reefer,1935.9,35758.0,4251.9,4228.636,457342200.0
TR-040924,2025-09-16,Mobile,Syracuse,Reefer,1139.0,34839.0,2628.86,2637.5264,457342200.0
TR-040925,2025-09-16,Charleston,Tucson,Dry Van,2224.1,21550.0,4051.53,4022.272,457342200.0
TR-040926,2025-09-16,Buffalo,Oklahoma City,Reefer,1493.1,23709.0,3250.67,3053.8596,457342200.0
TR-040927,2025-09-16,Atlanta,Charleston,Flatbed,477.6,47500.0,1253.08,1270.2275,457342200.0
TR-040928,2025-09-16,Corpus Christi,St. Louis,Reefer,905.5,36637.0,2238.41,2152.294,457342200.0
TR-040929,2025-09-16,Montgomery,Columbia,Dry Van,345.3,32921.0,812.56,839.52576,457342200.0
TR-040930,2025-09-16,New Orleans,Corpus Christi,Dry Van,419.6,35067.0,1026.3,1016.5903,457342200.0
TR-040931,2025-09-16,Albany,Amarillo,Reefer,2285.9,32200.0,4680.29,4617.904,457342200.0
TR-040932,2025-09-16,Detroit,Little Rock,Dry Van,904.7,24856.0,1793.86,1782.2565,457342200.0
TR-040933,2025-09-16,Albany,Tampa,Dry Van,1632.9,38991.0,3078.74,3110.885,457342200.0
TR-040934,2025-09-16,Nashville,Philadelphia,Dry Van,1025.0,18768.0,2014.48,1969.2606,457342200.0
TR-040935,2025-09-16,Albuquerque,Los Angeles,Dry Van,760.6,25011.0,1484.69,1551.2587,457342200.0
TR-040936,2025-09-16,New Orleans,Lexington,Reefer,598.7,24495.0,1499.84,1472.0713,457342200.0
TR-040937,2025-09-16,Los Angeles,Amarillo,Dry Van,944.6,41976.0,2054.88,2037.5773,457342200.0
TR-040938,2025-09-16,Columbia,Indianapolis,Reefer,503.8,23788.0,1219.92,1208.8448,457342200.0
TR-040939,2025-09-16,Columbia,Harrisburg,Flatbed,549.5,26514.0,1242.48,1247.3907,457342200.0
TR-040940,2025-09-16,Jacksonville,Corpus Christi,Dry Van,853.2,34684.0,1807.11,1991.4539,457342200.0
TR-040941,2025-09-16,Grand Rapids,Mobile,Dry Van,958.3,42781.0,1979.33,1982.2437,457342200.0
TR-040942,2025-09-16,Richmond,New York,Reefer,246.3,33614.0,667.93,682.428,457342200.0
TR-040943,2025-09-16,Fort Wayne,Phoenix,Flatbed,2217.9,40057.0,4503.51,4362.399,457342200.0
TR-040944,2025-09-16,Albany,San Antonio,Dry Van,2043.0,43933.0,3945.11,3816.2053,457342200.0
TR-040945,2025-09-16,Syracuse,Memphis,Dry Van,963.5,43651.0,1970.18,1981.4708,457342200.0
TR-040946,2025-09-16,Lexington,Mobile,Dry Van,491.0,28631.0,1087.27,1066.94,457342200.0
TR-040947,2025-09-16,Philadelphia,Savannah,Flatbed,771.9,28110.0,1766.67,1664.7611,457342200.0
TR-040948,2025-09-16,Greensboro,Mobile,Dry Van,522.3,26662.0,1131.77,1130.6287,457342200.0
TR-040949,2025-09-16,Indianapolis,Richmond,Dry Van,772.9,26153.0,1521.6,1546.0089,457342200.0
TR-040950,2025-09-16,Reno,Corpus Christi,Flatbed,1744.7,39335.0,3868.91,3608.841,457342200.0
TR-040951,2025-09-16,Philadelphia,Tulsa,Flatbed,1523.4,19893.0,3185.68,3076.359,457342200.0
TR-040952,2025-09-16,Amarillo,Jacksonville,Dry Van,1361.5,,2638.03,2669.1245,457342200.0
TR-040953,2025-09-16,Houston,San Antonio,Reefer,293.5,28033.0,839.67,870.78735,457342200.0
TR-040954,2025-09-16,Corpus Christi,Las Vegas,Dry Van,1382.3,28204.0,2704.71,2724.3132,457342200.0
TR-040955,2025-09-16,Philadelphia,Greensboro,Flatbed,700.5,23815.0,1545.62,1506.7056,457342200.0
TR-040956,2025-09-16,Kansas City,Montgomery,Dry Van,745.0,28872.0,1558.53,1491.9805,457342200.0
TR-040957,2025-09-16,Philadelphia,Corpus Christi,Reefer,1722.1,47500.0,3918.17,3788.5876,457342200.0
TR-040958,2025-09-16,Kansas City,Albany,Dry Van,1253.8,-38068.0,2442.86,2434.031,457342200.0
TR-040959,2025-09-16,Albany,Fort Wayne,Reefer,898.2,21274.0,1982.16,1862.7947,457342200.0
TR-040960,2025-09-16,Dayton,Lexington,Dry Van,248.8,23615.0,581.45,585.8155,457342200.0
TR-040961,2025-09-16,Tucson,Shreveport,Dry Van,1494.9,27432.0,2852.03,2858.621,457342200.0
TR-040962,2025-09-16,Bakersfield,Reno,Flatbed,556.1,28322.0,1279.53,1261.5304,457342200.0
TR-040963,2025-09-16,Hartford,Charleston,Dry Van,665.1,32715.0,1367.88,1356.0198,457342200.0
TR-040964,2025-09-16,Greensboro,Bakersfield,Dry Van,2229.8,32494.0,4170.61,4238.833,457342200.0
TR-040965,2025-09-16,Dayton,Phoenix,Dry Van,2155.9,34839.0,3944.47,3970.7693,457342200.0
TR-040966,2025-09-16,Raleigh,Lexington,Dry Van,502.9,31064.0,1081.8,1113.3235,457342200.0
TR-040967,2025-09-16,Cincinnati,Philadelphia,Reefer,873.3,32443.0,2057.08,2015.2408,457342200.0
TR-040968,2025-09-16,Columbia,Amarillo,Reefer,1393.1,34205.0,3174.22,3146.2092,457342200.0
TR-040969,2025-09-16,Providence,Oklahoma City,Dry Van,1994.1,47500.0,4067.99,3857.9639,457342200.0
TR-040970,2025-09-16,Hartford,Kansas City,Dry Van,1189.3,22439.0,2224.4,2289.3306,457342200.0
TR-040971,2025-09-16,Albuquerque,Lexington,Reefer,1595.4,33628.0,3577.0,3504.1926,457342200.0
TR-040972,2025-09-16,Lubbock,Lexington,Dry Van,1120.2,19652.0,2154.7,2206.4006,457342200.0
TR-040973,2025-09-16,Harrisburg,Baton Rouge,Flatbed,1231.4,37962.0,2756.57,2674.7546,457342200.0
TR-040974,2025-09-16,Amarillo,Baltimore,Dry Van,2137.0,40918.0,4126.92,4077.9116,457342200.0
TR-040975,2025-09-16,Syracuse,Charleston,Reefer,727.4,30438.0,1659.73,1662.465,457342200.0
TR-040976,2025-09-16,Atlanta,Phoenix,Flatbed,2042.8,20735.0,4080.93,3956.9465,457342200.0
TR-040977,2025-09-16,Philadelphia,Kansas City,Reefer,1150.7,24476.0,2506.42,2491.86,457342200.0
TR-040978,2025-09-16,Mobile,Phoenix,Flatbed,1932.7,21226.0,4029.83,4696.6367,457342200.0
TR-040979,2025-09-16,Cincinnati,Phoenix,Dry Van,2109.4,38976.0,4091.43,3899.8306,457342200.0
TR-040980,2025-09-16,Louisville,San Francisco,Dry Van,2209.2,38493.0,4078.58,4123.9272,457342200.0
TR-040981,2025-09-16,Syracuse,Albany,Flatbed,368.1,42892.0,934.49,939.1662,457342200.0
TR-040982,2025-09-16,Milwaukee,New York,Dry Van,939.8,24510.0,1789.68,1964.8171,457342200.0
TR-040983,2025-09-16,Charleston,Boston,Dry Van,816.1,34671.0,1687.91,1698.7488,457342200.0
TR-040984,2025-09-16,Little Rock,Buffalo,Dry Van,1080.0,29373.0,2134.44,2648.4421,457342200.0
TR-040985,2025-09-16,Tulsa,Nashville,Dry Van,482.3,39127.0,1132.66,1104.7771,457342200.0
TR-040986,2025-09-16,Nashville,Oklahoma City,Dry Van,746.3,37578.0,1710.51,1738.6205,457342200.0
TR-040987,2025-09-16,Lexington,Albuquerque,Flatbed,1650.7,22178.0,3380.14,3311.2585,457342200.0
TR-040988,2025-09-17,Nashville,Buffalo,Dry Van,790.1,36388.0,1617.6,1636.9624,457342200.0
TR-040989,2025-09-17,Lubbock,Amarillo,Dry Van,420.8,25079.0,1015.28,1000.0886,457342200.0
TR-040990,2025-09-17,Columbia,Bakersfield,Dry Van,2175.8,28483.0,4091.01,4244.9795,457342200.0
TR-040991,2025-09-17,Detroit,Fresno,Dry Van,2379.3,34387.0,4336.7,4372.591,457342200.0
TR-040992,2025-09-17,Corpus Christi,Phoenix,Reefer,1396.3,33221.0,3262.82,3129.7825,457342200.0
TR-040993,2025-09-17,Los Angeles,Savannah,Dry Van,2425.3,39722.0,4567.4,4597.0225,457342200.0
TR-040994,2025-09-17,Savannah,Hartford,Reefer,813.5,26002.0,1851.07,1762.9938,457342200.0
TR-040995,2025-09-17,Philadelphia,Madison,Dry Van,1016.0,37911.0,2103.06,2072.0166,457342200.0
TR-040996,2025-09-17,Greensboro,Albany,Dry Van,963.9,23169.0,1839.0,1865.277,457342200.0
TR-040997,2025-09-17,Little Rock,Jacksonville,Flatbed,542.2,39522.0,1397.52,1710.0608,457342200.0
TR-040998,2025-09-17,Little Rock,Columbia,Dry Van,604.9,38146.0,1369.61,1344.8169,457342200.0
TR-040999,2025-09-17,Baltimore,Cincinnati,Dry Van,893.7,18247.0,1714.65,1739.6902,457342200.0
TR-041000,2025-09-17,Jacksonville,Tulsa,Dry Van,718.0,26908.0,1536.66,1515.0388,457342200.0
TR-041001,2025-09-17,Corpus Christi,Lexington,Dry Van,1012.6,27619.0,2021.45,2071.8772,457342200.0
TR-041002,2025-09-17,Phoenix,San Francisco,Dry Van,685.2,34919.0,1509.8,1488.7028,457342200.0
TR-041003,2025-09-17,Montgomery,Syracuse,Dry Van,1079.9,33323.0,2165.33,2243.889,457342200.0
TR-041004,2025-09-17,Jacksonville,San Francisco,Dry Van,2413.7,41178.0,4566.56,4553.272,457342200.0
TR-041005,2025-09-17,Harrisburg,Fresno,Reefer,2776.6,34719.0,5892.61,5746.794,457342200.0
TR-041006,2025-09-17,Los Angeles,Green Bay,Dry Van,2275.9,25832.0,4118.9,4018.0298,457342200.0
TR-041007,2025-09-17,Indianapolis,Lexington,Dry Van,296.6,27190.0,700.67,720.53735,457342200.0
TR-041008,2025-09-17,Fresno,Lexington,Dry Van,2322.9,26452.0,4223.34,4130.4907,457342200.0
TR-041009,2025-09-17,Charleston,Las Vegas,Flatbed,2377.9,28644.0,4943.1,4676.673,457342200.0
TR-041010,2025-09-17,Fort Wayne,Lexington,Dry Van,371.7,43488.0,899.51,844.5491,457342200.0
TR-041011,2025-09-17,Madison,Houston,Dry Van,946.6,23131.0,1973.28,1888.1404,457342200.0
TR-041012,2025-09-17,Shreveport,Chattanooga,Reefer,410.2,37774.0,1165.59,1129.9194,457342200.0
TR-041013,2025-09-17,Raleigh,Toledo,Reefer,697.0,30864.0,1631.56,1632.1384,457342200.0
TR-041014,2025-09-17,San Antonio,Fort Wayne,Dry Van,1283.4,19072.0,2502.95,2429.2476,457342200.0
TR-041015,2025-09-17,Greensboro,Shreveport,Dry Van,693.7,27338.0,1476.1,1450.0948,457342200.0
TR-041016,2025-09-17,Syracuse,Little Rock,Dry Van,1188.2,23408.0,2313.33,2332.6682,457342200.0
TR-041017,2025-09-17,Buffalo,Houston,Flatbed,1409.3,36683.0,3052.05,3102.6184,457342200.0
TR-041018,2025-09-17,Lubbock,Grand Rapids,Dry Van,1390.8,37578.0,2829.57,2818.2961,457342200.0
TR-041019,2025-09-17,Syracuse,Austin,Flatbed,1839.7,37050.0,3938.37,3804.8035,457342200.0
TR-041020,2025-09-17,Baton Rouge,Bakersfield,Flatbed,1687.4,31648.0,3648.58,3507.1077,457342200.0
TR-041021,2025-09-17,Louisville,Raleigh,Dry Van,672.0,31519.0,1466.6,1408.9839,457342200.0
TR-041022,2025-09-17,Green Bay,Grand Rapids,Dry Van,99.5,33309.0,273.37,300.47372,457342200.0
TR-041023,2025-09-17,Green Bay,San Antonio,Flatbed,1367.3,42004.0,3112.83,3016.9612,457342200.0
TR-041024,2025-09-17,Memphis,Hartford,Dry Van,1180.6,25603.0,2276.42,2318.4023,457342200.0
TR-041025,2025-09-17,Chattanooga,Indianapolis,Dry Van,302.4,32818.0,729.36,732.28595,457342200.0
TR-041026,2025-09-17,Oklahoma City,Louisville,Flatbed,881.0,40621.0,2104.11,2084.45,457342200.0
TR-041027,2025-09-17,Harrisburg,Hartford,Flatbed,404.2,26767.0,990.67,961.6087,457342200.0
TR-041028,2025-09-17,Lexington,Richmond,Dry Van,562.0,28634.0,1197.94,1216.159,457342200.0
TR-041029,2025-09-17,Grand Rapids,Memphis,Dry Van,673.2,20238.0,1389.62,1326.0714,457342200.0
TR-041030,2025-09-17,Chattanooga,Madison,Reefer,553.3,27205.0,1335.13,1300.788,457342200.0
TR-041031,2025-09-17,El Paso,Kansas City,Dry Van,1341.2,30854.0,2728.59,2687.6807,457342200.0
TR-041032,2025-09-17,Columbia,Lexington,Dry Van,231.0,26055.0,573.51,593.5565,457342200.0
TR-041033,2025-09-17,Bakersfield,Lexington,Reefer,2106.4,31001.0,4659.3,4236.6206,457342200.0
TR-041034,2025-09-17,Toledo,Lexington,Dry Van,429.3,38191.0,988.26,962.0328,457342200.0
TR-041035,2025-09-17,Fresno,Oklahoma City,Dry Van,1423.2,37528.0,2937.59,2895.7803,457342200.0
TR-041036,2025-09-17,Charleston,Columbia,Flatbed,260.8,40894.0,714.33,734.5991,457342200.0
TR-041037,2025-09-17,Harrisburg,Tucson,Dry Van,2431.4,46469.0,4631.81,4542.6636,457342200.0
TR-041038,2025-09-17,Nashville,Baton Rouge,Reefer,509.2,47500.0,1360.34,1514.3789,457342200.0
TR-041039,2025-09-17,Milwaukee,Birmingham,Dry Van,534.7,37873.0,1229.15,1197.1675,457342200.0
TR-041040,2025-09-17,Corpus Christi,Lexington,Dry Van,1017.3,33549.0,2138.99,2103.4473,457342200.0
TR-041041,2025-09-17,El Paso,Detroit,Flatbed,1838.1,,3600.79,3711.5803,457342200.0
TR-041042,2025-09-17,Little Rock,Montgomery,Dry Van,494.9,35445.0,1162.72,1104.9336,457342200.0
TR-041043,2025-09-17,Detroit,San Antonio,Reefer,1460.0,21649.0,3135.32,2992.5696,457342200.0
TR-041044,2025-09-17,Madison,Albany,Dry Van,1117.0,25803.0,2066.78,2163.3848,457342200.0
TR-041045,2025-09-17,Corpus Christi,New York,Dry Van,1750.3,40465.0,3598.79,3450.5503,457342200.0
TR-041046,2025-09-17,Albuquerque,Columbia,Flatbed,1727.6,40311.0,3908.44,3669.9888,457342200.0
TR-041047,2025-09-17,Cincinnati,Philadelphia,Dry Van,912.9,32204.0,1846.47,1817.782,457342200.0
TR-041048,2025-09-17,Los Angeles,Montgomery,Reefer,2175.6,28610.0,4706.92,4392.787,457342200.0
TR-041049,2025-09-17,Columbia,Montgomery,Dry Van,337.6,31320.0,814.08,820.26733,457342200.0
TR-041050,2025-09-17,Raleigh,Greensboro,Dry Van,369.1,42492.0,880.59,1004.1777,457342200.0
TR-041051,2025-09-17,Bakersfield,Providence,Dry Van,3117.0,41855.0,5846.36,5668.7793,457342200.0
TR-041052,2025-09-17,Columbia,Philadelphia,Flatbed,758.7,29505.0,1720.64,1646.8123,457342200.0
TR-041053,2025-09-17,Amarillo,Greensboro,Reefer,1427.5,35572.0,3312.66,3306.0469,457342200.0
TR-041054,2025-09-17,Philadelphia,Oklahoma City,Flatbed,1783.1,27405.0,3690.6,3623.8777,457342200.0
TR-041055,2025-09-17,Oklahoma City,Memphis,Dry Van,668.6,31471.0,1488.08,1444.9258,457342200.0
TR-041056,2025-09-17,Phoenix,Little Rock,Flatbed,1639.4,37660.0,3655.47,3466.7966,457342200.0
TR-041057,2025-09-17,Bakersfield,Mobile,Reefer,1958.8,40236.0,4523.32,4177.633,457342200.0
TR-041058,2025-09-17,Baton Rouge,Bakersfield,Dry Van,1645.5,24959.0,3177.01,3113.5261,457342200.0
TR-041059,2025-09-17,New York,El Paso,Reefer,2353.6,30968.0,5112.3,4702.316,457342200.0
TR-041060,2025-09-17,Dallas,Tampa,Flatbed,564.5,22404.0,1371.31,1632.1093,457342200.0
TR-041061,2025-09-17,Boston,Bakersfield,Reefer,3032.3,32236.0,6357.66,6091.42,457342200.0
TR-041062,2025-09-17,Los Angeles,Jacksonville,Dry Van,2192.5,40153.0,4269.7,4194.021,457342200.0
TR-041063,2025-09-17,Los Angeles,Atlanta,Dry Van,2092.9,27008.0,3970.47,3866.1533,457342200.0
TR-041064,2025-09-17,Birmingham,Chattanooga,Dry Van,165.9,31617.0,452.28,462.3251,457342200.0
TR-041065,2025-09-17,Milwaukee,Detroit,Dry Van,445.1,21314.0,959.77,950.54565,457342200.0
TR-041066,2025-09-17,El Paso,Kansas City,Dry Van,1330.0,35307.0,2751.84,2702.8247,457342200.0
TR-041067,2025-09-17,Montgomery,Chattanooga,Flatbed,345.2,38209.0,911.83,959.9653,457342200.0
TR-041068,2025-09-17,Washington,Toledo,Dry Van,553.4,22208.0,1119.2,1137.5991,457342200.0
TR-041069,2025-09-17,Raleigh,Montgomery,Dry Van,659.0,29195.0,1404.58,1374.7489,457342200.0
TR-041070,2025-09-17,Grand Rapids,Nashville,Dry Van,678.6,25693.0,1388.78,1374.3071,457342200.0
TR-041071,2025-09-17,Washington,Nashville,Reefer,755.7,25582.0,1679.9,1687.7305,457342200.0
TR-041072,2025-09-17,Toledo,Oklahoma City,Reefer,1241.7,27184.0,2806.83,2696.7988,457342200.0
TR-041073,2025-09-17,Syracuse,Albany,Reefer,391.4,33360.0,960.78,970.0269,457342200.0
TR-041074,2025-09-17,Toledo,Columbia,Flatbed,608.8,36730.0,1470.55,1466.0791,457342200.0
TR-041075,2025-09-17,Tampa,Bakersfield,Flatbed,2077.9,33489.0,4412.66,4172.1846,457342200.0
TR-041076,2025-09-17,Tulsa,Dayton,Flatbed,785.6,15698.0,1701.66,1639.2584,457342200.0
TR-041077,2025-09-17,Phoenix,Nashville,Dry Van,1979.0,15102.0,3611.76,3801.7144,457342200.0
TR-041078,2025-09-17,Atlanta,Tampa,Dry Van,530.2,38385.0,1248.13,1214.3312,457342200.0
TR-041079,2025-09-17,Philadelphia,Kansas City,Flatbed,1150.9,42245.0,2579.63,2613.5427,457342200.0
TR-041080,2025-09-17,Reno,Austin,Dry Van,1481.8,35119.0,2995.71,2829.7126,457342200.0
TR-041081,2025-09-17,Raleigh,Bakersfield,Reefer,2529.3,34483.0,5378.9,5086.22,457342200.0
TR-041082,2025-09-17,Indianapolis,Shreveport,Reefer,545.0,32430.0,1445.94,1703.271,457342200.0
TR-041083,2025-09-17,Tampa,Amarillo,Reefer,1259.0,30693.0,2932.57,2873.9587,457342200.0
TR-041084,2025-09-17,Nashville,Boston,Reefer,1202.7,23281.0,2622.63,2552.027,457342200.0
TR-041085,2025-09-17,Cincinnati,Philadelphia,Dry Van,912.7,38681.0,1931.11,1864.3988,457342200.0
TR-041086,2025-09-17,Greensboro,Buffalo,Flatbed,552.5,31548.0,1278.61,1268.2787,457342200.0
TR-041087,2025-09-17,Albuquerque,Memphis,Flatbed,1315.6,17235.0,2749.07,2704.7388,457342200.0
TR-041088,2025-09-17,Amarillo,Raleigh,Reefer,1775.6,21322.0,3878.08,3968.7017,457342200.0
TR-041089,2025-09-17,Fort Wayne,Lexington,Dry Van,354.9,30394.0,3848.82,808.03284,457342200.0
TR-041090,2025-09-17,Buffalo,Green Bay,Reefer,587.7,34227.0,1368.56,1348.5184,457342200.0
TR-041091,2025-09-17,Albany,Baltimore,Dry Van,488.5,37054.0,1073.49,1062.9246,457342200.0
TR-041092,2025-09-17,Bakersfield,Tucson,Dry Van,322.3,37992.0,814.99,795.6299,457342200.0
TR-041093,2025-09-17,El Paso,Fort Wayne,Reefer,1708.2,28034.0,3588.73,4387.9375,457342200.0
TR-041094,2025-09-17,Milwaukee,Providence,Flatbed,1233.1,14670.0,2577.91,2506.2249,457342200.0
TR-041095,2025-09-17,Charleston,El Paso,Reefer,2012.7,26915.0,4132.31,4127.396,457342200.0
TR-041096,2025-09-17,San Antonio,Detroit,Dry Van,1481.6,29374.0,2885.53,2743.704,457342200.0
TR-041097,2025-09-17,Hartford,Bakersfield,Dry Van,2900.1,,5317.19,4954.3887,457342200.0
TR-041098,2025-09-17,Mobile,Tampa,Dry Van,326.6,25932.0,791.36,778.5151,457342200.0
TR-041099,2025-09-17,Lubbock,Reno,Dry Van,1475.1,24247.0,2796.78,2754.366,457342200.0
TR-041100,2025-09-17,Tucson,Fresno,Dry Van,494.1,42213.0,1162.66,1165.4894,457342200.0
TR-041101,2025-09-17,Corpus Christi,Grand Rapids,Dry Van,1355.1,42143.0,2826.87,2744.2349,457342200.0
TR-041102,2025-09-17,New York,Baton Rouge,Dry Van,1461.4,32772.0,2943.01,2836.0283,457342200.0
TR-041103,2025-09-17,Oklahoma City,Albuquerque,Flatbed,803.5,23102.0,1914.6,1802.2731,457342200.0
TR-041104,2025-09-17,Baton Rouge,Washington,Dry Van,1256.2,27936.0,2533.96,2530.4336,457342200.0
TR-041105,2025-09-17,El Paso,Hartford,Reefer,2471.7,41483.0,5358.59,5026.443,457342200.0
TR-041106,2025-09-17,Tampa,Chattanooga,Dry Van,585.4,40876.0,1338.09,1308.2208,457342200.0
TR-041107,2025-09-17,Milwaukee,St. Louis,Dry Van,155.9,-31935.0,414.0,434.1386,457342200.0
TR-041108,2025-09-17,Chattanooga,Bakersfield,Dry Van,1961.7,,3889.04,3609.456,457342200.0
TR-041109,2025-09-17,Philadelphia,Baltimore,Dry Van,112.9,47383.0,316.38,326.88943,457342200.0
TR-041110,2025-09-17,Mobile,Greensboro,Reefer,517.9,26990.0,1317.55,1312.1377,457342200.0
TR-041111,2025-09-17,Toledo,Cincinnati,Dry Van,456.2,30346.0,999.43,1001.7444,457342200.0
TR-041112,2025-09-17,Cincinnati,Oklahoma City,Dry Van,908.7,34749.0,2000.33,1877.4254,457342200.0
TR-041113,2025-09-17,Charleston,Syracuse,Reefer,731.7,19888.0,1650.1,1604.3662,457342200.0
TR-041114,2025-09-17,Hartford,Reno,Reefer,2807.6,20221.0,5395.2,5815.1626,457342200.0
TR-041115,2025-09-17,Fort Wayne,Houston,Dry Van,1062.9,38140.0,2252.16,2227.4421,457342200.0
TR-041116,2025-09-17,Philadelphia,Richmond,Dry Van,274.0,22568.0,624.09,645.0812,457342200.0
TR-041117,2025-09-17,Albany,Jacksonville,Reefer,1319.8,33710.0,2935.57,3026.349,457342200.0
TR-041118,2025-09-17,Kansas City,Tucson,Flatbed,1615.5,33213.0,3551.15,3420.6438,457342200.0
TR-041119,2025-09-17,Corpus Christi,Lubbock,Reefer,319.9,28197.0,918.41,911.6192,457342200.0
TR-041120,2025-09-17,Albany,Las Vegas,Flatbed,2885.5,20953.0,5576.86,5325.228,457342200.0
TR-041121,2025-09-17,Albany,Shreveport,Dry Van,1612.0,42908.0,3261.98,3348.564,457342200.0
TR-041122,2025-09-17,Little Rock,Atlanta,Dry Van,410.8,32114.0,992.4,965.0936,457342200.0
TR-041123,2025-09-17,Shreveport,Grand Rapids,Reefer,960.3,32298.0,2275.66,2198.5889,457342200.0
TR-041124,2025-09-17,Raleigh,Greensboro,Reefer,372.8,36613.0,1031.93,1188.048,457342200.0
TR-041125,2025-09-17,Shreveport,Green Bay,Reefer,991.2,40247.0,2383.15,2361.9558,457342200.0
TR-041126,2025-09-17,Phoenix,Atlanta,Dry Van,2051.3,45369.0,3999.28,4081.9026,457342200.0
TR-041127,2025-09-17,Oklahoma City,Tulsa,Dry Van,303.5,35236.0,796.55,794.4415,457342200.0
TR-041128,2025-09-17,Richmond,Las Vegas,Flatbed,2559.0,28373.0,5227.72,4924.081,457342200.0
TR-041129,2025-09-17,Houston,Philadelphia,Reefer,1564.9,29809.0,3322.27,3332.922,457342200.0
TR-041130,2025-09-17,Chattanooga,Richmond,Reefer,731.9,36013.0,1805.75,1836.0671,457342200.0
TR-041131,2025-09-17,Louisville,Columbia,Dry Van,378.6,43994.0,897.02,880.9484,457342200.0
TR-041132,2025-09-17,Tucson,New York,Flatbed,2666.7,32048.0,5307.92,5009.941,457342200.0
TR-041133,2025-09-17,Richmond,Atlanta,Reefer,698.6,20783.0,1599.52,1596.4493,457342200.0
TR-041134,2025-09-17,Philadelphia,Toledo,Dry Van,744.2,39519.0,1503.91,1558.4401,457342200.0
TR-041135,2025-09-17,Oklahoma City,Phoenix,Dry Van,1226.1,19644.0,2470.32,2412.5886,457342200.0
TR-041136,2025-09-17,Tucson,Los Angeles,Dry Van,353.3,37933.0,837.75,873.63416,457342200.0
TR-041137,2025-09-17,San Antonio,Tampa,Dry Van,825.9,29575.0,1786.6,1777.6335,457342200.0
TR-041138,2025-09-17,Bakersfield,Atlanta,Reefer,2021.7,31801.0,4381.32,4190.802,457342200.0
TR-041139,2025-09-18,Cincinnati,Toledo,Reefer,450.1,41364.0,1182.12,1156.3138,457342200.0
TR-041140,2025-09-18,Fort Wayne,Shreveport,Dry Van,845.4,47361.0,1790.79,1822.8213,457342200.0
TR-041141,2025-09-18,Corpus Christi,Albuquerque,Dry Van,1112.0,34950.0,2372.58,2349.1777,457342200.0
TR-041142,2025-09-18,Cincinnati,Shreveport,Dry Van,546.7,27094.0,1245.98,1200.34,457342200.0
TR-041143,2025-09-18,Cincinnati,Hartford,Reefer,951.8,44943.0,2246.24,2258.5618,457342200.0
TR-041144,2025-09-18,Bakersfield,Phoenix,Reefer,381.6,27967.0,980.22,1006.0087,457342200.0
TR-041145,2025-09-18,Tucson,Los Angeles,Flatbed,328.9,39449.0,859.17,913.20856,457342200.0
TR-041146,2025-09-18,Los Angeles,Tulsa,Dry Van,1590.3,33103.0,3153.62,3105.753,457342200.0
TR-041147,2025-09-18,St. Louis,New York,Dry Van,1006.6,25704.0,1933.02,1997.965,457342200.0
TR-041148,2025-09-18,Los Angeles,Buffalo,Flatbed,2735.9,33430.0,5495.7,5160.5293,457342200.0
TR-041149,2025-09-18,Buffalo,Harrisburg,Dry Van,175.6,34635.0,436.95,441.15723,457342200.0
TR-041150,2025-09-18,Oklahoma City,Cincinnati,Dry Van,937.8,44799.0,2059.06,2037.4991,457342200.0
TR-041151,2025-09-18,Corpus Christi,Philadelphia,Dry Van,1788.2,30641.0,3435.44,3989.009,457342200.0
TR-041152,2025-09-18,Hartford,Tampa,Dry Van,1406.1,39377.0,2781.29,2832.2996,457342200.0
TR-041153,2025-09-18,Albany,Charleston,Dry Van,953.7,35462.0,1843.05,1934.5051,457342200.0
TR-041154,2025-09-18,Grand Rapids,Baltimore,Dry Van,953.6,33619.0,1946.98,1917.3912,457342200.0
TR-041155,2025-09-18,Oklahoma City,Fort Wayne,Dry Van,1142.8,36179.0,2332.46,2323.1323,457342200.0
TR-041156,2025-09-18,Raleigh,Phoenix,Reefer,2680.4,33738.0,5695.78,5372.9414,457342200.0
TR-041157,2025-09-18,Kansas City,Richmond,Flatbed,909.0,-27674.0,2032.48,1893.3027,457342200.0
TR-041158,2025-09-18,Washington,San Antonio,Reefer,1643.0,10534.0,3604.9,3342.6404,457342200.0
TR-041159,2025-09-18,Bakersfield,Buffalo,Flatbed,2543.9,30289.0,5154.0,5063.822,457342200.0
TR-041160,2025-09-18,Greensboro,New York,Dry Van,660.6,26372.0,1341.43,1356.2422,457342200.0
TR-041161,2025-09-18,New York,Boston,Reefer,305.2,36746.0,836.33,845.36224,457342200.0
TR-041162,2025-09-18,Oklahoma City,Boston,Dry Van,1959.5,27490.0,3815.87,3743.309,457342200.0
TR-041163,2025-09-18,Green Bay,Philadelphia,Reefer,946.1,35887.0,885.17,2171.6372,457342200.0
TR-041164,2025-09-18,Lexington,Salt Lake City,Flatbed,1835.2,41413.0,4030.69,3881.8267,457342200.0
TR-041165,2025-09-18,Philadelphia,Cincinnati,Reefer,918.5,47296.0,2164.8,2200.1785,457342200.0
TR-041166,2025-09-18,Savannah,Memphis,Dry Van,499.4,25606.0,1115.02,1108.6245,457342200.0
TR-041167,2025-09-18,New York,Oklahoma City,Dry Van,1715.6,32160.0,3388.51,3339.6113,457342200.0
TR-041168,2025-09-18,San Antonio,Philadelphia,Dry Van,1879.1,31074.0,3529.08,3632.2063,457342200.0
TR-041169,2025-09-18,Providence,Dallas,Dry Van,1695.0,30050.0,3266.65,3212.958,457342200.0
TR-041170,2025-09-18,Corpus Christi,Cincinnati,Dry Van,936.5,33135.0,2045.91,1979.6224,457342200.0
TR-041171,2025-09-18,Baltimore,Raleigh,Reefer,395.7,32253.0,1042.37,1044.9867,457342200.0
TR-041172,2025-09-18,Bakersfield,Albuquerque,Flatbed,518.4,26141.0,1264.25,1257.4718,457342200.0
TR-041173,2025-09-18,Grand Rapids,Corpus Christi,Reefer,1355.4,32052.0,3029.19,2983.7642,457342200.0
TR-041174,2025-09-18,Shreveport,Chattanooga,Dry Van,427.0,44036.0,1065.43,1094.3684,457342200.0
TR-041175,2025-09-18,Grand Rapids,Buffalo,Dry Van,507.2,23960.0,1037.51,1050.8834,457342200.0
TR-041176,2025-09-18,Fort Wayne,Baton Rouge,Reefer,979.8,44096.0,2417.3,2497.3582,457342200.0
TR-041177,2025-09-18,Bakersfield,St. Louis,Reefer,1768.0,41141.0,4019.3,3873.5771,457342200.0
TR-041178,2025-09-18,Shreveport,Philadelphia,Dry Van,1374.9,33325.0,2703.52,2708.2842,457342200.0
TR-041179,2025-09-18,Lexington,Tulsa,Dry Van,713.3,27677.0,1567.93,1496.0072,457342200.0
TR-041180,2025-09-18,Baton Rouge,Kansas City,Dry Van,729.9,37277.0,1649.02,1550.5422,457342200.0
TR-041181,2025-09-18,Philadelphia,Tucson,Reefer,2721.2,34094.0,5797.14,5504.184,457342200.0
TR-041182,2025-09-18,Corpus Christi,Cincinnati,Flatbed,928.0,40251.0,2220.74,2245.9573,457342200.0
TR-041183,2025-09-18,Shreveport,Jacksonville,Flatbed,529.9,38527.0,1321.15,1345.1791,457342200.0
TR-041184,2025-09-18,Syracuse,Madison,Dry Van,780.7,33183.0,1567.88,1607.7856,457342200.0
TR-041185,2025-09-18,Phoenix,Richmond,Dry Van,2787.3,-38340.0,5298.62,4884.0435,457342200.0
TR-041186,2025-09-18,Columbia,Las Vegas,Flatbed,2075.6,39913.0,4547.86,4238.5806,457342200.0
TR-041187,2025-09-18,Nashville,Kansas City,Dry Van,400.7,19256.0,885.3,884.8371,457342200.0
TR-041188,2025-09-18,Phoenix,Hartford,Dry Van,2960.1,16816.0,5223.67,5424.946,457342200.0
TR-041189,2025-09-18,Greensboro,Baton Rouge,Reefer,828.3,26518.0,1986.74,1971.7098,457342200.0
TR-041190,2025-09-18,Chattanooga,Raleigh,Dry Van,658.7,45209.0,1416.04,1424.7231,457342200.0
TR-041191,2025-09-18,Indianapolis,Philadelphia,Flatbed,986.2,40747.0,2259.09,2350.2449,457342200.0
TR-041192,2025-09-18,Buffalo,Oklahoma City,Dry Van,1527.4,42275.0,3119.9,2990.0542,457342200.0
TR-041193,2025-09-18,Washington,Baton Rouge,Dry Van,1246.6,39098.0,2612.11,2737.2576,457342200.0
TR-041194,2025-09-18,Louisville,Savannah,Flatbed,464.6,13310.0,1167.77,1137.1299,457342200.0
TR-041195,2025-09-18,El Paso,Dallas,Dry Van,1109.4,24232.0,2337.65,2240.1082,457342200.0
TR-041196,2025-09-18,Los Angeles,Raleigh,Dry Van,2655.2,30942.0,4868.18,4822.256,457342200.0
TR-041197,2025-09-18,Louisville,Los Angeles,Dry Van,2123.9,24122.0,3972.67,3854.8047,457342200.0
TR-041198,2025-09-18,Nashville,Fresno,Dry Van,2100.5,37555.0,4109.95,3967.4434,457342200.0
TR-041199,2025-09-18,Shreveport,Green Bay,Dry Van,988.1,25134.0,1958.31,1969.3024,457342200.0
TR-041200,2025-09-18,Detroit,New Orleans,Dry Van,1042.0,46700.0,2130.39,2199.8796,457342200.0
TR-041201,2025-09-18,St. Louis,Buffalo,Reefer,755.3,41141.0,1788.14,1807.1583,457342200.0
TR-041202,2025-09-18,San Antonio,Birmingham,Reefer,876.5,27709.0,2137.06,2046.2843,457342200.0
TR-041203,2025-09-18,Nashville,Bakersfield,Dry Van,1908.0,24037.0,3595.28,3638.4216,457342200.0
TR-041204,2025-09-18,New York,Madison,Reefer,976.1,39806.0,2314.91,2302.3247,457342200.0
TR-041205,2025-09-18,Jacksonville,Salt Lake City,Dry Van,1905.8,26145.0,3538.35,3646.279,457342200.0
TR-041206,2025-09-18,Lubbock,New York,Dry Van,1882.8,46209.0,3771.62,3746.0593,457342200.0
TR-041207,2025-09-18,Fresno,Bakersfield,Dry Van,234.0,25123.0,564.55,612.70776,457342200.0
TR-041208,2025-09-18,San Antonio,Buffalo,Dry Van,1643.8,23390.0,3055.45,3007.6868,457342200.0
TR-041209,2025-09-18,Los Angeles,Hartford,Reefer,3044.8,39507.0,6586.76,6072.547,457342200.0
TR-041210,2025-09-18,Milwaukee,Tulsa,Reefer,662.7,42199.0,1752.61,1766.6498,457342200.0
TR-041211,2025-09-18,Hartford,Lexington,Reefer,850.9,37863.0,2056.74,2020.3182,457342200.0
TR-041212,2025-09-18,Fresno,Phoenix,Dry Van,461.2,39002.0,1099.58,1131.2076,457342200.0
TR-041213,2025-09-18,Greensboro,Boston,Flatbed,873.4,34997.0,2031.94,1928.7153,457342200.0
TR-041214,2025-09-18,Lexington,Los Angeles,Dry Van,2262.9,26971.0,4129.46,4026.7422,457342200.0
TR-041215,2025-09-18,Shreveport,Fresno,Flatbed,1861.4,32112.0,4083.22,3903.1504,457342200.0
TR-041216,2025-09-18,Albany,Harrisburg,Reefer,559.9,31122.0,1344.15,1283.1335,457342200.0
TR-041217,2025-09-18,Green Bay,Savannah,Dry Van,926.0,25560.0,1770.17,1904.0347,457342200.0
TR-041218,2025-09-18,Greensboro,Richmond,Dry Van,447.6,47500.0,1027.87,1039.7443,457342200.0
TR-041219,2025-09-18,Memphis,Green Bay,Reefer,741.3,28364.0,1771.04,1699.5631,457342200.0
TR-041220,2025-09-18,Tulsa,Dallas,Reefer,159.4,13975.0,478.02,533.7299,457342200.0
TR-041221,2025-09-18,Jacksonville,Baltimore,Reefer,931.6,37968.0,2240.88,2472.7063,457342200.0
TR-041222,2025-09-18,Fresno,Toledo,Dry Van,2390.0,44099.0,4419.92,4508.48,457342200.0
TR-041223,2025-09-18,Lexington,Toledo,Dry Van,407.6,33905.0,929.25,921.94794,457342200.0
TR-041224,2025-09-18,Lexington,El Paso,Flatbed,1728.2,24195.0,3628.7,3476.9424,457342200.0
TR-041225,2025-09-18,Cincinnati,Oklahoma City,Reefer,896.0,34366.0,2265.66,2150.718,457342200.0
TR-041226,2025-09-18,Hartford,Savannah,Dry Van,832.3,38667.0,1740.58,1762.389,457342200.0
TR-041227,2025-09-18,Baton Rouge,Milwaukee,Dry Van,801.4,21612.0,1650.49,1624.2081,457342200.0
TR-041228,2025-09-18,Reno,Greensboro,Reefer,2250.1,43873.0,4786.14,4711.886,457342200.0
TR-041229,2025-09-18,Atlanta,San Antonio,Dry Van,928.4,23353.0,1915.64,2038.8511,457342200.0
TR-041230,2025-09-18,Shreveport,Philadelphia,Reefer,1344.4,27013.0,2864.86,2966.5613,457342200.0
TR-041231,2025-09-18,Oklahoma City,Columbia,Flatbed,1049.2,17538.0,2342.44,2238.7493,457342200.0
TR-041232,2025-09-18,Montgomery,Nashville,Reefer,366.0,24910.0,987.48,999.11206,457342200.0
TR-041233,2025-09-18,New Orleans,Richmond,Dry Van,1098.9,47500.0,2390.47,2335.8147,457342200.0
TR-041234,2025-09-18,Harrisburg,Los Angeles,Reefer,2743.0,41666.0,5812.57,5456.0684,457342200.0
TR-041235,2025-09-18,Oklahoma City,Baton Rouge,Dry Van,434.2,23051.0,1047.42,1092.8492,457342200.0
TR-041236,2025-09-18,Raleigh,San Francisco,Dry Van,2854.4,41363.0,5446.12,5319.825,457342200.0
TR-041237,2025-09-18,Hartford,Albany,Dry Van,368.4,20286.0,800.45,779.3609,457342200.0
TR-041238,2025-09-18,Grand Rapids,Indianapolis,Dry Van,434.8,47500.0,995.21,1041.3994,457342200.0
TR-041239,2025-09-18,Tulsa,Baltimore,Dry Van,1490.5,22370.0,2915.4,2843.0403,457342200.0
TR-041240,2025-09-18,Austin,Columbia,Dry Van,1212.1,15262.0,2328.57,2382.7546,457342200.0
TR-041241,2025-09-18,Green Bay,Amarillo,Reefer,1403.9,21373.0,2995.54,3696.0205,457342200.0
TR-041242,2025-09-18,Philadelphia,Phoenix,Dry Van,2929.2,11903.0,4914.73,4822.4897,457342200.0
TR-041243,2025-09-18,Mobile,Los Angeles,Dry Van,1997.6,26086.0,3696.63,3690.1956,457342200.0
TR-041244,2025-09-18,Tucson,Charleston,Flatbed,2365.7,30993.0,4894.62,4580.0317,457342200.0
TR-041245,2025-09-18,Detroit,San Antonio,Dry Van,1435.2,29252.0,2822.47,2748.066,457342200.0
TR-041246,2025-09-18,Buffalo,Fort Wayne,Dry Van,431.4,39325.0,966.91,965.736,457342200.0
TR-041247,2025-09-18,Amarillo,Los Angeles,Reefer,916.3,34625.0,2294.9,2197.6648,457342200.0
TR-041248,2025-09-18,Jacksonville,Fort Wayne,Reefer,765.5,43775.0,1917.68,1858.4467,457342200.0
TR-041249,2025-09-18,Baton Rouge,Lubbock,Reefer,493.4,28947.0,1337.6,1305.1202,457342200.0
TR-041250,2025-09-18,Kansas City,Fresno,Dry Van,1906.7,34694.0,3669.73,3703.501,457342200.0
TR-041251,2025-09-18,Oklahoma City,Toledo,Dry Van,1220.0,31310.0,2518.18,2439.5781,457342200.0
TR-041252,2025-09-18,Syracuse,Fort Wayne,Reefer,510.4,44301.0,1315.02,1269.1492,457342200.0
TR-041253,2025-09-18,Green Bay,Greensboro,Dry Van,752.7,31314.0,1542.34,1533.4235,457342200.0
TR-041254,2025-09-18,Fort Wayne,Columbia,Dry Van,562.6,47500.0,1246.18,1229.0405,457342200.0
TR-041255,2025-09-18,Louisville,Nashville,Reefer,192.5,32927.0,599.39,616.0884,457342200.0
TR-041256,2025-09-18,Boston,Houston,Flatbed,1838.4,35300.0,4103.83,3832.172,457342200.0
TR-041257,2025-09-18,Nashville,Lubbock,Dry Van,936.7,43308.0,2050.57,2044.5814,457342200.0
TR-041258,2025-09-18,Grand Rapids,Mobile,Flatbed,964.1,28960.0,2133.38,2050.7798,457342200.0
TR-041259,2025-09-18,Jacksonville,Reno,Dry Van,2264.9,24911.0,4187.8,4058.4358,457342200.0
TR-041260,2025-09-18,Atlanta,Albuquerque,Flatbed,1528.1,32899.0,3405.96,3282.49,457342200.0
TR-041261,2025-09-18,Cincinnati,Fort Wayne,Reefer,371.2,30578.0,966.93,951.8315,457342200.0
TR-041262,2025-09-18,Chattanooga,Columbia,Dry Van,276.3,23046.0,683.55,668.8276,457342200.0
TR-041263,2025-09-18,Bakersfield,Houston,Dry Van,1500.6,32295.0,3083.47,2943.4272,457342200.0
TR-041264,2025-09-18,New York,Memphis,Flatbed,1077.8,30064.0,2349.97,2336.3586,457342200.0
TR-041265,2025-09-18,Cincinnati,Grand Rapids,Dry Van,521.2,25705.0,1089.72,1105.1317,457342200.0
TR-041266,2025-09-18,Shreveport,Lexington,Dry Van,611.5,41287.0,1388.56,1379.691,457342200.0
TR-041267,2025-09-18,Fresno,Phoenix,Dry Van,475.7,38530.0,1096.12,1124.5492,457342200.0
TR-041268,2025-09-18,Austin,San Antonio,Flatbed,116.9,33965.0,386.27,446.2288,457342200.0
TR-041269,2025-09-18,Richmond,Greensboro,Flatbed,447.2,39919.0,1155.18,1125.8762,457342200.0
TR-041270,2025-09-18,Cincinnati,Atlanta,Dry Van,205.7,24056.0,535.96,519.80896,457342200.0
TR-041271,2025-09-18,Little Rock,New York,Flatbed,1247.4,29145.0,2817.62,2673.0305,457342200.0
TR-041272,2025-09-18,Greensboro,Houston,Dry Van,913.8,21039.0,1850.05,1801.0366,457342200.0
TR-041273,2025-09-18,San Francisco,Syracuse,Dry Van,2845.8,25785.0,4899.37,5008.297,457342200.0
TR-041274,2025-09-18,Lubbock,Cincinnati,Reefer,1053.9,41642.0,2715.31,2584.118,457342200.0
TR-041275,2025-09-18,Tucson,Bakersfield,Dry Van,328.2,19346.0,757.99,767.554,457342200.0
TR-041276,2025-09-18,Atlanta,Richmond,Flatbed,676.0,40644.0,1657.2,1587.4789,457342200.0
TR-041277,2025-09-18,Las Vegas,Reno,Dry Van,574.6,21649.0,1187.35,1202.718,457342200.0
TR-041278,2025-09-18,Milwaukee,Cincinnati,Flatbed,239.7,12928.0,657.12,656.0088,457342200.0
TR-041279,2025-09-18,Baton Rouge,Cincinnati,Dry Van,694.4,46909.0,1626.15,1517.6892,457342200.0
TR-041280,2025-09-18,Tulsa,Tampa,Dry Van,677.8,33789.0,1558.19,1459.6372,457342200.0
TR-041281,2025-09-18,Atlanta,Raleigh,Dry Van,580.1,47500.0,1344.39,1309.8518,457342200.0
TR-041282,2025-09-18,Milwaukee,Grand Rapids,Reefer,349.1,18158.0,897.6,910.8417,457342200.0
TR-041283,2025-09-18,Greensboro,Baltimore,Reefer,680.8,31016.0,1636.88,1596.7858,457342200.0
TR-041284,2025-09-18,Columbia,Tulsa,Dry Van,776.4,29320.0,1756.73,1645.443,457342200.0
TR-041285,2025-09-18,Houston,New York,Dry Van,1548.5,24635.0,3063.44,2958.3447,457342200.0
TR-041286,2025-09-18,Atlanta,Mobile,Reefer,294.1,25683.0,816.57,863.3268,457342200.0
TR-041287,2025-09-18,Hartford,Columbia,Dry Van,844.3,39608.0,1765.83,1775.3896,457342200.0
TR-041288,2025-09-18,Harrisburg,San Francisco,Dry Van,2799.5,27889.0,5166.2,5049.003,457342200.0
TR-041289,2025-09-18,Baltimore,Memphis,Dry Van,1089.0,20188.0,2083.43,2135.8567,457342200.0
TR-041290,2025-09-18,Grand Rapids,Los Angeles,Reefer,2306.1,14469.0,4607.16,4454.1396,457342200.0
TR-041291,2025-09-18,New York,Buffalo,Dry Van,346.3,25143.0,779.84,780.1271,457342200.0
TR-041292,2025-09-18,Kansas City,Memphis,Dry Van,346.5,-24867.0,836.28,789.5581,457342200.0
TR-041293,2025-09-18,Los Angeles,Baton Rouge,Dry Van,1710.1,19692.0,3176.84,3189.2473,457342200.0
TR-041294,2025-09-18,Louisville,Lexington,Dry Van,190.7,24735.0,495.46,508.50192,457342200.0
TR-041295,2025-09-18,Tucson,Jacksonville,Reefer,1968.0,28910.0,4347.36,4142.5156,457342200.0
TR-041296,2025-09-18,Montgomery,Phoenix,Dry Van,2110.6,39943.0,4178.51,3998.049,457342200.0
TR-041297,2025-09-18,El Paso,Nashville,Dry Van,1470.7,36303.0,3006.37,2917.8413,457342200.0
TR-041298,2025-09-18,Fresno,Fort Wayne,Dry Van,2266.5,26698.0,4053.08,3979.4717,457342200.0
TR-041299,2025-09-18,Savannah,Little Rock,Reefer,659.6,22855.0,1607.34,1665.1598,457342200.0
TR-041300,2025-09-18,San Antonio,Birmingham,Dry Van,896.6,33603.0,1949.7,1873.7793,457342200.0
TR-041301,2025-09-18,Reno,Madison,Reefer,1744.5,39098.0,3802.99,3810.6091,457342200.0
TR-041302,2025-09-18,Charleston,Syracuse,Dry Van,745.7,32157.0,1483.86,1508.4976,457342200.0
TR-041303,2025-09-18,Mobile,Philadelphia,Flatbed,1216.4,33596.0,2759.78,2657.0264,457342200.0
TR-041304,2025-09-18,Greensboro,Hartford,Dry Van,738.7,21603.0,1445.84,1442.6656,457342200.0
TR-041305,2025-09-18,Kansas City,Jacksonville,Dry Van,789.6,11501.0,1615.1,1546.2483,457342200.0
TR-041306,2025-09-18,Houston,Grand Rapids,Reefer,1149.4,28406.0,2584.15,2570.108,457342200.0
TR-041307,2025-09-18,Columbia,Houston,Dry Van,847.3,38318.0,405.1,1860.7413,457342200.0
TR-041308,2025-09-18,Albany,Dallas,Dry Van,1752.4,33436.0,3412.56,3407.3564,457342200.0
TR-041309,2025-09-18,Baltimore,Austin,Flatbed,1933.1,33230.0,4087.21,3973.0833,457342200.0
TR-041310,2025-09-18,New York,Oklahoma City,Dry Van,1763.7,13496.0,3359.31,3287.6519,457342200.0
TR-041311,2025-09-18,Lubbock,Bakersfield,Dry Van,1185.6,23896.0,2325.78,2380.1943,457342200.0
TR-041312,2025-09-18,Tampa,Providence,Dry Van,1395.5,18604.0,2730.21,2669.5444,457342200.0
TR-041313,2025-09-19,Memphis,Kansas City,Dry Van,333.3,41016.0,826.67,797.85425,457342200.0
TR-041314,2025-09-19,San Antonio,Memphis,Reefer,789.7,33534.0,1962.07,1916.0702,457342200.0
TR-041315,2025-09-19,Lubbock,Dallas,Flatbed,427.8,31070.0,1166.63,1106.7931,457342200.0
TR-041316,2025-09-19,Tampa,Hartford,Dry Van,1342.0,26249.0,2564.42,2557.604,457342200.0
TR-041317,2025-09-19,Atlanta,Columbia,Flatbed,217.8,21600.0,600.81,634.031,457342200.0
TR-041318,2025-09-19,Indianapolis,Reno,Reefer,1854.2,34573.0,4014.66,3949.674,457342200.0
TR-041319,2025-09-19,Chattanooga,Fresno,Flatbed,2170.8,38716.0,4738.37,4345.0913,457342200.0
TR-041320,2025-09-19,Detroit,Shreveport,Dry Van,1038.3,29990.0,2092.82,2102.767,457342200.0
TR-041321,2025-09-19,Montgomery,Albuquerque,Dry Van,1618.1,27148.0,3163.26,3096.7542,457342200.0
TR-041322,2025-09-19,Detroit,Providence,Dry Van,1008.4,37461.0,2019.13,2060.6333,457342200.0
TR-041323,2025-09-19,Grand Rapids,Lubbock,Dry Van,1394.5,30233.0,2802.25,2726.6775,457342200.0
TR-041324,2025-09-19,Richmond,Memphis,Reefer,873.8,30156.0,2066.97,2032.5975,457342200.0
TR-041325,2025-09-19,Charleston,Bakersfield,Dry Van,2478.6,32814.0,4590.43,4512.471,457342200.0
TR-041326,2025-09-19,Tulsa,San Francisco,Dry Van,1790.8,30127.0,3670.77,3431.4492,457342200.0
TR-041327,2025-09-19,Detroit,Los Angeles,Dry Van,2391.1,29048.0,4250.42,4202.14,457342200.0
TR-041328,2025-09-19,Chattanooga,Lexington,Dry Van,220.6,31288.0,572.29,589.3365,457342200.0
TR-041329,2025-09-19,Little Rock,Los Angeles,Reefer,1748.9,29862.0,3894.84,3773.6045,457342200.0
TR-041330,2025-09-19,Buffalo,Kansas City,Dry Van,806.3,31854.0,1665.41,1661.8376,457342200.0
TR-041331,2025-09-19,Raleigh,Nashville,Dry Van,721.1,38017.0,1549.99,1547.1027,457342200.0
TR-041332,2025-09-19,San Antonio,Austin,Reefer,117.9,25809.0,373.8,448.7734,457342200.0
TR-041333,2025-09-19,Chattanooga,Atlanta,Dry Van,84.9,36464.0,249.46,294.46494,457342200.0
TR-041334,2025-09-19,Columbia,Providence,Dry Van,924.0,27085.0,1841.98,1909.1245,457342200.0
TR-041335,2025-09-19,Greensboro,Boston,Flatbed,901.8,45683.0,2160.19,2081.6892,457342200.0
TR-041336,2025-09-19,Fresno,Raleigh,Dry Van,2862.7,16723.0,4847.31,4780.0493,457342200.0
TR-041337,2025-09-19,Bakersfield,Washington,Reefer,2597.5,14478.0,5106.42,4967.201,457342200.0
TR-041338,2025-09-19,Cincinnati,Amarillo,Reefer,1198.0,33007.0,2911.96,2767.518,457342200.0
TR-041339,2025-09-19,Nashville,San Antonio,Dry Van,851.6,26034.0,1809.62,1773.0927,457342200.0
TR-041340,2025-09-19,Phoenix,Lubbock,Dry Van,1115.4,30807.0,2273.21,2302.3054,457342200.0
TR-041341,2025-09-19,Lubbock,Mobile,Flatbed,822.6,43229.0,2039.79,1989.9406,457342200.0
TR-041342,2025-09-19,Fresno,Indianapolis,Reefer,2059.3,30753.0,4417.79,4194.295,457342200.0
TR-041343,2025-09-19,Shreveport,Baltimore,Dry Van,1344.7,43722.0,2867.1,2922.699,457342200.0
TR-041344,2025-09-19,El Paso,Atlanta,Reefer,1588.7,38292.0,3683.21,3534.284,457342200.0
TR-041345,2025-09-19,Shreveport,Providence,Flatbed,1591.3,40526.0,3549.61,3351.2827,457342200.0
TR-041346,2025-09-19,Harrisburg,Richmond,Reefer,163.6,26270.0,469.54,511.20435,457342200.0
TR-041347,2025-09-19,Milwaukee,Richmond,Dry Van,751.1,33844.0,1551.3,1562.0172,457342200.0
TR-041348,2025-09-19,Richmond,Baton Rouge,Dry Van,1224.1,25153.0,2382.54,2415.9133,457342200.0
TR-041349,2025-09-19,San Francisco,Atlanta,Dry Van,2301.9,39488.0,4489.53,5521.263,457342200.0
TR-041350,2025-09-19,Nashville,Phoenix,Dry Van,1968.8,30122.0,3701.37,3698.733,457342200.0
TR-041351,2025-09-19,Montgomery,Atlanta,Dry Van,305.5,19470.0,717.35,717.4848,457342200.0
TR-041352,2025-09-19,Louisville,Fort Wayne,Flatbed,363.9,24769.0,918.88,905.0774,457342200.0
TR-041353,2025-09-19,Columbia,Albany,Flatbed,1070.0,35580.0,2313.34,2372.796,457342200.0
TR-041354,2025-09-19,San Antonio,Fort Wayne,Reefer,1307.7,31905.0,3012.74,2847.1687,457342200.0
TR-041355,2025-09-19,Savannah,Fresno,Flatbed,2573.4,23925.0,5178.86,4869.1074,457342200.0
TR-041356,2025-09-19,Charleston,Shreveport,Dry Van,871.0,38049.0,1862.86,1842.4917,457342200.0
TR-041357,2025-09-19,Boston,Lubbock,Dry Van,2133.1,27398.0,3962.57,3837.154,457342200.0
TR-041358,2025-09-19,Lexington,Cincinnati,Dry Van,132.2,26074.0,348.25,387.4712,457342200.0
TR-041359,2025-09-19,Boston,Mobile,Dry Van,1359.4,34684.0,2798.54,2692.0276,457342200.0
TR-041360,2025-09-19,Mobile,Albany,Dry Van,1450.4,35946.0,2912.78,2845.8872,457342200.0
TR-041361,2025-09-19,Richmond,El Paso,Dry Van,2216.3,28335.0,4193.39,4128.9155,457342200.0
TR-041362,2025-09-19,Amarillo,Mobile,Dry Van,1106.1,31930.0,2333.95,2276.1,457342200.0
TR-041363,2025-09-19,Boston,Providence,Flatbed,182.7,40055.0,545.4,535.4725,457342200.0
TR-041364,2025-09-19,Grand Rapids,Hartford,Dry Van,918.6,41624.0,1823.61,1837.4747,457342200.0
TR-041365,2025-09-19,Mobile,Columbia,Flatbed,427.6,27410.0,1131.31,1093.0275,457342200.0
TR-041366,2025-09-19,Milwaukee,Nashville,Dry Van,378.1,28449.0,880.09,814.1254,457342200.0
TR-041367,2025-09-19,Jacksonville,Providence,Reefer,1083.3,42358.0,2446.13,2538.4387,457342200.0
TR-041368,2025-09-19,Houston,Fort Wayne,Dry Van,1044.3,28465.0,432.04,2100.7874,457342200.0
TR-041369,2025-09-19,Baltimore,Little Rock,Reefer,1272.8,33230.0,2825.22,2813.6907,457342200.0
TR-041370,2025-09-19,Tampa,Memphis,Flatbed,633.1,26232.0,1526.78,1497.9567,457342200.0
TR-041371,2025-09-19,Jacksonville,Cincinnati,Dry Van,453.7,36456.0,1058.42,1056.6531,457342200.0
TR-041372,2025-09-19,Atlanta,Madison,Reefer,636.9,27949.0,1601.24,1519.4235,457342200.0
TR-041373,2025-09-19,Albuquerque,Greensboro,Reefer,1720.0,22031.0,3788.58,3567.4385,457342200.0
TR-041374,2025-09-19,Philadelphia,Raleigh,Reefer,461.2,40005.0,1235.15,1202.461,457342200.0
TR-041375,2025-09-19,Bakersfield,Oklahoma City,Dry Van,1221.7,25248.0,2413.33,2436.7249,457342200.0
TR-041376,2025-09-19,Boston,Cincinnati,Dry Van,1132.6,36013.0,2272.44,2759.5798,457342200.0
TR-041377,2025-09-19,Baton Rouge,Greensboro,Reefer,795.2,41263.0,1969.29,1946.6072,457342200.0
TR-041378,2025-09-19,El Paso,Jacksonville,Dry Van,1756.2,24894.0,3317.48,3298.9666,457342200.0
TR-041379,2025-09-19,El Paso,Fresno,Reefer,642.1,,1566.34,1640.4543,457342200.0
TR-041380,2025-09-19,Baton Rouge,Montgomery,Dry Van,489.1,28810.0,1111.1,1093.6803,457342200.0
TR-041381,2025-09-19,Lubbock,Green Bay,Dry Van,1384.6,23905.0,2600.02,2624.567,457342200.0
TR-041382,2025-09-19,Reno,Bakersfield,Reefer,518.9,39780.0,1354.98,1341.9952,457342200.0
TR-041383,2025-09-19,Nashville,Montgomery,Flatbed,348.7,11279.0,897.45,888.8086,457342200.0
TR-041384,2025-09-19,Phoenix,Grand Rapids,Dry Van,2186.8,29423.0,3963.16,3918.2544,457342200.0
TR-041385,2025-09-19,Oklahoma City,Tucson,Dry Van,1041.0,27717.0,2136.16,2145.9993,457342200.0
TR-041386,2025-09-19,Phoenix,Syracuse,Dry Van,2743.5,40446.0,4859.45,5303.9497,457342200.0
TR-041387,2025-09-19,Grand Rapids,Los Angeles,Dry Van,2281.5,33459.0,4167.22,4198.191,457342200.0
TR-041388,2025-09-19,Tucson,Chattanooga,Reefer,1806.5,32187.0,4020.92,3790.5137,457342200.0
TR-041389,2025-09-19,New York,Tulsa,Reefer,1441.2,38752.0,3264.88,3311.2588,457342200.0
TR-041390,2025-09-19,Harrisburg,Amarillo,Dry Van,1795.1,32922.0,3581.05,3436.197,457342200.0
TR-041391,2025-09-19,Corpus Christi,Jacksonville,Reefer,834.9,33393.0,2090.09,2059.8657,457342200.0
TR-041392,2025-09-19,Green Bay,Charleston,Dry Van,939.5,32800.0,1915.77,1922.9432,457342200.0
TR-041393,2025-09-19,Philadelphia,Toledo,Dry Van,747.4,,1493.8,1551.1708,457342200.0
TR-041394,2025-09-19,Philadelphia,Bakersfield,Flatbed,2815.0,40059.0,5809.72,5628.8364,457342200.0
TR-041395,2025-09-19,Tulsa,Lexington,Reefer,735.4,44837.0,1860.36,1944.4539,457342200.0
TR-041396,2025-09-19,Dayton,Grand Rapids,Dry Van,294.3,36820.0,718.21,701.03265,457342200.0
TR-041397,2025-09-19,Tucson,Toledo,Dry Van,2037.3,28786.0,3752.22,3741.5054,457342200.0
TR-041398,2025-09-19,Birmingham,Shreveport,Dry Van,411.2,34059.0,1009.11,1023.3841,457342200.0
TR-041399,2025-09-19,Green Bay,Chattanooga,Flatbed,762.1,21491.0,1688.02,1573.6678,457342200.0
TR-041400,2025-09-19,Memphis,Indianapolis,Dry Van,254.9,47500.0,675.49,660.2033,457342200.0
TR-041401,2025-09-19,Cincinnati,Montgomery,Dry Van,475.4,20472.0,1092.65,1037.138,457342200.0
TR-041402,2025-09-19,Columbia,Lubbock,Dry Van,1182.5,34185.0,2445.31,2433.5457,457342200.0
TR-041403,2025-09-19,Nashville,Houston,Flatbed,609.6,38298.0,1575.86,1533.9078,457342200.0
TR-041404,2025-09-19,Philadelphia,Milwaukee,Dry Van,988.1,25400.0,1942.8,1953.2699,457342200.0
TR-041405,2025-09-19,Lexington,New York,Dry Van,754.2,18419.0,1490.24,1465.2721,457342200.0
TR-041406,2025-09-19,Lexington,Tampa,Reefer,740.5,47500.0,1823.67,1834.5859,457342200.0
TR-041407,2025-09-19,Hartford,Baton Rouge,Dry Van,1535.9,45682.0,3149.95,3089.3225,457342200.0
TR-041408,2025-09-19,Albuquerque,Fort Wayne,Reefer,1605.6,35497.0,3684.7,3807.698,457342200.0
TR-041409,2025-09-19,Columbia,Memphis,Flatbed,425.3,40025.0,1149.42,1100.4246,457342200.0
TR-041410,2025-09-19,Shreveport,Birmingham,Flatbed,407.3,22918.0,1057.51,1049.1719,457342200.0
TR-041411,2025-09-19,Lexington,Richmond,Dry Van,556.4,21740.0,1108.17,1169.2302,457342200.0
TR-041412,2025-09-19,Tucson,Greensboro,Reefer,2078.1,29322.0,4413.86,4193.5015,457342200.0
TR-041413,2025-09-19,Providence,Fresno,Reefer,3300.5,47161.0,7000.31,6317.2793,457342200.0
TR-041414,2025-09-19,Syracuse,Harrisburg,Reefer,290.9,19308.0,729.0,717.4336,457342200.0
TR-041415,2025-09-19,Green Bay,Fort Wayne,Dry Van,291.8,33034.0,697.25,673.023,457342200.0
TR-041416,2025-09-19,Philadelphia,Lexington,Dry Van,799.8,45202.0,1732.79,1718.4434,457342200.0
TR-041417,2025-09-19,Columbia,Charleston,Flatbed,258.9,27144.0,699.16,709.8423,457342200.0
TR-041418,2025-09-19,Toledo,Syracuse,Dry Van,507.1,22234.0,1024.61,1033.0397,457342200.0
TR-041419,2025-09-19,Lubbock,Houston,Dry Van,371.6,42305.0,984.87,941.71405,457342200.0
TR-041420,2025-09-19,Boston,Syracuse,Dry Van,561.7,17310.0,1120.14,1133.2588,457342200.0
TR-041421,2025-09-19,Hartford,Las Vegas,Flatbed,2748.9,25103.0,5513.01,5048.7915,457342200.0
TR-041422,2025-09-19,Houston,Indianapolis,Dry Van,764.5,39962.0,1698.83,1639.0957,457342200.0
TR-041423,2025-09-19,Columbia,Oklahoma City,Dry Van,1039.9,20144.0,2098.69,2089.9158,457342200.0
TR-041424,2025-09-19,Cincinnati,Nashville,Dry Van,198.0,32261.0,511.87,531.4134,457342200.0
TR-041425,2025-09-19,Bakersfield,Philadelphia,Reefer,2861.0,25683.0,5677.76,5543.555,457342200.0
TR-041426,2025-09-19,Milwaukee,Phoenix,Dry Van,1988.2,34360.0,3838.77,3735.1172,457342200.0
TR-041427,2025-09-19,Nashville,Richmond,Reefer,786.1,42460.0,1919.67,1865.5072,457342200.0
TR-041428,2025-09-19,San Antonio,Tampa,Dry Van,820.4,21876.0,1724.82,1710.4125,457342200.0
TR-041429,2025-09-19,Charleston,Memphis,Dry Van,658.0,28331.0,1478.5,1379.0391,457342200.0
TR-041430,2025-09-19,Houston,Cincinnati,Flatbed,728.8,30374.0,1751.33,1697.9701,457342200.0
TR-041431,2025-09-19,Houston,Indianapolis,Dry Van,740.1,32114.0,1599.26,1552.2094,457342200.0
TR-041432,2025-09-19,Austin,Los Angeles,Dry Van,1206.4,39575.0,2598.59,2490.1875,457342200.0
TR-041433,2025-09-19,Phoenix,Tampa,Reefer,2075.8,41264.0,4609.65,4630.3706,457342200.0
TR-041434,2025-09-19,Amarillo,Montgomery,Dry Van,1272.0,36773.0,2637.5,2574.8872,457342200.0
TR-041435,2025-09-19,Dayton,New York,Dry Van,733.3,35095.0,1583.02,1492.6808,457342200.0
TR-041436,2025-09-19,Nashville,Fort Wayne,Dry Van,545.9,28753.0,1166.33,1161.3165,457342200.0
TR-041437,2025-09-19,Montgomery,Green Bay,Reefer,1040.4,47500.0,2423.32,2542.5105,457342200.0
TR-041438,2025-09-19,Amarillo,Salt Lake City,Dry Van,616.0,39850.0,1411.33,1410.5364,457342200.0
TR-041439,2025-09-19,Richmond,Mobile,Dry Van,947.4,33700.0,1983.08,1953.082,457342200.0
TR-041440,2025-09-19,Cincinnati,Kansas City,Dry Van,349.5,31686.0,829.31,817.20795,457342200.0
TR-041441,2025-09-19,Montgomery,Lubbock,Dry Van,965.3,30340.0,2031.65,1987.0842,457342200.0
TR-041442,2025-09-19,Corpus Christi,Raleigh,Dry Van,1388.0,23499.0,2710.77,2654.3032,457342200.0
TR-041443,2025-09-19,Green Bay,Bakersfield,Dry Van,1989.3,16160.0,3526.7,3529.6729,457342200.0
TR-041444,2025-09-19,Reno,Philadelphia,Reefer,2813.0,47500.0,5785.57,6614.035,457342200.0
TR-041445,2025-09-19,San Francisco,Green Bay,Dry Van,2210.0,27529.0,3976.16,3958.1333,457342200.0
TR-041446,2025-09-19,Corpus Christi,Baltimore,Dry Van,1765.3,25000.0,3382.24,3317.638,457342200.0
TR-041447,2025-09-19,San Antonio,Memphis,Reefer,779.9,20350.0,1870.14,1789.3008,457342200.0
TR-041448,2025-09-19,Amarillo,Harrisburg,Reefer,1767.4,27632.0,3800.07,3711.8235,457342200.0
TR-041449,2025-09-19,Salt Lake City,Kansas City,Flatbed,1462.3,29637.0,3178.92,3050.459,457342200.0
TR-041450,2025-09-19,Cincinnati,Philadelphia,Dry Van,883.2,23053.0,1772.42,1711.4509,457342200.0
TR-041451,2025-09-19,Cincinnati,Fresno,Dry Van,2231.8,36448.0,4268.29,4292.8076,457342200.0
TR-041452,2025-09-19,Charleston,Jacksonville,Reefer,397.9,34498.0,1085.89,1109.308,457342200.0
TR-041453,2025-09-19,Milwaukee,Detroit,Reefer,439.0,24657.0,1067.12,1051.1954,457342200.0
TR-041454,2025-09-19,Phoenix,Hartford,Dry Van,3016.4,28559.0,5532.01,5399.109,457342200.0
TR-041455,2025-09-19,Syracuse,Fort Wayne,Reefer,531.1,27828.0,1267.47,1244.9778,457342200.0
TR-041456,2025-09-19,Hartford,Atlanta,Dry Van,987.2,30420.0,1977.83,2000.8705,457342200.0
TR-041457,2025-09-19,Philadelphia,Fort Wayne,Dry Van,794.2,22065.0,1514.56,1554.6821,457342200.0
TR-041458,2025-09-19,Baton Rouge,Richmond,Dry Van,1233.5,38456.0,2563.44,2501.8208,457342200.0
TR-041459,2025-09-19,Harrisburg,Shreveport,Dry Van,1120.9,42260.0,2244.2,2336.6155,457342200.0
TR-041460,2025-09-19,Milwaukee,Amarillo,Dry Van,1144.1,18655.0,2281.98,2194.6038,457342200.0
TR-041461,2025-09-19,Baton Rouge,Harrisburg,Dry Van,1228.8,33421.0,2464.37,2468.428,457342200.0
TR-041462,2025-09-19,Richmond,Columbia,Reefer,519.4,28667.0,1251.18,1265.0872,457342200.0
TR-041463,2025-09-19,Harrisburg,New York,Flatbed,283.7,19752.0,701.83,672.8018,457342200.0
TR-041464,2025-09-19,Reno,Lexington,Dry Van,2113.7,37676.0,3911.62,3910.5208,457342200.0
TR-041465,2025-09-19,Richmond,Tucson,Dry Van,2453.8,33247.0,4489.47,4418.6367,457342200.0
TR-041466,2025-09-19,Amarillo,Phoenix,Dry Van,843.9,34657.0,1779.73,1836.7794,457342200.0
TR-041467,2025-09-19,Chattanooga,Fort Wayne,Dry Van,540.3,23867.0,1137.37,1144.9473,457342200.0
TR-041468,2025-09-19,Columbia,Austin,Flatbed,1166.1,23071.0,2618.81,2526.251,457342200.0
TR-041469,2025-09-20,El Paso,Cincinnati,Dry Van,1543.3,16929.0,2777.97,3047.187,457342200.0
TR-041470,2025-09-20,Tulsa,El Paso,Dry Van,1053.8,14817.0,2051.76,2075.6116,457342200.0
TR-041471,2025-09-20,Baton Rouge,Oklahoma City,Reefer,430.6,25409.0,1148.22,1112.4198,457342200.0
TR-041472,2025-09-20,Lexington,Nashville,Dry Van,266.9,36466.0,681.23,657.6427,457342200.0
TR-041473,2025-09-20,Phoenix,Tucson,Reefer,280.6,-44395.0,817.29,1009.5869,457342200.0
TR-041474,2025-09-20,Lexington,Milwaukee,Flatbed,333.8,19879.0,858.27,833.0393,457342200.0
TR-041475,2025-09-20,Los Angeles,Milwaukee,Flatbed,2083.8,36542.0,4472.14,4132.326,457342200.0
TR-041476,2025-09-20,Phoenix,Fort Wayne,Dry Van,2235.4,31306.0,4102.92,4063.4116,457342200.0
TR-041477,2025-09-20,Jacksonville,Tucson,Flatbed,1952.3,26858.0,4114.55,3931.6494,457342200.0
TR-041478,2025-09-20,Louisville,Richmond,Dry Van,694.2,38340.0,1498.39,1473.6488,457342200.0
TR-041479,2025-09-20,Tampa,Albany,Reefer,1598.9,38045.0,3486.22,3440.5886,457342200.0
TR-041480,2025-09-20,Salt Lake City,Fresno,Dry Van,468.6,30661.0,1031.05,1055.1487,457342200.0
TR-041481,2025-09-20,Greensboro,Dayton,Reefer,386.3,23624.0,1002.51,963.6871,457342200.0
TR-041482,2025-09-20,Baton Rouge,Birmingham,Flatbed,483.1,33290.0,1263.21,1232.5472,457342200.0
TR-041483,2025-09-20,Richmond,El Paso,Reefer,2240.9,22532.0,4619.3,4431.424,457342200.0
TR-041484,2025-09-20,Tucson,Lubbock,Flatbed,936.5,22035.0,2077.27,2045.6843,457342200.0
TR-041485,2025-09-20,Savannah,Columbia,Dry Van,133.8,38240.0,372.53,385.51532,457342200.0
TR-041486,2025-09-20,Columbia,Tampa,Reefer,571.4,25897.0,1368.72,1362.9762,457342200.0
TR-041487,2025-09-20,Phoenix,Tucson,Dry Van,290.2,11687.0,679.95,689.4506,457342200.0
TR-041488,2025-09-20,Albuquerque,Syracuse,Dry Van,2088.1,26608.0,3736.98,3685.7883,457342200.0
TR-041489,2025-09-20,Grand Rapids,Oklahoma City,Dry Van,1272.8,30912.0,2482.7,2506.027,457342200.0
TR-041490,2025-09-20,Chattanooga,Bakersfield,Dry Van,2037.1,38380.0,4011.6,3838.1848,457342200.0
TR-041491,2025-09-20,San Francisco,Jacksonville,Dry Van,2477.6,33905.0,4622.88,4488.0566,457342200.0
TR-041492,2025-09-20,Milwaukee,Amarillo,Dry Van,1146.1,29073.0,2288.84,2315.3467,457342200.0
TR-041493,2025-09-20,Fresno,Little Rock,Dry Van,1856.8,18335.0,3411.6,3461.331,457342200.0
TR-041494,2025-09-20,Philadelphia,Jacksonville,Flatbed,959.1,27311.0,2104.46,2054.4265,457342200.0
TR-041495,2025-09-20,San Antonio,Milwaukee,Dry Van,1066.0,27115.0,2144.77,2140.687,457342200.0
TR-041496,2025-09-20,Madison,Tampa,Dry Van,1131.1,39054.0,2243.52,2302.25,457342200.0
TR-041497,2025-09-20,Bakersfield,Amarillo,Reefer,845.6,25382.0,1998.89,1999.0248,457342200.0
TR-041498,2025-09-20,Memphis,New York,Dry Van,1069.0,36154.0,2219.93,2230.8425,457342200.0
TR-041499,2025-09-20,Hartford,New York,Reefer,107.5,38042.0,335.52,353.43655,457342200.0
TR-041500,2025-09-20,Phoenix,Bakersfield,Dry Van,379.6,34481.0,901.1,868.8246,457342200.0
TR-041501,2025-09-20,Hartford,Tampa,Reefer,1350.2,32793.0,3012.21,2975.3718,457342200.0
TR-041502,2025-09-20,Columbia,Buffalo,Reefer,651.3,29614.0,1533.17,1467.4181,457342200.0
TR-041503,2025-09-20,Corpus Christi,Greensboro,Dry Van,1059.3,27503.0,2146.22,2144.8464,457342200.0
TR-041504,2025-09-20,Lexington,Madison,Dry Van,522.5,29006.0,1102.28,1105.1222,457342200.0
TR-041505,2025-09-20,Phoenix,Dallas,Flatbed,1509.0,30821.0,3257.94,3147.049,457342200.0
TR-041506,2025-09-20,Greensboro,Shreveport,Flatbed,695.8,47500.0,1699.99,1671.3022,457342200.0
TR-041507,2025-09-20,Providence,Reno,Dry Van,3059.9,45551.0,5653.85,5875.9517,457342200.0
TR-041508,2025-09-20,Grand Rapids,Mobile,Dry Van,986.9,27116.0,1920.07,1971.0111,457342200.0
TR-041509,2025-09-20,Phoenix,Bakersfield,Dry Van,379.2,32239.0,881.72,863.0531,457342200.0
TR-041510,2025-09-20,Phoenix,San Antonio,Dry Van,1272.3,35837.0,2604.3,2572.4343,457342200.0
TR-041511,2025-09-20,Madison,Lubbock,Reefer,1166.6,47500.0,2758.91,2745.918,457342200.0
TR-041512,2025-09-20,Lubbock,Richmond,Reefer,1679.1,35537.0,3721.12,3658.3901,457342200.0
TR-041513,2025-09-20,Jacksonville,Detroit,Reefer,953.3,25058.0,2035.36,2078.864,457342200.0
TR-041514,2025-09-20,Mobile,Baltimore,Dry Van,1167.0,21737.0,2146.79,2304.948,457342200.0
TR-041515,2025-09-20,Baltimore,St. Louis,Reefer,1101.2,22439.0,2458.05,2339.5457,457342200.0
TR-041516,2025-09-20,San Francisco,Mobile,Dry Van,2211.6,9084.0,4252.72,4028.9275,457342200.0
TR-041517,2025-09-20,Syracuse,Houston,Dry Van,1486.0,31899.0,3005.24,2791.0215,457342200.0
TR-041518,2025-09-20,Shreveport,New York,Dry Van,1369.7,22537.0,2602.63,2579.871,457342200.0
TR-041519,2025-09-20,Bakersfield,Lexington,Reefer,2120.9,38630.0,4747.91,4378.5405,457342200.0
TR-041520,2025-09-20,Kansas City,Tucson,Dry Van,1621.4,38331.0,3161.48,3156.5283,457342200.0
TR-041521,2025-09-20,Phoenix,New York,Dry Van,2835.5,37683.0,5262.91,5213.5,457342200.0
TR-041522,2025-09-20,Grand Rapids,Savannah,Reefer,837.0,42731.0,1980.51,2000.108,457342200.0
TR-041523,2025-09-20,Greensboro,San Antonio,Dry Van,1181.5,46459.0,2463.93,2478.3054,457342200.0
TR-041524,2025-09-20,Syracuse,New York,Dry Van,306.6,22614.0,663.18,699.1204,457342200.0
TR-041525,2025-09-20,Bakersfield,Harrisburg,Dry Van,2537.6,,4674.14,4236.068,457342200.0
TR-041526,2025-09-20,Nashville,Buffalo,Flatbed,814.9,29915.0,1870.42,1740.7673,457342200.0
TR-041527,2025-09-20,Little Rock,Montgomery,Flatbed,490.9,43729.0,1270.66,1236.1996,457342200.0
TR-041528,2025-09-20,New York,Dayton,Dry Van,763.4,47500.0,1553.72,1645.5739,457342200.0
TR-041529,2025-09-20,Oklahoma City,Albuquerque,Flatbed,827.3,34042.0,2021.6,1945.191,457342200.0
TR-041530,2025-09-20,Nashville,Columbia,Reefer,347.1,37365.0,953.96,967.0879,457342200.0
TR-041531,2025-09-20,Indianapolis,New York,Reefer,968.7,26158.0,2195.35,2092.306,457342200.0
TR-041532,2025-09-20,Atlanta,Chattanooga,Dry Van,92.1,44196.0,272.91,288.45377,457342200.0
TR-041533,2025-09-20,Tucson,Phoenix,Dry Van,275.8,37632.0,685.08,766.25165,457342200.0
TR-041534,2025-09-20,Nashville,Tucson,Dry Van,1702.2,47500.0,3415.45,3301.8,457342200.0
TR-041535,2025-09-20,New York,Raleigh,Flatbed,467.2,38158.0,1154.58,1137.0267,457342200.0
TR-041536,2025-09-20,Jacksonville,Atlanta,Dry Van,272.0,29899.0,665.35,667.56854,457342200.0
TR-041537,2025-09-20,Tampa,Atlanta,Reefer,554.6,33118.0,1411.62,1342.6228,457342200.0
TR-041538,2025-09-20,Tampa,Milwaukee,Flatbed,892.7,22542.0,1934.67,1859.7799,457342200.0
TR-041539,2025-09-20,Harrisburg,Cincinnati,Flatbed,605.0,13613.0,1361.74,1347.4382,457342200.0
TR-041540,2025-09-20,New York,Shreveport,Dry Van,1349.8,34724.0,2654.53,2664.584,457342200.0
TR-041541,2025-09-20,New Orleans,Austin,Reefer,583.2,37396.0,1578.66,1581.1334,457342200.0
TR-041542,2025-09-20,Kansas City,Los Angeles,Dry Van,1895.9,34638.0,3639.45,3582.191,457342200.0
TR-041543,2025-09-20,Philadelphia,Montgomery,Dry Van,1074.4,33697.0,2152.21,2245.9883,457342200.0
TR-041544,2025-09-20,Atlanta,Jacksonville,Dry Van,283.4,23692.0,660.37,659.212,457342200.0
TR-041545,2025-09-20,Houston,Hartford,Flatbed,1664.0,46841.0,3689.68,3528.8008,457342200.0
TR-041546,2025-09-20,Greensboro,Atlanta,Dry Van,256.9,32517.0,647.45,630.75977,457342200.0
TR-041547,2025-09-20,Austin,Phoenix,Flatbed,1172.8,29055.0,2708.57,2601.514,457342200.0
TR-041548,2025-09-20,Atlanta,Kansas City,Reefer,487.5,43485.0,1321.9,1239.3835,457342200.0
TR-041549,2025-09-20,Tulsa,Austin,Flatbed,480.2,30342.0,1267.57,1222.6827,457342200.0
TR-041550,2025-09-20,Fresno,Phoenix,Dry Van,470.7,14713.0,1007.21,1040.99,457342200.0
TR-041551,2025-09-20,Baton Rouge,Atlanta,Dry Van,565.7,17726.0,1218.31,1186.9429,457342200.0
TR-041552,2025-09-20,Indianapolis,Phoenix,Reefer,2041.7,28158.0,4250.94,4121.7524,457342200.0
TR-041553,2025-09-20,Chattanooga,Greensboro,Dry Van,315.0,32124.0,766.56,757.6083,457342200.0
TR-041554,2025-09-20,Washington,Fort Wayne,Dry Van,546.7,20774.0,1085.7,1119.9764,457342200.0
TR-041555,2025-09-20,San Francisco,Memphis,Flatbed,2133.6,23037.0,4321.42,4061.865,457342200.0
TR-041556,2025-09-20,Milwaukee,New York,Reefer,922.4,35048.0,2205.52,2286.8293,457342200.0
TR-041557,2025-09-20,Little Rock,Memphis,Dry Van,215.1,42703.0,594.54,589.9403,457342200.0
TR-041558,2025-09-20,Boston,Grand Rapids,Reefer,1081.8,37875.0,2343.87,2474.0483,457342200.0
TR-041559,2025-09-20,Lexington,El Paso,Dry Van,1692.7,11130.0,3066.44,3051.3108,457342200.0
TR-041560,2025-09-20,Columbia,Charleston,Reefer,268.4,34257.0,755.87,759.53375,457342200.0
TR-041561,2025-09-20,Raleigh,Little Rock,Dry Van,999.3,29735.0,2005.63,2049.0815,457342200.0
TR-041562,2025-09-20,San Francisco,Tampa,Dry Van,2399.4,29008.0,4423.86,4286.538,457342200.0
TR-041563,2025-09-20,Providence,Fort Wayne,Flatbed,1072.8,38626.0,2458.95,2417.029,457342200.0
TR-041564,2025-09-20,San Antonio,Toledo,Dry Van,1368.1,30751.0,2676.11,2648.5723,457342200.0
TR-041565,2025-09-20,Little Rock,Memphis,Dry Van,208.1,36143.0,553.31,542.9783,457342200.0
TR-041566,2025-09-20,Columbia,Madison,Reefer,716.4,34067.0,1702.75,1744.5012,457342200.0
TR-041567,2025-09-20,Salt Lake City,Providence,Dry Van,2868.6,39511.0,5494.02,5292.019,457342200.0
TR-041568,2025-09-20,Columbia,Oklahoma City,Dry Van,1065.7,16502.0,2135.93,2108.1702,457342200.0
TR-041569,2025-09-20,Green Bay,Albany,Dry Van,974.0,32936.0,1893.4,1906.5493,457342200.0
TR-041570,2025-09-20,Richmond,Green Bay,Dry Van,863.0,6352.0,1672.18,1661.2897,457342200.0
TR-041571,2025-09-20,Savannah,Milwaukee,Dry Van,645.3,25112.0,1326.94,1308.806,457342200.0
TR-041572,2025-09-20,Philadelphia,Raleigh,Reefer,437.9,32513.0,1097.05,1139.1489,457342200.0
TR-041573,2025-09-20,Indianapolis,St. Louis,Dry Van,89.2,38847.0,256.31,276.4218,457342200.0
TR-041574,2025-09-20,Tulsa,Raleigh,Reefer,1205.6,23624.0,2697.63,2591.247,457342200.0
TR-041575,2025-09-20,Tucson,Boston,Reefer,2841.2,36458.0,6062.73,5924.6636,457342200.0
TR-041576,2025-09-20,Amarillo,Hartford,Flatbed,2109.6,28559.0,4426.29,4060.5586,457342200.0
TR-041577,2025-09-20,Bakersfield,Syracuse,Dry Van,2589.2,27818.0,4436.16,4475.9756,457342200.0
TR-041578,2025-09-20,Shreveport,Mobile,Dry Van,290.3,38163.0,752.64,730.6638,457342200.0
TR-041579,2025-09-20,Fresno,Raleigh,Dry Van,2772.5,35948.0,5132.62,5361.311,457342200.0
TR-041580,2025-09-20,Grand Rapids,Hartford,Dry Van,953.0,20563.0,1788.23,1816.6942,457342200.0
TR-041581,2025-09-20,Tampa,Nashville,Dry Van,578.2,22115.0,1207.23,1226.2097,457342200.0
TR-041582,2025-09-20,Baton Rouge,Nashville,Dry Van,522.4,22260.0,1156.91,1128.6263,457342200.0
TR-041583,2025-09-20,Fort Wayne,Baltimore,Reefer,805.2,34667.0,1875.17,1827.6571,457342200.0
TR-041584,2025-09-20,Tucson,Baton Rouge,Dry Van,1464.1,27171.0,2800.54,3218.0137,457342200.0
TR-041585,2025-09-20,Atlanta,Columbia,Dry Van,210.4,40039.0,548.54,587.7091,457342200.0
TR-041586,2025-09-20,Kansas City,Cincinnati,Reefer,329.5,25549.0,895.46,867.18146,457342200.0
TR-041587,2025-09-20,Milwaukee,Cincinnati,Dry Van,241.1,24219.0,584.9,574.60846,457342200.0
TR-041588,2025-09-20,Greensboro,Cincinnati,Dry Van,282.9,47500.0,718.43,697.1696,457342200.0
TR-041589,2025-09-20,Baton Rouge,Salt Lake City,Dry Van,1466.4,47500.0,2934.3,3809.3127,457342200.0
TR-041590,2025-09-20,Cincinnati,Lubbock,Reefer,1061.3,25018.0,2442.85,2427.083,457342200.0
TR-041591,2025-09-20,Chattanooga,Phoenix,Flatbed,2046.8,32580.0,4279.35,4212.477,457342200.0
TR-041592,2025-09-20,Corpus Christi,Oklahoma City,Dry Van,327.3,35191.0,852.06,820.6275,457342200.0
TR-041593,2025-09-20,Providence,Philadelphia,Reefer,266.9,31363.0,736.28,728.0167,457342200.0
TR-041594,2025-09-20,Houston,Jacksonville,Dry Van,712.4,33186.0,1514.72,1534.2743,457342200.0
TR-041595,2025-09-20,Columbia,Tulsa,Reefer,775.9,37718.0,1942.49,1913.8365,457342200.0
TR-041596,2025-09-20,Lubbock,Las Vegas,Dry Van,1102.7,41758.0,2369.5,2304.824,457342200.0
TR-041597,2025-09-20,Milwaukee,Bakersfield,Reefer,1952.3,31880.0,4329.3,4080.2322,457342200.0
TR-041598,2025-09-20,Lexington,Kansas City,Reefer,448.6,15812.0,1129.4,1074.7495,457342200.0
TR-041599,2025-09-20,Richmond,Providence,Flatbed,480.7,21403.0,1146.01,1110.8423,457342200.0
TR-041600,2025-09-20,Green Bay,Chattanooga,Dry Van,733.5,37852.0,1556.84,1505.7456,457342200.0
TR-041601,2025-09-20,Green Bay,Austin,Dry Van,1408.4,32877.0,2807.0,2737.7056,457342200.0
TR-041602,2025-09-20,Cincinnati,Memphis,Dry Van,244.5,19776.0,586.23,594.8082,457342200.0
TR-041603,2025-09-20,Little Rock,Jacksonville,Flatbed,572.1,23943.0,1376.63,1310.4462,457342200.0
TR-041604,2025-09-20,Albany,Birmingham,Reefer,1327.0,41374.0,2990.48,2977.0996,457342200.0
TR-041605,2025-09-20,Houston,Tulsa,Flatbed,234.0,40008.0,728.24,700.68774,457342200.0
TR-041606,2025-09-20,Albany,Oklahoma City,Reefer,1997.3,41550.0,4417.98,4195.5317,457342200.0
TR-041607,2025-09-20,Fort Wayne,Greensboro,Dry Van,502.1,30763.0,1112.43,1072.8973,457342200.0
TR-041608,2025-09-20,Columbia,Los Angeles,Dry Van,2387.0,35398.0,4553.03,4461.093,457342200.0
TR-041609,2025-09-20,Los Angeles,Indianapolis,Dry Van,2017.1,28237.0,3737.08,3710.6167,457342200.0
TR-041610,2025-09-20,Richmond,Shreveport,Reefer,1133.1,27856.0,2595.85,3084.1785,457342200.0
TR-041611,2025-09-20,Kansas City,Hartford,Flatbed,1158.5,19740.0,2428.37,2425.545,457342200.0
TR-041612,2025-09-20,Birmingham,Hartford,Dry Van,1087.9,27299.0,2160.55,2140.6096,457342200.0
TR-041613,2025-09-20,Phoenix,Cincinnati,Reefer,2015.5,38156.0,4399.61,4260.516,457342200.0
TR-041614,2025-09-20,Oklahoma City,Atlanta,Dry Van,859.3,39217.0,1804.25,1826.4578,457342200.0
TR-041615,2025-09-20,Atlanta,Milwaukee,Flatbed,427.2,42451.0,1108.08,1078.5132,457342200.0
TR-041616,2025-09-20,Hartford,Amarillo,Dry Van,2088.2,,4005.68,3706.287,457342200.0
TR-041617,2025-09-20,Hartford,El Paso,Dry Van,2517.6,24338.0,4511.67,4303.3203,457342200.0
TR-041618,2025-09-20,Chattanooga,Milwaukee,Flatbed,395.2,18554.0,1005.81,983.51465,457342200.0
TR-041619,2025-09-20,Albuquerque,Richmond,Reefer,2128.2,33318.0,4513.5,4345.7935,457342200.0
TR-041620,2025-09-20,Milwaukee,Providence,Reefer,1232.8,15582.0,2683.56,2547.036,457342200.0
TR-041621,2025-09-20,Shreveport,Richmond,Dry Van,1113.3,33553.0,2324.01,2329.8447,457342200.0
TR-041622,2025-09-20,Madison,San Francisco,Dry Van,2075.0,40153.0,3985.25,3880.5344,457342200.0
TR-041623,2025-09-20,Cincinnati,Harrisburg,Reefer,616.4,40584.0,1504.04,1498.4851,457342200.0
TR-041624,2025-09-20,Savannah,Lexington,Flatbed,336.6,39514.0,921.31,896.922,457342200.0
TR-041625,2025-09-20,Buffalo,Columbia,Dry Van,648.5,46126.0,1366.91,1367.068,457342200.0
TR-041626,2025-09-20,St. Louis,Indianapolis,Reefer,80.4,23455.0,262.05,310.9996,457342200.0
TR-041627,2025-09-20,Greensboro,Charleston,Dry Van,270.5,35045.0,661.66,662.27344,457342200.0
TR-041628,2025-09-20,San Antonio,Little Rock,Dry Van,588.5,27951.0,1324.49,1308.5466,457342200.0
TR-041629,2025-09-20,Harrisburg,Greensboro,Flatbed,430.7,40590.0,1087.21,1061.447,457342200.0
TR-041630,2025-09-20,Houston,Milwaukee,Dry Van,825.4,28041.0,1725.11,1688.2773,457342200.0
TR-041631,2025-09-20,Columbia,Dallas,Dry Van,789.0,34314.0,1676.07,1684.5603,457342200.0
TR-041632,2025-09-20,Bakersfield,Hartford,Reefer,2871.4,37878.0,5941.62,5862.3745,457342200.0
TR-041633,2025-09-20,Tampa,Boston,Flatbed,1478.2,24186.0,3017.66,2954.76,457342200.0
TR-041634,2025-09-21,Las Vegas,Shreveport,Reefer,1561.9,44232.0,3611.88,3520.7979,457342200.0
TR-041635,2025-09-21,Hartford,Montgomery,Flatbed,1145.1,31358.0,2498.49,2428.6304,457342200.0
TR-041636,2025-09-21,Little Rock,Buffalo,Flatbed,1057.8,26595.0,2310.62,2549.6265,457342200.0
TR-041637,2025-09-21,San Antonio,Boston,Dry Van,2084.3,27323.0,3946.83,3786.9658,457342200.0
TR-041638,2025-09-21,Cincinnati,Bakersfield,Dry Van,1957.1,-21194.0,3480.52,3769.5747,457342200.0
TR-041639,2025-09-21,Memphis,Atlanta,Flatbed,230.1,39250.0,656.64,651.7281,457342200.0
TR-041640,2025-09-21,Jacksonville,Memphis,Flatbed,445.0,36459.0,1150.42,1152.4548,457342200.0
TR-041641,2025-09-21,Atlanta,Hartford,Flatbed,1022.9,30207.0,2309.66,2332.8098,457342200.0
TR-041642,2025-09-21,Shreveport,Louisville,Dry Van,501.8,12741.0,1091.36,1076.4897,457342200.0
TR-041643,2025-09-21,Memphis,Los Angeles,Dry Van,1913.5,27953.0,3456.18,3529.379,457342200.0
TR-041644,2025-09-21,Oklahoma City,Little Rock,Dry Van,498.1,33446.0,1183.78,1142.4576,457342200.0
TR-041645,2025-09-21,Indianapolis,San Francisco,Reefer,2091.3,35539.0,4502.92,4281.0186,457342200.0
TR-041646,2025-09-21,Lexington,Charleston,Dry Van,441.4,11699.0,937.58,971.4306,457342200.0
TR-041647,2025-09-21,Corpus Christi,Hartford,Flatbed,1774.9,23946.0,3646.07,3493.8984,457342200.0
TR-041648,2025-09-21,Baton Rouge,Shreveport,Reefer,187.6,30258.0,581.09,622.6177,457342200.0
TR-041649,2025-09-21,Shreveport,Buffalo,Dry Van,1182.8,28601.0,2297.22,2313.0947,457342200.0
TR-041650,2025-09-21,Dallas,Mobile,Reefer,435.2,37592.0,1193.08,1201.298,457342200.0
TR-041651,2025-09-21,St. Louis,Houston,Flatbed,710.3,34805.0,1740.18,1738.3516,457342200.0
TR-041652,2025-09-21,New York,Shreveport,Reefer,1369.5,34308.0,3074.08,2994.2195,457342200.0
TR-041653,2025-09-21,San Antonio,Tulsa,Reefer,439.7,22262.0,1143.9,1130.6305,457342200.0
TR-041654,2025-09-21,Detroit,Shreveport,Dry Van,1042.9,6669.0,1957.77,2032.4808,457342200.0
TR-041655,2025-09-21,San Antonio,Austin,Dry Van,121.1,46071.0,365.4,448.6897,457342200.0
TR-041656,2025-09-21,Charleston,Baton Rouge,Flatbed,951.7,35573.0,2169.77,2094.4126,457342200.0
TR-041657,2025-09-21,Baton Rouge,Greensboro,Flatbed,819.3,27519.0,1898.38,1840.396,457342200.0
TR-041658,2025-09-21,Nashville,Lubbock,Dry Van,919.3,,1971.85,1876.0486,457342200.0
TR-041659,2025-09-21,Richmond,Hartford,Flatbed,321.5,26117.0,800.84,806.9371,457342200.0
TR-041660,2025-09-21,Philadelphia,Harrisburg,Flatbed,332.8,15695.0,807.9,817.1067,457342200.0
TR-041661,2025-09-21,Nashville,Cincinnati,Reefer,182.5,33356.0,554.99,568.89594,457342200.0
TR-041662,2025-09-21,Milwaukee,Amarillo,Dry Van,1168.4,47500.0,2382.06,2496.5664,457342200.0
TR-041663,2025-09-21,Chattanooga,Tulsa,Dry Van,539.7,34243.0,1220.3,1216.0388,457342200.0
TR-041664,2025-09-21,Richmond,Detroit,Dry Van,655.5,33041.0,1360.17,1309.8318,457342200.0
TR-041665,2025-09-21,Cincinnati,Providence,Dry Van,1086.7,27182.0,2162.8,2161.784,457342200.0
TR-041666,2025-09-21,Hartford,St. Louis,Dry Van,1114.2,40073.0,2239.01,2294.9905,457342200.0
TR-041667,2025-09-21,Oklahoma City,Albany,Reefer,1981.7,24338.0,4080.25,4003.505,457342200.0
TR-041668,2025-09-21,Cincinnati,New York,Dry Van,871.4,31752.0,1752.55,1751.3127,457342200.0
TR-041669,2025-09-21,New York,Washington,Dry Van,251.6,27733.0,584.89,597.9695,457342200.0
TR-041670,2025-09-21,Amarillo,Greensboro,Reefer,1489.5,25925.0,3304.89,3152.2297,457342200.0
TR-041671,2025-09-21,San Francisco,Grand Rapids,Dry Van,2270.9,32355.0,4233.74,4140.0933,457342200.0
TR-041672,2025-09-21,Shreveport,Greensboro,Reefer,709.7,23889.0,1661.42,1701.344,457342200.0
TR-041673,2025-09-21,Tucson,Bakersfield,Flatbed,327.6,22711.0,828.15,852.7117,457342200.0
TR-041674,2025-09-21,Montgomery,Oklahoma City,Dry Van,847.6,40558.0,1868.09,1845.4634,457342200.0
TR-041675,2025-09-21,Indianapolis,Dallas,Flatbed,689.0,46161.0,1767.74,1673.5593,457342200.0
TR-041676,2025-09-21,Columbia,Fort Wayne,Reefer,588.6,36879.0,1491.52,1456.1793,457342200.0
TR-041677,2025-09-21,Shreveport,El Paso,Dry Van,1208.9,47500.0,2551.97,2507.3655,457342200.0
TR-041678,2025-09-21,Charleston,El Paso,Dry Van,2028.9,14792.0,3696.45,3620.1445,457342200.0
TR-041679,2025-09-21,New York,Oklahoma City,Dry Van,1775.6,34195.0,3427.37,3399.1238,457342200.0
TR-041680,2025-09-21,Oklahoma City,Jacksonville,Reefer,1004.5,35111.0,2493.86,2431.3284,457342200.0
TR-041681,2025-09-21,Kansas City,Reno,Dry Van,1721.7,30240.0,3252.12,3237.9053,457342200.0
TR-041682,2025-09-21,Providence,Amarillo,Flatbed,2297.9,41637.0,4953.89,4609.8306,457342200.0
TR-041683,2025-09-21,Charleston,Buffalo,Flatbed,634.3,24810.0,1398.23,1394.8136,457342200.0
TR-041684,2025-09-21,Philadelphia,Phoenix,Reefer,2921.2,31157.0,5882.21,5816.062,457342200.0
TR-041685,2025-09-21,Cincinnati,El Paso,Flatbed,1543.5,18921.0,3113.17,3073.5984,457342200.0
TR-041686,2025-09-21,Philadelphia,Hartford,Dry Van,76.1,43053.0,216.43,266.67587,457342200.0
TR-041687,2025-09-21,Atlanta,Oklahoma City,Flatbed,879.7,47500.0,2108.16,2117.5642,457342200.0
TR-041688,2025-09-21,Savannah,Reno,Flatbed,2410.9,39381.0,4976.59,4717.9136,457342200.0
TR-041689,2025-09-21,Syracuse,Albany,Flatbed,382.1,30651.0,924.23,910.4763,457342200.0
TR-041690,2025-09-21,Providence,Amarillo,Dry Van,2384.0,32153.0,4553.9,4418.09,457342200.0
TR-041691,2025-09-21,Albuquerque,Fort Wayne,Dry Van,1685.9,30196.0,3217.01,3264.0293,457342200.0
TR-041692,2025-09-21,Amarillo,Buffalo,Dry Van,1757.7,26195.0,3269.56,3233.2964,457342200.0
TR-041693,2025-09-21,Charleston,Albuquerque,Reefer,1952.6,25602.0,4026.29,4034.6516,457342200.0
TR-041694,2025-09-21,Bakersfield,San Antonio,Dry Van,1334.6,30362.0,2725.13,2611.165,457342200.0
TR-041695,2025-09-21,Jacksonville,Phoenix,Reefer,2193.5,35074.0,4748.45,4502.0337,457342200.0
TR-041696,2025-09-21,Kansas City,Boston,Dry Van,1334.5,21409.0,2479.52,2523.8757,457342200.0
TR-041697,2025-09-21,Raleigh,Atlanta,Flatbed,593.7,40530.0,1515.47,1475.2605,457342200.0
TR-041698,2025-09-21,Grand Rapids,Greensboro,Dry Van,642.5,31263.0,1345.26,1306.561,457342200.0
TR-041699,2025-09-21,El Paso,Madison,Dry Van,1504.5,25177.0,2784.94,2794.6853,457342200.0
TR-041700,2025-09-21,Kansas City,Los Angeles,Dry Van,1923.2,38470.0,3667.95,3639.5967,457342200.0
TR-041701,2025-09-21,Philadelphia,Little Rock,Dry Van,1284.1,29348.0,2487.79,2515.5151,457342200.0
TR-041702,2025-09-21,Syracuse,Philadelphia,Dry Van,401.7,38271.0,911.59,900.154,457342200.0
TR-041703,2025-09-21,Reno,San Francisco,Dry Van,414.4,30410.0,936.36,896.98315,457342200.0
TR-041704,2025-09-21,Corpus Christi,Montgomery,Reefer,750.4,41981.0,1881.04,1913.1191,457342200.0
TR-041705,2025-09-21,Albany,Los Angeles,Dry Van,3198.5,40957.0,5700.34,5550.0757,457342200.0
TR-041706,2025-09-21,Raleigh,Buffalo,Dry Van,528.8,15778.0,1022.08,1096.6221,457342200.0
TR-041707,2025-09-21,Houston,New Orleans,Flatbed,239.4,28962.0,683.1,689.42346,457342200.0
TR-041708,2025-09-21,Washington,Montgomery,Dry Van,826.5,31521.0,1709.29,1726.2737,457342200.0
TR-041709,2025-09-21,Fort Wayne,Oklahoma City,Dry Van,1141.1,26344.0,2231.98,2357.0962,457342200.0
TR-041710,2025-09-21,Jacksonville,Raleigh,Flatbed,559.5,41707.0,1377.14,1347.6605,457342200.0
TR-041711,2025-09-21,Bakersfield,Fort Wayne,Reefer,2079.3,30560.0,4268.96,4327.855,457342200.0
TR-041712,2025-09-21,New York,Tucson,Flatbed,2637.4,22778.0,5070.8,4840.0293,457342200.0
TR-041713,2025-09-21,Los Angeles,Reno,Reefer,915.9,47500.0,2103.34,2159.189,457342200.0
TR-041714,2025-09-21,Tucson,Charleston,Dry Van,2338.7,21702.0,4051.87,4025.869,457342200.0
TR-041715,2025-09-21,Columbia,Fort Wayne,Dry Van,556.9,26370.0,1161.23,1178.9819,457342200.0
TR-041716,2025-09-21,Birmingham,Houston,Dry Van,595.9,31998.0,1373.05,1321.7529,457342200.0
TR-041717,2025-09-21,Houston,Greensboro,Flatbed,951.8,22559.0,2122.07,2036.8451,457342200.0
TR-041718,2025-09-21,Fort Wayne,Nashville,Flatbed,544.4,14097.0,1254.13,1208.7251,457342200.0
TR-041719,2025-09-21,Atlanta,Amarillo,Reefer,1194.9,43517.0,2906.25,2882.2507,457342200.0
TR-041720,2025-09-21,Phoenix,Hartford,Flatbed,3050.4,28081.0,5931.87,5781.588,457342200.0
TR-041721,2025-09-21,Shreveport,Memphis,Dry Van,324.1,39393.0,244.71,795.20386,457342200.0
TR-041722,2025-09-21,Providence,Phoenix,Dry Van,3153.9,47500.0,5709.8,6337.258,457342200.0
TR-041723,2025-09-21,Hartford,Milwaukee,Reefer,1016.6,44545.0,2386.8,2363.502,457342200.0
TR-041724,2025-09-21,Fresno,Cincinnati,Dry Van,2166.9,30474.0,4134.62,4005.453,457342200.0
TR-041725,2025-09-21,Tampa,Oklahoma City,Dry Van,874.1,46613.0,1916.49,1886.3353,457342200.0
TR-041726,2025-09-21,Shreveport,Reno,Flatbed,1807.7,32122.0,3923.46,3717.3096,457342200.0
TR-041727,2025-09-21,Kansas City,Phoenix,Dry Van,1853.0,27784.0,3419.89,3726.6323,457342200.0
TR-041728,2025-09-21,Lubbock,Greensboro,Dry Van,1235.6,24943.0,2421.49,2415.5322,457342200.0
TR-041729,2025-09-21,Lexington,St. Louis,Dry Van,338.5,23114.0,762.33,780.86444,457342200.0
TR-041730,2025-09-21,Charleston,Montgomery,Dry Van,500.2,23543.0,1108.34,1082.155,457342200.0
TR-041731,2025-09-21,Montgomery,Baltimore,Reefer,1044.0,38611.0,2406.81,2466.199,457342200.0
TR-041732,2025-09-21,Tucson,Philadelphia,Flatbed,2638.5,39102.0,5554.59,5124.9966,457342200.0
TR-041733,2025-09-21,Baton Rouge,Montgomery,Dry Van,488.3,27812.0,1091.14,1081.8987,457342200.0
TR-041734,2025-09-21,Little Rock,Lexington,Reefer,536.0,45330.0,1422.21,1399.137,457342200.0
TR-041735,2025-09-21,Milwaukee,Boston,Flatbed,1215.1,40847.0,2632.12,2637.9329,457342200.0
TR-041736,2025-09-21,Memphis,Bakersfield,Dry Van,1825.4,26833.0,3352.84,3500.4304,457342200.0
TR-041737,2025-09-21,Bakersfield,Cincinnati,Reefer,1992.2,34206.0,4540.34,4168.243,457342200.0
TR-041738,2025-09-21,Baton Rouge,Las Vegas,Reefer,1555.8,39740.0,3564.41,3487.453,457342200.0
TR-041739,2025-09-21,Kansas City,Syracuse,Dry Van,919.7,26807.0,1698.54,1918.7349,457342200.0
TR-041740,2025-09-21,Oklahoma City,Lexington,Dry Van,1015.5,28876.0,2008.12,2065.4016,457342200.0
TR-041741,2025-09-21,Hartford,Tucson,Dry Van,2794.9,28666.0,4920.08,4791.26,457342200.0
TR-041742,2025-09-21,Cincinnati,Hartford,Reefer,953.9,30744.0,2146.69,2098.9766,457342200.0
TR-041743,2025-09-21,Baton Rouge,Boston,Dry Van,1677.2,23815.0,3160.7,3098.3,457342200.0
TR-041744,2025-09-21,Fresno,Richmond,Dry Van,2753.6,36498.0,4976.74,5089.9077,457342200.0
TR-041745,2025-09-21,Indianapolis,Oklahoma City,Dry Van,844.8,30708.0,1719.66,1797.0115,457342200.0
TR-041746,2025-09-21,Montgomery,Raleigh,Dry Van,687.8,29918.0,1466.84,1463.3363,457342200.0
TR-041747,2025-09-21,Albuquerque,El Paso,Reefer,192.6,36954.0,597.35,620.4288,457342200.0
TR-041748,2025-09-21,Atlanta,Nashville,Flatbed,136.6,41492.0,435.75,451.77243,457342200.0
TR-041749,2025-09-21,El Paso,Lubbock,Flatbed,781.2,27548.0,1883.43,1763.4944,457342200.0
TR-041750,2025-09-21,Mobile,Tucson,Reefer,1702.9,32622.0,3765.88,3673.6733,457342200.0
TR-041751,2025-09-21,Richmond,Savannah,Dry Van,546.2,24149.0,1181.13,1152.9269,457342200.0
TR-041752,2025-09-21,Fort Wayne,San Antonio,Dry Van,1290.4,32992.0,2585.03,2514.6553,457342200.0
TR-041753,2025-09-21,Fresno,Richmond,Flatbed,2859.2,30029.0,5593.05,5434.055,457342200.0
TR-041754,2025-09-21,Boston,Kansas City,Reefer,1368.8,26418.0,2872.83,2950.9797,457342200.0
TR-041755,2025-09-21,Tampa,Nashville,Dry Van,568.5,37324.0,1243.64,1238.8472,457342200.0
TR-041756,2025-09-21,Oklahoma City,Little Rock,Dry Van,500.8,42407.0,1191.99,1159.6111,457342200.0
TR-041757,2025-09-21,Raleigh,Amarillo,Dry Van,1823.0,36619.0,3622.66,3610.1167,457342200.0
TR-041758,2025-09-21,Albuquerque,Albany,Dry Van,2392.1,32690.0,4224.72,4265.9487,457342200.0
TR-041759,2025-09-21,Tucson,Greensboro,Dry Van,2101.0,27327.0,3774.79,3730.2834,457342200.0
TR-041760,2025-09-21,New Orleans,Corpus Christi,Dry Van,416.2,29209.0,983.11,978.03107,457342200.0
TR-041761,2025-09-21,Lexington,Los Angeles,Dry Van,2233.9,40544.0,4238.58,4365.897,457342200.0
TR-041762,2025-09-21,Phoenix,Hartford,Reefer,3056.4,42095.0,6531.29,6100.8853,457342200.0
TR-041763,2025-09-21,Kansas City,Lexington,Reefer,455.2,41564.0,1214.44,1138.8921,457342200.0
TR-041764,2025-09-21,Harrisburg,Atlanta,Flatbed,704.7,33333.0,1597.77,1616.3973,457342200.0
TR-041765,2025-09-21,Dallas,Richmond,Dry Van,1295.2,25152.0,2476.39,2495.0137,457342200.0
TR-041766,2025-09-21,Shreveport,New York,Dry Van,1333.8,32349.0,2612.5,2579.1157,457342200.0
TR-041767,2025-09-21,New York,Richmond,Flatbed,244.1,42789.0,664.97,672.22327,457342200.0
TR-041768,2025-09-21,Los Angeles,Columbia,Dry Van,2370.5,36545.0,4338.34,4329.36,457342200.0
TR-041769,2025-09-21,Oklahoma City,Richmond,Flatbed,1523.6,31725.0,3287.49,3229.7695,457342200.0
TR-041770,2025-09-21,Kansas City,Richmond,Reefer,927.3,25231.0,2040.68,2068.6272,457342200.0
TR-041771,2025-09-21,Bakersfield,Lubbock,Dry Van,1222.2,26471.0,2381.44,2432.4773,457342200.0
TR-041772,2025-09-21,Grand Rapids,Oklahoma City,Reefer,1239.6,43468.0,2836.21,2909.4746,457342200.0
TR-041773,2025-09-21,Albuquerque,Chattanooga,Reefer,1509.7,33064.0,3438.75,3382.8274,457342200.0
TR-041774,2025-09-21,Fort Wayne,San Antonio,Flatbed,1263.8,33894.0,2846.57,2694.6143,457342200.0
TR-041775,2025-09-21,San Antonio,Albuquerque,Dry Van,892.4,38803.0,1924.08,1872.6895,457342200.0
TR-041776,2025-09-21,Bakersfield,Houston,Dry Van,1511.8,43012.0,3085.65,2977.783,457342200.0
TR-041777,2025-09-21,Amarillo,Providence,Dry Van,2296.6,23444.0,4135.69,4033.3884,457342200.0
TR-041778,2025-09-21,Buffalo,El Paso,Reefer,2087.4,13812.0,4199.58,4026.6555,457342200.0
TR-041779,2025-09-21,Toledo,Grand Rapids,Dry Van,184.2,35639.0,460.98,455.151,457342200.0
TR-041780,2025-09-21,Montgomery,Nashville,Reefer,362.7,47500.0,998.75,1031.4182,457342200.0
TR-041781,2025-09-21,Philadelphia,Shreveport,Dry Van,1428.8,27515.0,2684.0,2744.1091,457342200.0
TR-041782,2025-09-21,Phoenix,Nashville,Dry Van,2001.4,39024.0,3891.27,4277.9414,457342200.0
TR-041783,2025-09-21,Detroit,Columbia,Reefer,729.0,41176.0,1745.97,1756.2332,457342200.0
TR-041784,2025-09-21,Syracuse,Phoenix,Reefer,2782.2,36521.0,5583.52,5703.85,457342200.0
TR-041785,2025-09-21,Columbia,Montgomery,Dry Van,333.7,36629.0,806.69,798.27924,457342200.0
TR-041786,2025-09-21,Philadelphia,New Orleans,Reefer,1350.9,29452.0,2945.77,2980.3447,457342200.0
TR-041787,2025-09-21,Oklahoma City,Corpus Christi,Dry Van,329.1,38563.0,847.94,806.81537,457342200.0
TR-041788,2025-09-21,Harrisburg,Albuquerque,Dry Van,1978.2,30666.0,3704.41,3634.7322,457342200.0
TR-041789,2025-09-21,Albuquerque,San Francisco,Dry Van,825.0,37469.0,1772.5,1777.9679,457342200.0
TR-041790,2025-09-21,Shreveport,Fresno,Dry Van,1802.0,35460.0,3563.18,3456.8105,457342200.0
TR-041791,2025-09-21,Montgomery,El Paso,Flatbed,1657.0,37131.0,3667.32,3503.613,457342200.0
TR-041792,2025-09-21,Indianapolis,Amarillo,Dry Van,1094.1,24812.0,2291.91,2175.876,457342200.0
TR-041793,2025-09-21,Boston,Atlanta,Dry Van,1165.9,39783.0,2359.67,2437.5703,457342200.0
TR-041794,2025-09-21,Tucson,Baton Rouge,Dry Van,1413.5,36525.0,2850.44,3184.6328,457342200.0
TR-041795,2025-09-21,Boston,Nashville,Dry Van,1236.6,24644.0,2392.66,2836.491,457342200.0
TR-041796,2025-09-21,Harrisburg,Richmond,Reefer,184.4,20223.0,512.08,534.7306,457342200.0
TR-041797,2025-09-21,Toledo,Bakersfield,Reefer,2194.4,25865.0,4363.74,4310.8228,457342200.0
TR-041798,2025-09-21,Oklahoma City,Tulsa,Dry Van,307.7,26480.0,748.37,766.3004,457342200.0
TR-041799,2025-09-21,Harrisburg,Shreveport,Dry Van,1113.4,33260.0,2177.89,2295.7913,457342200.0
TR-041800,2025-09-21,Bakersfield,Lubbock,Dry Van,1170.5,38998.0,2376.16,2464.0913,457342200.0
TR-041801,2025-09-21,Shreveport,Amarillo,Dry Van,828.0,19333.0,1699.23,1695.4885,457342200.0
TR-041802,2025-09-21,Houston,Memphis,Dry Van,534.8,41030.0,1215.54,1222.2621,457342200.0
TR-041803,2025-09-21,Atlanta,Phoenix,Dry Van,2093.9,24408.0,3766.9,3697.5474,457342200.0
TR-041804,2025-09-22,Cincinnati,Hartford,Flatbed,954.9,33404.0,2128.56,2041.8472,457342200.0
TR-041805,2025-09-22,Richmond,Cincinnati,Dry Van,646.4,36948.0,1392.33,1381.0209,457342200.0
TR-041806,2025-09-22,Oklahoma City,Hartford,Dry Van,1842.3,17502.0,3440.26,3474.4983,457342200.0
TR-041807,2025-09-22,Jacksonville,Bakersfield,Dry Van,2218.0,28682.0,4046.17,3990.7307,457342200.0
TR-041808,2025-09-22,Fort Wayne,Little Rock,Dry Van,733.6,39638.0,1540.67,1522.7384,457342200.0
TR-041809,2025-09-22,Tampa,Los Angeles,Dry Van,2131.4,29745.0,3878.45,3873.4553,457342200.0
TR-041810,2025-09-22,Amarillo,Las Vegas,Dry Van,756.3,16951.0,1538.05,1596.1455,457342200.0
TR-041811,2025-09-22,Baton Rouge,Lexington,Dry Van,734.0,19098.0,1544.91,1483.0713,457342200.0
TR-041812,2025-09-22,Toledo,Tucson,Reefer,2083.1,42085.0,4597.18,4341.531,457342200.0
TR-041813,2025-09-22,Amarillo,Milwaukee,Reefer,1158.1,14161.0,2531.03,2490.6501,457342200.0
TR-041814,2025-09-22,Fresno,Phoenix,Dry Van,446.5,21355.0,976.23,1011.3106,457342200.0
TR-041815,2025-09-22,Amarillo,Reno,Reefer,1060.5,43710.0,2554.85,2495.496,457342200.0
TR-041816,2025-09-22,Harrisburg,Little Rock,Dry Van,1029.0,47500.0,2158.7,2131.7146,457342200.0
TR-041817,2025-09-22,Hartford,Kansas City,Dry Van,1178.7,41886.0,2347.09,2531.843,457342200.0
TR-041818,2025-09-22,New York,Hartford,Flatbed,120.9,38743.0,375.07,371.409,457342200.0
TR-041819,2025-09-22,Madison,Cincinnati,Dry Van,417.6,22511.0,923.27,892.74493,457342200.0
TR-041820,2025-09-22,Lexington,Chattanooga,Dry Van,210.8,39984.0,555.39,572.05334,457342200.0
TR-041821,2025-09-22,Cincinnati,Albany,Reefer,1121.6,47500.0,2538.88,2602.6907,457342200.0
TR-041822,2025-09-22,Baton Rouge,Chattanooga,Reefer,554.8,-29209.0,1378.44,1320.929,457342200.0
TR-041823,2025-09-22,Greensboro,Savannah,Dry Van,202.5,25632.0,501.37,527.5455,457342200.0
TR-041824,2025-09-22,Baton Rouge,Hartford,Dry Van,1527.1,35580.0,2992.86,2959.3142,457342200.0
TR-041825,2025-09-22,Baton Rouge,Memphis,Reefer,483.4,18501.0,1204.25,1218.2759,457342200.0
TR-041826,2025-09-22,Bakersfield,Buffalo,Reefer,2541.4,47500.0,5426.58,5910.443,457342200.0
TR-041827,2025-09-22,Shreveport,Oklahoma City,Dry Van,434.1,31126.0,1048.6,1019.9403,457342200.0
TR-041828,2025-09-22,Charleston,Lubbock,Dry Van,1445.9,34723.0,2931.57,3076.368,457342200.0
TR-041829,2025-09-22,Mobile,Houston,Dry Van,481.1,21679.0,1099.07,1065.5569,457342200.0
TR-041830,2025-09-22,Albuquerque,Memphis,Reefer,1302.8,14635.0,2775.61,2704.5496,457342200.0
TR-041831,2025-09-22,Nashville,Lexington,Dry Van,261.7,29524.0,633.76,628.1002,457342200.0
TR-041832,2025-09-22,Oklahoma City,Tucson,Dry Van,1055.3,27720.0,2098.04,2134.9492,457342200.0
TR-041833,2025-09-22,Little Rock,Toledo,Reefer,820.4,22892.0,1851.74,1798.4199,457342200.0
TR-041834,2025-09-22,Reno,Fresno,Reefer,542.8,36190.0,1355.55,1344.2661,457342200.0
TR-041835,2025-09-22,Lexington,Philadelphia,Dry Van,788.3,39319.0,1625.53,1714.8726,457342200.0
TR-041836,2025-09-22,New Orleans,Louisville,Dry Van,517.5,22768.0,1125.97,1117.5432,457342200.0
TR-041837,2025-09-22,Salt Lake City,San Antonio,Dry Van,1082.3,17353.0,2152.81,2150.5095,457342200.0
TR-041838,2025-09-22,Raleigh,Savannah,Reefer,369.5,37395.0,983.53,1030.8564,457342200.0
TR-041839,2025-09-22,Fort Wayne,Baton Rouge,Dry Van,989.9,26858.0,1939.61,2006.0857,457342200.0
TR-041840,2025-09-22,Charleston,Lubbock,Dry Van,1446.8,25681.0,2691.8,3125.823,457342200.0
TR-041841,2025-09-22,Birmingham,Toledo,Reefer,699.5,25719.0,1628.59,1585.0979,457342200.0
TR-041842,2025-09-22,Shreveport,Fort Wayne,Dry Van,820.5,34870.0,1699.49,1735.5463,457342200.0
TR-041843,2025-09-22,Lexington,Fort Wayne,Reefer,369.8,26905.0,959.92,937.982,457342200.0
TR-041844,2025-09-22,Richmond,Birmingham,Dry Van,764.8,21459.0,1496.18,1506.5696,457342200.0
TR-041845,2025-09-22,Los Angeles,Kansas City,Reefer,1948.7,24207.0,4098.74,3922.074,457342200.0
TR-041846,2025-09-22,Buffalo,Oklahoma City,Dry Van,1509.7,31059.0,2928.12,2821.8862,457342200.0
TR-041847,2025-09-22,Las Vegas,New York,Flatbed,2662.5,27368.0,5214.68,4990.3657,457342200.0
TR-041848,2025-09-22,Amarillo,Los Angeles,Dry Van,965.4,23659.0,1920.81,1925.7434,457342200.0
TR-041849,2025-09-22,Green Bay,Harrisburg,Dry Van,681.2,29744.0,1342.0,1376.8164,457342200.0
TR-041850,2025-09-22,Greensboro,Columbia,Dry Van,131.7,42589.0,373.78,382.68436,457342200.0
TR-041851,2025-09-22,Little Rock,Charleston,Reefer,844.7,21548.0,1977.64,1932.7397,457342200.0
TR-041852,2025-09-22,Green Bay,Dayton,Dry Van,390.0,33858.0,898.29,841.77466,457342200.0
TR-041853,2025-09-22,Charleston,Detroit,Reefer,828.7,38770.0,2004.53,1931.6302,457342200.0
TR-041854,2025-09-22,Tulsa,Oklahoma City,Dry Van,282.2,44351.0,748.0,722.6399,457342200.0
TR-041855,2025-09-22,Lexington,Phoenix,Flatbed,2202.0,28118.0,4486.44,4217.868,457342200.0
TR-041856,2025-09-22,Nashville,Fort Wayne,Dry Van,530.3,26361.0,1113.48,1129.3628,457342200.0
TR-041857,2025-09-22,Amarillo,Raleigh,Dry Van,1759.8,23364.0,3244.08,3622.4248,457342200.0
TR-041858,2025-09-22,Tampa,Memphis,Dry Van,622.0,29797.0,1349.6,1351.0402,457342200.0
TR-041859,2025-09-22,Mobile,Dayton,Reefer,697.5,34417.0,1733.25,1679.6462,457342200.0
TR-041860,2025-09-22,Hartford,El Paso,Dry Van,2469.9,46236.0,4679.78,4556.6084,457342200.0
TR-041861,2025-09-22,New Orleans,Kansas City,Reefer,594.4,38328.0,1549.59,1603.078,457342200.0
TR-041862,2025-09-22,Nashville,Corpus Christi,Reefer,761.1,18207.0,1817.52,1754.9158,457342200.0
TR-041863,2025-09-22,Houston,Raleigh,Dry Van,1223.6,24365.0,2398.51,2412.284,457342200.0
TR-041864,2025-09-22,Charleston,Houston,Reefer,1050.4,38533.0,2497.67,2479.7124,457342200.0
TR-041865,2025-09-22,Richmond,Albany,Dry Van,585.5,36653.0,1227.05,1234.8704,457342200.0
TR-041866,2025-09-22,Shreveport,Grand Rapids,Flatbed,960.6,36542.0,2259.47,2162.186,457342200.0
TR-041867,2025-09-22,Dallas,Oklahoma City,Dry Van,294.0,39889.0,782.19,790.2616,457342200.0
TR-041868,2025-09-22,Lubbock,Baltimore,Dry Van,1947.2,38425.0,3823.47,3860.764,457342200.0
TR-041869,2025-09-22,Tulsa,Richmond,Flatbed,1230.8,33286.0,2778.74,2660.22,457342200.0
TR-041870,2025-09-22,Kansas City,San Antonio,Dry Van,949.7,39810.0,2064.85,1990.3585,457342200.0
TR-041871,2025-09-22,Grand Rapids,Buffalo,Dry Van,501.0,39327.0,1051.24,1077.5417,457342200.0
TR-041872,2025-09-22,Bakersfield,Louisville,Reefer,1902.5,24566.0,3988.91,3895.0315,457342200.0
TR-041873,2025-09-22,Dayton,Syracuse,Reefer,581.5,31981.0,1385.82,1331.9369,457342200.0
TR-041874,2025-09-22,Oklahoma City,Shreveport,Flatbed,435.9,33488.0,1175.72,1142.5675,457342200.0
TR-041875,2025-09-22,Memphis,Little Rock,Dry Van,213.3,41746.0,569.67,585.0217,457342200.0
TR-041876,2025-09-22,San Antonio,Baltimore,Reefer,1838.6,27907.0,3963.94,4326.3667,457342200.0
TR-041877,2025-09-22,Mobile,Grand Rapids,Reefer,940.3,24868.0,2063.23,2067.6838,457342200.0
TR-041878,2025-09-22,Lexington,Cincinnati,Reefer,120.9,42731.0,383.49,438.2802,457342200.0
TR-041879,2025-09-22,Fort Wayne,Jacksonville,Dry Van,751.7,38561.0,1608.15,1567.683,457342200.0
TR-041880,2025-09-22,New York,Lexington,Flatbed,737.2,24881.0,1667.17,1581.3389,457342200.0
TR-041881,2025-09-22,Bakersfield,El Paso,Reefer,453.9,32114.0,1193.46,1181.6051,457342200.0
TR-041882,2025-09-22,Indianapolis,Phoenix,Dry Van,1959.2,36871.0,3775.66,3722.2078,457342200.0
TR-041883,2025-09-22,St. Louis,Lubbock,Reefer,973.8,40265.0,2429.57,2321.8447,457342200.0
TR-041884,2025-09-22,Corpus Christi,New York,Flatbed,1746.1,41917.0,3902.72,3664.7205,457342200.0
TR-041885,2025-09-22,New York,Buffalo,Reefer,334.9,44423.0,884.94,904.7447,457342200.0
TR-041886,2025-09-22,Albany,Oklahoma City,Dry Van,1979.9,28066.0,3667.82,3575.1619,457342200.0
TR-041887,2025-09-22,Atlanta,Fresno,Dry Van,2226.6,36231.0,4192.73,6514.058,457342200.0
TR-041888,2025-09-22,Savannah,Memphis,Dry Van,521.8,23398.0,1161.6,1119.1486,457342200.0
TR-041889,2025-09-22,Birmingham,Mobile,Dry Van,195.5,30747.0,509.11,539.0355,457342200.0
TR-041890,2025-09-22,Austin,Albany,Dry Van,2132.0,47500.0,4197.87,4063.9463,457342200.0
TR-041891,2025-09-22,Philadelphia,Reno,Flatbed,2803.4,47500.0,5728.27,5723.007,457342200.0
TR-041892,2025-09-22,Greensboro,Columbia,Dry Van,131.6,30019.0,344.39,382.68436,457342200.0
TR-041893,2025-09-22,Louisville,Amarillo,Dry Van,1107.4,23809.0,2216.98,2230.8535,457342200.0
TR-041894,2025-09-22,Corpus Christi,New York,Reefer,1698.8,-25616.0,3656.53,3456.7954,457342200.0
TR-041895,2025-09-22,Tulsa,Grand Rapids,Reefer,975.5,30936.0,2289.62,2199.9602,457342200.0
TR-041896,2025-09-22,Little Rock,Fort Wayne,Reefer,722.0,27712.0,1834.15,1700.6753,457342200.0
TR-041897,2025-09-22,Fort Wayne,Chattanooga,Flatbed,526.3,30709.0,1259.22,1217.9786,457342200.0
TR-041898,2025-09-22,Milwaukee,Green Bay,Dry Van,392.4,40222.0,901.25,853.0841,457342200.0
TR-041899,2025-09-22,Hartford,Nashville,Dry Van,1088.1,31608.0,2075.25,2198.849,457342200.0
TR-041900,2025-09-22,Lubbock,Nashville,Dry Van,910.4,35882.0,1961.33,1876.9958,457342200.0
TR-041901,2025-09-22,Tucson,Houston,Dry Van,1281.6,37532.0,2668.74,3292.9187,457342200.0
TR-041902,2025-09-22,Toledo,Milwaukee,Reefer,319.6,36839.0,863.66,844.9491,457342200.0
TR-041903,2025-09-22,Dayton,New Orleans,Dry Van,742.8,27614.0,1502.5,1473.6046,457342200.0
TR-041904,2025-09-22,Phoenix,Jacksonville,Dry Van,2234.0,34347.0,4047.61,4361.4365,457342200.0
TR-041905,2025-09-22,Nashville,Boston,Flatbed,1244.4,30223.0,2745.03,2626.1064,457342200.0
TR-041906,2025-09-22,Charleston,Madison,Flatbed,919.7,23332.0,1915.26,1898.5042,457342200.0
TR-041907,2025-09-22,Green Bay,San Francisco,Reefer,2215.3,33553.0,4609.13,4526.5723,457342200.0
TR-041908,2025-09-22,Richmond,Phoenix,Dry Van,2704.4,29061.0,4898.32,4652.0005,457342200.0
TR-041909,2025-09-22,Dallas,Bakersfield,Dry Van,1584.9,26084.0,3122.02,2988.8245,457342200.0
TR-041910,2025-09-22,Albany,Madison,Dry Van,1116.5,36118.0,2249.86,2253.7366,457342200.0
TR-041911,2025-09-22,Phoenix,Lubbock,Flatbed,1143.9,38219.0,2716.18,2567.3208,457342200.0
TR-041912,2025-09-22,Baton Rouge,Memphis,Dry Van,485.5,38524.0,1151.79,1132.6003,457342200.0
TR-041913,2025-09-22,Nashville,Jacksonville,Reefer,357.0,47500.0,1040.12,1015.70233,457342200.0
TR-041914,2025-09-22,Greensboro,Hartford,Flatbed,720.7,33846.0,1637.66,1628.1641,457342200.0
TR-041915,2025-09-22,Kansas City,Indianapolis,Dry Van,169.7,47500.0,455.17,474.82028,457342200.0
TR-041916,2025-09-22,Richmond,Hartford,Dry Van,339.9,28462.0,755.4,776.8212,457342200.0
TR-041917,2025-09-22,Tulsa,Milwaukee,Dry Van,628.6,40087.0,1382.93,1355.504,457342200.0
TR-041918,2025-09-22,Harrisburg,Philadelphia,Reefer,316.3,28060.0,791.95,836.0334,457342200.0
TR-041919,2025-09-22,Washington,Providence,Reefer,521.3,29682.0,1264.86,1249.6334,457342200.0
TR-041920,2025-09-22,Detroit,Grand Rapids,Dry Van,140.2,28108.0,349.2,390.43488,457342200.0
TR-041921,2025-09-22,Salt Lake City,Las Vegas,Reefer,221.9,19880.0,620.41,661.6317,457342200.0
TR-041922,2025-09-22,Toledo,Tulsa,Dry Van,943.8,37966.0,1972.72,1980.6495,457342200.0
TR-041923,2025-09-22,Jacksonville,Lexington,Dry Van,425.1,25042.0,938.4,972.6604,457342200.0
TR-041924,2025-09-22,Lubbock,Houston,Flatbed,378.3,32143.0,1052.71,997.1629,457342200.0
TR-041925,2025-09-22,Madison,Philadelphia,Flatbed,1069.1,33156.0,2333.1,2345.7974,457342200.0
TR-041926,2025-09-22,Atlanta,Charleston,Dry Van,460.6,40655.0,1094.42,1080.685,457342200.0
TR-041927,2025-09-22,Cincinnati,Buffalo,Reefer,651.4,28265.0,1486.23,1469.4641,457342200.0
TR-041928,2025-09-22,Savannah,Albany,Dry Van,1068.8,34610.0,2095.39,2215.9597,457342200.0
TR-041929,2025-09-22,Memphis,Shreveport,Reefer,318.6,31147.0,883.79,898.6235,457342200.0
TR-041930,2025-09-22,Bakersfield,Fort Wayne,Dry Van,2108.7,19525.0,3727.53,3643.783,457342200.0
TR-041931,2025-09-22,Baton Rouge,Los Angeles,Dry Van,1713.2,33830.0,3367.15,3331.4104,457342200.0
TR-041932,2025-09-22,Charleston,Savannah,Reefer,193.8,39856.0,580.22,652.41907,457342200.0
TR-041933,2025-09-22,Providence,Kansas City,Dry Van,1392.0,38188.0,2751.44,2830.1887,457342200.0
TR-041934,2025-09-22,Chattanooga,Oklahoma City,Dry Van,853.8,24283.0,1753.47,1733.1272,457342200.0
TR-041935,2025-09-22,Salt Lake City,Kansas City,Dry Van,1450.4,32316.0,2831.17,2796.0662,457342200.0
TR-041936,2025-09-22,Los Angeles,Toledo,Reefer,2300.1,41720.0,4986.16,4950.0386,457342200.0
TR-041937,2025-09-22,Indianapolis,Las Vegas,Dry Van,1742.8,13264.0,3237.63,3127.2363,457342200.0
TR-041938,2025-09-22,Grand Rapids,Harrisburg,Dry Van,589.6,12480.0,1167.44,1188.5422,457342200.0
TR-041939,2025-09-22,Fort Wayne,Tucson,Dry Van,1990.6,34953.0,3721.9,3714.2544,457342200.0
TR-041940,2025-09-22,Jacksonville,Dayton,Reefer,647.4,35608.0,1565.74,1527.4171,457342200.0
TR-041941,2025-09-22,Kansas City,Harrisburg,Dry Van,825.2,29411.0,1636.8,1655.7632,457342200.0
TR-041942,2025-09-22,Kansas City,Lubbock,Dry Van,979.2,20931.0,2014.62,1953.4951,457342200.0
TR-041943,2025-09-22,Birmingham,Providence,Reefer,1190.1,32799.0,2826.25,2739.9111,457342200.0
TR-041944,2025-09-22,Shreveport,Detroit,Dry Van,979.6,30011.0,1946.28,1977.4027,457342200.0
TR-041945,2025-09-22,Bakersfield,Nashville,Dry Van,1938.7,47500.0,3824.6,3937.2593,457342200.0
TR-041946,2025-09-22,Nashville,Richmond,Reefer,783.1,29893.0,1822.63,1747.9283,457342200.0
TR-041947,2025-09-22,Phoenix,Boston,Dry Van,3077.7,19120.0,5226.16,5361.034,457342200.0
TR-041948,2025-09-22,Los Angeles,Memphis,Dry Van,1909.5,29801.0,3518.72,3567.622,457342200.0
TR-041949,2025-09-22,Mobile,New Orleans,Dry Van,293.4,22141.0,727.52,731.60223,457342200.0
TR-041950,2025-09-22,Hartford,Fresno,Dry Van,3082.1,31204.0,5484.51,5473.0415,457342200.0
TR-041951,2025-09-22,Phoenix,Montgomery,Dry Van,2080.8,43648.0,4080.13,3947.8535,457342200.0
TR-041952,2025-09-22,New Orleans,New York,Dry Van,1308.4,36380.0,2566.19,2565.4827,457342200.0
TR-041953,2025-09-22,Mobile,Bakersfield,Dry Van,1929.1,42504.0,3686.09,3949.4292,457342200.0
TR-041954,2025-09-22,Memphis,Richmond,Reefer,862.1,47500.0,2079.7,2082.649,457342200.0
TR-041955,2025-09-22,Birmingham,Los Angeles,Reefer,2143.2,37367.0,4598.86,4417.42,457342200.0
TR-041956,2025-09-22,Cincinnati,Houston,Dry Van,739.4,22203.0,1533.36,1490.3802,457342200.0
TR-041957,2025-09-23,Lexington,Birmingham,Dry Van,331.8,37517.0,790.81,775.353,457342200.0
TR-041958,2025-09-23,Fresno,Providence,Dry Van,3239.8,25096.0,5667.22,5398.35,457342200.0
TR-041959,2025-09-23,Austin,Greensboro,Dry Van,1253.6,32180.0,2482.03,2540.9565,457342200.0
TR-041960,2025-09-23,Green Bay,Tampa,Flatbed,1320.1,26428.0,2799.55,2754.762,457342200.0
TR-041961,2025-09-23,Mobile,Charleston,Flatbed,624.2,39334.0,1557.88,1544.2114,457342200.0
TR-041962,2025-09-23,Jacksonville,Raleigh,Dry Van,555.0,17692.0,1190.7,1171.4327,457342200.0
TR-041963,2025-09-23,Bakersfield,Oklahoma City,Reefer,1240.6,42618.0,3022.15,2960.105,457342200.0
TR-041964,2025-09-23,Phoenix,Baton Rouge,Dry Van,1628.8,34749.0,3231.74,3179.135,457342200.0
TR-041965,2025-09-23,Lexington,Washington,Dry Van,543.5,15644.0,1124.33,1132.7805,457342200.0
TR-041966,2025-09-23,Oklahoma City,Houston,Dry Van,288.5,,724.44,819.4061,457342200.0
TR-041967,2025-09-23,Houston,Lexington,Dry Van,815.9,24920.0,1739.85,1673.703,457342200.0
TR-041968,2025-09-23,Atlanta,Lexington,Dry Van,223.8,36552.0,592.8,585.5574,457342200.0
TR-041969,2025-09-23,Boston,Jacksonville,Flatbed,1117.5,34749.0,2522.33,3361.7288,457342200.0
TR-041970,2025-09-23,Hartford,Toledo,Dry Van,776.2,27282.0,1509.49,1505.336,457342200.0
TR-041971,2025-09-23,Los Angeles,Charleston,Dry Van,2552.1,43281.0,4756.46,4911.786,457342200.0
TR-041972,2025-09-23,Nashville,Reno,Flatbed,1946.5,32994.0,4177.12,3965.8848,457342200.0
TR-041973,2025-09-23,Nashville,Syracuse,Dry Van,967.4,24346.0,1885.76,1984.8202,457342200.0
TR-041974,2025-09-23,Fresno,Birmingham,Reefer,2155.7,38908.0,4776.1,4632.913,457342200.0
TR-041975,2025-09-23,Phoenix,Oklahoma City,Dry Van,1280.2,34415.0,2635.86,2580.9426,457342200.0
TR-041976,2025-09-23,Houston,Kansas City,Dry Van,751.1,32575.0,1653.44,1588.5186,457342200.0
TR-041977,2025-09-23,Grand Rapids,Fort Wayne,Flatbed,189.9,27207.0,522.62,546.05615,457342200.0
TR-041978,2025-09-23,Charleston,Kansas City,Dry Van,839.4,33005.0,1787.64,1751.291,457342200.0
TR-041979,2025-09-23,Toledo,Baltimore,Dry Van,784.3,23495.0,1542.61,1637.9152,457342200.0
TR-041980,2025-09-23,Columbia,Fresno,Dry Van,2410.2,35098.0,4533.05,4470.001,457342200.0
TR-041981,2025-09-23,Nashville,Buffalo,Flatbed,798.7,46056.0,1883.24,1853.1716,457342200.0
TR-041982,2025-09-23,Los Angeles,Corpus Christi,Dry Van,1432.2,15821.0,2810.7,2753.4155,457342200.0
TR-041983,2025-09-23,Cincinnati,Amarillo,Reefer,1185.8,46967.0,2838.34,2865.9756,457342200.0
TR-041984,2025-09-23,Raleigh,Cincinnati,Reefer,631.2,40113.0,1638.9,1685.9475,457342200.0
TR-041985,2025-09-23,Hartford,Milwaukee,Dry Van,1022.1,34374.0,2047.55,2057.5244,457342200.0
TR-041986,2025-09-23,Kansas City,Birmingham,Reefer,569.0,10010.0,1398.71,1291.7799,457342200.0
TR-041987,2025-09-23,El Paso,Shreveport,Dry Van,1230.8,22108.0,711.03,3183.7617,457342200.0
TR-041988,2025-09-23,Fort Wayne,Memphis,Dry Van,551.1,37784.0,1228.36,1183.4766,457342200.0
TR-041989,2025-09-23,Providence,Baltimore,Dry Van,240.3,34174.0,595.46,607.3826,457342200.0
TR-041990,2025-09-23,Louisville,Lubbock,Dry Van,1028.7,43718.0,2231.13,2147.5652,457342200.0
TR-041991,2025-09-23,Houston,Oklahoma City,Dry Van,287.3,32888.0,742.69,729.17145,457342200.0
TR-041992,2025-09-23,Madison,St. Louis,Dry Van,285.4,39325.0,705.08,664.51215,457342200.0
TR-041993,2025-09-23,Buffalo,Washington,Reefer,241.8,22396.0,646.86,663.19336,457342200.0
TR-041994,2025-09-23,Tucson,Lexington,Dry Van,1945.0,47500.0,3862.09,3878.9443,457342200.0
TR-041995,2025-09-23,Cincinnati,Chattanooga,Dry Van,167.9,-24646.0,435.27,464.07956,457342200.0
TR-041996,2025-09-23,Kansas City,Hartford,Dry Van,1185.9,33217.0,2309.76,2400.7864,457342200.0
TR-041997,2025-09-23,Richmond,Tucson,Reefer,2487.2,21397.0,5088.19,4786.573,457342200.0
TR-041998,2025-09-23,St. Louis,Phoenix,Flatbed,1851.2,27889.0,3994.83,3773.0972,457342200.0
TR-041999,2025-09-23,Raleigh,Houston,Dry Van,1227.9,27875.0,2388.93,2459.1792,457342200.0
TR-042000,2025-09-23,Syracuse,Fort Wayne,Dry Van,538.7,27391.0,1101.11,1135.4978,457342200.0
TR-042001,2025-09-23,Phoenix,Memphis,Reefer,1880.3,26117.0,4155.43,3963.6626,457342200.0
TR-042002,2025-09-23,Reno,Kansas City,Reefer,1667.2,9525.0,3432.98,3431.5042,457342200.0
TR-042003,2025-09-23,Montgomery,Indianapolis,Flatbed,626.2,44347.0,1563.76,1519.9015,457342200.0
TR-042004,2025-09-23,Shreveport,Phoenix,Dry Van,1707.7,29046.0,3380.49,3295.9727,457342200.0
TR-042005,2025-09-23,Nashville,Shreveport,Reefer,390.6,33673.0,1098.56,1041.1368,457342200.0
TR-042006,2025-09-23,Albany,Atlanta,Dry Van,1181.8,22880.0,2277.98,2295.6895,457342200.0
TR-042007,2025-09-23,Albany,Los Angeles,Dry Van,3215.7,29302.0,5683.63,5514.936,457342200.0
TR-042008,2025-09-23,Grand Rapids,Boston,Reefer,1048.6,37558.0,2337.12,3263.8318,457342200.0
TR-042009,2025-09-23,Reno,Fort Wayne,Dry Van,2073.6,15554.0,3369.41,3578.8333,457342200.0
TR-042010,2025-09-23,Albuquerque,Tampa,Flatbed,1661.5,33376.0,3638.32,3478.4336,457342200.0
TR-042011,2025-09-23,Chattanooga,Phoenix,Reefer,2079.9,21808.0,4202.91,4242.2593,457342200.0
TR-042012,2025-09-23,Phoenix,Harrisburg,Dry Van,2615.8,25309.0,4581.19,4465.6475,457342200.0
TR-042013,2025-09-23,New York,Mobile,Reefer,1168.3,42412.0,2736.4,2777.887,457342200.0
TR-042014,2025-09-23,Indianapolis,Oklahoma City,Dry Van,835.6,25191.0,1738.09,1728.3276,457342200.0
TR-042015,2025-09-23,Lexington,Dallas,Dry Van,768.8,35826.0,1660.43,1638.574,457342200.0
TR-042016,2025-09-23,Fresno,Mobile,Reefer,2135.7,33695.0,4842.97,4381.0796,457342200.0
TR-042017,2025-09-23,Chattanooga,Mobile,Dry Van,298.4,27801.0,731.1,726.8416,457342200.0
TR-042018,2025-09-23,Detroit,St. Louis,Dry Van,560.8,34305.0,1227.42,1187.311,457342200.0
TR-042019,2025-09-23,Columbia,El Paso,Reefer,1812.1,29842.0,3958.1,3898.9453,457342200.0
TR-042020,2025-09-23,Montgomery,Lubbock,Dry Van,979.8,27022.0,2009.54,2018.6807,457342200.0
TR-042021,2025-09-23,Tulsa,Lexington,Flatbed,749.0,29385.0,1774.47,1777.9246,457342200.0
TR-042022,2025-09-23,Savannah,Reno,Dry Van,2404.8,46775.0,4600.17,4504.796,457342200.0
TR-042023,2025-09-23,Birmingham,San Francisco,Dry Van,2335.7,42530.0,4515.31,4520.2725,457342200.0
TR-042024,2025-09-23,Mobile,Hartford,Dry Van,1187.7,22551.0,2254.26,2310.045,457342200.0
TR-042025,2025-09-23,Amarillo,Phoenix,Reefer,871.6,22416.0,2018.27,2006.0209,457342200.0
TR-042026,2025-09-23,Montgomery,Tucson,Reefer,1848.3,32571.0,4140.09,3964.9617,457342200.0
TR-042027,2025-09-23,Tucson,Atlanta,Dry Van,1849.5,30376.0,3530.8,3589.2524,457342200.0
TR-042028,2025-09-23,Bakersfield,Greensboro,Reefer,2251.9,30527.0,4814.82,4562.6855,457342200.0
TR-042029,2025-09-23,Milwaukee,Syracuse,Flatbed,743.8,27177.0,1666.44,1559.5847,457342200.0
TR-042030,2025-09-23,Indianapolis,Corpus Christi,Reefer,962.2,36530.0,2350.24,2271.9526,457342200.0
TR-042031,2025-09-23,Mobile,Shreveport,Dry Van,306.4,31076.0,759.16,787.4952,457342200.0
TR-042032,2025-09-23,Grand Rapids,Fresno,Flatbed,2321.3,42788.0,5033.39,5125.642,457342200.0
TR-042033,2025-09-23,Kansas City,Baton Rouge,Reefer,737.8,15474.0,322.34,1675.5631,457342200.0
TR-042034,2025-09-23,Los Angeles,Albany,Dry Van,3145.4,31487.0,5577.48,5544.008,457342200.0
TR-042035,2025-09-23,Phoenix,Fort Wayne,Flatbed,2193.8,23678.0,4438.72,4186.879,457342200.0
TR-042036,2025-09-23,Milwaukee,Bakersfield,Dry Van,1903.5,40174.0,3727.19,3670.148,457342200.0
TR-042037,2025-09-23,Birmingham,Fort Wayne,Dry Van,660.6,13480.0,1343.64,1305.3429,457342200.0
TR-042038,2025-09-23,Toledo,Philadelphia,Dry Van,752.4,36613.0,1564.53,1543.4044,457342200.0
TR-042039,2025-09-23,Charleston,Fort Wayne,Reefer,694.5,47500.0,1745.08,1652.6964,457342200.0
TR-042040,2025-09-23,Chattanooga,Cincinnati,Dry Van,167.6,24469.0,436.33,461.9232,457342200.0
TR-042041,2025-09-23,Jacksonville,Charleston,Flatbed,372.8,35033.0,997.52,995.36017,457342200.0
TR-042042,2025-09-23,Fresno,New York,Flatbed,2973.8,39313.0,6078.29,5808.4575,457342200.0
TR-042043,2025-09-23,Raleigh,Memphis,Reefer,811.5,33336.0,1980.66,1948.0499,457342200.0
TR-042044,2025-09-23,Los Angeles,Nashville,Dry Van,2078.0,39017.0,4012.31,4708.603,457342200.0
TR-042045,2025-09-23,Detroit,Toledo,Reefer,149.7,29399.0,436.95,455.79276,457342200.0
TR-042046,2025-09-23,Lexington,Greensboro,Dry Van,193.5,47500.0,509.49,517.68585,457342200.0
TR-042047,2025-09-23,Oklahoma City,Atlanta,Flatbed,852.0,35179.0,2050.84,2000.828,457342200.0
TR-042048,2025-09-23,Toledo,Lexington,Dry Van,427.6,37330.0,997.19,960.0644,457342200.0
TR-042049,2025-09-23,Oklahoma City,Shreveport,Dry Van,422.1,41830.0,1068.01,1039.2769,457342200.0
TR-042050,2025-09-23,Fort Wayne,Cincinnati,Flatbed,371.7,29022.0,943.32,897.3307,457342200.0
TR-042051,2025-09-23,Lexington,Albany,Dry Van,1045.7,47500.0,2090.75,2173.0798,457342200.0
TR-042052,2025-09-23,Nashville,Chattanooga,Reefer,76.5,35629.0,269.11,348.0234,457342200.0
TR-042053,2025-09-23,Raleigh,Fort Wayne,Dry Van,703.5,47500.0,1458.41,1627.7615,457342200.0
TR-042054,2025-09-23,Nashville,Shreveport,Dry Van,383.1,23807.0,893.07,866.69324,457342200.0
TR-042055,2025-09-23,Phoenix,Fort Wayne,Reefer,2245.8,33623.0,4756.33,4705.592,457342200.0
TR-042056,2025-09-23,Montgomery,Baton Rouge,Dry Van,468.4,32059.0,1079.12,1082.3384,457342200.0
TR-042057,2025-09-23,Shreveport,Albuquerque,Dry Van,1201.2,25512.0,2323.37,2383.3044,457342200.0
TR-042058,2025-09-23,Syracuse,Shreveport,Flatbed,1292.5,39169.0,2936.24,2786.1367,457342200.0
TR-042059,2025-09-23,Montgomery,Charleston,Flatbed,497.9,35929.0,1268.05,1276.9185,457342200.0
TR-042060,2025-09-23,Louisville,Richmond,Flatbed,699.6,38052.0,1705.42,1659.327,457342200.0
TR-042061,2025-09-23,Oklahoma City,San Francisco,Dry Van,1569.4,43627.0,3196.74,3130.2087,457342200.0
TR-042062,2025-09-23,Fresno,Baltimore,Dry Van,3092.3,47269.0,5914.46,5784.007,457342200.0
TR-042063,2025-09-23,Atlanta,Fort Wayne,Flatbed,543.7,30814.0,1338.37,1274.5243,457342200.0
TR-042064,2025-09-23,Richmond,Charleston,Dry Van,377.8,34904.0,887.15,847.1519,457342200.0
TR-042065,2025-09-23,Nashville,New York,Reefer,982.2,19810.0,2179.55,2150.8928,457342200.0
TR-042066,2025-09-23,Albany,Chattanooga,Dry Van,1237.7,32575.0,2404.05,2456.0676,457342200.0
TR-042067,2025-09-23,Baltimore,Buffalo,Dry Van,489.6,34507.0,1083.45,1051.1656,457342200.0
TR-042068,2025-09-23,San Antonio,San Francisco,Reefer,1640.8,15376.0,3650.77,3348.8801,457342200.0
TR-042069,2025-09-23,Greensboro,Boston,Dry Van,909.0,41144.0,1876.04,1864.0105,457342200.0
TR-042070,2025-09-23,Chattanooga,Houston,Dry Van,651.2,31796.0,1414.99,1371.0873,457342200.0
TR-042071,2025-09-23,Reno,Savannah,Dry Van,2398.6,31138.0,4273.9,4232.1187,457342200.0
TR-042072,2025-09-23,Columbia,Fort Wayne,Flatbed,562.1,47500.0,1392.01,1351.2698,457342200.0
TR-042073,2025-09-23,Nashville,Oklahoma City,Flatbed,748.4,42776.0,1871.4,1873.0784,457342200.0
TR-042074,2025-09-23,Philadelphia,Little Rock,Dry Van,1312.0,41421.0,2687.38,2636.7927,457342200.0
TR-042075,2025-09-23,Montgomery,Hartford,Flatbed,1151.8,43514.0,2666.89,2764.3132,457342200.0
TR-042076,2025-09-23,Kansas City,Los Angeles,Reefer,1950.5,41782.0,4386.65,4102.6025,457342200.0
TR-042077,2025-09-23,Little Rock,Syracuse,Flatbed,1192.4,40263.0,2664.59,2639.4314,457342200.0
TR-042078,2025-09-23,Atlanta,Fresno,Dry Van,2267.9,22054.0,3938.41,5469.3623,457342200.0
TR-042079,2025-09-23,San Francisco,Buffalo,Dry Van,2670.9,23242.0,4537.16,4541.38,457342200.0
TR-042080,2025-09-23,Tucson,El Paso,Dry Van,307.9,35814.0,745.34,791.5385,457342200.0
TR-042081,2025-09-23,Fresno,Nashville,Flatbed,2131.7,33916.0,4440.3,4211.824,457342200.0
TR-042082,2025-09-23,Austin,Bakersfield,Dry Van,1202.1,35463.0,2524.09,2474.227,457342200.0
TR-042083,2025-09-23,Fort Wayne,Chattanooga,Dry Van,508.5,24358.0,1080.84,1065.3337,457342200.0
TR-042084,2025-09-23,Green Bay,Montgomery,Dry Van,1071.8,34193.0,2189.11,2236.5706,457342200.0
TR-042085,2025-09-23,Hartford,Amarillo,Dry Van,2118.2,30497.0,3963.65,3852.5852,457342200.0
TR-042086,2025-09-23,Amarillo,Memphis,Dry Van,990.4,34574.0,2167.86,2075.1748,457342200.0
TR-042087,2025-09-23,Cincinnati,Raleigh,Reefer,648.3,27333.0,1554.02,1513.0939,457342200.0
TR-042088,2025-09-23,Jacksonville,San Antonio,Dry Van,977.7,24658.0,2039.75,1997.3584,457342200.0
TR-042089,2025-09-23,Birmingham,Philadelphia,Dry Van,994.2,29108.0,2024.17,2004.9563,457342200.0
TR-042090,2025-09-23,Tulsa,New Orleans,Reefer,221.7,34803.0,681.2,692.74384,457342200.0
TR-042091,2025-09-23,Greensboro,Richmond,Dry Van,420.7,14491.0,890.9,932.995,457342200.0
TR-042092,2025-09-23,Savannah,Fresno,Reefer,2465.7,38572.0,5471.67,5062.2354,457342200.0
TR-042093,2025-09-23,Cincinnati,Milwaukee,Dry Van,240.8,22009.0,590.75,581.06757,457342200.0
TR-042094,2025-09-23,Buffalo,Fort Wayne,Dry Van,419.5,26398.0,873.95,897.4169,457342200.0
TR-042095,2025-09-23,Charleston,El Paso,Flatbed,2023.4,34377.0,4339.94,4124.3877,457342200.0
TR-042096,2025-09-23,Philadelphia,San Francisco,Flatbed,3077.1,26134.0,6219.04,5873.9844,457342200.0
TR-042097,2025-09-23,Hartford,Shreveport,Dry Van,1405.0,31376.0,2723.7,2774.0742,457342200.0
TR-042098,2025-09-23,Jacksonville,Washington,Dry Van,758.0,41490.0,1592.93,1621.6206,457342200.0
TR-042099,2025-09-23,Fort Wayne,Charleston,Reefer,686.8,19701.0,1570.77,1523.0154,457342200.0
TR-042100,2025-09-23,Cincinnati,Nashville,Reefer,180.5,34778.0,559.36,574.9903,457342200.0
TR-042101,2025-09-23,Savannah,Reno,Dry Van,2355.7,39626.0,4467.36,4432.6553,457342200.0
TR-042102,2025-09-23,Tampa,Philadelphia,Dry Van,1305.1,25704.0,2608.57,2508.4219,457342200.0
TR-042103,2025-09-23,Cincinnati,Syracuse,Dry Van,746.9,25447.0,1457.22,1457.7303,457342200.0
TR-042104,2025-09-23,San Antonio,Baton Rouge,Reefer,430.0,34023.0,1213.26,1145.7842,457342200.0
TR-042105,2025-09-24,Albany,Dayton,Dry Van,941.0,22788.0,1858.56,1828.1825,457342200.0
TR-042106,2025-09-24,Milwaukee,Tulsa,Reefer,649.3,31774.0,1640.99,1630.569,457342200.0
TR-042107,2025-09-24,Richmond,Buffalo,Flatbed,308.4,32451.0,831.82,839.4669,457342200.0
TR-042108,2025-09-24,Albuquerque,New York,Dry Van,2312.2,37779.0,4344.78,4288.9766,457342200.0
TR-042109,2025-09-24,Albany,Tucson,Dry Van,2844.4,42340.0,5375.13,5230.3325,457342200.0
TR-042110,2025-09-24,Tucson,Mobile,Dry Van,1690.2,21432.0,3243.45,3118.9626,457342200.0
TR-042111,2025-09-24,Buffalo,Syracuse,Reefer,165.0,43759.0,486.64,514.81683,457342200.0
TR-042112,2025-09-24,Jacksonville,Boston,Flatbed,1142.8,21087.0,2421.53,2344.886,457342200.0
TR-042113,2025-09-24,Mobile,Atlanta,Dry Van,303.5,31562.0,774.12,766.954,457342200.0
TR-042114,2025-09-24,Los Angeles,Green Bay,Flatbed,2197.4,36793.0,4504.8,4330.1304,457342200.0
TR-042115,2025-09-24,Washington,Hartford,Flatbed,319.0,45079.0,872.42,877.6146,457342200.0
TR-042116,2025-09-24,Raleigh,Greensboro,Reefer,356.6,33305.0,965.6,1181.2767,457342200.0
TR-042117,2025-09-24,El Paso,Lexington,Reefer,1659.8,30788.0,3812.94,3661.3413,457342200.0
TR-042118,2025-09-24,Nashville,Mobile,Dry Van,300.0,34038.0,765.42,747.6911,457342200.0
TR-042119,2025-09-24,Los Angeles,Buffalo,Dry Van,2724.3,33348.0,4913.77,4780.826,457342200.0
TR-042120,2025-09-24,Albany,Toledo,Reefer,793.7,36336.0,1907.82,1846.727,457342200.0
TR-042121,2025-09-24,Charleston,Phoenix,Dry Van,2461.9,26643.0,4576.82,6826.338,457342200.0
TR-042122,2025-09-24,Baltimore,Syracuse,Dry Van,480.8,42663.0,1075.11,1070.2947,457342200.0
TR-042123,2025-09-24,Harrisburg,Amarillo,Dry Van,1790.8,28752.0,3454.06,3412.043,457342200.0
TR-042124,2025-09-24,Albany,Tulsa,Dry Van,1763.2,30446.0,3492.43,3404.1965,457342200.0
TR-042125,2025-09-24,Syracuse,Memphis,Dry Van,1006.8,33478.0,2006.15,2031.6245,457342200.0
TR-042126,2025-09-24,El Paso,Houston,Dry Van,1074.8,32128.0,2311.97,2262.6401,457342200.0
TR-042127,2025-09-24,Reno,Hartford,Reefer,2886.3,21002.0,5685.16,5605.403,457342200.0
TR-042128,2025-09-24,San Antonio,Memphis,Dry Van,766.4,25000.0,1647.88,1604.9423,457342200.0
TR-042129,2025-09-24,Toledo,Baton Rouge,Reefer,1082.8,35123.0,2493.63,2474.8303,457342200.0
TR-042130,2025-09-24,Hartford,Memphis,Flatbed,1170.4,34419.0,2740.24,2745.144,457342200.0
TR-042131,2025-09-24,Houston,Fresno,Dry Van,1711.9,19782.0,3225.05,3175.7344,457342200.0
TR-042132,2025-09-24,Indianapolis,Green Bay,Dry Van,487.3,39202.0,1140.94,1071.6732,457342200.0
TR-042133,2025-09-24,Lexington,Fresno,Dry Van,2277.8,13702.0,4050.11,4648.7344,457342200.0
TR-042134,2025-09-24,Richmond,Cincinnati,Dry Van,666.4,40325.0,1500.33,1428.0083,457342200.0
TR-042135,2025-09-24,Salt Lake City,Buffalo,Dry Van,2238.8,33216.0,4161.55,4131.044,457342200.0
TR-042136,2025-09-24,Philadelphia,Lexington,Reefer,813.0,46964.0,2029.71,1951.9988,457342200.0
TR-042137,2025-09-24,Oklahoma City,Atlanta,Dry Van,845.7,32160.0,1841.47,1807.3955,457342200.0
TR-042138,2025-09-24,Raleigh,Dallas,Dry Van,1168.0,34172.0,2411.4,2444.92,457342200.0
TR-042139,2025-09-24,Memphis,Syracuse,Reefer,976.7,42538.0,2419.53,2398.7898,457342200.0
TR-042140,2025-09-24,Baltimore,Montgomery,Dry Van,1070.0,34158.0,2179.13,2263.5596,457342200.0
TR-042141,2025-09-24,Boston,New Orleans,Dry Van,1535.5,23998.0,3015.19,2860.735,457342200.0
TR-042142,2025-09-24,Lubbock,Savannah,Flatbed,1227.1,37446.0,2935.55,2766.3337,457342200.0
TR-042143,2025-09-24,Corpus Christi,Philadelphia,Dry Van,1779.8,27980.0,3418.66,3942.3884,457342200.0
TR-042144,2025-09-24,Bakersfield,Charleston,Dry Van,2419.9,47024.0,4715.78,4647.043,457342200.0
TR-042145,2025-09-24,Chattanooga,Tucson,Flatbed,1826.4,44849.0,4088.47,3861.5132,457342200.0
TR-042146,2025-09-24,Oklahoma City,Baltimore,Dry Van,1786.5,27356.0,3505.47,4847.4375,457342200.0
TR-042147,2025-09-24,Philadelphia,Reno,Dry Van,2773.7,33039.0,5063.42,4836.183,457342200.0
TR-042148,2025-09-24,Amarillo,Philadelphia,Flatbed,2117.6,23575.0,4446.28,4065.6328,457342200.0
TR-042149,2025-09-24,Green Bay,Columbia,Dry Van,812.8,34627.0,1733.22,1693.7548,457342200.0
TR-042150,2025-09-24,Grand Rapids,Lubbock,Dry Van,1415.5,35333.0,13026.22,2801.8389,457342200.0
TR-042151,2025-09-24,Tucson,Philadelphia,Flatbed,2728.7,36618.0,5884.52,5211.348,457342200.0
TR-042152,2025-09-24,Green Bay,Shreveport,Dry Van,984.2,32555.0,2109.73,2236.238,457342200.0
TR-042153,2025-09-24,El Paso,Harrisburg,Reefer,2126.3,21903.0,4373.32,4182.6587,457342200.0
TR-042154,2025-09-24,Albany,Savannah,Dry Van,1102.3,35217.0,2231.28,2259.7505,457342200.0
TR-042155,2025-09-24,Providence,El Paso,Dry Van,2743.0,23822.0,4987.73,4662.6704,457342200.0
TR-042156,2025-09-24,Savannah,Green Bay,Flatbed,943.3,25023.0,2100.75,1995.8806,457342200.0
TR-042157,2025-09-24,Atlanta,Albany,Reefer,1188.7,46083.0,2762.46,2795.641,457342200.0
TR-042158,2025-09-24,Phoenix,Birmingham,Reefer,2123.5,38174.0,5117.77,4380.704,457342200.0
TR-042159,2025-09-24,Shreveport,Oklahoma City,Flatbed,427.6,26970.0,1163.04,1093.6443,457342200.0
TR-042160,2025-09-24,Hartford,Fresno,Dry Van,3104.3,40421.0,5724.44,5575.5986,457342200.0
TR-042161,2025-09-24,Memphis,Columbia,Dry Van,433.0,25820.0,1018.98,976.49554,457342200.0
TR-042162,2025-09-24,Montgomery,Mobile,Flatbed,181.6,33302.0,564.94,595.1302,457342200.0
TR-042163,2025-09-24,Birmingham,Greensboro,Dry Van,370.6,43678.0,926.75,898.3255,457342200.0
TR-042164,2025-09-24,New Orleans,Tucson,Dry Van,1440.2,25270.0,2891.9,2812.7058,457342200.0
TR-042165,2025-09-24,Harrisburg,St. Louis,Dry Van,772.7,25722.0,1573.33,1545.7671,457342200.0
TR-042166,2025-09-24,Louisville,Lexington,Reefer,181.9,39067.0,562.12,585.7144,457342200.0
TR-042167,2025-09-24,Milwaukee,Richmond,Reefer,740.7,20961.0,1761.53,1712.6895,457342200.0
TR-042168,2025-09-24,Tulsa,Reno,Dry Van,1616.7,33249.0,3178.09,3148.4292,457342200.0
TR-042169,2025-09-24,San Antonio,Albany,Dry Van,2081.1,40261.0,4088.81,3905.1438,457342200.0
TR-042170,2025-09-24,Hartford,Grand Rapids,Reefer,914.0,22680.0,2056.92,1915.7175,457342200.0
TR-042171,2025-09-24,Kansas City,Greensboro,Flatbed,615.8,22392.0,1475.32,1437.2538,457342200.0
TR-042172,2025-09-24,Jacksonville,Green Bay,Reefer,1019.2,30717.0,2307.45,2260.0178,457342200.0
TR-042173,2025-09-24,Greensboro,Raleigh,Flatbed,367.9,26475.0,944.09,960.9233,457342200.0
TR-042174,2025-09-24,Lubbock,Nashville,Flatbed,916.1,35645.0,2244.31,2114.96,457342200.0
TR-042175,2025-09-24,Harrisburg,Montgomery,Dry Van,848.4,30473.0,1812.97,1766.4952,457342200.0
TR-042176,2025-09-24,Albany,Baltimore,Dry Van,496.3,25813.0,1017.35,1029.7491,457342200.0
TR-042177,2025-09-24,Shreveport,Cincinnati,Dry Van,545.9,30961.0,1223.55,1216.9535,457342200.0
TR-042178,2025-09-24,Tucson,Phoenix,Flatbed,274.5,35759.0,757.04,813.184,457342200.0
TR-042179,2025-09-24,Albuquerque,San Antonio,Flatbed,918.6,26218.0,2187.59,2054.1128,457342200.0
TR-042180,2025-09-24,Fort Wayne,Fresno,Dry Van,2266.7,23588.0,4031.66,3972.484,457342200.0
TR-042181,2025-09-24,Nashville,Milwaukee,Dry Van,378.2,36219.0,892.63,842.80457,457342200.0
TR-042182,2025-09-24,Hartford,Raleigh,Flatbed,508.7,35784.0,1257.54,1252.7172,457342200.0
TR-042183,2025-09-24,Oklahoma City,Mobile,Dry Van,712.5,25020.0,1578.48,1516.1189,457342200.0
TR-042184,2025-09-24,Amarillo,Los Angeles,Flatbed,911.0,27952.0,2122.13,2037.0708,457342200.0
TR-042185,2025-09-24,Albuquerque,Syracuse,Reefer,2146.3,39781.0,4599.91,4588.5083,457342200.0
TR-042186,2025-09-24,Los Angeles,Albany,Dry Van,3161.7,-25804.0,5692.34,5419.658,457342200.0
TR-042187,2025-09-24,Amarillo,Milwaukee,Dry Van,1148.4,24884.0,2230.17,2285.2747,457342200.0
TR-042188,2025-09-24,Nashville,Lubbock,Reefer,922.4,22337.0,2184.86,2175.3909,457342200.0
TR-042189,2025-09-24,Detroit,Tampa,Flatbed,1233.5,45787.0,2740.72,2692.2864,457342200.0
TR-042190,2025-09-24,Green Bay,Philadelphia,Dry Van,978.4,15240.0,1888.07,1890.4481,457342200.0
TR-042191,2025-09-24,Corpus Christi,Tucson,Dry Van,1239.1,40240.0,2647.68,2574.2007,457342200.0
TR-042192,2025-09-24,Richmond,New York,Dry Van,260.9,10620.0,594.17,599.5223,457342200.0
TR-042193,2025-09-24,Albuquerque,Houston,Dry Van,1068.2,43756.0,2258.15,2312.468,457342200.0
TR-042194,2025-09-24,Bakersfield,Fort Wayne,Flatbed,2098.0,20749.0,4305.47,3979.4248,457342200.0
TR-042195,2025-09-24,Albany,Reno,Dry Van,2865.1,32138.0,4852.12,4956.0913,457342200.0
TR-042196,2025-09-24,Chattanooga,Nashville,Reefer,73.4,14667.0,243.49,342.48615,457342200.0
TR-042197,2025-09-24,Atlanta,Green Bay,Flatbed,794.8,46384.0,1892.2,1864.9746,457342200.0
TR-042198,2025-09-24,Mobile,Syracuse,Dry Van,1174.3,33100.0,2316.44,2409.0063,457342200.0
TR-042199,2025-09-24,Tucson,Fresno,Dry Van,507.2,35913.0,1155.97,1156.4666,457342200.0
TR-042200,2025-09-24,Oklahoma City,Albany,Reefer,1998.7,42444.0,4488.03,4257.0083,457342200.0
TR-042201,2025-09-24,Columbia,Washington,Flatbed,541.4,36713.0,1357.36,1331.0869,457342200.0
TR-042202,2025-09-24,Grand Rapids,Charleston,Dry Van,868.1,11938.0,1715.81,1685.9604,457342200.0
TR-042203,2025-09-24,Birmingham,Los Angeles,Dry Van,2088.1,44778.0,4171.88,4162.7046,457342200.0
TR-042204,2025-09-24,San Francisco,Richmond,Flatbed,2868.2,42354.0,6023.57,5649.958,457342200.0
TR-042205,2025-09-24,Fort Wayne,Hartford,Dry Van,836.5,32592.0,1682.87,1705.9176,457342200.0
TR-042206,2025-09-24,Dallas,Austin,Reefer,422.6,28018.0,1167.82,1216.5146,457342200.0
TR-042207,2025-09-24,Tucson,Albany,Dry Van,2894.4,32512.0,5177.62,5141.843,457342200.0
TR-042208,2025-09-24,Oklahoma City,Houston,Dry Van,302.8,41091.0,805.16,800.3551,457342200.0
TR-042209,2025-09-24,Cincinnati,Chattanooga,Dry Van,170.7,27518.0,447.62,474.07507,457342200.0
TR-042210,2025-09-24,Baltimore,Hartford,Dry Van,130.7,35352.0,348.52,353.17603,457342200.0
TR-042211,2025-09-24,Salt Lake City,Mobile,Dry Van,1745.3,18981.0,3341.3,3165.329,457342200.0
TR-042212,2025-09-24,Albany,Atlanta,Flatbed,1229.0,38653.0,2766.75,2650.6367,457342200.0
TR-042213,2025-09-24,Philadelphia,Lubbock,Dry Van,1880.5,24170.0,3547.14,3504.06,457342200.0
TR-042214,2025-09-24,Nashville,Charleston,Reefer,574.1,13353.0,1407.31,1373.4304,457342200.0
TR-042215,2025-09-24,Fort Wayne,Tucson,Reefer,2024.5,28345.0,4228.77,4113.8467,457342200.0
TR-042216,2025-09-24,Richmond,Dayton,Dry Van,584.2,45462.0,1296.7,1281.4486,457342200.0
TR-042217,2025-09-24,Providence,Bakersfield,Flatbed,3048.3,34107.0,6474.77,5939.7554,457342200.0
TR-042218,2025-09-24,Hartford,El Paso,Flatbed,2584.6,35118.0,5551.14,4923.2163,457342200.0
TR-042219,2025-09-24,San Antonio,Baton Rouge,Dry Van,421.7,31477.0,1029.93,995.1762,457342200.0
TR-042220,2025-09-24,El Paso,Grand Rapids,Reefer,1731.8,30854.0,3775.4,3697.1982,457342200.0
TR-042221,2025-09-24,Baltimore,Milwaukee,Dry Van,1014.2,28460.0,2032.78,2011.4052,457342200.0
TR-042222,2025-09-24,Amarillo,Las Vegas,Reefer,735.4,26909.0,1777.36,1817.0796,457342200.0
TR-042223,2025-09-24,Indianapolis,Shreveport,Flatbed,555.2,19393.0,1369.6,1265.7012,457342200.0
TR-042224,2025-09-24,Toledo,Madison,Reefer,346.5,47500.0,933.03,979.1227,457342200.0
TR-042225,2025-09-24,Philadelphia,Los Angeles,Dry Van,3061.4,27146.0,5431.34,5368.915,457342200.0
TR-042226,2025-09-24,Shreveport,Lexington,Dry Van,600.5,30749.0,1325.03,1327.9749,457342200.0
TR-042227,2025-09-24,Baton Rouge,Bakersfield,Reefer,1661.0,23825.0,3705.15,3485.148,457342200.0
TR-042228,2025-09-24,Montgomery,Oklahoma City,Flatbed,879.0,30776.0,2122.83,2227.7896,457342200.0
TR-042229,2025-09-24,Columbia,Montgomery,Dry Van,339.8,22382.0,787.05,791.5716,457342200.0
TR-042230,2025-09-24,Boston,Philadelphia,Flatbed,243.7,27377.0,691.92,666.1944,457342200.0
TR-042231,2025-09-24,Greensboro,Savannah,Reefer,200.3,23636.0,570.79,623.6702,457342200.0
TR-042232,2025-09-24,El Paso,Charleston,Dry Van,1984.4,37106.0,3844.53,4316.1304,457342200.0
TR-042233,2025-09-24,Greensboro,Mobile,Reefer,506.3,37613.0,1335.3,1437.7104,457342200.0
TR-042234,2025-09-24,Phoenix,Albany,Flatbed,3072.9,21211.0,6033.69,5972.4106,457342200.0
TR-042235,2025-09-24,Lexington,Tucson,Reefer,1971.7,28134.0,4417.55,4071.7417,457342200.0
TR-042236,2025-09-24,Philadelphia,Washington,Dry Van,278.3,45557.0,671.84,684.66425,457342200.0
TR-042237,2025-09-24,Tucson,Nashville,Reefer,1726.2,45559.0,3973.01,3818.6099,457342200.0
TR-042238,2025-09-24,Dayton,Little Rock,Dry Van,626.3,34604.0,1366.55,1340.0182,457342200.0
TR-042239,2025-09-24,Kansas City,Nashville,Reefer,402.2,43608.0,1106.98,1074.3513,457342200.0
TR-042240,2025-09-24,Kansas City,Los Angeles,Flatbed,1894.7,19829.0,3923.25,3799.7898,457342200.0
TR-042241,2025-09-24,Mobile,Fresno,Flatbed,2131.8,29809.0,4649.34,4175.918,457342200.0
TR-042242,2025-09-24,Charleston,Los Angeles,Dry Van,2546.3,31167.0,4853.02,4637.589,457342200.0
TR-042243,2025-09-24,Memphis,Oklahoma City,Dry Van,692.2,47210.0,1615.3,1545.7781,457342200.0
TR-042244,2025-09-24,Atlanta,Birmingham,Dry Van,135.0,23642.0,366.07,391.8608,457342200.0
TR-042245,2025-09-24,Albany,Hartford,Dry Van,373.4,43428.0,858.82,831.01807,457342200.0
TR-042246,2025-09-24,Mobile,El Paso,Dry Van,1514.6,40048.0,3101.69,3009.8254,457342200.0
TR-042247,2025-09-24,Tampa,Shreveport,Dry Van,525.7,34368.0,1206.63,1188.524,457342200.0
TR-042248,2025-09-24,Hartford,Kansas City,Dry Van,1192.7,25681.0,2329.37,2316.1902,457342200.0
TR-042249,2025-09-24,Buffalo,Tampa,Dry Van,1172.3,38429.0,2427.31,2432.173,457342200.0
TR-042250,2025-09-24,Jacksonville,Birmingham,Dry Van,212.5,11633.0,515.93,593.49945,457342200.0
TR-042251,2025-09-24,Philadelphia,Tucson,Dry Van,2606.7,35796.0,4981.33,5041.4253,457342200.0
TR-042252,2025-09-24,Chattanooga,Amarillo,Dry Van,1159.0,36896.0,2447.3,2497.6614,457342200.0
TR-042253,2025-09-24,San Francisco,Grand Rapids,Flatbed,2284.0,34038.0,4771.94,4484.12,457342200.0
TR-042254,2025-09-24,El Paso,Indianapolis,Dry Van,1497.1,26442.0,2881.01,2828.4312,457342200.0
TR-042255,2025-09-24,San Francisco,Richmond,Dry Van,2929.9,27783.0,5092.81,5057.739,457342200.0
TR-042256,2025-09-24,Tulsa,Columbia,Dry Van,792.6,41267.0,1789.16,1696.8699,457342200.0
TR-042257,2025-09-24,Boston,Dayton,Reefer,994.1,38546.0,2331.54,2351.4387,457342200.0
TR-042258,2025-09-24,Oklahoma City,Tampa,Dry Van,871.4,33570.0,1886.18,1861.0183,457342200.0
TR-042259,2025-09-24,New York,St. Louis,Dry Van,1028.1,31168.0,681.3,2024.1744,457342200.0
TR-042260,2025-09-25,Columbia,Birmingham,Dry Van,278.9,30888.0,717.72,680.5254,457342200.0
TR-042261,2025-09-25,Charleston,Providence,Reefer,730.5,25676.0,1756.86,1686.5486,457342200.0
TR-042262,2025-09-25,Baton Rouge,Grand Rapids,Dry Van,1148.3,47500.0,2355.19,2441.871,457342200.0
TR-042263,2025-09-25,Fort Wayne,Austin,Dry Van,1338.7,35612.0,2682.7,2606.478,457342200.0
TR-042264,2025-09-25,Dayton,Lubbock,Reefer,1277.3,37691.0,3126.04,2958.5708,457342200.0
TR-042265,2025-09-25,Tucson,Philadelphia,Reefer,2696.1,42132.0,5887.74,5483.1436,457342200.0
TR-042266,2025-09-25,Houston,Providence,Flatbed,1745.6,38714.0,4133.57,3686.7979,457342200.0
TR-042267,2025-09-25,Montgomery,Corpus Christi,Flatbed,730.8,26898.0,1756.17,1696.627,457342200.0
TR-042268,2025-09-25,Phoenix,Fort Wayne,Reefer,2213.1,21360.0,4584.97,4429.6885,457342200.0
TR-042269,2025-09-25,Charleston,Mobile,Reefer,624.8,33334.0,1605.89,1562.557,457342200.0
TR-042270,2025-09-25,Salt Lake City,Phoenix,Dry Van,536.9,24437.0,1147.94,1174.3822,457342200.0
TR-042271,2025-09-25,Los Angeles,Richmond,Dry Van,2765.7,34036.0,5084.53,5065.4385,457342200.0
TR-042272,2025-09-25,Richmond,Reno,Flatbed,2624.6,36497.0,5681.94,5021.748,457342200.0
TR-042273,2025-09-25,Fort Wayne,Richmond,Reefer,599.6,31367.0,1482.22,1429.8295,457342200.0
TR-042274,2025-09-25,Shreveport,Indianapolis,Reefer,540.5,26564.0,1396.36,1339.8961,457342200.0
TR-042275,2025-09-25,Buffalo,Phoenix,Dry Van,2638.7,22981.0,4739.76,4558.3926,457342200.0
TR-042276,2025-09-25,Jacksonville,Harrisburg,Reefer,774.9,41276.0,1909.96,1869.9298,457342200.0
TR-042277,2025-09-25,New Orleans,Fort Wayne,Dry Van,821.7,39272.0,1794.23,1753.3351,457342200.0
TR-042278,2025-09-25,Columbia,Fort Wayne,Dry Van,556.2,34719.0,1233.72,1193.5653,457342200.0
TR-042279,2025-09-25,Cincinnati,Detroit,Reefer,575.4,37380.0,1495.26,1475.2913,457342200.0
TR-042280,2025-09-25,Fort Wayne,Hartford,Reefer,840.1,33981.0,1961.16,1917.0256,457342200.0
TR-042281,2025-09-25,Greensboro,Raleigh,Dry Van,368.3,35819.0,870.43,857.8958,457342200.0
TR-042282,2025-09-25,Oklahoma City,Houston,Flatbed,289.2,12076.0,804.31,785.9625,457342200.0
TR-042283,2025-09-25,Oklahoma City,Albany,Reefer,2045.8,22825.0,4348.33,4036.5828,457342200.0
TR-042284,2025-09-25,Corpus Christi,Toledo,Dry Van,1329.7,36883.0,2592.04,2660.109,457342200.0
TR-042285,2025-09-25,Providence,Greensboro,Reefer,895.7,24390.0,2109.59,1979.756,457342200.0
TR-042286,2025-09-25,Corpus Christi,Amarillo,Dry Van,692.8,38834.0,1611.88,1556.8448,457342200.0
TR-042287,2025-09-25,Atlanta,Philadelphia,Flatbed,923.8,45038.0,2240.76,2193.659,457342200.0
TR-042288,2025-09-25,San Francisco,Albany,Dry Van,3180.2,27690.0,5578.56,5471.105,457342200.0
TR-042289,2025-09-25,Little Rock,Fresno,Reefer,1897.2,21824.0,4226.82,3917.2314,457342200.0
TR-042290,2025-09-25,Shreveport,Columbia,Flatbed,649.7,28358.0,1656.6,1544.509,457342200.0
TR-042291,2025-09-25,Louisville,Fort Wayne,Dry Van,353.9,30639.0,826.89,819.25995,457342200.0
TR-042292,2025-09-25,Mobile,Memphis,Dry Van,334.4,33435.0,866.09,884.75916,457342200.0
TR-042293,2025-09-25,Green Bay,Milwaukee,Reefer,384.8,42732.0,1042.68,1058.6383,457342200.0
TR-042294,2025-09-25,Raleigh,Washington,Dry Van,305.7,26667.0,708.86,744.6628,457342200.0
TR-042295,2025-09-25,Nashville,Montgomery,Dry Van,367.4,29766.0,857.15,856.5697,457342200.0
TR-042296,2025-09-25,Lexington,Oklahoma City,Reefer,1013.4,38364.0,2558.09,2513.918,457342200.0
TR-042297,2025-09-25,Milwaukee,Hartford,Dry Van,1028.3,38744.0,2094.08,2082.958,457342200.0
TR-042298,2025-09-25,Nashville,Richmond,Dry Van,780.4,41445.0,1663.96,1657.3374,457342200.0
TR-042299,2025-09-25,Fort Wayne,Tucson,Dry Van,1966.7,41988.0,3819.58,3836.272,457342200.0
TR-042300,2025-09-25,Albuquerque,Boston,Dry Van,2610.9,32554.0,4914.29,4695.567,457342200.0
TR-042301,2025-09-25,Bakersfield,Providence,Flatbed,3113.3,33980.0,6534.49,6116.526,457342200.0
TR-042302,2025-09-25,Nashville,Greensboro,Dry Van,371.1,28762.0,349.14,878.0652,457342200.0
TR-042303,2025-09-25,Grand Rapids,Hartford,Reefer,926.0,27301.0,2072.67,2079.649,457342200.0
TR-042304,2025-09-25,Tulsa,Savannah,Reefer,851.2,20480.0,2009.25,1981.691,457342200.0
TR-042305,2025-09-25,St. Louis,Providence,Flatbed,1314.4,16998.0,2805.6,2662.0354,457342200.0
TR-042306,2025-09-25,Fort Wayne,Tulsa,Dry Van,872.8,38325.0,1888.51,1816.0464,457342200.0
TR-042307,2025-09-25,Indianapolis,San Antonio,Reefer,969.8,32843.0,2359.77,2274.5745,457342200.0
TR-042308,2025-09-25,Dayton,Columbia,Dry Van,455.1,28005.0,1027.96,990.4324,457342200.0
TR-042309,2025-09-25,Houston,Atlanta,Dry Van,697.3,27718.0,1591.11,1495.5536,457342200.0
TR-042310,2025-09-25,Dallas,New York,Dry Van,1500.8,22744.0,2812.37,2975.9978,457342200.0
TR-042311,2025-09-25,Lubbock,San Francisco,Reefer,1569.4,25423.0,3643.04,3327.6978,457342200.0
TR-042312,2025-09-25,Greensboro,Grand Rapids,Reefer,661.3,40794.0,1603.47,1541.3282,457342200.0
TR-042313,2025-09-25,Oklahoma City,Albany,Reefer,2010.9,26220.0,4294.08,4127.431,457342200.0
TR-042314,2025-09-25,Lexington,Milwaukee,Dry Van,316.8,42276.0,800.37,770.15906,457342200.0
TR-042315,2025-09-25,Tulsa,Jacksonville,Flatbed,716.9,32344.0,1799.66,1722.2126,457342200.0
TR-042316,2025-09-25,Bakersfield,Corpus Christi,Dry Van,1466.3,13088.0,2828.46,2760.417,457342200.0
TR-042317,2025-09-25,San Antonio,Los Angeles,Dry Van,1296.1,31311.0,2614.01,2564.0188,457342200.0
TR-042318,2025-09-25,Lexington,Albany,Flatbed,1049.9,24572.0,2351.77,2188.4812,457342200.0
TR-042319,2025-09-25,Savannah,Reno,Dry Van,2379.6,17147.0,4229.68,4079.586,457342200.0
TR-042320,2025-09-25,Lexington,Washington,Dry Van,545.6,22475.0,1135.51,1148.3827,457342200.0
TR-042321,2025-09-25,Greensboro,New Orleans,Dry Van,728.4,44552.0,1636.35,1584.4424,457342200.0
TR-042322,2025-09-25,Tucson,Washington,Dry Van,2464.0,24877.0,4626.49,4346.1577,457342200.0
TR-042323,2025-09-25,Baltimore,Little Rock,Reefer,1304.7,25876.0,2890.62,2794.8926,457342200.0
TR-042324,2025-09-25,Corpus Christi,Oklahoma City,Dry Van,327.2,23823.0,816.62,774.17413,457342200.0
TR-042325,2025-09-25,Indianapolis,Syracuse,Dry Van,817.1,36245.0,1719.66,1710.7456,457342200.0
TR-042326,2025-09-25,Albany,Charleston,Reefer,940.1,39291.0,2209.21,2239.156,457342200.0
TR-042327,2025-09-25,Albany,Tucson,Dry Van,2786.1,44787.0,5345.03,5225.4395,457342200.0
TR-042328,2025-09-25,Albuquerque,Memphis,Dry Van,1323.0,19272.0,2616.64,2594.265,457342200.0
TR-042329,2025-09-25,Indianapolis,Atlanta,Flatbed,344.8,34089.0,940.28,918.5954,457342200.0
TR-042330,2025-09-25,Greensboro,Milwaukee,Dry Van,479.9,30152.0,1116.95,1135.0436,457342200.0
TR-042331,2025-09-25,Philadelphia,Lexington,Dry Van,807.5,45818.0,1760.83,1748.2869,457342200.0
TR-042332,2025-09-25,Austin,Madison,Dry Van,1172.6,19443.0,2281.31,2320.0432,457342200.0
TR-042333,2025-09-25,Fort Wayne,Mobile,Flatbed,798.6,34757.0,1963.71,1846.8398,457342200.0
TR-042334,2025-09-25,Green Bay,Oklahoma City,Flatbed,1222.6,23841.0,2622.01,2578.7937,457342200.0
TR-042335,2025-09-25,Los Angeles,New York,Dry Van,2954.6,43295.0,5614.38,5366.761,457342200.0
TR-042336,2025-09-25,Chattanooga,El Paso,Flatbed,1543.4,17148.0,3330.13,3070.317,457342200.0
TR-042337,2025-09-25,Milwaukee,Mobile,Dry Van,645.7,47500.0,1498.05,1409.8765,457342200.0
TR-042338,2025-09-25,Milwaukee,Albany,Dry Van,1105.4,46358.0,2239.53,2276.8662,457342200.0
TR-042339,2025-09-25,Fort Wayne,Tulsa,Dry Van,888.9,32035.0,1851.15,1831.4766,457342200.0
TR-042340,2025-09-25,New York,Charleston,Reefer,609.4,39270.0,1534.73,1512.523,457342200.0
TR-042341,2025-09-25,Tulsa,Nashville,Dry Van,478.1,20887.0,1083.05,1065.034,457342200.0
TR-042342,2025-09-25,Lexington,Raleigh,Flatbed,538.6,33945.0,1361.77,1324.5275,457342200.0
TR-042343,2025-09-25,Memphis,New York,Dry Van,1050.1,31865.0,2143.1,2080.0762,457342200.0
TR-042344,2025-09-25,Hartford,Baton Rouge,Dry Van,1561.7,40464.0,3123.92,3066.9878,457342200.0
TR-042345,2025-09-25,New Orleans,Tucson,Dry Van,1427.8,12762.0,2814.56,2744.6287,457342200.0
TR-042346,2025-09-25,Cincinnati,Tampa,Dry Van,735.8,29791.0,1623.43,1465.4644,457342200.0
TR-042347,2025-09-25,Fort Wayne,Philadelphia,Dry Van,791.7,37423.0,1738.95,1615.4568,457342200.0
TR-042348,2025-09-25,Boston,Baton Rouge,Dry Van,1658.2,21595.0,3114.73,3101.494,457342200.0
TR-042349,2025-09-25,Buffalo,Richmond,Flatbed,317.1,23674.0,828.58,801.2958,457342200.0
TR-042350,2025-09-25,New York,Jacksonville,Flatbed,964.9,27589.0,2160.03,2060.4739,457342200.0
TR-042351,2025-09-25,Shreveport,Houston,Flatbed,224.2,42986.0,714.4,705.0454,457342200.0
TR-042352,2025-09-25,Chattanooga,Hartford,Dry Van,1028.9,27076.0,2033.38,2021.9397,457342200.0
TR-042353,2025-09-25,Oklahoma City,Louisville,Dry Van,877.6,,1867.63,1857.7128,457342200.0
TR-042354,2025-09-25,Chattanooga,Little Rock,Flatbed,363.4,41817.0,3286.31,1029.7325,457342200.0
TR-042355,2025-09-25,El Paso,Tulsa,Dry Van,1041.1,32064.0,2228.56,2412.6975,457342200.0
TR-042356,2025-09-25,Hartford,Fort Wayne,Dry Van,838.3,29225.0,1708.13,1702.1794,457342200.0
TR-042357,2025-09-25,Savannah,Kansas City,Dry Van,742.2,29774.0,1571.24,1506.1984,457342200.0
TR-042358,2025-09-25,Nashville,Birmingham,Reefer,188.4,34898.0,602.47,627.8957,457342200.0
TR-042359,2025-09-25,Chattanooga,Philadelphia,Reefer,993.5,24723.0,2259.41,2260.0798,457342200.0
TR-042360,2025-09-25,Nashville,Louisville,Flatbed,190.9,29991.0,577.07,595.88074,457342200.0
TR-042361,2025-09-25,Shreveport,Tampa,Reefer,520.6,35339.0,1473.79,1409.6569,457342200.0
TR-042362,2025-09-25,Kansas City,Jacksonville,Dry Van,760.2,22408.0,1588.38,1499.9788,457342200.0
TR-042363,2025-09-25,Lubbock,San Antonio,Dry Van,137.1,25827.0,398.95,418.2382,457342200.0
TR-042364,2025-09-25,Cincinnati,Bakersfield,Dry Van,1939.6,34901.0,3622.14,3657.9836,457342200.0
TR-042365,2025-09-25,Toledo,Kansas City,Reefer,471.5,40763.0,1207.78,1180.4703,457342200.0
TR-042366,2025-09-25,Madison,Albany,Dry Van,1132.5,25043.0,2122.98,2163.3848,457342200.0
TR-042367,2025-09-25,Albany,New Orleans,Dry Van,1618.4,38304.0,3215.91,3167.46,457342200.0
TR-042368,2025-09-25,Charleston,Phoenix,Flatbed,2492.5,29516.0,5313.02,5510.477,457342200.0
TR-042369,2025-09-25,New York,Madison,Reefer,987.8,28608.0,2213.6,2323.64,457342200.0
TR-042370,2025-09-25,Memphis,Oklahoma City,Dry Van,694.4,19894.0,1507.78,1428.7612,457342200.0
TR-042371,2025-09-25,Oklahoma City,Houston,Dry Van,286.8,39448.0,771.72,740.31287,457342200.0
TR-042372,2025-09-25,Cincinnati,Harrisburg,Dry Van,599.2,36224.0,1328.96,1274.976,457342200.0
TR-042373,2025-09-25,Austin,St. Louis,Dry Van,981.8,,2118.79,2026.7249,457342200.0
TR-042374,2025-09-25,Los Angeles,Lexington,Dry Van,2276.9,29409.0,4227.79,4170.6304,457342200.0
TR-042375,2025-09-25,Fresno,New York,Dry Van,3025.9,25698.0,5325.72,5221.248,457342200.0
TR-042376,2025-09-25,Chattanooga,Toledo,Dry Van,575.1,29449.0,1249.91,1227.1128,457342200.0
TR-042377,2025-09-25,Harrisburg,Milwaukee,Flatbed,625.0,34800.0,1512.7,1456.3273,457342200.0
TR-042378,2025-09-25,Cincinnati,Baton Rouge,Flatbed,671.1,14744.0,1609.45,1517.6222,457342200.0
TR-042379,2025-09-25,Albany,Fort Wayne,Flatbed,886.7,17461.0,1933.19,1793.532,457342200.0
TR-042380,2025-09-25,Providence,Bakersfield,Dry Van,3058.6,27160.0,5617.44,5383.663,457342200.0
TR-042381,2025-09-25,Corpus Christi,Syracuse,Dry Van,1713.9,25481.0,3234.83,3176.681,457342200.0
TR-042382,2025-09-25,Bakersfield,Green Bay,Dry Van,2011.6,27573.0,3748.42,3648.0935,457342200.0
TR-042383,2025-09-25,Salt Lake City,Madison,Flatbed,1564.7,34636.0,3423.2,3330.9414,457342200.0
TR-042384,2025-09-25,Raleigh,Fort Wayne,Dry Van,675.5,15869.0,1331.03,1456.0206,457342200.0
TR-042385,2025-09-25,Bakersfield,Los Angeles,Flatbed,383.6,43646.0,1059.91,1049.7937,457342200.0
TR-042386,2025-09-25,Oklahoma City,Mobile,Dry Van,708.4,19601.0,1504.79,1503.0642,457342200.0
TR-042387,2025-09-25,Amarillo,Milwaukee,Dry Van,1175.0,31003.0,2393.85,2423.4287,457342200.0
TR-042388,2025-09-25,Columbia,Chattanooga,Dry Van,266.2,27821.0,655.29,664.4636,457342200.0
TR-042389,2025-09-25,Greensboro,Las Vegas,Flatbed,2189.4,29153.0,4798.24,4271.042,457342200.0
TR-042390,2025-09-25,Providence,Chattanooga,Dry Van,1145.2,19682.0,2274.23,2191.4722,457342200.0
TR-042391,2025-09-25,Mobile,Cincinnati,Dry Van,462.8,21807.0,1041.96,1047.8568,457342200.0
TR-042392,2025-09-25,Harrisburg,Los Angeles,Reefer,2673.9,46520.0,5701.19,5407.67,457342200.0
TR-042393,2025-09-25,San Francisco,Milwaukee,Flatbed,2135.2,27405.0,4495.91,4115.5884,457342200.0
TR-042394,2025-09-25,Dayton,Savannah,Flatbed,556.7,31437.0,1422.6,1292.0259,457342200.0
TR-042395,2025-09-25,Savannah,Raleigh,Flatbed,373.5,35682.0,1011.95,987.602,457342200.0
TR-042396,2025-09-25,Columbia,Kansas City,Dry Van,628.3,38256.0,1390.26,1348.4042,457342200.0
TR-042397,2025-09-25,Madison,Baltimore,Reefer,1093.2,27128.0,2470.44,2410.2793,457342200.0
TR-042398,2025-09-25,Memphis,Houston,Flatbed,574.8,21317.0,1453.23,1526.1058,457342200.0
TR-042399,2025-09-25,Lexington,Harrisburg,Dry Van,489.0,32178.0,1097.99,1060.8328,457342200.0
TR-042400,2025-09-25,Shreveport,Jacksonville,Flatbed,551.8,,1316.62,1377.4047,457342200.0
TR-042401,2025-09-25,Phoenix,Houston,Dry Van,1452.8,31835.0,3020.08,2853.637,457342200.0
TR-042402,2025-09-25,Lexington,San Antonio,Reefer,1120.5,31994.0,2731.0,2611.0237,457342200.0
TR-042403,2025-09-25,Providence,Philadelphia,Reefer,281.1,25304.0,752.07,749.376,457342200.0
TR-042404,2025-09-25,Chattanooga,Atlanta,Dry Van,90.0,32309.0,265.12,298.3917,457342200.0
TR-042405,2025-09-25,Oklahoma City,San Antonio,Reefer,214.9,41656.0,696.53,702.3038,457342200.0
TR-042406,2025-09-25,Milwaukee,Raleigh,Flatbed,784.0,43819.0,1937.24,1812.8475,457342200.0
TR-042407,2025-09-25,Hartford,Reno,Reefer,2873.9,31043.0,5952.63,6496.149,457342200.0
TR-042408,2025-09-25,Kansas City,San Francisco,Flatbed,2018.2,32396.0,4370.79,4085.5234,457342200.0
TR-042409,2025-09-25,Bakersfield,Syracuse,Dry Van,2667.0,38144.0,4989.37,5055.9795,457342200.0
TR-042410,2025-09-25,Lubbock,Las Vegas,Flatbed,1131.0,18860.0,2618.46,2414.8489,457342200.0
TR-042411,2025-09-25,Tucson,Jacksonville,Dry Van,1961.4,21037.0,3714.77,3635.8684,457342200.0
TR-042412,2025-09-25,New York,Jacksonville,Dry Van,946.0,29615.0,1882.15,1936.8347,457342200.0
TR-042413,2025-09-25,Mobile,Oklahoma City,Dry Van,727.8,30441.0,1660.95,1572.1027,457342200.0
TR-042414,2025-09-26,Detroit,Tucson,Dry Van,2083.6,36694.0,3924.21,3836.3188,457342200.0
TR-042415,2025-09-26,Columbia,Buffalo,Dry Van,658.3,22465.0,1313.9,1291.8666,457342200.0
TR-042416,2025-09-26,Shreveport,Fort Wayne,Dry Van,851.0,38250.0,1851.14,1785.259,457342200.0
TR-042417,2025-09-26,San Antonio,Montgomery,Reefer,872.7,39006.0,2224.97,2114.1245,457342200.0
TR-042418,2025-09-26,Raleigh,Tulsa,Reefer,1162.4,41645.0,2788.7,2811.2463,457342200.0
TR-042419,2025-09-26,Raleigh,Corpus Christi,Flatbed,1356.3,30791.0,2953.83,2909.817,457342200.0
TR-042420,2025-09-26,Grand Rapids,Providence,Flatbed,1113.0,35748.0,2436.98,2419.2566,457342200.0
TR-042421,2025-09-26,Philadelphia,Washington,Reefer,271.0,22816.0,710.92,712.7243,457342200.0
TR-042422,2025-09-26,Tucson,Lexington,Dry Van,1918.5,26393.0,3595.49,3552.6165,457342200.0
TR-042423,2025-09-26,Hartford,Boston,Dry Van,178.8,13055.0,438.63,452.502,457342200.0
TR-042424,2025-09-26,Hartford,Richmond,Flatbed,336.7,36741.0,893.91,888.8172,457342200.0
TR-042425,2025-09-26,Harrisburg,Dayton,Reefer,486.5,35525.0,1258.11,1193.4899,457342200.0
TR-042426,2025-09-26,Milwaukee,Oklahoma City,Reefer,936.9,31061.0,2316.54,2220.6301,457342200.0
TR-042427,2025-09-26,Lexington,Memphis,Flatbed,320.4,42560.0,917.99,906.5836,457342200.0
TR-042428,2025-09-26,Shreveport,San Antonio,Dry Van,502.1,38169.0,1235.8,1186.6865,457342200.0
TR-042429,2025-09-26,Philadelphia,Phoenix,Flatbed,2902.6,18464.0,5847.69,5350.9614,457342200.0
TR-042430,2025-09-26,Mobile,Memphis,Dry Van,314.7,32723.0,827.54,846.20386,457342200.0
TR-042431,2025-09-26,Mobile,Madison,Dry Van,824.6,43992.0,1730.12,1786.7009,457342200.0
TR-042432,2025-09-26,Raleigh,Corpus Christi,Dry Van,1392.0,37812.0,2799.82,2833.1465,457342200.0
TR-042433,2025-09-26,Hartford,Lexington,Reefer,853.6,23492.0,2000.12,1890.5938,457342200.0
TR-042434,2025-09-26,Toledo,Memphis,Reefer,618.7,35505.0,1506.38,1457.7874,457342200.0
TR-042435,2025-09-26,Detroit,San Antonio,Reefer,1463.9,29385.0,3221.62,3072.977,457342200.0
TR-042436,2025-09-26,Albany,Green Bay,Dry Van,954.1,35001.0,1913.19,1888.1812,457342200.0
TR-042437,2025-09-26,Savannah,Birmingham,Dry Van,318.6,16576.0,764.33,736.6164,457342200.0
TR-042438,2025-09-26,Toledo,Austin,Dry Van,1445.9,37298.0,7197.15,2836.334,457342200.0
TR-042439,2025-09-26,Grand Rapids,Green Bay,Reefer,109.3,25443.0,331.48,340.89136,457342200.0
TR-042440,2025-09-26,Oklahoma City,Hartford,Flatbed,1858.8,,4225.65,3864.7954,457342200.0
TR-042441,2025-09-26,Richmond,San Antonio,Dry Van,1583.4,29845.0,3139.51,2977.0527,457342200.0
TR-042442,2025-09-26,San Francisco,St. Louis,Reefer,2081.4,25978.0,4386.98,4136.838,457342200.0
TR-042443,2025-09-26,Cincinnati,Harrisburg,Dry Van,608.3,32596.0,1267.35,1287.7655,457342200.0
TR-042444,2025-09-26,Phoenix,Tucson,Flatbed,276.7,34304.0,803.21,777.125,457342200.0
TR-042445,2025-09-26,Shreveport,Fort Wayne,Flatbed,861.0,35882.0,2102.08,1971.8491,457342200.0
TR-042446,2025-09-26,Baltimore,El Paso,Dry Van,2459.5,38547.0,4777.51,4622.385,457342200.0
TR-042447,2025-09-26,Mobile,Little Rock,Dry Van,341.1,18114.0,837.27,788.2896,457342200.0
TR-042448,2025-09-26,Greensboro,Chattanooga,Dry Van,325.4,24595.0,772.63,737.114,457342200.0
TR-042449,2025-09-26,Reno,Montgomery,Reefer,2248.1,25194.0,4595.52,4408.0083,457342200.0
TR-042450,2025-09-26,Austin,Charleston,Dry Van,1419.7,38820.0,3035.82,2877.0452,457342200.0
TR-042451,2025-09-26,Little Rock,San Antonio,Reefer,591.7,44931.0,1621.3,1673.9766,457342200.0
TR-042452,2025-09-26,Mobile,Tulsa,Dry Van,479.2,28853.0,1129.55,1090.9465,457342200.0
TR-042453,2025-09-26,Fort Wayne,Hartford,Dry Van,840.2,20529.0,5949.01,1622.4886,457342200.0
TR-042454,2025-09-26,Fort Wayne,Savannah,Dry Van,665.1,35655.0,1498.77,1365.3315,457342200.0
TR-042455,2025-09-26,San Francisco,Shreveport,Dry Van,2002.4,16548.0,3769.39,3575.29,457342200.0
TR-042456,2025-09-26,Raleigh,Milwaukee,Reefer,819.2,43495.0,2016.06,2018.8402,457342200.0
TR-042457,2025-09-26,Greensboro,Madison,Dry Van,671.5,28827.0,1452.6,1345.9962,457342200.0
TR-042458,2025-09-26,Bakersfield,Cincinnati,Dry Van,1962.7,31160.0,3944.75,3711.6538,457342200.0
TR-042459,2025-09-26,Kansas City,Mobile,Dry Van,639.9,20665.0,476.98,1304.5388,457342200.0
TR-042460,2025-09-26,Syracuse,Savannah,Reefer,854.3,16316.0,1954.77,1854.8898,457342200.0
TR-042461,2025-09-26,Austin,Kansas City,Flatbed,977.6,31125.0,2346.68,2204.548,457342200.0
TR-042462,2025-09-26,Jacksonville,Fresno,Flatbed,2357.3,43291.0,5213.61,4636.215,457342200.0
TR-042463,2025-09-26,Tucson,Buffalo,Dry Van,2397.0,23436.0,4288.85,4190.299,457342200.0
TR-042464,2025-09-26,Lexington,Raleigh,Dry Van,526.5,34285.0,1171.1,1150.3053,457342200.0
TR-042465,2025-09-26,Bakersfield,Savannah,Dry Van,2282.6,31407.0,4309.85,4216.711,457342200.0
TR-042466,2025-09-26,Montgomery,Austin,Dry Van,957.3,27971.0,1991.22,1961.5942,457342200.0
TR-042467,2025-09-26,Providence,Green Bay,Dry Van,1230.1,27852.0,2363.42,2383.0818,457342200.0
TR-042468,2025-09-26,Houston,Boston,Flatbed,1772.4,22925.0,3795.38,3522.0288,457342200.0
TR-042469,2025-09-26,Kansas City,Hartford,Dry Van,1178.6,38621.0,2366.45,2406.9001,457342200.0
TR-042470,2025-09-26,Fort Wayne,Grand Rapids,Dry Van,200.6,35984.0,486.54,497.67722,457342200.0
TR-042471,2025-09-26,Bakersfield,Madison,Dry Van,1837.7,24507.0,3358.71,3429.528,457342200.0
TR-042472,2025-09-26,San Antonio,Mobile,Reefer,739.1,38944.0,1934.7,1879.4991,457342200.0
TR-042473,2025-09-26,Indianapolis,Bakersfield,Dry Van,1820.6,37540.0,3463.26,3555.2417,457342200.0
TR-042474,2025-09-26,Mobile,St. Louis,Dry Van,561.4,27611.0,1226.42,1218.9004,457342200.0
TR-042475,2025-09-26,San Francisco,Baton Rouge,Reefer,2018.6,34827.0,4536.04,4230.186,457342200.0
TR-042476,2025-09-26,Shreveport,Mobile,Flatbed,316.2,24136.0,867.93,858.1203,457342200.0
TR-042477,2025-09-26,Indianapolis,Nashville,Dry Van,298.5,25688.0,717.39,705.2335,457342200.0
TR-042478,2025-09-26,Baton Rouge,Lubbock,Reefer,521.4,44402.0,1486.08,1466.1881,457342200.0
TR-042479,2025-09-26,Kansas City,Atlanta,Dry Van,487.6,20838.0,1078.07,1030.2408,457342200.0
TR-042480,2025-09-26,St. Louis,Atlanta,Dry Van,365.4,24090.0,855.88,816.6048,457342200.0
TR-042481,2025-09-26,Lexington,Mobile,Dry Van,485.7,40088.0,1126.38,1092.771,457342200.0
TR-042482,2025-09-26,Providence,Grand Rapids,Dry Van,1141.6,39315.0,2335.12,2295.228,457342200.0
TR-042483,2025-09-26,Charleston,Salt Lake City,Dry Van,2177.4,33041.0,4188.51,4112.3115,457342200.0
TR-042484,2025-09-26,El Paso,Amarillo,Dry Van,424.1,41507.0,1036.67,1034.8372,457342200.0
TR-042485,2025-09-26,Atlanta,Richmond,Dry Van,675.6,27619.0,1403.1,1375.1042,457342200.0
TR-042486,2025-09-26,San Francisco,Albany,Flatbed,3114.8,38233.0,6403.51,6073.9453,457342200.0
TR-042487,2025-09-26,Richmond,Austin,Flatbed,1692.0,19875.0,3634.68,3313.606,457342200.0
TR-042488,2025-09-26,Tucson,Fort Wayne,Flatbed,2006.3,26166.0,4184.34,3962.409,457342200.0
TR-042489,2025-09-26,Tulsa,Toledo,Reefer,961.5,33427.0,2363.97,2205.493,457342200.0
TR-042490,2025-09-26,Cincinnati,Charleston,Flatbed,538.6,42720.0,1438.09,1385.993,457342200.0
TR-042491,2025-09-26,Fort Wayne,Albuquerque,Reefer,1610.5,34722.0,3636.61,3544.2644,457342200.0
TR-042492,2025-09-26,Memphis,Grand Rapids,Flatbed,686.4,31400.0,1632.67,1514.5144,457342200.0
TR-042493,2025-09-26,Philadelphia,Toledo,Dry Van,762.4,47500.0,1583.25,1593.0371,457342200.0
TR-042494,2025-09-26,St. Louis,Fresno,Flatbed,1974.8,20038.0,4072.03,3865.612,457342200.0
TR-042495,2025-09-26,Buffalo,Charleston,Reefer,620.3,24114.0,1455.84,1423.278,457342200.0
TR-042496,2025-09-26,Amarillo,Montgomery,Dry Van,1257.2,23819.0,2488.14,2489.8018,457342200.0
TR-042497,2025-09-26,Kansas City,Richmond,Reefer,952.5,13254.0,2108.81,2042.53,457342200.0
TR-042498,2025-09-26,Buffalo,Hartford,Flatbed,445.0,30002.0,1117.43,1058.7311,457342200.0
TR-042499,2025-09-26,Dallas,Atlanta,Dry Van,622.7,22385.0,1343.06,1691.9694,457342200.0
TR-042500,2025-09-26,New York,Memphis,Dry Van,1091.4,23482.0,2082.19,2132.7236,457342200.0
TR-042501,2025-09-26,Kansas City,Phoenix,Reefer,1894.6,39509.0,4204.51,4409.8765,457342200.0
TR-042502,2025-09-26,Amarillo,Harrisburg,Flatbed,1811.5,32653.0,3876.29,3737.0432,457342200.0
TR-042503,2025-09-26,Green Bay,Baltimore,Reefer,1011.3,36261.0,2423.56,2357.7249,457342200.0
TR-042504,2025-09-26,St. Louis,Shreveport,Reefer,502.2,31442.0,1323.85,1278.6656,457342200.0
TR-042505,2025-09-26,Albuquerque,San Antonio,Reefer,906.5,42615.0,2343.57,2195.6958,457342200.0
TR-042506,2025-09-26,Little Rock,Boston,Reefer,1564.3,16338.0,3422.31,3197.6494,457342200.0
TR-042507,2025-09-26,Charleston,Las Vegas,Dry Van,2319.4,27928.0,4348.13,4207.089,457342200.0
TR-042508,2025-09-26,Phoenix,Hartford,Dry Van,3102.5,36004.0,5711.86,5632.872,457342200.0
TR-042509,2025-09-26,Grand Rapids,Oklahoma City,Dry Van,1205.5,42193.0,2446.06,2469.8743,457342200.0
TR-042510,2025-09-26,Phoenix,Madison,Reefer,2042.5,29604.0,4401.36,4085.6409,457342200.0
TR-042511,2025-09-26,Kansas City,Birmingham,Dry Van,586.9,21767.0,1276.3,1216.5399,457342200.0
TR-042512,2025-09-26,Harrisburg,Fresno,Flatbed,2647.5,35997.0,5677.85,5156.0864,457342200.0
TR-042513,2025-09-26,San Antonio,Lubbock,Dry Van,126.7,31647.0,373.96,395.34024,457342200.0
TR-042514,2025-09-26,Philadelphia,Tulsa,Flatbed,1497.7,23823.0,1005.85,3045.1829,457342200.0
TR-042515,2025-09-26,Lexington,Syracuse,Flatbed,686.1,13336.0,1504.47,1445.8789,457342200.0
TR-042516,2025-09-26,New York,Oklahoma City,Reefer,1765.1,28689.0,3972.93,3776.4956,457342200.0
TR-042517,2025-09-26,Fresno,Milwaukee,Reefer,2097.9,31467.0,4452.33,4192.1147,457342200.0
TR-042518,2025-09-26,Houston,Philadelphia,Reefer,1608.3,29610.0,3515.61,3396.716,457342200.0
TR-042519,2025-09-26,Bakersfield,Atlanta,Dry Van,2046.0,12624.0,3844.97,3622.6536,457342200.0
TR-042520,2025-09-26,Dallas,Buffalo,Reefer,1295.4,21045.0,2842.44,2754.0037,457342200.0
TR-042521,2025-09-26,Oklahoma City,Tucson,Reefer,1033.3,34928.0,2536.06,2445.89,457342200.0
TR-042522,2025-09-26,Greensboro,Tulsa,Reefer,846.8,36279.0,2157.59,2072.0144,457342200.0
TR-042523,2025-09-26,San Antonio,Grand Rapids,Reefer,1400.0,31430.0,3229.8,3058.6353,457342200.0
TR-042524,2025-09-26,Philadelphia,Oklahoma City,Dry Van,1790.0,27988.0,3380.7,3358.8147,457342200.0
TR-042525,2025-09-26,Hartford,Milwaukee,Dry Van,1011.6,20468.0,1945.45,1950.3429,457342200.0
TR-042526,2025-09-26,Little Rock,Tulsa,Reefer,221.0,37948.0,700.79,685.65936,457342200.0
TR-042527,2025-09-26,Fort Wayne,Detroit,Reefer,230.0,12900.0,602.06,601.7854,457342200.0
TR-042528,2025-09-26,Oklahoma City,San Francisco,Dry Van,1581.1,15192.0,3003.63,2904.5298,457342200.0
TR-042529,2025-09-26,Tampa,Greensboro,Flatbed,692.3,19168.0,1638.01,1525.2109,457342200.0
TR-042530,2025-09-26,Amarillo,Toledo,Reefer,1463.2,38810.0,3511.37,3284.756,457342200.0
TR-042531,2025-09-26,Richmond,Indianapolis,Dry Van,751.6,43318.0,1592.95,1590.54,457342200.0
TR-042532,2025-09-26,Montgomery,Albany,Reefer,1380.5,24513.0,3013.31,2920.6274,457342200.0
TR-042533,2025-09-26,Boston,Providence,Reefer,166.8,39799.0,504.51,509.82535,457342200.0
TR-042534,2025-09-26,Phoenix,Hartford,Dry Van,2983.6,33492.0,5547.79,5434.732,457342200.0
TR-042535,2025-09-26,Albuquerque,New York,Dry Van,2339.9,25814.0,4132.72,4066.2156,457342200.0
TR-042536,2025-09-26,Nashville,San Antonio,Dry Van,858.1,33450.0,1922.36,1837.3381,457342200.0
TR-042537,2025-09-26,Lexington,Atlanta,Reefer,220.4,34639.0,679.25,667.1265,457342200.0
TR-042538,2025-09-26,Indianapolis,Nashville,Dry Van,273.1,39257.0,708.81,686.056,457342200.0
TR-042539,2025-09-26,Tampa,Charleston,Dry Van,698.6,45932.0,1546.85,1498.5314,457342200.0
TR-042540,2025-09-26,Indianapolis,Oklahoma City,Dry Van,851.7,19425.0,1804.41,1725.121,457342200.0
TR-042541,2025-09-26,Houston,Fort Wayne,Dry Van,1076.7,26587.0,2248.78,2151.1396,457342200.0
TR-042542,2025-09-26,Jacksonville,Shreveport,Reefer,565.0,42985.0,1472.19,1507.7601,457342200.0
TR-042543,2025-09-26,New York,Baton Rouge,Flatbed,1469.5,39708.0,3356.17,3155.7043,457342200.0
TR-042544,2025-09-26,Cincinnati,Shreveport,Dry Van,551.2,32825.0,1298.09,1217.6129,457342200.0
TR-042545,2025-09-26,Washington,New York,Flatbed,232.3,29330.0,624.76,638.2631,457342200.0
TR-042546,2025-09-26,Corpus Christi,Montgomery,Flatbed,725.2,26315.0,1757.41,1693.1427,457342200.0
TR-042547,2025-09-26,Bakersfield,Chattanooga,Reefer,1966.8,31414.0,4356.9,4093.6921,457342200.0
TR-042548,2025-09-26,Dayton,Lexington,Flatbed,255.5,38846.0,726.29,690.05963,457342200.0
TR-042549,2025-09-26,Greensboro,Albany,Reefer,954.1,29095.0,2116.49,2097.1711,457342200.0
TR-042550,2025-09-26,Oklahoma City,Chattanooga,Reefer,819.3,26466.0,2038.12,1928.7821,457342200.0
TR-042551,2025-09-26,Bakersfield,Nashville,Dry Van,1923.6,28537.0,3755.51,3594.0125,457342200.0
TR-042552,2025-09-27,El Paso,Cincinnati,Dry Van,1588.4,43529.0,3268.21,3144.7546,457342200.0
TR-042553,2025-09-27,Chattanooga,San Francisco,Dry Van,2282.6,25432.0,4170.77,4133.0977,457342200.0
TR-042554,2025-09-27,Salt Lake City,Tulsa,Dry Van,1268.5,33136.0,2525.86,2543.465,457342200.0
TR-042555,2025-09-27,Albany,Lexington,Reefer,1046.1,33944.0,2319.48,2488.2537,457342200.0
TR-042556,2025-09-27,Atlanta,Bakersfield,Dry Van,1973.3,20366.0,3623.63,3553.8088,457342200.0
TR-042557,2025-09-27,Greensboro,Charleston,Dry Van,282.1,26288.0,671.62,661.1568,457342200.0
TR-042558,2025-09-27,Fort Wayne,Lexington,Dry Van,370.5,45437.0,875.9,831.9671,457342200.0
TR-042559,2025-09-27,Chattanooga,Amarillo,Flatbed,1150.4,43499.0,2703.93,2747.6506,457342200.0
TR-042560,2025-09-27,Detroit,Nashville,Flatbed,723.8,31088.0,1660.86,1595.0269,457342200.0
TR-042561,2025-09-27,Chattanooga,Albuquerque,Dry Van,1434.9,35591.0,2947.68,2875.2363,457342200.0
TR-042562,2025-09-27,Albany,Corpus Christi,Dry Van,2042.2,36398.0,3944.36,3764.1748,457342200.0
TR-042563,2025-09-27,San Antonio,Savannah,Dry Van,1144.1,35428.0,2402.78,2330.0024,457342200.0
TR-042564,2025-09-27,Reno,Memphis,Reefer,1899.1,32451.0,4038.01,4474.2144,457342200.0
TR-042565,2025-09-27,Fresno,Tulsa,Dry Van,1692.6,30795.0,3409.5,3219.2913,457342200.0
TR-042566,2025-09-27,Fort Wayne,Richmond,Dry Van,603.0,36689.0,1308.52,1274.033,457342200.0
TR-042567,2025-09-27,Hartford,Corpus Christi,Reefer,1809.6,35599.0,4072.33,3869.4204,457342200.0
TR-042568,2025-09-27,Albany,Tulsa,Reefer,1748.1,24050.0,3812.12,3592.019,457342200.0
TR-042569,2025-09-27,Tucson,Baton Rouge,Flatbed,1401.3,22094.0,2971.41,3357.1506,457342200.0
TR-042570,2025-09-27,Little Rock,Dayton,Dry Van,609.7,29566.0,1301.34,1286.4498,457342200.0
TR-042571,2025-09-27,Boston,Grand Rapids,Dry Van,1058.2,37193.0,2120.19,2192.19,457342200.0
TR-042572,2025-09-27,Shreveport,Baton Rouge,Reefer,178.1,35667.0,584.16,587.4274,457342200.0
TR-042573,2025-09-27,Kansas City,Mobile,Flatbed,663.8,28051.0,1633.96,1513.136,457342200.0
TR-042574,2025-09-27,San Antonio,Madison,Dry Van,1163.3,26217.0,2292.18,2321.1343,457342200.0
TR-042575,2025-09-27,Nashville,Little Rock,Reefer,291.5,21661.0,804.32,793.8939,457342200.0
TR-042576,2025-09-27,Albuquerque,Fresno,Dry Van,722.3,34363.0,1583.61,1556.7555,457342200.0
TR-042577,2025-09-27,Shreveport,Mobile,Flatbed,291.6,33458.0,871.46,803.26324,457342200.0
TR-042578,2025-09-27,Mobile,Cincinnati,Dry Van,460.2,38929.0,1076.42,1069.184,457342200.0
TR-042579,2025-09-27,Albany,Tulsa,Dry Van,1733.0,22092.0,3190.59,3132.2083,457342200.0
TR-042580,2025-09-27,Savannah,Syracuse,Flatbed,836.3,38067.0,2002.72,1888.6553,457342200.0
TR-042581,2025-09-27,Cincinnati,Hartford,Flatbed,951.2,34921.0,2114.27,2041.8472,457342200.0
TR-042582,2025-09-27,Austin,Richmond,Dry Van,1674.6,35318.0,3385.79,3243.761,457342200.0
TR-042583,2025-09-27,Harrisburg,San Antonio,Dry Van,1576.5,45853.0,3171.86,3086.1562,457342200.0
TR-042584,2025-09-27,Washington,Toledo,Dry Van,520.1,41883.0,1119.0,1123.8269,457342200.0
TR-042585,2025-09-27,Mobile,Montgomery,Flatbed,170.8,33879.0,526.16,566.60846,457342200.0
TR-042586,2025-09-27,Madison,Corpus Christi,Dry Van,1093.8,22179.0,2119.88,2137.4482,457342200.0
TR-042587,2025-09-27,Louisville,Baltimore,Dry Van,936.2,25076.0,1875.07,1897.3951,457342200.0
TR-042588,2025-09-27,Columbia,Oklahoma City,Dry Van,1055.8,29471.0,2146.22,2125.0234,457342200.0
TR-042589,2025-09-27,Montgomery,Raleigh,Flatbed,668.4,36149.0,1692.33,1618.1461,457342200.0
TR-042590,2025-09-27,Chattanooga,Baton Rouge,Flatbed,554.3,36847.0,1467.23,1386.3286,457342200.0
TR-042591,2025-09-27,Fort Wayne,Lexington,Flatbed,372.0,29360.0,965.68,911.8369,457342200.0
TR-042592,2025-09-27,Nashville,Dallas,Flatbed,527.0,37240.0,1378.86,1356.2577,457342200.0
TR-042593,2025-09-27,Kansas City,Amarillo,Dry Van,983.7,33179.0,2043.1,2017.7229,457342200.0
TR-042594,2025-09-27,Tucson,Lubbock,Reefer,959.2,28753.0,2271.11,2237.3535,457342200.0
TR-042595,2025-09-27,Lubbock,Toledo,Dry Van,1396.8,31280.0,2706.85,2719.1082,457342200.0
TR-042596,2025-09-27,Las Vegas,Greensboro,Reefer,2168.1,27125.0,4509.16,4330.947,457342200.0
TR-042597,2025-09-27,Milwaukee,Tulsa,Dry Van,663.4,18655.0,1407.84,1327.3552,457342200.0
TR-042598,2025-09-27,Amarillo,Baton Rouge,Dry Van,827.5,39857.0,1840.77,1795.7535,457342200.0
TR-042599,2025-09-27,Bakersfield,Lubbock,Dry Van,1184.4,27950.0,2314.18,2374.6797,457342200.0
TR-042600,2025-09-27,Albany,Albuquerque,Reefer,2412.0,44558.0,5204.12,5015.5737,457342200.0
TR-042601,2025-09-27,Chattanooga,Phoenix,Flatbed,2040.2,26916.0,4380.96,4132.3076,457342200.0
TR-042602,2025-09-27,Los Angeles,El Paso,Dry Van,573.0,46397.0,1331.02,1280.7286,457342200.0
TR-042603,2025-09-27,Amarillo,Oklahoma City,Dry Van,415.2,15481.0,983.64,972.2454,457342200.0
TR-042604,2025-09-27,Raleigh,Dallas,Reefer,1177.3,25662.0,2703.71,2611.346,457342200.0
TR-042605,2025-09-27,Albuquerque,Richmond,Dry Van,2126.6,24551.0,3878.07,3758.0273,457342200.0
TR-042606,2025-09-27,Little Rock,Milwaukee,Dry Van,498.5,31989.0,1157.62,1085.5675,457342200.0
TR-042607,2025-09-27,Baton Rouge,Shreveport,Dry Van,176.4,33924.0,490.81,505.99042,457342200.0
TR-042608,2025-09-27,Reno,Little Rock,Dry Van,1722.6,33945.0,3381.92,3297.304,457342200.0
TR-042609,2025-09-27,Dayton,San Antonio,Dry Van,1183.3,37772.0,2442.27,2438.1653,457342200.0
TR-042610,2025-09-27,Atlanta,Tulsa,Dry Van,576.3,32719.0,1321.91,1284.6559,457342200.0
TR-042611,2025-09-27,Syracuse,Toledo,Flatbed,463.6,47500.0,1146.87,1163.6404,457342200.0
TR-042612,2025-09-27,Memphis,Bakersfield,Dry Van,1828.6,24246.0,3330.74,3447.9692,457342200.0
TR-042613,2025-09-27,Bakersfield,Los Angeles,Dry Van,389.7,42149.0,916.16,921.29333,457342200.0
TR-042614,2025-09-27,Boston,Buffalo,Flatbed,587.1,19303.0,1361.47,1344.5764,457342200.0
TR-042615,2025-09-27,Amarillo,Montgomery,Dry Van,1211.3,33822.0,2496.2,2451.8262,457342200.0
TR-042616,2025-09-27,Fort Wayne,Shreveport,Reefer,831.0,26060.0,1886.36,1875.2133,457342200.0
TR-042617,2025-09-27,Mobile,Grand Rapids,Reefer,973.4,21718.0,2156.27,2077.6404,457342200.0
TR-042618,2025-09-27,Philadelphia,Mobile,Dry Van,1151.6,25325.0,2290.39,2307.3376,457342200.0
TR-042619,2025-09-27,Shreveport,Salt Lake City,Flatbed,1404.8,29379.0,3171.04,3046.7148,457342200.0
TR-042620,2025-09-27,Reno,Memphis,Flatbed,1842.9,33548.0,3802.71,4329.9014,457342200.0
TR-042621,2025-09-27,Mobile,Fresno,Dry Van,2159.5,22848.0,3995.74,3872.676,457342200.0
TR-042622,2025-09-27,Los Angeles,Nashville,Dry Van,2012.3,37551.0,3890.78,4404.578,457342200.0
TR-042623,2025-09-27,El Paso,Green Bay,Flatbed,1650.2,21458.0,3408.02,3285.1028,457342200.0
TR-042624,2025-09-27,Kansas City,Harrisburg,Dry Van,811.9,38925.0,1700.72,1678.7158,457342200.0
TR-042625,2025-09-27,Greensboro,Kansas City,Dry Van,615.8,24861.0,1315.81,1293.065,457342200.0
TR-042626,2025-09-27,Lexington,Buffalo,Reefer,569.1,31774.0,1349.68,1306.8071,457342200.0
TR-042627,2025-09-27,Oklahoma City,Fresno,Flatbed,1453.8,33795.0,3325.68,3187.5278,457342200.0
TR-042628,2025-09-27,Toledo,Indianapolis,Dry Van,397.3,,891.87,958.54376,457342200.0
TR-042629,2025-09-27,Lexington,Milwaukee,Reefer,331.2,42327.0,952.82,897.76404,457342200.0
TR-042630,2025-09-27,Amarillo,Lexington,Dry Van,1285.2,29486.0,2583.02,2547.8772,457342200.0
TR-042631,2025-09-27,Jacksonville,Mobile,Reefer,273.2,30506.0,815.6,788.0339,457342200.0
TR-042632,2025-09-27,Mobile,Savannah,Dry Van,437.6,23206.0,976.42,1002.80945,457342200.0
TR-042633,2025-09-27,Lubbock,Philadelphia,Reefer,1905.2,39752.0,4427.33,4071.5203,457342200.0
TR-042634,2025-09-27,Shreveport,Hartford,Reefer,1448.3,40982.0,3311.83,3285.0554,457342200.0
TR-042635,2025-09-27,Philadelphia,Phoenix,Dry Van,2949.2,42909.0,5438.66,5329.237,457342200.0
TR-042636,2025-09-27,Bakersfield,Charleston,Dry Van,2538.1,17972.0,4489.52,4237.325,457342200.0
TR-042637,2025-09-27,Toledo,Columbia,Dry Van,590.0,28915.0,1233.05,1241.6868,457342200.0
TR-042638,2025-09-27,Phoenix,Shreveport,Reefer,1656.5,34306.0,3859.28,3655.6074,457342200.0
TR-042639,2025-09-27,Lubbock,Indianapolis,Dry Van,1048.7,43767.0,2272.14,2182.2668,457342200.0
TR-042640,2025-09-27,Oklahoma City,Amarillo,Dry Van,411.9,33726.0,1014.25,1011.09216,457342200.0
TR-042641,2025-09-27,Fort Wayne,Tampa,Reefer,1056.0,33012.0,2532.76,2487.4546,457342200.0
TR-042642,2025-09-27,Milwaukee,Baton Rouge,Dry Van,781.3,32742.0,1677.41,1649.3888,457342200.0
TR-042643,2025-09-27,Mobile,Greensboro,Reefer,519.9,25649.0,1317.5,1290.7742,457342200.0
TR-042644,2025-09-27,Jacksonville,Shreveport,Dry Van,566.8,39350.0,1347.11,1379.2078,457342200.0
TR-042645,2025-09-27,Tulsa,Grand Rapids,Dry Van,985.2,30463.0,2056.61,1983.917,457342200.0
TR-042646,2025-09-27,Boston,Phoenix,Dry Van,3183.8,32231.0,13420.59,5717.519,457342200.0
TR-042647,2025-09-27,Grand Rapids,Baton Rouge,Reefer,1128.8,44275.0,2701.16,2605.386,457342200.0
TR-042648,2025-09-27,Cincinnati,Houston,Dry Van,758.9,20163.0,1587.63,1528.6503,457342200.0
TR-042649,2025-09-27,Toledo,Greensboro,Dry Van,519.9,18103.0,1077.11,1068.6849,457342200.0
TR-042650,2025-09-27,Jacksonville,Grand Rapids,Dry Van,963.2,16755.0,1919.24,1847.3303,457342200.0
TR-042651,2025-09-27,Shreveport,Lubbock,Dry Van,580.9,34451.0,1371.1,1314.5819,457342200.0
TR-042652,2025-09-27,Milwaukee,Mobile,Dry Van,638.4,34339.0,1433.8,1331.3008,457342200.0
TR-042653,2025-09-27,Toledo,Baton Rouge,Dry Van,1074.2,22050.0,2087.18,2129.766,457342200.0
TR-042654,2025-09-27,Fort Wayne,Dayton,Dry Van,141.9,40196.0,386.73,346.3864,457342200.0
TR-042655,2025-09-27,Los Angeles,Boston,Dry Van,3232.0,35477.0,6039.73,5867.296,457342200.0
TR-042656,2025-09-27,Boston,Houston,Dry Van,1781.2,32177.0,3466.52,3432.5613,457342200.0
TR-042657,2025-09-27,Philadelphia,Jacksonville,Reefer,936.6,37692.0,2248.59,2244.3408,457342200.0
TR-042658,2025-09-27,Chattanooga,San Antonio,Dry Van,907.7,32800.0,1938.08,1872.9415,457342200.0
TR-042659,2025-09-27,Oklahoma City,Harrisburg,Dry Van,1453.1,43434.0,2948.77,2930.3665,457342200.0
TR-042660,2025-09-27,Albuquerque,Oklahoma City,Reefer,811.6,20785.0,1944.78,1856.1277,457342200.0
TR-042661,2025-09-27,Detroit,Philadelphia,Flatbed,769.6,26163.0,1726.89,1563.5087,457342200.0
TR-042662,2025-09-27,St. Louis,Jacksonville,Flatbed,638.9,26133.0,1529.34,1454.3063,457342200.0
TR-042663,2025-09-27,Chattanooga,Philadelphia,Reefer,974.8,33768.0,2304.14,2206.5127,457342200.0
TR-042664,2025-09-27,Reno,Columbia,Dry Van,2279.0,31784.0,4190.5,4154.644,457342200.0
TR-042665,2025-09-27,Baton Rouge,Lexington,Reefer,742.8,30090.0,1840.83,1782.6547,457342200.0
TR-042666,2025-09-27,Louisville,Albany,Dry Van,1114.6,30657.0,2186.6,2236.2705,457342200.0
TR-042667,2025-09-27,Nashville,Bakersfield,Dry Van,1863.4,22476.0,3436.63,3482.7483,457342200.0
TR-042668,2025-09-27,Hartford,Amarillo,Reefer,2204.2,13731.0,4662.25,4311.7905,457342200.0
TR-042669,2025-09-27,Oklahoma City,Austin,Dry Van,239.0,27135.0,634.61,621.60156,457342200.0
TR-042670,2025-09-27,Lubbock,Savannah,Dry Van,1241.1,25822.0,2438.48,2435.415,457342200.0
TR-042671,2025-09-27,Greensboro,Louisville,Dry Van,336.1,33653.0,784.6,792.5633,457342200.0
TR-042672,2025-09-27,San Antonio,St. Louis,Reefer,917.1,36496.0,2296.04,2161.5596,457342200.0
TR-042673,2025-09-27,Charleston,Phoenix,Reefer,2487.1,41181.0,5454.91,3515.6753,457342200.0
TR-042674,2025-09-27,Oklahoma City,Baltimore,Reefer,1785.6,27837.0,3974.29,6002.874,457342200.0
TR-042675,2025-09-27,Albany,Philadelphia,Flatbed,417.6,22988.0,1001.0,948.579,457342200.0
TR-042676,2025-09-27,Atlanta,Tucson,Flatbed,1823.4,26117.0,3900.3,3704.5803,457342200.0
TR-042677,2025-09-27,Hartford,Atlanta,Reefer,977.8,24621.0,2212.19,2155.8179,457342200.0
TR-042678,2025-09-27,Buffalo,New York,Flatbed,330.0,28504.0,839.84,820.7523,457342200.0
TR-042679,2025-09-27,Lexington,Green Bay,Reefer,616.0,36375.0,1537.28,1524.7241,457342200.0
TR-042680,2025-09-27,Richmond,Mobile,Reefer,935.8,24576.0,2180.76,2191.9263,457342200.0
TR-042681,2025-09-27,Philadelphia,Chattanooga,Dry Van,989.4,29400.0,1957.42,2012.7441,457342200.0
TR-042682,2025-09-27,Fort Wayne,Baltimore,Reefer,839.1,30790.0,1929.82,1910.5657,457342200.0
TR-042683,2025-09-27,Atlanta,Oklahoma City,Reefer,851.5,25692.0,2057.32,2005.3104,457342200.0
TR-042684,2025-09-27,Reno,Buffalo,Dry Van,2489.8,34008.0,4317.37,4337.479,457342200.0
TR-042685,2025-09-27,Milwaukee,St. Louis,Reefer,154.4,30227.0,476.13,487.56894,457342200.0
TR-042686,2025-09-27,Hartford,Baton Rouge,Dry Van,1527.3,36025.0,3101.26,2954.7698,457342200.0
TR-042687,2025-09-27,Charleston,Tucson,Dry Van,2314.1,29512.0,4249.3,4239.9946,457342200.0
TR-042688,2025-09-27,Detroit,Buffalo,Reefer,377.7,45386.0,989.93,956.8958,457342200.0
TR-042689,2025-09-27,Lexington,Albuquerque,Dry Van,1587.3,47500.0,3184.6,3148.7842,457342200.0
TR-042690,2025-09-27,Nashville,Grand Rapids,Dry Van,691.0,22633.0,1345.5,1353.3953,457342200.0
TR-042691,2025-09-27,Columbia,San Antonio,Reefer,1112.0,27996.0,2627.09,2520.2893,457342200.0
TR-042692,2025-09-27,Chattanooga,Amarillo,Reefer,1122.7,18994.0,2577.85,2437.8972,457342200.0
TR-042693,2025-09-27,Reno,Harrisburg,Reefer,2505.3,30814.0,5195.38,4813.518,457342200.0
TR-042694,2025-09-27,Salt Lake City,Providence,Dry Van,2811.7,23441.0,5082.25,4840.7275,457342200.0
TR-042695,2025-09-27,Milwaukee,Louisville,Dry Van,224.8,21495.0,530.21,537.92535,457342200.0
TR-042696,2025-09-27,Little Rock,Nashville,Dry Van,295.6,32150.0,747.51,741.9807,457342200.0
TR-042697,2025-09-27,Jacksonville,Grand Rapids,Flatbed,939.6,22817.0,2129.9,2159.2349,457342200.0
TR-042698,2025-09-27,Baton Rouge,Louisville,Reefer,673.5,19812.0,1672.82,1558.3663,457342200.0
TR-042699,2025-09-27,St. Louis,Lexington,Dry Van,334.9,19648.0,752.71,757.88416,457342200.0
TR-042700,2025-09-27,Oklahoma City,Cincinnati,Reefer,905.9,13796.0,2119.15,2024.5719,457342200.0
TR-042701,2025-09-27,Shreveport,Indianapolis,Flatbed,527.6,47500.0,1412.29,1385.5128,457342200.0
TR-042702,2025-09-27,Fresno,Providence,Dry Van,3285.9,42945.0,6112.28,5783.3325,457342200.0
TR-042703,2025-09-27,San Antonio,Reno,Dry Van,1580.4,24624.0,2999.69,2889.5027,457342200.0
TR-042704,2025-09-27,Fresno,Jacksonville,Dry Van,2428.2,32901.0,4493.91,4403.4985,457342200.0
TR-042705,2025-09-27,Charleston,New York,Dry Van,620.6,27957.0,1279.9,1294.9679,457342200.0
TR-042706,2025-09-27,Savannah,Las Vegas,Dry Van,2231.3,42932.0,4286.1,4320.7583,457342200.0
TR-042707,2025-09-27,Louisville,Grand Rapids,Dry Van,509.6,41420.0,1138.54,1120.3088,457342200.0
TR-042708,2025-09-28,Baltimore,Albany,Dry Van,493.0,37638.0,1093.77,1054.6853,457342200.0
TR-042709,2025-09-28,Shreveport,Amarillo,Reefer,820.0,31349.0,2008.04,1997.8243,457342200.0
TR-042710,2025-09-28,Raleigh,Oklahoma City,Dry Van,1457.5,37408.0,2928.47,2905.748,457342200.0
TR-042711,2025-09-28,Baton Rouge,Charleston,Reefer,956.7,29379.0,2285.6,2226.556,457342200.0
TR-042712,2025-09-28,Toledo,Montgomery,Reefer,832.1,42073.0,2108.91,1996.9641,457342200.0
TR-042713,2025-09-28,Milwaukee,Lexington,Dry Van,318.2,37912.0,773.3,751.2658,457342200.0
TR-042714,2025-09-28,Houston,Amarillo,Dry Van,693.6,21990.0,1490.97,1446.3696,457342200.0
TR-042715,2025-09-28,Greensboro,Detroit,Dry Van,622.2,25798.0,1251.3,1281.7916,457342200.0
TR-042716,2025-09-28,Milwaukee,Greensboro,Dry Van,484.3,33268.0,1081.43,1052.38,457342200.0
TR-042717,2025-09-28,Philadelphia,Washington,Dry Van,281.3,36705.0,662.77,662.4023,457342200.0
TR-042718,2025-09-28,Corpus Christi,Syracuse,Dry Van,1690.0,17904.0,3176.32,3011.3193,457342200.0
TR-042719,2025-09-28,Houston,San Antonio,Dry Van,286.0,23196.0,713.74,680.0007,457342200.0
TR-042720,2025-09-28,Houston,Austin,Reefer,391.7,33432.0,1137.0,1053.2832,457342200.0
TR-042721,2025-09-28,Buffalo,Tulsa,Dry Van,1219.7,47500.0,2519.53,2482.1492,457342200.0
TR-042722,2025-09-28,Hartford,Salt Lake City,Flatbed,2540.7,24261.0,5116.14,4674.03,457342200.0
TR-042723,2025-09-28,Buffalo,Columbia,Flatbed,647.7,11894.0,1451.38,1397.3213,457342200.0
TR-042724,2025-09-28,Shreveport,Baton Rouge,Dry Van,185.1,37765.0,515.71,520.5592,457342200.0
TR-042725,2025-09-28,Phoenix,Nashville,Flatbed,1932.8,22886.0,3964.27,3905.109,457342200.0
TR-042726,2025-09-28,San Antonio,Baton Rouge,Dry Van,417.9,42080.0,1046.48,1032.4897,457342200.0
TR-042727,2025-09-28,Lubbock,Dayton,Dry Van,1285.0,32700.0,2576.92,2520.03,457342200.0
TR-042728,2025-09-28,Lexington,Syracuse,Dry Van,688.2,26376.0,1416.65,1373.1124,457342200.0
TR-042729,2025-09-28,Memphis,Madison,Dry Van,508.9,33378.0,1137.5,1094.3585,457342200.0
TR-042730,2025-09-28,Richmond,Green Bay,Dry Van,837.7,34863.0,1714.87,1730.4375,457342200.0
TR-042731,2025-09-28,Madison,Atlanta,Dry Van,599.8,34327.0,1320.09,1259.146,457342200.0
TR-042732,2025-09-28,Dallas,Columbia,Flatbed,768.8,37252.0,1953.03,1839.6112,457342200.0
TR-042733,2025-09-28,Montgomery,Phoenix,Dry Van,2041.2,36352.0,3981.74,3840.7678,457342200.0
TR-042734,2025-09-28,New York,Montgomery,Dry Van,1053.3,25192.0,2043.62,2074.5388,457342200.0
TR-042735,2025-09-28,Little Rock,Detroit,Dry Van,910.8,24402.0,1811.32,1792.2041,457342200.0
TR-042736,2025-09-28,Jacksonville,Tucson,Dry Van,1943.0,16292.0,12797.54,3492.405,457342200.0
TR-042737,2025-09-28,El Paso,Phoenix,Dry Van,544.8,28841.0,1152.43,1197.2018,457342200.0
TR-042738,2025-09-28,New York,Raleigh,Dry Van,456.7,30011.0,988.29,996.8156,457342200.0
TR-042739,2025-09-28,Albuquerque,Los Angeles,Dry Van,738.9,38802.0,1604.79,1587.3152,457342200.0
TR-042740,2025-09-28,Dallas,Memphis,Flatbed,484.0,26709.0,1244.65,1298.9517,457342200.0
TR-042741,2025-09-28,Philadelphia,Memphis,Flatbed,1131.2,24452.0,2440.28,2360.5266,457342200.0
TR-042742,2025-09-28,Hartford,Indianapolis,Dry Van,1067.5,47500.0,2161.46,2265.2246,457342200.0
TR-042743,2025-09-28,Atlanta,Buffalo,Reefer,753.5,41421.0,1781.92,1804.9686,457342200.0
TR-042744,2025-09-28,Baton Rouge,Tampa,Dry Van,435.5,39326.0,1060.01,1075.138,457342200.0
TR-042745,2025-09-28,Richmond,Cincinnati,Flatbed,647.3,22298.0,1519.45,1458.7637,457342200.0
TR-042746,2025-09-28,San Antonio,Philadelphia,Flatbed,1833.8,34840.0,3934.89,3782.8545,457342200.0
TR-042747,2025-09-28,Savannah,Kansas City,Dry Van,771.0,30020.0,1628.9,1578.7324,457342200.0
TR-042748,2025-09-28,New Orleans,Milwaukee,Dry Van,615.6,34935.0,1410.12,1347.5103,457342200.0
TR-042749,2025-09-28,Charleston,Tulsa,Flatbed,995.9,29641.0,2438.58,2440.8274,457342200.0
TR-042750,2025-09-28,Montgomery,Baton Rouge,Dry Van,470.5,28979.0,1084.53,1063.1163,457342200.0
TR-042751,2025-09-28,Bakersfield,Baton Rouge,Dry Van,1625.6,35422.0,3188.14,3173.7842,457342200.0
TR-042752,2025-09-28,Shreveport,Amarillo,Flatbed,834.4,21747.0,2010.31,1890.9116,457342200.0
TR-042753,2025-09-28,Nashville,Columbia,Dry Van,323.7,29822.0,753.24,771.6762,457342200.0
TR-042754,2025-09-28,Hartford,Oklahoma City,Reefer,1844.9,47500.0,4230.2,4763.669,457342200.0
TR-042755,2025-09-28,Grand Rapids,Philadelphia,Dry Van,885.0,22225.0,1639.84,1683.7515,457342200.0
TR-042756,2025-09-28,Richmond,Bakersfield,Flatbed,2578.1,35378.0,5406.93,4936.3267,457342200.0
TR-042757,2025-09-28,San Antonio,Columbia,Dry Van,1110.2,22338.0,2151.5,2266.8303,457342200.0
TR-042758,2025-09-28,Bakersfield,Salt Lake City,Dry Van,296.5,41198.0,718.39,756.6791,457342200.0
TR-042759,2025-09-28,Hartford,Columbia,Flatbed,822.1,31416.0,1873.55,1817.2921,457342200.0
TR-042760,2025-09-28,Green Bay,Lexington,Dry Van,610.2,31443.0,1296.2,1279.7916,457342200.0
TR-042761,2025-09-28,Detroit,El Paso,Dry Van,1831.0,26420.0,3288.85,3453.3955,457342200.0
TR-042762,2025-09-28,Reno,Lexington,Dry Van,2071.6,27219.0,3645.77,3678.499,457342200.0
TR-042763,2025-09-28,Fresno,Charleston,Flatbed,2695.0,39795.0,5754.21,5167.267,457342200.0
TR-042764,2025-09-28,Columbia,Montgomery,Flatbed,332.5,36772.0,930.58,904.95483,457342200.0
TR-042765,2025-09-28,Lubbock,Madison,Reefer,1159.3,26651.0,2641.2,2583.7732,457342200.0
TR-042766,2025-09-28,Fort Wayne,Corpus Christi,Dry Van,1251.4,30417.0,2453.74,2496.0818,457342200.0
TR-042767,2025-09-28,Louisville,Baltimore,Flatbed,955.2,44287.0,2306.76,2201.0518,457342200.0
TR-042768,2025-09-28,Oklahoma City,Philadelphia,Dry Van,1778.7,29733.0,3441.04,3385.997,457342200.0
TR-042769,2025-09-28,Providence,Charleston,Reefer,718.4,23859.0,1652.67,1654.7211,457342200.0
TR-042770,2025-09-28,Kansas City,St. Louis,Reefer,121.2,31180.0,389.7,401.53436,457342200.0
TR-042771,2025-09-28,Cincinnati,Memphis,Flatbed,243.9,31664.0,690.48,678.19977,457342200.0
TR-042772,2025-09-28,Tucson,Houston,Dry Van,1313.7,36556.0,2741.16,3034.687,457342200.0
TR-042773,2025-09-28,Raleigh,Tampa,Reefer,861.4,34719.0,2075.87,2077.4426,457342200.0
TR-042774,2025-09-28,Tucson,Montgomery,Reefer,1869.4,32881.0,4097.27,4245.5684,457342200.0
TR-042775,2025-09-28,Nashville,Lubbock,Dry Van,931.9,33792.0,1969.64,1960.2206,457342200.0
TR-042776,2025-09-28,Memphis,Charleston,Reefer,697.2,27650.0,1723.88,1656.2959,457342200.0
TR-042777,2025-09-28,Dallas,Oklahoma City,Flatbed,316.2,26767.0,901.55,904.90405,457342200.0
TR-042778,2025-09-28,Oklahoma City,Shreveport,Reefer,457.5,40299.0,1309.13,1250.5988,457342200.0
TR-042779,2025-09-28,Albuquerque,Columbia,Reefer,1751.0,26619.0,3751.81,3613.8994,457342200.0
TR-042780,2025-09-28,Montgomery,Phoenix,Dry Van,2098.9,17246.0,3906.11,3648.4167,457342200.0
TR-042781,2025-09-28,Cincinnati,Tucson,Reefer,1842.1,26355.0,4028.7,3891.05,457342200.0
TR-042782,2025-09-28,Albuquerque,Chattanooga,Dry Van,1454.8,19394.0,2724.61,2767.4524,457342200.0
TR-042783,2025-09-28,Mobile,San Francisco,Dry Van,2246.0,28597.0,4211.03,4053.022,457342200.0
TR-042784,2025-09-28,Atlanta,Kansas City,Flatbed,479.1,22324.0,1207.36,1151.4125,457342200.0
TR-042785,2025-09-28,Dayton,Mobile,Reefer,691.8,28424.0,1687.68,1581.7842,457342200.0
TR-042786,2025-09-28,Jacksonville,Corpus Christi,Dry Van,882.7,29197.0,1834.37,1973.0779,457342200.0
TR-042787,2025-09-28,El Paso,New Orleans,Reefer,1234.3,28547.0,2811.69,2733.1204,457342200.0
TR-042788,2025-09-28,Amarillo,Mobile,Dry Van,1103.7,29614.0,2222.13,2192.6208,457342200.0
TR-042789,2025-09-28,Atlanta,Phoenix,Dry Van,2080.5,33295.0,3940.37,3811.809,457342200.0
TR-042790,2025-09-28,Bakersfield,Albuquerque,Dry Van,495.2,32747.0,1130.78,1119.1847,457342200.0
TR-042791,2025-09-28,Bakersfield,Lubbock,Dry Van,1217.2,17564.0,2349.87,2352.6165,457342200.0
TR-042792,2025-09-28,Madison,Buffalo,Dry Van,696.3,19515.0,1405.8,1351.7681,457342200.0
TR-042793,2025-09-28,Fort Wayne,Madison,Dry Van,292.0,32617.0,679.49,674.29865,457342200.0
TR-042794,2025-09-28,Raleigh,Shreveport,Reefer,1010.5,18994.0,2341.7,2361.2666,457342200.0
TR-042795,2025-09-28,Dayton,Shreveport,Dry Van,734.7,37857.0,1592.02,1528.9347,457342200.0
TR-042796,2025-09-28,Buffalo,Memphis,Reefer,863.3,25529.0,1914.47,1899.6561,457342200.0
TR-042797,2025-09-28,Green Bay,Washington,Flatbed,763.1,26271.0,1741.04,1596.492,457342200.0
TR-042798,2025-09-28,Austin,Atlanta,Reefer,1044.7,20491.0,2431.83,2385.4438,457342200.0
TR-042799,2025-09-28,Dayton,Los Angeles,Dry Van,2171.3,42280.0,4092.63,4127.6094,457342200.0
TR-042800,2025-09-28,Harrisburg,Tampa,Dry Van,1087.6,35101.0,835.1,2233.7117,457342200.0
TR-042801,2025-09-28,Harrisburg,Tampa,Dry Van,1086.1,17378.0,2027.96,2111.2576,457342200.0
TR-042802,2025-09-28,Toledo,Dayton,Flatbed,203.5,35969.0,572.78,592.9249,457342200.0
TR-042803,2025-09-28,Atlanta,Mobile,Reefer,285.2,26913.0,774.13,766.00433,457342200.0
TR-042804,2025-09-28,El Paso,Memphis,Dry Van,1362.2,27385.0,2562.73,2713.5193,457342200.0
TR-042805,2025-09-28,Detroit,Tulsa,Dry Van,1097.5,37468.0,2265.28,2252.134,457342200.0
TR-042806,2025-09-28,Atlanta,Memphis,Reefer,221.3,30298.0,659.63,670.2948,457342200.0
TR-042807,2025-09-28,Buffalo,Columbia,Reefer,650.1,30641.0,1517.69,1471.8966,457342200.0
TR-042808,2025-09-28,Los Angeles,Corpus Christi,Dry Van,1546.2,32086.0,3064.0,3039.6455,457342200.0
TR-042809,2025-09-28,Kansas City,Lexington,Flatbed,459.6,39039.0,1163.05,1149.363,457342200.0
TR-042810,2025-09-28,Montgomery,Phoenix,Dry Van,2067.8,19076.0,3865.31,3644.552,457342200.0
TR-042811,2025-09-28,Raleigh,New York,Reefer,461.1,5376.0,1110.79,1108.2357,457342200.0
TR-042812,2025-09-28,Providence,Savannah,Dry Van,917.6,29871.0,1877.01,1831.6987,457342200.0
TR-042813,2025-09-28,Shreveport,Bakersfield,Dry Van,1631.3,30974.0,3175.1,3141.1514,457342200.0
TR-042814,2025-09-28,Atlanta,Raleigh,Dry Van,589.0,17380.0,1235.23,1242.275,457342200.0
TR-042815,2025-09-28,Bakersfield,Los Angeles,Reefer,398.1,35486.0,1071.17,1093.9474,457342200.0
TR-042816,2025-09-28,Memphis,Syracuse,Dry Van,1003.2,32326.0,1998.56,2004.3196,457342200.0
TR-042817,2025-09-28,Hartford,Grand Rapids,Dry Van,896.3,38785.0,1837.98,1772.434,457342200.0
TR-042818,2025-09-28,Mobile,Buffalo,Dry Van,1028.1,18947.0,1970.93,1972.0544,457342200.0
TR-042819,2025-09-28,Salt Lake City,Fort Wayne,Flatbed,1840.5,22234.0,3646.22,3654.8777,457342200.0
TR-042820,2025-09-28,Tucson,Charleston,Dry Van,2287.0,28472.0,4095.03,4092.7485,457342200.0
TR-042821,2025-09-28,Mobile,Albuquerque,Dry Van,1465.4,31752.0,2946.68,2828.3901,457342200.0
TR-042822,2025-09-28,Baltimore,Los Angeles,Reefer,3030.7,31339.0,6276.34,6033.866,457342200.0
TR-042823,2025-09-28,Houston,Savannah,Reefer,862.6,33187.0,759.15,2081.9067,457342200.0
TR-042824,2025-09-28,Houston,Lexington,Reefer,830.8,30150.0,2019.44,1999.449,457342200.0
TR-042825,2025-09-28,El Paso,Memphis,Dry Van,1384.4,27546.0,2636.98,2743.7576,457342200.0
TR-042826,2025-09-28,Chattanooga,Charleston,Dry Van,518.8,47500.0,1154.54,1185.9464,457342200.0
TR-042827,2025-09-28,Amarillo,Baton Rouge,Dry Van,837.7,24328.0,1784.89,1738.6659,457342200.0
TR-042828,2025-09-28,Bakersfield,Albuquerque,Dry Van,526.9,47500.0,1173.97,1188.6373,457342200.0
TR-042829,2025-09-28,Harrisburg,Richmond,Flatbed,173.3,28455.0,510.64,513.94507,457342200.0
TR-042830,2025-09-28,Baltimore,Mobile,Flatbed,1159.5,32974.0,2643.41,2586.8723,457342200.0
TR-042831,2025-09-28,Reno,Hartford,Reefer,2840.3,29261.0,5745.39,5714.5835,457342200.0
TR-042832,2025-09-28,Lubbock,Charleston,Dry Van,1439.2,33141.0,2841.04,2807.914,457342200.0
TR-042833,2025-09-28,Columbia,Charleston,Dry Van,249.2,40298.0,652.12,643.1334,457342200.0
TR-042834,2025-09-28,Toledo,Austin,Flatbed,1412.9,29484.0,3089.81,2959.688,457342200.0
TR-042835,2025-09-28,Atlanta,Toledo,Reefer,602.3,17143.0,1412.41,1369.1675,457342200.0
TR-042836,2025-09-28,Austin,Reno,Flatbed,1482.3,20486.0,3167.21,2914.1838,457342200.0
TR-042837,2025-09-28,Richmond,Hartford,Dry Van,333.8,47500.0,783.73,797.2828,457342200.0
TR-042838,2025-09-28,Houston,Oklahoma City,Dry Van,291.2,33754.0,746.15,725.2447,457342200.0
TR-042839,2025-09-28,Little Rock,Phoenix,Reefer,1685.4,34016.0,3665.41,3657.2942,457342200.0
TR-042840,2025-09-28,Dayton,New York,Dry Van,730.7,37742.0,1541.54,1489.5382,457342200.0
TR-042841,2025-09-28,Providence,Cincinnati,Dry Van,1136.5,35359.0,2347.52,2304.3477,457342200.0
TR-042842,2025-09-28,Madison,Little Rock,Dry Van,637.1,23732.0,1348.4,1310.3894,457342200.0
TR-042843,2025-09-28,Atlanta,Lexington,Dry Van,213.6,30660.0,550.8,561.55554,457342200.0
TR-042844,2025-09-28,Cincinnati,Lexington,Dry Van,132.9,27742.0,351.36,386.23447,457342200.0
TR-042845,2025-09-28,Fort Wayne,El Paso,Dry Van,1728.1,35303.0,3319.67,3298.7083,457342200.0
TR-042846,2025-09-28,Shreveport,Toledo,Flatbed,899.1,24034.0,2022.01,1879.5569,457342200.0
TR-042847,2025-09-28,Corpus Christi,Savannah,Flatbed,1027.8,31570.0,2406.52,2335.6733,457342200.0
TR-042848,2025-09-28,Columbia,Richmond,Reefer,518.9,38969.0,1363.38,1316.8083,457342200.0
TR-042849,2025-09-28,Memphis,Lubbock,Reefer,848.7,27624.0,2100.8,2009.5448,457342200.0
TR-042850,2025-09-28,Grand Rapids,Austin,Dry Van,1429.8,40358.0,2936.55,2824.9194,457342200.0
TR-042851,2025-09-28,Reno,San Antonio,Dry Van,1581.0,37983.0,3212.43,3028.7434,457342200.0
TR-042852,2025-09-28,Bakersfield,Toledo,Dry Van,2148.6,40995.0,4164.97,4143.124,457342200.0
TR-042853,2025-09-28,Oklahoma City,Fort Wayne,Flatbed,1146.8,46988.0,2650.56,2628.631,457342200.0
TR-042854,2025-09-28,Lexington,Los Angeles,Dry Van,2233.0,36726.0,4195.51,4134.8813,457342200.0
TR-042855,2025-09-28,New York,Milwaukee,Reefer,926.1,31739.0,2127.87,2210.8323,457342200.0
TR-042856,2025-09-29,Phoenix,Columbia,Dry Van,2184.2,36632.0,4238.86,4130.463,457342200.0
TR-042857,2025-09-29,Madison,Harrisburg,Dry Van,744.9,25582.0,1516.81,1443.1731,457342200.0
TR-042858,2025-09-29,Nashville,Cincinnati,Reefer,189.1,38041.0,603.85,609.94855,457342200.0
TR-042859,2025-09-29,Baton Rouge,Harrisburg,Dry Van,1231.7,31426.0,2420.76,2453.2266,457342200.0
TR-042860,2025-09-29,Tulsa,Columbia,Dry Van,763.4,13559.0,1581.01,1522.9352,457342200.0
TR-042861,2025-09-29,Los Angeles,Albany,Reefer,3177.8,39677.0,6620.24,6365.601,457342200.0
TR-042862,2025-09-29,Nashville,Shreveport,Flatbed,376.4,22452.0,1033.77,953.26666,457342200.0
TR-042863,2025-09-29,Albuquerque,Cincinnati,Reefer,1497.1,31255.0,3381.26,3228.8933,457342200.0
TR-042864,2025-09-29,Cincinnati,Hartford,Dry Van,938.9,41241.0,1939.71,1962.6165,457342200.0
TR-042865,2025-09-29,Baltimore,Oklahoma City,Dry Van,1782.2,35453.0,3538.32,3434.4275,457342200.0
TR-042866,2025-09-29,Mobile,Houston,Dry Van,471.3,30067.0,1140.78,1088.0327,457342200.0
TR-042867,2025-09-29,Corpus Christi,Fort Wayne,Dry Van,1216.4,35399.0,2480.38,2430.641,457342200.0
TR-042868,2025-09-29,Los Angeles,Madison,Reefer,2111.8,19788.0,4317.28,4067.164,457342200.0
TR-042869,2025-09-29,Philadelphia,Baton Rouge,Reefer,1467.2,41172.0,3510.14,3295.755,457342200.0
TR-042870,2025-09-29,El Paso,Chattanooga,Dry Van,1532.6,42530.0,3127.58,3003.093,457342200.0
TR-042871,2025-09-29,Richmond,Tampa,Flatbed,1045.3,23253.0,2257.84,2216.6294,457342200.0
TR-042872,2025-09-29,Indianapolis,San Antonio,Dry Van,945.7,37944.0,2049.02,2000.9562,457342200.0
TR-042873,2025-09-29,Baton Rouge,Lubbock,Flatbed,524.4,27589.0,1393.82,1330.9879,457342200.0
TR-042874,2025-09-29,Tucson,Bakersfield,Reefer,315.0,28442.0,861.86,894.9535,457342200.0
TR-042875,2025-09-29,Milwaukee,Toledo,Dry Van,318.0,31139.0,734.67,721.55585,457342200.0
TR-042876,2025-09-29,Fort Wayne,Lubbock,Dry Van,1322.3,28313.0,2575.9,2564.5012,457342200.0
TR-042877,2025-09-29,Phoenix,Mobile,Dry Van,1919.3,33214.0,3770.99,3607.274,457342200.0
TR-042878,2025-09-29,Hartford,Little Rock,Reefer,1365.1,34188.0,3179.94,3376.9934,457342200.0
TR-042879,2025-09-29,Kansas City,Syracuse,Dry Van,941.6,35032.0,1902.01,1966.1403,457342200.0
TR-042880,2025-09-29,Greensboro,Charleston,Flatbed,267.1,38416.0,731.51,741.16315,457342200.0
TR-042881,2025-09-29,Los Angeles,Baton Rouge,Flatbed,1687.6,37716.0,3849.56,3508.5845,457342200.0
TR-042882,2025-09-29,San Antonio,Detroit,Dry Van,1460.5,43567.0,13503.63,2952.7507,457342200.0
TR-042883,2025-09-29,Richmond,Columbia,Dry Van,507.1,35781.0,1115.22,1121.6218,457342200.0
TR-042884,2025-09-29,Jacksonville,Memphis,Reefer,472.7,38770.0,1280.61,1263.3304,457342200.0
TR-042885,2025-09-29,Las Vegas,Oklahoma City,Dry Van,1134.5,34279.0,2415.33,2305.642,457342200.0
TR-042886,2025-09-29,Columbia,Reno,Dry Van,2305.3,28947.0,4163.43,4092.2036,457342200.0
TR-042887,2025-09-29,Albuquerque,Amarillo,Dry Van,403.5,42336.0,995.38,990.17896,457342200.0
TR-042888,2025-09-29,St. Louis,Baltimore,Flatbed,1085.1,23487.0,2359.68,2334.3499,457342200.0
TR-042889,2025-09-29,Boston,Bakersfield,Dry Van,3163.0,42526.0,5885.2,5801.478,457342200.0
TR-042890,2025-09-29,Memphis,Jacksonville,Reefer,460.5,24304.0,1187.96,1166.2574,457342200.0
TR-042891,2025-09-29,St. Louis,New York,Flatbed,1022.7,28869.0,2211.3,2152.14,457342200.0
TR-042892,2025-09-29,Houston,Boston,Reefer,1852.6,39546.0,4272.31,3968.8594,457342200.0
TR-042893,2025-09-29,Albuquerque,Memphis,Dry Van,1340.0,36464.0,2699.63,2718.4844,457342200.0
TR-042894,2025-09-29,Nashville,Montgomery,Reefer,368.8,43551.0,1041.35,1005.158,457342200.0
TR-042895,2025-09-29,Mobile,Austin,Reefer,815.6,27071.0,2068.14,1893.9473,457342200.0
TR-042896,2025-09-29,Philadelphia,Fresno,Dry Van,3032.0,34710.0,5691.61,5477.829,457342200.0
TR-042897,2025-09-29,Corpus Christi,Montgomery,Dry Van,727.6,31520.0,1652.47,1544.9364,457342200.0
TR-042898,2025-09-29,Oklahoma City,Mobile,Reefer,721.9,8421.0,1753.06,1736.5973,457342200.0
TR-042899,2025-09-29,Fort Wayne,Corpus Christi,Dry Van,1243.4,28779.0,2473.32,2465.3237,457342200.0
TR-042900,2025-09-29,Atlanta,Fort Wayne,Flatbed,544.1,33146.0,1385.48,1289.2815,457342200.0
TR-042901,2025-09-29,Las Vegas,Bakersfield,Dry Van,107.4,30894.0,297.77,349.35944,457342200.0
TR-042902,2025-09-29,El Paso,Tampa,Dry Van,1654.5,28090.0,3187.62,3160.2378,457342200.0
TR-042903,2025-09-29,Lexington,Boston,Flatbed,1000.9,38746.0,2315.78,2328.6064,457342200.0
TR-042904,2025-09-29,Greensboro,Mobile,Reefer,513.4,34698.0,1367.89,1296.815,457342200.0
TR-042905,2025-09-29,Shreveport,Phoenix,Reefer,1622.5,28158.0,3543.74,3446.8013,457342200.0
TR-042906,2025-09-29,Savannah,Lexington,Reefer,348.0,27273.0,958.88,944.7105,457342200.0
TR-042907,2025-09-29,El Paso,Nashville,Dry Van,1466.4,35215.0,3033.86,2887.7578,457342200.0
TR-042908,2025-09-29,Grand Rapids,Cincinnati,Dry Van,517.5,26969.0,1126.7,1116.23,457342200.0
TR-042909,2025-09-29,Toledo,Memphis,Dry Van,607.4,47500.0,1325.46,1298.7526,457342200.0
TR-042910,2025-09-29,Montgomery,Tulsa,Flatbed,638.4,45663.0,1682.02,1748.4015,457342200.0
TR-042911,2025-09-29,Phoenix,Baton Rouge,Dry Van,1599.5,41321.0,3275.31,3091.268,457342200.0
TR-042912,2025-09-29,Louisville,Tucson,Dry Van,1806.0,33753.0,3427.48,3412.4717,457342200.0
TR-042913,2025-09-29,Shreveport,Columbia,Flatbed,637.7,19597.0,1536.58,1462.3857,457342200.0
TR-042914,2025-09-29,Buffalo,Albuquerque,Reefer,1972.0,42698.0,4242.7,4211.148,457342200.0
TR-042915,2025-09-29,Fort Wayne,Philadelphia,Dry Van,784.4,37478.0,1622.59,1604.7482,457342200.0
TR-042916,2025-09-29,Corpus Christi,Fort Wayne,Reefer,1259.6,41110.0,2949.32,2940.614,457342200.0
TR-042917,2025-09-29,Dayton,Jacksonville,Flatbed,663.9,43088.0,1636.32,1523.9393,457342200.0
TR-042918,2025-09-29,Phoenix,Little Rock,Flatbed,1732.5,35549.0,3937.63,3619.2695,457342200.0
TR-042919,2025-09-29,Savannah,Bakersfield,Flatbed,2346.3,30709.0,5037.89,4558.9165,457342200.0
TR-042920,2025-09-29,Oklahoma City,San Antonio,Dry Van,203.4,18637.0,543.25,538.2813,457342200.0
TR-042921,2025-09-29,Buffalo,Columbia,Dry Van,666.0,29244.0,1343.69,1328.727,457342200.0
TR-042922,2025-09-29,Philadelphia,Raleigh,Reefer,446.7,44461.0,1176.75,1143.5494,457342200.0
TR-042923,2025-09-29,Dallas,Bakersfield,Flatbed,1508.9,40296.0,3627.2,3294.2573,457342200.0
TR-042924,2025-09-29,New Orleans,San Antonio,Dry Van,523.0,27374.0,1202.33,1154.2379,457342200.0
TR-042925,2025-09-29,San Antonio,Atlanta,Dry Van,959.1,39730.0,2093.05,2015.476,457342200.0
TR-042926,2025-09-29,Boston,Indianapolis,Flatbed,1213.1,23970.0,2666.6,2523.1084,457342200.0
TR-042927,2025-09-29,Las Vegas,Columbia,Dry Van,2126.7,32590.0,4073.7,3949.7373,457342200.0
TR-042928,2025-09-29,Richmond,Oklahoma City,Dry Van,1530.6,41368.0,2989.61,2997.429,457342200.0
TR-042929,2025-09-29,Cincinnati,Milwaukee,Dry Van,243.0,20373.0,606.85,577.1408,457342200.0
TR-042930,2025-09-29,Detroit,Montgomery,Dry Van,1001.8,42705.0,1928.87,2077.0786,457342200.0
TR-042931,2025-09-29,Albuquerque,Las Vegas,Reefer,438.6,30193.0,1101.73,1129.9319,457342200.0
TR-042932,2025-09-29,Tucson,Dayton,Dry Van,1948.5,36627.0,3690.01,3718.668,457342200.0
TR-042933,2025-09-29,Greensboro,Richmond,Reefer,426.3,28006.0,1058.02,1068.2258,457342200.0
TR-042934,2025-09-29,Grand Rapids,Phoenix,Dry Van,2273.3,40514.0,4190.81,4287.3477,457342200.0
TR-042935,2025-09-29,Philadelphia,Albany,Dry Van,409.8,40570.0,914.56,930.5771,457342200.0
TR-042936,2025-09-29,New York,Lubbock,Dry Van,1901.5,32379.0,3614.61,3602.6497,457342200.0
TR-042937,2025-09-29,Fort Wayne,Richmond,Flatbed,627.3,28610.0,1479.07,1406.3319,457342200.0
TR-042938,2025-09-29,Madison,Oklahoma City,Flatbed,950.2,25679.0,2218.14,2109.7666,457342200.0
TR-042939,2025-09-29,Montgomery,Toledo,Reefer,862.4,42638.0,2067.31,2069.5288,457342200.0
TR-042940,2025-09-29,Montgomery,Buffalo,Reefer,992.2,19419.0,2214.66,2130.7124,457342200.0
TR-042941,2025-09-29,Oklahoma City,Atlanta,Dry Van,891.7,38061.0,1909.99,1848.3213,457342200.0
TR-042942,2025-09-29,San Antonio,Fort Wayne,Flatbed,1337.9,43948.0,3109.58,2929.637,457342200.0
TR-042943,2025-09-29,Grand Rapids,Oklahoma City,Dry Van,1246.5,40799.0,2506.95,2571.8706,457342200.0
TR-042944,2025-09-29,Charleston,Tulsa,Reefer,1019.4,46263.0,2575.84,2647.8413,457342200.0
TR-042945,2025-09-29,Tulsa,Tucson,Dry Van,1285.6,35037.0,2697.94,2556.36,457342200.0
TR-042946,2025-09-29,Los Angeles,Albuquerque,Dry Van,728.7,17526.0,1494.4,1483.7485,457342200.0
TR-042947,2025-09-29,Los Angeles,Nashville,Dry Van,2013.6,26592.0,3730.45,4143.8184,457342200.0
TR-042948,2025-09-29,Fort Wayne,Columbia,Dry Van,561.5,30766.0,1170.87,1173.008,457342200.0
TR-042949,2025-09-29,Bakersfield,Los Angeles,Dry Van,395.4,8450.0,843.31,905.7083,457342200.0
TR-042950,2025-09-29,Louisville,Tampa,Flatbed,735.7,40606.0,1801.36,1733.7618,457342200.0
TR-042951,2025-09-29,Phoenix,Detroit,Dry Van,2345.4,25945.0,4116.74,4033.534,457342200.0
TR-042952,2025-09-29,Oklahoma City,Nashville,Dry Van,754.3,39629.0,1689.45,1660.3323,457342200.0
TR-042953,2025-09-29,Las Vegas,Birmingham,Dry Van,1929.5,20847.0,3462.39,3477.7585,457342200.0
TR-042954,2025-09-29,Kansas City,Greensboro,Reefer,606.4,29142.0,1500.36,1464.7806,457342200.0
TR-042955,2025-09-29,Lexington,Milwaukee,Flatbed,308.0,33911.0,869.6,839.44775,457342200.0
TR-042956,2025-09-29,Phoenix,Baton Rouge,Dry Van,1599.2,27036.0,3112.89,2983.186,457342200.0
TR-042957,2025-09-29,Tampa,Baltimore,Dry Van,1250.4,26155.0,2364.94,2438.7478,457342200.0
TR-042958,2025-09-29,Phoenix,Providence,Dry Van,3120.1,43146.0,5868.16,5651.372,457342200.0
TR-042959,2025-09-29,Harrisburg,Indianapolis,Dry Van,691.5,30743.0,1469.39,1386.9891,457342200.0
TR-042960,2025-09-29,Bakersfield,Tampa,Dry Van,2084.0,35577.0,4026.53,3901.411,457342200.0
TR-042961,2025-09-29,San Antonio,Los Angeles,Reefer,1292.8,33679.0,3055.72,2914.8555,457342200.0
TR-042962,2025-09-29,Salt Lake City,Shreveport,Dry Van,1423.1,29591.0,2840.5,2799.8984,457342200.0
TR-042963,2025-09-29,Madison,Indianapolis,Flatbed,264.7,32340.0,752.54,676.5216,457342200.0
TR-042964,2025-09-29,El Paso,Albany,Reefer,2555.9,37073.0,5401.18,5287.0327,457342200.0
TR-042965,2025-09-29,Lubbock,Amarillo,Flatbed,423.1,27560.0,1166.42,1075.6964,457342200.0
TR-042966,2025-09-29,Chattanooga,Madison,Dry Van,560.6,,1250.51,1231.527,457342200.0
TR-042967,2025-09-29,Syracuse,Baltimore,Dry Van,471.1,42480.0,1039.93,1035.7148,457342200.0
TR-042968,2025-09-29,Syracuse,Lexington,Reefer,723.7,41917.0,1713.41,1746.5363,457342200.0
TR-042969,2025-09-29,Hartford,St. Louis,Dry Van,1121.7,26305.0,2173.05,2180.2456,457342200.0
TR-042970,2025-09-29,Tulsa,Greensboro,Dry Van,820.8,33042.0,1785.72,1755.3175,457342200.0
TR-042971,2025-09-29,Albany,Lexington,Flatbed,1021.1,36668.0,2310.73,2352.262,457342200.0
TR-042972,2025-09-29,Atlanta,Phoenix,Flatbed,2078.2,28857.0,4332.87,4080.082,457342200.0
TR-042973,2025-09-29,Mobile,Corpus Christi,Dry Van,612.2,31105.0,1423.88,1357.6267,457342200.0
TR-042974,2025-09-29,Bakersfield,San Antonio,Dry Van,1264.0,20354.0,2429.29,2459.633,457342200.0
TR-042975,2025-09-29,Cincinnati,Fort Wayne,Dry Van,364.6,27521.0,822.8,796.4982,457342200.0
TR-042976,2025-09-29,Baton Rouge,Detroit,Dry Van,1189.8,37045.0,2417.99,2432.2383,457342200.0
TR-042977,2025-09-29,Washington,Mobile,Reefer,931.2,23774.0,2067.22,2090.6665,457342200.0
TR-042978,2025-09-29,Little Rock,Boston,Flatbed,1503.0,42991.0,3397.49,3232.629,457342200.0
TR-042979,2025-09-29,Nashville,Shreveport,Reefer,383.9,25611.0,1047.29,1027.5082,457342200.0
TR-042980,2025-09-29,Las Vegas,Baton Rouge,Dry Van,1552.8,24175.0,3017.03,3561.3694,457342200.0
TR-042981,2025-09-29,Memphis,Grand Rapids,Dry Van,689.4,28323.0,1401.54,1370.6439,457342200.0
TR-042982,2025-09-29,Atlanta,Tucson,Reefer,1825.4,31737.0,4120.13,3909.244,457342200.0
TR-042983,2025-09-29,Atlanta,Oklahoma City,Dry Van,857.8,37577.0,1891.3,1827.6501,457342200.0
TR-042984,2025-09-29,Columbia,Montgomery,Dry Van,341.9,37432.0,845.31,821.29254,457342200.0
TR-042985,2025-09-29,Dallas,Green Bay,Flatbed,1108.9,35911.0,2563.03,2869.146,457342200.0
TR-042986,2025-09-29,Washington,New York,Flatbed,235.0,33987.0,650.29,636.29474,457342200.0
TR-042987,2025-09-29,Syracuse,Buffalo,Flatbed,159.1,32266.0,449.54,467.03455,457342200.0
TR-042988,2025-09-29,Washington,Montgomery,Reefer,845.8,22255.0,1969.6,1901.172,457342200.0
TR-042989,2025-09-29,Little Rock,Bakersfield,Flatbed,1657.4,19019.0,3574.92,3303.5444,457342200.0
TR-042990,2025-09-29,Atlanta,Shreveport,Flatbed,449.7,41018.0,1247.17,1159.3514,457342200.0
TR-042991,2025-09-29,Birmingham,Bakersfield,Flatbed,2018.0,21895.0,4217.34,3997.2632,457342200.0
TR-042992,2025-09-29,Houston,Hartford,Dry Van,1667.1,20533.0,10119.16,3062.1418,457342200.0
TR-042993,2025-09-29,Syracuse,Greensboro,Dry Van,667.5,35959.0,1371.52,1374.3555,457342200.0
TR-042994,2025-09-29,Birmingham,Bakersfield,Flatbed,2045.0,35642.0,4431.8,4140.332,457342200.0
TR-042995,2025-09-29,New York,Houston,Reefer,1571.7,45258.0,3565.92,3511.4666,457342200.0
TR-042996,2025-09-29,Los Angeles,Richmond,Dry Van,2698.0,30637.0,4815.72,4653.202,457342200.0
TR-042997,2025-09-30,San Antonio,Richmond,Dry Van,1632.2,40651.0,3338.79,3178.0566,457342200.0
TR-042998,2025-09-30,New York,Grand Rapids,Flatbed,801.1,25901.0,1853.42,1673.8137,457342200.0
TR-042999,2025-09-30,Albuquerque,Providence,Dry Van,2653.8,38984.0,5043.62,4950.9263,457342200.0
TR-043000,2025-09-30,Kansas City,Phoenix,Reefer,1850.2,31615.0,4138.2,4059.3867,457342200.0
TR-043001,2025-09-30,Raleigh,Lexington,Dry Van,524.0,35240.0,1170.91,1151.9852,457342200.0
TR-043002,2025-09-30,Cincinnati,Columbia,Dry Van,338.7,21573.0,780.1,773.9935,457342200.0
TR-043003,2025-09-30,Fort Wayne,Savannah,Dry Van,657.9,24581.0,1379.76,1299.7402,457342200.0
TR-043004,2025-09-30,Baltimore,Lexington,Dry Van,804.1,30700.0,1718.71,1671.5336,457342200.0
TR-043005,2025-09-30,Greensboro,Chattanooga,Flatbed,304.9,16861.0,839.98,798.13654,457342200.0
TR-043006,2025-09-30,Memphis,Madison,Dry Van,514.3,16946.0,1129.32,1061.3823,457342200.0
TR-043007,2025-09-30,Albany,Fort Wayne,Reefer,872.8,33872.0,1991.19,1918.5804,457342200.0
TR-043008,2025-09-30,San Antonio,Cincinnati,Dry Van,994.0,36522.0,2189.03,2103.8198,457342200.0
TR-043009,2025-09-30,Baltimore,Hartford,Dry Van,129.7,39970.0,357.0,344.19562,457342200.0
TR-043010,2025-09-30,Bakersfield,Nashville,Flatbed,1931.9,34988.0,4293.84,3961.3325,457342200.0
TR-043011,2025-09-30,Toledo,Oklahoma City,Dry Van,1240.6,44051.0,2499.88,2536.4182,457342200.0
TR-043012,2025-09-30,Tucson,Amarillo,Dry Van,648.6,47500.0,1467.25,1452.9117,457342200.0
TR-043013,2025-09-30,Lubbock,Tulsa,Dry Van,477.2,34693.0,1190.36,1140.6147,457342200.0
TR-043014,2025-09-30,Louisville,Tucson,Dry Van,1760.9,36940.0,3419.14,3427.7373,457342200.0
TR-043015,2025-09-30,Syracuse,Baton Rouge,Dry Van,1457.1,25795.0,2795.58,2749.6501,457342200.0
TR-043016,2025-09-30,Houston,New Orleans,Flatbed,231.0,29789.0,690.34,693.3502,457342200.0
TR-043017,2025-09-30,Raleigh,Houston,Dry Van,1241.1,19392.0,2421.83,2408.53,457342200.0
TR-043018,2025-09-30,New York,Cincinnati,Reefer,858.9,33156.0,2011.7,1985.8196,457342200.0
TR-043019,2025-09-30,Philadelphia,Greensboro,Flatbed,695.2,26900.0,1592.4,1534.7692,457342200.0
TR-043020,2025-09-30,Columbia,Memphis,Dry Van,437.7,42073.0,1029.31,1034.9911,457342200.0
TR-043021,2025-09-30,Baton Rouge,Baltimore,Dry Van,1455.7,27500.0,2838.18,2801.6133,457342200.0
TR-043022,2025-09-30,Cincinnati,Las Vegas,Flatbed,1906.4,23515.0,4018.97,3788.0247,457342200.0
TR-043023,2025-09-30,Milwaukee,Bakersfield,Reefer,1922.7,45820.0,4366.61,4163.9346,457342200.0
TR-043024,2025-09-30,Green Bay,Phoenix,Dry Van,2218.8,45244.0,4260.11,4273.994,457342200.0
TR-043025,2025-09-30,Mobile,Baton Rouge,Dry Van,337.0,29762.0,848.73,841.4913,457342200.0
TR-043026,2025-09-30,Hartford,Baltimore,Dry Van,121.3,27284.0,331.22,345.58228,457342200.0
TR-043027,2025-09-30,Greensboro,Madison,Dry Van,680.2,18350.0,1375.18,1342.4585,457342200.0
TR-043028,2025-09-30,Albuquerque,Corpus Christi,Dry Van,1139.8,42273.0,2550.66,2381.846,457342200.0
TR-043029,2025-09-30,Las Vegas,Tucson,Reefer,224.3,24748.0,651.21,656.84326,457342200.0
TR-043030,2025-09-30,Bakersfield,Richmond,Dry Van,2548.7,35123.0,4795.09,4689.1514,457342200.0
TR-043031,2025-09-30,San Antonio,Phoenix,Flatbed,1215.1,21742.0,2765.85,2558.281,457342200.0
TR-043032,2025-09-30,Richmond,San Antonio,Dry Van,1566.3,28791.0,3055.97,2984.2473,457342200.0
TR-043033,2025-09-30,Reno,Grand Rapids,Reefer,1967.8,24745.0,4048.13,3932.9893,457342200.0
TR-043034,2025-09-30,Toledo,Hartford,Flatbed,769.0,34790.0,1829.79,1711.2827,457342200.0
TR-043035,2025-09-30,Amarillo,Atlanta,Dry Van,1194.5,23461.0,2322.98,2370.1807,457342200.0
TR-043036,2025-09-30,Phoenix,Shreveport,Dry Van,1693.3,47430.0,3453.46,3316.288,457342200.0
TR-043037,2025-09-30,Mobile,Milwaukee,Dry Van,658.7,41911.0,1483.96,1395.0853,457342200.0
TR-043038,2025-09-30,Milwaukee,Memphis,Flatbed,349.9,31174.0,944.64,920.28204,457342200.0
TR-043039,2025-09-30,Richmond,Cincinnati,Dry Van,660.2,36387.0,1440.38,1405.6843,457342200.0
TR-043040,2025-09-30,Baton Rouge,Montgomery,Dry Van,467.1,26365.0,1009.23,1063.8583,457342200.0
TR-043041,2025-09-30,Bakersfield,Albuquerque,Dry Van,532.4,38391.0,1224.2,1196.5217,457342200.0
TR-043042,2025-09-30,Los Angeles,Charleston,Dry Van,2593.6,27059.0,4764.98,4663.4043,457342200.0
TR-043043,2025-09-30,Kansas City,Philadelphia,Reefer,1166.1,43118.0,2823.19,2877.885,457342200.0
TR-043044,2025-09-30,New Orleans,Lubbock,Reefer,575.3,41671.0,1570.24,1585.6973,457342200.0
TR-043045,2025-09-30,Albany,San Antonio,Dry Van,2114.9,37768.0,4027.94,3926.8188,457342200.0
TR-043046,2025-09-30,Baltimore,St. Louis,Reefer,1052.4,22921.0,2381.69,2257.9048,457342200.0
TR-043047,2025-09-30,Nashville,Tucson,Reefer,1782.9,26426.0,4038.74,3660.514,457342200.0
TR-043048,2025-09-30,New York,Memphis,Dry Van,1044.6,42156.0,2149.82,2155.2507,457342200.0
TR-043049,2025-09-30,Lubbock,Columbia,Dry Van,1232.6,27040.0,2519.02,2430.5864,457342200.0
TR-043050,2025-09-30,Fresno,Hartford,Dry Van,2976.4,22905.0,5093.93,4994.9023,457342200.0
TR-043051,2025-09-30,Philadelphia,Albany,Dry Van,415.6,23012.0,870.54,890.61163,457342200.0
TR-043052,2025-09-30,Fort Wayne,El Paso,Dry Van,1741.0,28023.0,3335.73,3212.9336,457342200.0
TR-043053,2025-09-30,Montgomery,Green Bay,Dry Van,1035.5,34370.0,2108.84,2144.9612,457342200.0
TR-043054,2025-09-30,Amarillo,Salt Lake City,Dry Van,599.6,42074.0,1416.74,1352.8972,457342200.0
TR-043055,2025-09-30,Phoenix,Columbia,Reefer,2255.0,36483.0,5046.46,4656.594,457342200.0
TR-043056,2025-09-30,Fort Wayne,Philadelphia,Dry Van,792.6,32525.0,1623.96,1595.3871,457342200.0
TR-043057,2025-09-30,Los Angeles,Dayton,Reefer,2251.0,47500.0,4884.93,4834.5596,457342200.0
TR-043058,2025-09-30,Nashville,Oklahoma City,Dry Van,765.6,31917.0,1718.35,1732.4365,457342200.0
TR-043059,2025-09-30,Green Bay,Cincinnati,Reefer,573.4,20977.0,1371.66,1279.0968,457342200.0
TR-043060,2025-09-30,Albany,Phoenix,Dry Van,3129.9,26787.0,5343.79,5281.5464,457342200.0
TR-043061,2025-09-30,Raleigh,Cincinnati,Dry Van,616.4,26623.0,1340.72,1337.7831,457342200.0
TR-043062,2025-09-30,Milwaukee,El Paso,Reefer,1537.4,43541.0,3511.31,3419.9375,457342200.0
TR-043063,2025-09-30,Syracuse,Nashville,Reefer,904.4,34655.0,2113.68,2098.8728,457342200.0
TR-043064,2025-09-30,Lexington,Fresno,Flatbed,2211.8,29063.0,4609.2,5299.607,457342200.0
TR-043065,2025-09-30,Las Vegas,Albuquerque,Reefer,422.4,22634.0,1109.63,1247.8141,457342200.0
TR-043066,2025-09-30,New York,Baton Rouge,Dry Van,1467.4,35957.0,2905.43,2866.7954,457342200.0
TR-043067,2025-09-30,Dayton,Richmond,Reefer,583.1,30000.0,1412.3,1352.7034,457342200.0
TR-043068,2025-09-30,Toledo,Houston,Reefer,1112.4,34440.0,2642.23,2558.5054,457342200.0
TR-043069,2025-09-30,Tulsa,Oklahoma City,Dry Van,305.5,47500.0,2610.3,802.04675,457342200.0
TR-043070,2025-09-30,Fresno,Nashville,Dry Van,2144.6,30455.0,4026.49,3946.5076,457342200.0
TR-043071,2025-09-30,Columbia,El Paso,Dry Van,1807.7,32823.0,3531.35,3557.9768,457342200.0
TR-043072,2025-09-30,New York,Richmond,Reefer,262.2,30997.0,716.88,703.02295,457342200.0
TR-043073,2025-09-30,Baltimore,Grand Rapids,Dry Van,903.2,27503.0,1736.2,1765.719,457342200.0
TR-043074,2025-09-30,Milwaukee,Montgomery,Dry Van,705.6,27088.0,1480.19,1426.7687,457342200.0
TR-043075,2025-09-30,Kansas City,Houston,Reefer,754.4,33982.0,1913.03,1875.895,457342200.0
TR-043076,2025-09-30,Baton Rouge,Grand Rapids,Reefer,1135.3,32247.0,2600.14,2520.079,457342200.0
TR-043077,2025-09-30,Lexington,Charleston,Dry Van,436.3,32646.0,2522.62,1004.0938,457342200.0
TR-043078,2025-09-30,Baltimore,Raleigh,Dry Van,387.5,31923.0,876.64,867.86255,457342200.0
TR-043079,2025-09-30,Memphis,Chattanooga,Dry Van,155.1,30739.0,434.29,469.33832,457342200.0
TR-043080,2025-09-30,Corpus Christi,Dallas,Dry Van,299.7,45163.0,801.38,788.0369,457342200.0
TR-043081,2025-09-30,Nashville,Dayton,Dry Van,411.7,47500.0,989.5,963.1715,457342200.0
TR-043082,2025-09-30,Louisville,Greensboro,Flatbed,333.8,31177.0,896.69,895.6128,457342200.0
TR-043083,2025-09-30,Oklahoma City,Los Angeles,Dry Van,1331.8,34219.0,2726.84,2636.389,457342200.0
TR-043084,2025-09-30,Montgomery,Raleigh,Dry Van,670.9,33687.0,1484.02,1465.0688,457342200.0
TR-043085,2025-09-30,Toledo,Harrisburg,Dry Van,444.3,25561.0,940.89,949.8264,457342200.0
TR-043086,2025-09-30,Nashville,Cincinnati,Dry Van,194.2,32747.0,532.29,517.2195,457342200.0
TR-043087,2025-09-30,San Antonio,Amarillo,Dry Van,522.4,17800.0,1185.03,1127.7167,457342200.0
TR-043088,2025-09-30,Bakersfield,Indianapolis,Dry Van,1832.2,21107.0,3365.72,3468.824,457342200.0
TR-043089,2025-09-30,New York,Hartford,Flatbed,125.2,25098.0,365.66,376.30496,457342200.0
TR-043090,2025-09-30,Baton Rouge,Oklahoma City,Flatbed,421.4,47500.0,1200.94,1176.6359,457342200.0
TR-043091,2025-09-30,Oklahoma City,Little Rock,Reefer,495.8,31236.0,1352.62,1289.179,457342200.0
TR-043092,2025-09-30,Bakersfield,Corpus Christi,Dry Van,1451.2,27083.0,2889.42,2830.1172,457342200.0
TR-043093,2025-09-30,Fort Wayne,Shreveport,Dry Van,833.6,47500.0,1771.8,1799.5493,457342200.0
TR-043094,2025-09-30,Columbia,Hartford,Flatbed,835.9,33104.0,1946.45,1862.8407,457342200.0
TR-043095,2025-09-30,Milwaukee,El Paso,Flatbed,1533.8,28384.0,3300.91,3120.534,457342200.0
TR-043096,2025-09-30,Mobile,Chattanooga,Dry Van,310.7,19657.0,715.18,744.055,457342200.0
TR-043097,2025-09-30,Buffalo,Las Vegas,Dry Van,2441.6,27508.0,4299.66,4234.1567,457342200.0
TR-043098,2025-09-30,Amarillo,Houston,Reefer,701.5,29166.0,1811.26,1770.8326,457342200.0
TR-043099,2025-09-30,Columbia,Phoenix,Dry Van,2288.6,30654.0,4205.63,4174.1055,457342200.0
TR-043100,2025-09-30,Fort Wayne,Cincinnati,Dry Van,367.1,28034.0,838.67,795.3024,457342200.0
TR-043101,2025-09-30,Los Angeles,Providence,Flatbed,3101.8,33966.0,6610.21,6103.609,457342200.0
TR-043102,2025-09-30,Fort Wayne,Albany,Reefer,874.4,32660.0,7443.31,1910.0331,457342200.0
TR-043103,2025-09-30,Madison,Buffalo,Dry Van,723.3,29713.0,1500.18,1421.6157,457342200.0
TR-043104,2025-09-30,Fresno,Nashville,Reefer,2087.7,32388.0,4526.15,4254.5684,457342200.0
TR-043105,2025-09-30,Los Angeles,Buffalo,Reefer,2663.7,26185.0,5382.19,5178.755,457342200.0
TR-043106,2025-09-30,Raleigh,Lubbock,Flatbed,1575.4,37570.0,3542.5,3341.213,457342200.0
TR-043107,2025-09-30,Phoenix,Jacksonville,Flatbed,2201.7,26877.0,4713.14,4296.9043,457342200.0
TR-043108,2025-09-30,New York,Atlanta,Flatbed,912.5,28708.0,2050.87,1938.7181,457342200.0
TR-043109,2025-09-30,Phoenix,Columbia,Dry Van,2303.1,36342.0,4361.64,4456.4863,457342200.0
TR-043110,2025-09-30,Grand Rapids,Charleston,Reefer,873.3,29336.0,2023.59,1966.4293,457342200.0
TR-043111,2025-09-30,Kansas City,Raleigh,Reefer,942.6,33917.0,2275.62,2191.1594,457342200.0
TR-043112,2025-09-30,Memphis,Philadelphia,Dry Van,1127.2,26790.0,2250.21,2218.992,457342200.0
TR-043113,2025-09-30,Syracuse,Lubbock,Reefer,1765.1,28221.0,3981.2,3727.3901,457342200.0
TR-043114,2025-09-30,Tampa,Philadelphia,Dry Van,1294.8,26939.0,2489.82,2510.1155,457342200.0
TR-043115,2025-09-30,Madison,Mobile,Flatbed,833.5,5000.0,1856.04,1787.8267,457342200.0
TR-043116,2025-09-30,El Paso,Buffalo,Dry Van,2131.0,25290.0,3878.4,3807.5186,457342200.0
TR-043117,2025-09-30,Atlanta,Fort Wayne,Flatbed,543.6,23591.0,1371.12,1256.2367,457342200.0
TR-043118,2025-09-30,Kansas City,Jacksonville,Flatbed,721.2,38457.0,1818.34,1718.4296,457342200.0
TR-043119,2025-09-30,Toledo,Lexington,Dry Van,432.3,27964.0,968.44,930.39386,457342200.0
TR-043120,2025-09-30,Amarillo,Grand Rapids,Reefer,1414.9,47147.0,3308.06,3293.457,457342200.0
TR-043121,2025-09-30,Kansas City,Mobile,Dry Van,654.1,31790.0,1454.09,1342.524,457342200.0
TR-043122,2025-09-30,Fresno,Milwaukee,Flatbed,2098.4,36090.0,4726.9,4164.8545,457342200.0
TR-043123,2025-09-30,Buffalo,New York,Dry Van,330.9,26481.0,749.67,724.2075,457342200.0
TR-043124,2025-09-30,Columbia,Albany,Dry Van,1093.9,14247.0,2009.55,2078.895,457342200.0
TR-043125,2025-09-30,Grand Rapids,Bakersfield,Dry Van,2071.1,26016.0,3784.87,3715.8245,457342200.0
TR-043126,2025-09-30,Columbia,Los Angeles,Flatbed,2340.6,12274.0,4713.82,4364.0156,457342200.0
TR-043127,2025-09-30,Fresno,Tucson,Dry Van,490.8,27413.0,1095.54,1083.595,457342200.0
TR-043128,2025-09-30,Green Bay,Providence,Dry Van,1249.0,31358.0,2423.41,2485.7358,457342200.0
TR-043129,2025-09-30,Phoenix,Hartford,Flatbed,3031.1,24174.0,6031.83,5666.317,457342200.0
TR-043130,2025-09-30,Boston,Oklahoma City,Reefer,1999.4,38120.0,4633.29,4237.702,457342200.0
TR-043131,2025-09-30,Charleston,Nashville,Dry Van,568.0,38481.0,4000.2,1233.5475,457342200.0
TR-043132,2025-09-30,Mobile,Austin,Flatbed,824.4,27559.0,2040.44,1893.7115,457342200.0
TR-043133,2025-09-30,Cincinnati,Fresno,Dry Van,2204.8,44029.0,4265.6,4299.5713,457342200.0
TR-043134,2025-09-30,Shreveport,Cincinnati,Dry Van,558.6,45335.0,1280.48,1242.6981,457342200.0
TR-043135,2025-09-30,Amarillo,Nashville,Flatbed,1121.4,37909.0,2711.58,2547.548,457342200.0
TR-043136,2025-09-30,Hartford,Louisville,Dry Van,1013.1,24517.0,1997.28,1994.59,457342200.0
TR-043137,2025-09-30,Baton Rouge,Chattanooga,Flatbed,534.2,27893.0,1351.46,1316.7096,457342200.0
TR-043138,2025-09-30,Fresno,Boston,Dry Van,3302.0,25752.0,5812.69,5512.502,457342200.0
TR-043139,2025-09-30,New York,Atlanta,Flatbed,910.5,29153.0,2108.23,1990.8477,457342200.0
TR-043140,2025-09-30,Bakersfield,Madison,Dry Van,1850.7,21007.0,3252.91,3435.7996,457342200.0
TR-043141,2025-09-30,Bakersfield,Buffalo,Reefer,2471.3,32962.0,5237.53,5159.331,457342200.0
TR-043142,2025-09-30,Los Angeles,Tampa,Reefer,2069.0,28947.0,4514.51,4219.506,457342200.0
TR-043143,2025-09-30,Philadelphia,Green Bay,Dry Van,970.6,47500.0,1980.3,1982.6816,457342200.0
TR-043144,2025-09-30,Albuquerque,Oklahoma City,Reefer,803.6,18014.0,1931.07,1853.011,457342200.0
TR-043145,2025-09-30,Kansas City,Tucson,Reefer,1623.9,36536.0,3707.12,3548.9697,457342200.0
TR-043146,2025-09-30,Lexington,Dallas,Dry Van,744.2,32879.0,1650.2,1603.9327,457342200.0
TR-043147,2025-09-30,Oklahoma City,Indianapolis,Dry Van,860.4,35820.0,1938.61,1818.8254,457342200.0
TR-043148,2025-10-01,Phoenix,Dayton,Dry Van,2211.8,27536.0,4001.45,4099.175,457342200.0
TR-043149,2025-10-01,Nashville,Albany,Dry Van,1244.7,36248.0,2466.25,2626.056,457342200.0
TR-043150,2025-10-01,Baton Rouge,Toledo,Reefer,1083.9,41497.0,2526.28,2492.8972,457342200.0
TR-043151,2025-10-01,Houston,Nashville,Reefer,605.5,26869.0,1518.22,1485.672,457342200.0
TR-043152,2025-10-01,Tulsa,Albany,Dry Van,1663.3,5000.0,2999.76,3012.4875,457342200.0
TR-043153,2025-10-01,Nashville,Corpus Christi,Dry Van,780.4,30828.0,1704.26,1650.9723,457342200.0
TR-043154,2025-10-01,Lexington,Chattanooga,Reefer,216.5,30612.0,605.83,700.10126,457342200.0
TR-043155,2025-10-01,Grand Rapids,Louisville,Dry Van,520.5,45376.0,1176.88,1131.3281,457342200.0
TR-043156,2025-10-01,Mobile,Grand Rapids,Dry Van,987.8,24167.0,1900.8,1935.6719,457342200.0
TR-043157,2025-10-01,Atlanta,Philadelphia,Dry Van,945.3,29375.0,1914.59,1906.7297,457342200.0
TR-043158,2025-10-01,Greensboro,Fort Wayne,Reefer,479.1,33823.0,1223.46,1184.8274,457342200.0
TR-043159,2025-10-01,Shreveport,Fort Wayne,Flatbed,857.4,31404.0,1941.22,1876.1259,457342200.0
TR-043160,2025-10-01,Dayton,Baton Rouge,Reefer,917.8,40760.0,2156.97,2109.0813,457342200.0
TR-043161,2025-10-01,Jacksonville,Los Angeles,Dry Van,2203.9,47500.0,4262.62,4252.988,457342200.0
TR-043162,2025-10-01,Amarillo,Tucson,Dry Van,639.4,36200.0,1430.05,1406.8837,457342200.0
TR-043163,2025-10-01,Fresno,Buffalo,Dry Van,2754.3,28815.0,4744.55,4765.0947,457342200.0
TR-043164,2025-10-01,San Antonio,Kansas City,Dry Van,931.0,34497.0,2022.34,1936.8629,457342200.0
TR-043165,2025-10-01,St. Louis,El Paso,Flatbed,1373.6,38469.0,2990.31,3042.7942,457342200.0
TR-043166,2025-10-01,Kansas City,Fort Wayne,Reefer,399.8,26626.0,982.16,978.721,457342200.0
TR-043167,2025-10-01,Fort Wayne,Buffalo,Reefer,415.8,36116.0,1023.56,1019.2928,457342200.0
TR-043168,2025-10-01,Shreveport,Syracuse,Reefer,1278.8,40445.0,2873.9,2863.9314,457342200.0
TR-043169,2025-10-01,Albuquerque,Buffalo,Flatbed,2049.6,43072.0,4042.16,4103.874,457342200.0
TR-043170,2025-10-01,Indianapolis,Dayton,Reefer,246.4,39932.0,712.29,706.1153,457342200.0
TR-043171,2025-10-01,Grand Rapids,Philadelphia,Dry Van,884.2,44533.0,1794.49,1804.5664,457342200.0
TR-043172,2025-10-01,Reno,Boston,Flatbed,3014.7,24898.0,5589.34,5565.8594,457342200.0
TR-043173,2025-10-01,Hartford,Atlanta,Flatbed,998.5,26527.0,2086.11,2156.598,457342200.0
TR-043174,2025-10-01,Raleigh,Richmond,Dry Van,242.5,24719.0,579.08,582.8703,457342200.0
TR-043175,2025-10-01,Toledo,Harrisburg,Dry Van,449.7,37069.0,974.24,976.17004,457342200.0
TR-043176,2025-10-01,Columbia,Chattanooga,Flatbed,282.2,41187.0,755.24,766.4656,457342200.0
TR-043177,2025-10-01,Dayton,Baton Rouge,Flatbed,884.8,37448.0,2004.9,1936.3796,457342200.0
TR-043178,2025-10-01,Nashville,Baltimore,Dry Van,1022.5,25107.0,2015.6,2015.385,457342200.0
TR-043179,2025-10-01,Jacksonville,Charleston,Flatbed,378.6,23637.0,906.83,926.032,457342200.0
TR-043180,2025-10-01,Richmond,Salt Lake City,Flatbed,2336.6,32396.0,4627.89,4498.353,457342200.0
TR-043181,2025-10-01,Philadelphia,Detroit,Dry Van,777.6,19703.0,1500.39,1496.5085,457342200.0
TR-043182,2025-10-01,Madison,Green Bay,Dry Van,277.8,24115.0,628.71,611.4834,457342200.0
TR-043183,2025-10-01,Green Bay,Greensboro,Reefer,764.2,31784.0,1789.15,1736.6943,457342200.0
TR-043184,2025-10-01,Richmond,Fort Wayne,Dry Van,589.6,26718.0,1184.39,1234.8357,457342200.0
TR-043185,2025-10-01,Fort Wayne,Atlanta,Reefer,548.4,26544.0,6477.13,1279.3026,457342200.0
TR-043186,2025-10-01,Syracuse,Greensboro,Flatbed,684.8,43639.0,1498.58,1539.771,457342200.0
TR-043187,2025-10-01,Oklahoma City,Austin,Reefer,244.7,40290.0,757.75,757.33374,457342200.0
TR-043188,2025-10-01,Memphis,Syracuse,Dry Van,993.2,32962.0,2022.07,1991.242,457342200.0
TR-043189,2025-10-01,Milwaukee,Mobile,Dry Van,650.6,22459.0,1372.49,1313.3894,457342200.0
TR-043190,2025-10-01,Baton Rouge,Montgomery,Dry Van,461.0,24343.0,1000.3,1044.949,457342200.0
TR-043191,2025-10-01,Tulsa,Atlanta,Dry Van,562.0,23040.0,1206.96,1196.0339,457342200.0
TR-043192,2025-10-01,Lubbock,Tulsa,Dry Van,470.7,32546.0,1133.3,1103.5483,457342200.0
TR-043193,2025-10-01,Reno,Columbia,Flatbed,2273.8,19245.0,4333.35,4231.063,457342200.0
TR-043194,2025-10-01,Los Angeles,San Antonio,Dry Van,1273.2,38296.0,2647.58,2624.4219,457342200.0
TR-043195,2025-10-01,Kansas City,Atlanta,Dry Van,495.9,26104.0,1100.57,1041.2075,457342200.0
TR-043196,2025-10-01,Fort Wayne,Jacksonville,Flatbed,758.8,39430.0,1733.31,1700.6598,457342200.0
TR-043197,2025-10-01,Los Angeles,Milwaukee,Reefer,2051.9,41133.0,4360.08,4221.1973,457342200.0
TR-043198,2025-10-01,Mobile,Corpus Christi,Dry Van,597.4,25697.0,1310.24,1302.327,457342200.0
TR-043199,2025-10-01,Baltimore,Los Angeles,Dry Van,3035.7,33063.0,5448.66,5325.137,457342200.0
TR-043200,2025-10-01,Oklahoma City,San Antonio,Dry Van,210.1,35587.0,572.62,607.2989,457342200.0
TR-043201,2025-10-01,Harrisburg,Oklahoma City,Dry Van,1471.5,25723.0,2839.21,2900.5803,457342200.0
TR-043202,2025-10-01,Nashville,Tulsa,Dry Van,463.4,20883.0,1033.26,1022.6594,457342200.0
TR-043203,2025-10-01,Mobile,Green Bay,Dry Van,1010.9,24986.0,1986.82,1997.4338,457342200.0
TR-043204,2025-10-01,Shreveport,Richmond,Reefer,1124.8,22602.0,2400.85,2432.2725,457342200.0
TR-043205,2025-10-01,Kansas City,Tampa,Dry Van,951.8,43986.0,1936.07,1982.1868,457342200.0
TR-043206,2025-10-01,Lexington,Providence,Dry Van,988.0,28775.0,1929.23,1990.6365,457342200.0
TR-043207,2025-10-01,Fresno,El Paso,Reefer,647.7,24066.0,1483.98,1537.1534,457342200.0
TR-043208,2025-10-01,Green Bay,Fresno,Dry Van,2216.0,24384.0,3829.84,4033.075,457342200.0
TR-043209,2025-10-01,Toledo,Columbia,Dry Van,605.9,27898.0,1217.54,1254.722,457342200.0
TR-043210,2025-10-01,Shreveport,Buffalo,Dry Van,1159.0,39760.0,2360.65,2416.0706,457342200.0
TR-043211,2025-10-01,Philadelphia,Cincinnati,Reefer,922.4,35327.0,2088.6,2130.6284,457342200.0
TR-043212,2025-10-01,Washington,San Francisco,Dry Van,2784.9,27614.0,4778.86,4939.533,457342200.0
TR-043213,2025-10-01,Indianapolis,Raleigh,Flatbed,803.1,22362.0,1722.03,1683.337,457342200.0
TR-043214,2025-10-01,Dayton,Raleigh,Flatbed,637.7,24901.0,1412.16,1410.7449,457342200.0
TR-043215,2025-10-01,El Paso,Richmond,Reefer,2179.4,21759.0,4500.92,4279.004,457342200.0
TR-043216,2025-10-01,Shreveport,Boston,Dry Van,1553.5,47500.0,3181.84,3177.7922,457342200.0
TR-043217,2025-10-01,Bakersfield,Austin,Dry Van,1203.3,42577.0,2498.9,2503.7512,457342200.0
TR-043218,2025-10-01,Phoenix,Baton Rouge,Dry Van,1635.8,36575.0,3208.55,3179.722,457342200.0
TR-043219,2025-10-01,Boston,El Paso,Dry Van,2628.8,43841.0,4900.51,4882.1353,457342200.0
TR-043220,2025-10-01,El Paso,Mobile,Dry Van,1507.7,39046.0,3028.96,2967.786,457342200.0
TR-043221,2025-10-01,Mobile,Cincinnati,Dry Van,458.5,26528.0,1008.48,1030.991,457342200.0
TR-043222,2025-10-01,Tucson,Albuquerque,Reefer,451.9,44563.0,1170.12,1430.6659,457342200.0
TR-043223,2025-10-01,Amarillo,Memphis,Reefer,1005.8,47500.0,2521.43,2365.4978,457342200.0
TR-043224,2025-10-01,Grand Rapids,Milwaukee,Dry Van,358.0,42637.0,835.03,848.6683,457342200.0
TR-043225,2025-10-01,Phoenix,Syracuse,Flatbed,2633.9,23274.0,4810.57,6134.7896,457342200.0
TR-043226,2025-10-01,Grand Rapids,Syracuse,Reefer,562.6,5739.0,1244.63,1228.5912,457342200.0
TR-043227,2025-10-01,Chattanooga,Grand Rapids,Dry Van,678.9,28436.0,1446.38,1363.1926,457342200.0
TR-043228,2025-10-01,Dayton,Indianapolis,Dry Van,244.1,18130.0,563.96,562.1067,457342200.0
TR-043229,2025-10-01,Albuquerque,Tucson,Dry Van,447.2,31876.0,1023.4,1022.7699,457342200.0
TR-043230,2025-10-01,Cincinnati,Harrisburg,Flatbed,607.5,35518.0,1421.17,1412.7562,457342200.0
TR-043231,2025-10-01,Baltimore,Greensboro,Dry Van,685.5,27719.0,1397.01,1390.083,457342200.0
TR-043232,2025-10-01,Montgomery,Amarillo,Dry Van,1253.7,30966.0,2477.14,2541.8613,457342200.0
TR-043233,2025-10-01,Charleston,New York,Reefer,632.4,23134.0,1490.25,1452.0044,457342200.0
TR-043234,2025-10-01,Tucson,Tulsa,Dry Van,1283.2,25966.0,2459.43,2507.799,457342200.0
TR-043235,2025-10-01,Raleigh,Greensboro,Dry Van,359.6,24538.0,789.03,971.6138,457342200.0
TR-043236,2025-10-01,Greensboro,Mobile,Dry Van,509.2,37495.0,1164.68,1132.5411,457342200.0
TR-043237,2025-10-01,Fresno,Harrisburg,Reefer,2731.3,28295.0,5555.29,5241.7686,457342200.0
TR-043238,2025-10-01,Tucson,Atlanta,Dry Van,1875.4,26096.0,3533.64,3591.9958,457342200.0
TR-043239,2025-10-01,Indianapolis,Dayton,Dry Van,256.8,36158.0,648.29,604.1187,457342200.0
TR-043240,2025-10-01,New Orleans,Hartford,Dry Van,1435.0,41394.0,2853.94,2890.255,457342200.0
TR-043241,2025-10-01,Fresno,Lubbock,Dry Van,1431.7,24891.0,2817.95,2775.5078,457342200.0
TR-043242,2025-10-01,Nashville,Kansas City,Flatbed,412.3,25831.0,1002.17,993.1667,457342200.0
TR-043243,2025-10-01,Columbia,Amarillo,Dry Van,1434.7,37857.0,2898.42,2906.7751,457342200.0
TR-043244,2025-10-01,Buffalo,Jacksonville,Reefer,862.0,35602.0,1968.55,1943.8966,457342200.0
TR-043245,2025-10-01,Montgomery,Tulsa,Dry Van,624.8,33757.0,1398.29,1364.4995,457342200.0
TR-043246,2025-10-01,Detroit,Raleigh,Dry Van,790.4,38671.0,1614.53,1614.3795,457342200.0
TR-043247,2025-10-01,Mobile,Lubbock,Dry Van,833.4,29664.0,1793.3,1790.9619,457342200.0
TR-043248,2025-10-01,Phoenix,Charleston,Dry Van,2442.1,28440.0,4537.86,4267.5615,457342200.0
TR-043249,2025-10-01,Richmond,Memphis,Dry Van,824.1,20292.0,1641.95,1656.025,457342200.0
TR-043250,2025-10-01,Shreveport,Syracuse,Flatbed,1259.6,21423.0,2505.88,2572.8145,457342200.0
TR-043251,2025-10-01,Corpus Christi,Harrisburg,Dry Van,1519.1,29301.0,2902.34,2808.6965,457342200.0
TR-043252,2025-10-01,Toledo,Fort Wayne,Reefer,104.7,47500.0,311.26,340.71268,457342200.0
TR-043253,2025-10-01,Phoenix,Detroit,Dry Van,2267.7,30233.0,4200.14,4187.9185,457342200.0
TR-043254,2025-10-01,Baton Rouge,Shreveport,Dry Van,176.0,46893.0,517.66,517.1351,457342200.0
TR-043255,2025-10-01,Salt Lake City,Fort Wayne,Reefer,1837.0,30272.0,3773.93,4034.6223,457342200.0
TR-043256,2025-10-01,Atlanta,San Antonio,Reefer,933.6,30160.0,2219.91,2168.618,457342200.0
TR-043257,2025-10-01,Lubbock,Baton Rouge,Dry Van,538.3,32252.0,1283.16,1250.1707,457342200.0
TR-043258,2025-10-01,Syracuse,Houston,Dry Van,1522.5,25068.0,2877.77,2793.9795,457342200.0
TR-043259,2025-10-01,Tulsa,Boston,Dry Van,1726.6,38038.0,3332.2,3321.3562,457342200.0
TR-043260,2025-10-01,New York,Tucson,Reefer,2615.5,25949.0,5124.5,5006.524,457342200.0
TR-043261,2025-10-01,Green Bay,Bakersfield,Reefer,2004.8,27169.0,4070.24,4069.4165,457342200.0
TR-043262,2025-10-01,Memphis,Philadelphia,Reefer,1123.5,23306.0,2458.0,2391.0986,457342200.0
TR-043263,2025-10-01,Philadelphia,Nashville,Dry Van,1039.6,29476.0,2010.76,2093.1226,457342200.0
TR-043264,2025-10-01,Lexington,Phoenix,Dry Van,2254.2,36593.0,4221.49,4056.3909,457342200.0
TR-043265,2025-10-01,Shreveport,Grand Rapids,Reefer,959.6,22879.0,2113.04,2047.5059,457342200.0
TR-043266,2025-10-01,Indianapolis,San Francisco,Flatbed,2164.4,39863.0,4464.73,4265.9644,457342200.0
TR-043267,2025-10-01,Lexington,San Francisco,Dry Van,2291.1,32262.0,4310.7,4333.0586,457342200.0
TR-043268,2025-10-01,Green Bay,Bakersfield,Reefer,2012.0,45324.0,4298.29,4221.128,457342200.0
TR-043269,2025-10-01,Charleston,Milwaukee,Dry Van,734.0,28420.0,1487.21,1455.282,457342200.0
TR-043270,2025-10-01,Tucson,Phoenix,Dry Van,275.2,29606.0,650.49,749.6478,457342200.0
TR-043271,2025-10-01,Amarillo,Phoenix,Dry Van,875.0,16374.0,1730.09,1760.8462,457342200.0
TR-043272,2025-10-01,Lexington,Fort Wayne,Dry Van,371.4,26829.0,841.42,796.1175,457342200.0
TR-043273,2025-10-01,Jacksonville,Los Angeles,Dry Van,2261.5,38330.0,4384.26,4243.3906,457342200.0
TR-043274,2025-10-01,Indianapolis,Mobile,Dry Van,561.1,38066.0,1274.28,1214.5126,457342200.0
TR-043275,2025-10-01,San Antonio,Memphis,Dry Van,791.9,32338.0,1749.18,1709.5105,457342200.0
TR-043276,2025-10-01,El Paso,Louisville,Dry Van,1577.7,41225.0,3134.93,3069.635,457342200.0
TR-043277,2025-10-01,Montgomery,Oklahoma City,Dry Van,855.9,35842.0,1791.66,1834.9703,457342200.0
TR-043278,2025-10-01,Greensboro,Harrisburg,Reefer,442.4,47500.0,1098.12,1192.06,457342200.0
TR-043279,2025-10-01,Charleston,Atlanta,Dry Van,445.9,24307.0,977.98,995.9877,457342200.0
TR-043280,2025-10-01,Nashville,Houston,Flatbed,583.0,30914.0,1398.37,1408.6523,457342200.0
TR-043281,2025-10-01,San Antonio,Albuquerque,Dry Van,912.2,33514.0,1927.67,1880.6147,457342200.0
TR-043282,2025-10-01,Providence,Milwaukee,Dry Van,1227.5,37320.0,2331.68,2432.8684,457342200.0
TR-043283,2025-10-01,Fort Wayne,Amarillo,Dry Van,1396.3,42207.0,2846.07,2903.3643,457342200.0
TR-043284,2025-10-01,Dayton,Charleston,Reefer,629.3,25310.0,1458.78,1431.1182,457342200.0
TR-043285,2025-10-01,Richmond,Boston,Reefer,489.6,27756.0,1157.74,1286.4646,457342200.0
TR-043286,2025-10-01,Milwaukee,Jacksonville,Dry Van,660.7,39401.0,1443.07,1394.8391,457342200.0
TR-043287,2025-10-01,Cincinnati,Louisville,Dry Van,70.0,26853.0,194.26,274.30447,457342200.0
TR-043288,2025-10-01,Boston,Amarillo,Reefer,2337.0,41008.0,5076.68,4839.4966,457342200.0
TR-043289,2025-10-01,Toledo,Richmond,Dry Van,565.0,20368.0,1140.24,1133.3319,457342200.0
TR-043290,2025-10-01,Charleston,Syracuse,Reefer,733.9,25509.0,1645.12,1611.4578,457342200.0
TR-043291,2025-10-01,Charleston,Lexington,Dry Van,407.9,26756.0,921.92,926.95276,457342200.0
TR-043292,2025-10-01,Atlanta,Grand Rapids,Dry Van,699.1,36044.0,1498.47,1432.0233,457342200.0
TR-043293,2025-10-01,Shreveport,Lubbock,Reefer,594.4,19599.0,1456.25,1456.8297,457342200.0
TR-043294,2025-10-01,New York,Grand Rapids,Flatbed,801.6,26720.0,1717.39,1646.6968,457342200.0
TR-043295,2025-10-01,Kansas City,Bakersfield,Dry Van,1732.8,32451.0,3374.09,3328.487,457342200.0
TR-043296,2025-10-01,Charleston,Toledo,Dry Van,735.6,35437.0,1509.89,1488.3961,457342200.0
TR-043297,2025-10-01,Hartford,Philadelphia,Dry Van,70.0,41400.0,203.0,259.58,457342200.0
TR-043298,2025-10-01,Tulsa,San Antonio,Dry Van,414.8,31811.0,1013.72,980.04553,457342200.0
TR-043299,2025-10-01,Lubbock,Syracuse,Flatbed,1869.1,38731.0,3856.36,3825.7842,457342200.0
TR-043300,2025-10-01,Savannah,Atlanta,Dry Van,320.9,29026.0,767.51,754.4507,457342200.0
TR-043301,2025-10-01,Amarillo,Fresno,Reefer,1056.2,35009.0,2447.96,2422.4294,457342200.0
TR-043302,2025-10-01,Atlanta,Chattanooga,Reefer,84.4,29124.0,280.13,343.21738,457342200.0
TR-043303,2025-10-01,Atlanta,Phoenix,Reefer,2083.1,40335.0,13894.55,4294.01,457342200.0
TR-043304,2025-10-01,Atlanta,Richmond,Dry Van,684.6,36871.0,1456.68,1450.2177,457342200.0
TR-043305,2025-10-01,San Francisco,Amarillo,Dry Van,1194.6,30382.0,2368.1,2438.1328,457342200.0
TR-043306,2025-10-01,Baton Rouge,Detroit,Dry Van,1212.8,25756.0,2279.69,2347.0603,457342200.0
TR-043307,2025-10-01,Albany,Tucson,Dry Van,2824.9,27302.0,4949.49,4916.863,457342200.0
TR-043308,2025-10-01,Bakersfield,New York,Reefer,2801.8,30399.0,5510.91,5574.006,457342200.0
TR-043309,2025-10-01,Mobile,Birmingham,Dry Van,159.3,26626.0,432.91,493.03128,457342200.0
TR-043310,2025-10-02,Dayton,Baton Rouge,Reefer,914.5,43228.0,2142.88,2092.3447,457342200.0
TR-043311,2025-10-02,Baton Rouge,Tampa,Reefer,444.9,29855.0,1200.45,1148.9995,457342200.0
TR-043312,2025-10-02,Chattanooga,Albuquerque,Dry Van,1468.5,41848.0,2968.11,2929.388,457342200.0
TR-043313,2025-10-02,Tucson,Columbia,Dry Van,2027.3,33496.0,3842.4,3799.4033,457342200.0
TR-043314,2025-10-02,Toledo,Montgomery,Flatbed,862.8,24062.0,1843.79,1798.7784,457342200.0
TR-043315,2025-10-02,Phoenix,Cincinnati,Dry Van,2060.5,30456.0,3792.71,3773.6238,457342200.0
TR-043316,2025-10-02,San Antonio,Richmond,Reefer,1622.8,19328.0,3421.97,3316.485,457342200.0
TR-043317,2025-10-02,Fort Wayne,Charleston,Dry Van,689.3,35351.0,1467.83,1422.602,457342200.0
TR-043318,2025-10-02,Shreveport,Cincinnati,Dry Van,562.4,31315.0,1236.69,1219.2693,457342200.0
TR-043319,2025-10-02,Chattanooga,Tucson,Dry Van,1776.6,36173.0,3405.12,3445.2659,457342200.0
TR-043320,2025-10-02,Montgomery,Charleston,Dry Van,507.6,47500.0,1143.93,1170.5219,457342200.0
TR-043321,2025-10-02,Syracuse,Greensboro,Dry Van,664.9,39672.0,1378.93,1372.1599,457342200.0
TR-043322,2025-10-02,Fresno,Raleigh,Dry Van,2803.5,30727.0,5012.79,5077.1797,457342200.0
TR-043323,2025-10-02,Corpus Christi,Cincinnati,Reefer,937.3,32688.0,2169.46,2196.1182,457342200.0
TR-043324,2025-10-02,El Paso,Hartford,Reefer,2554.1,23325.0,5024.96,4983.6426,457342200.0
TR-043325,2025-10-02,Tucson,Oklahoma City,Reefer,1005.7,47500.0,2467.62,2383.709,457342200.0
TR-043326,2025-10-02,Buffalo,San Francisco,Dry Van,2738.2,27007.0,4932.23,4739.983,457342200.0
TR-043327,2025-10-02,Baton Rouge,Harrisburg,Dry Van,1210.0,34145.0,2347.61,2430.768,457342200.0
TR-043328,2025-10-02,Bakersfield,Richmond,Flatbed,2586.0,30925.0,4970.96,4910.396,457342200.0
TR-043329,2025-10-02,Austin,Toledo,Dry Van,1440.3,30427.0,2770.73,2741.529,457342200.0
TR-043330,2025-10-02,Mobile,Albany,Dry Van,1430.6,33971.0,2802.12,2807.5522,457342200.0
TR-043331,2025-10-02,Boston,Mobile,Dry Van,1337.8,35036.0,2727.55,2616.2864,457342200.0
TR-043332,2025-10-02,Columbia,El Paso,Flatbed,1754.5,24571.0,3588.13,3564.693,457342200.0
TR-043333,2025-10-02,Phoenix,Oklahoma City,Dry Van,1214.9,30987.0,2414.96,2464.2415,457342200.0
TR-043334,2025-10-02,Nashville,El Paso,Reefer,1487.4,22023.0,3168.66,3107.5867,457342200.0
TR-043335,2025-10-02,Fort Wayne,Toledo,Reefer,92.6,27702.0,274.24,291.4374,457342200.0
TR-043336,2025-10-02,Madison,Greensboro,Flatbed,648.8,28661.0,1429.94,1422.1665,457342200.0
TR-043337,2025-10-02,Lexington,Baton Rouge,Dry Van,762.7,38763.0,1729.78,1684.88,457342200.0
TR-043338,2025-10-02,Harrisburg,New York,Reefer,281.2,47500.0,745.43,735.5364,457342200.0
TR-043339,2025-10-02,Buffalo,San Francisco,Reefer,2831.4,22845.0,5505.02,5648.52,457342200.0
TR-043340,2025-10-02,Atlanta,New Orleans,Flatbed,458.5,42072.0,1142.27,1178.9131,457342200.0
TR-043341,2025-10-02,Chattanooga,Lexington,Reefer,225.6,24212.0,624.99,650.0509,457342200.0
TR-043342,2025-10-02,Philadelphia,Memphis,Flatbed,1114.2,30196.0,2301.92,2387.3862,457342200.0
TR-043343,2025-10-02,Salt Lake City,Reno,Flatbed,532.7,26267.0,1175.29,1218.3253,457342200.0
TR-043344,2025-10-02,Shreveport,Richmond,Dry Van,1122.3,26343.0,2214.59,2232.562,457342200.0
TR-043345,2025-10-02,Austin,Madison,Dry Van,1213.2,44576.0,2592.64,2475.0298,457342200.0
TR-043346,2025-10-02,Milwaukee,Amarillo,Dry Van,1152.6,16768.0,2287.12,2267.7253,457342200.0
TR-043347,2025-10-02,Syracuse,Salt Lake City,Reefer,2391.8,42945.0,4754.03,4921.7256,457342200.0
TR-043348,2025-10-02,Montgomery,Charleston,Dry Van,497.1,36857.0,1140.26,1116.2744,457342200.0
TR-043349,2025-10-02,Dayton,Hartford,Dry Van,842.1,33157.0,1672.88,1720.5757,457342200.0
TR-043350,2025-10-02,Philadelphia,Shreveport,Flatbed,1356.3,20949.0,2718.68,2803.7825,457342200.0
TR-043351,2025-10-02,Oklahoma City,Austin,Dry Van,233.9,26277.0,611.62,608.1499,457342200.0
TR-043352,2025-10-02,Fresno,Lubbock,Flatbed,1391.0,40890.0,3094.08,3187.429,457342200.0
TR-043353,2025-10-02,Greensboro,Amarillo,Dry Van,1475.3,28433.0,2843.33,2819.185,457342200.0
TR-043354,2025-10-02,Grand Rapids,Boston,Flatbed,1096.9,32334.0,2265.33,3265.5874,457342200.0
TR-043355,2025-10-02,Baton Rouge,Green Bay,Dry Van,1140.1,36056.0,2393.81,2300.7979,457342200.0
TR-043356,2025-10-02,Memphis,Savannah,Dry Van,525.3,23647.0,1174.22,1118.7535,457342200.0
TR-043357,2025-10-02,Austin,Salt Lake City,Dry Van,1030.0,47500.0,2169.9,2181.3823,457342200.0
TR-043358,2025-10-02,Raleigh,New Orleans,Dry Van,1039.7,34202.0,2168.46,2173.3723,457342200.0
TR-043359,2025-10-02,El Paso,Fort Wayne,Flatbed,1697.5,36529.0,3535.11,4191.297,457342200.0
TR-043360,2025-10-02,Los Angeles,Austin,Dry Van,1211.5,34986.0,2482.49,2467.9587,457342200.0
TR-043361,2025-10-02,Syracuse,Tampa,Dry Van,1323.2,36681.0,2530.95,2640.0498,457342200.0
TR-043362,2025-10-02,Washington,Milwaukee,Dry Van,732.4,14243.0,1481.8,1408.3302,457342200.0
TR-043363,2025-10-02,Dallas,Oklahoma City,Reefer,291.3,27149.0,836.03,858.6811,457342200.0
TR-043364,2025-10-02,Mobile,Oklahoma City,Flatbed,721.1,32193.0,1721.74,1731.7715,457342200.0
TR-043365,2025-10-02,Tampa,Syracuse,Dry Van,1329.0,31669.0,2529.85,2568.5544,457342200.0
TR-043366,2025-10-02,Fresno,Jacksonville,Dry Van,2414.8,38106.0,4621.92,4582.3486,457342200.0
TR-043367,2025-10-02,Cincinnati,Lexington,Reefer,128.1,33354.0,386.18,432.4221,457342200.0
TR-043368,2025-10-02,Greensboro,Albuquerque,Flatbed,1750.6,29386.0,3633.54,3646.5852,457342200.0
TR-043369,2025-10-02,Baltimore,El Paso,Dry Van,2445.4,16452.0,4333.71,4321.4175,457342200.0
TR-043370,2025-10-02,Nashville,Hartford,Dry Van,1100.8,16974.0,2038.03,2160.6147,457342200.0
TR-043371,2025-10-02,Phoenix,Tulsa,Dry Van,1509.4,27056.0,2825.29,2868.9634,457342200.0
TR-043372,2025-10-02,San Francisco,Bakersfield,Flatbed,389.0,32906.0,974.77,982.81757,457342200.0
TR-043373,2025-10-02,Shreveport,Lubbock,Reefer,585.9,39614.0,1557.11,1498.1068,457342200.0
TR-043374,2025-10-02,Detroit,Raleigh,Flatbed,769.4,34959.0,1673.46,1683.3712,457342200.0
TR-043375,2025-10-02,Grand Rapids,Detroit,Flatbed,137.9,33611.0,378.74,418.09644,457342200.0
TR-043376,2025-10-02,Lexington,Providence,Dry Van,1018.0,41082.0,2084.23,2094.889,457342200.0
TR-043377,2025-10-02,Lexington,Fort Wayne,Reefer,354.1,27073.0,901.41,904.5049,457342200.0
TR-043378,2025-10-02,Albuquerque,Chattanooga,Flatbed,1471.9,28123.0,3087.75,3174.496,457342200.0
TR-043379,2025-10-02,Atlanta,Toledo,Dry Van,605.0,24036.0,1262.04,1234.9512,457342200.0
TR-043380,2025-10-02,St. Louis,Charleston,Reefer,764.0,25418.0,1740.07,1683.3763,457342200.0
TR-043381,2025-10-02,Buffalo,Bakersfield,Dry Van,2545.4,26407.0,4425.69,4477.895,457342200.0
TR-043382,2025-10-02,Charleston,Albany,Dry Van,956.5,47500.0,1948.49,1972.2377,457342200.0
TR-043383,2025-10-02,Kansas City,San Antonio,Dry Van,920.3,47500.0,1985.82,1911.8434,457342200.0
TR-043384,2025-10-02,Providence,Dallas,Dry Van,1735.4,26749.0,3312.03,3220.9658,457342200.0
TR-043385,2025-10-02,Lexington,Lubbock,Dry Van,1187.0,25359.0,11696.44,2376.4377,457342200.0
TR-043386,2025-10-02,Baton Rouge,New Orleans,Dry Van,180.2,32618.0,487.55,512.62036,457342200.0
TR-043387,2025-10-02,Green Bay,Grand Rapids,Dry Van,119.5,44076.0,321.82,327.1276,457342200.0
TR-043388,2025-10-02,Cincinnati,Greensboro,Reefer,307.1,20683.0,779.12,830.012,457342200.0
TR-043389,2025-10-02,Green Bay,Milwaukee,Dry Van,423.5,32921.0,946.74,930.94794,457342200.0
TR-043390,2025-10-02,Nashville,Mobile,Reefer,293.5,37348.0,825.3,864.9811,457342200.0
TR-043391,2025-10-02,Las Vegas,Richmond,Flatbed,2559.4,31548.0,4936.62,4890.2607,457342200.0
TR-043392,2025-10-02,New York,Shreveport,Dry Van,1366.8,34165.0,2706.68,2676.0378,457342200.0
TR-043393,2025-10-02,Greensboro,Fort Wayne,Flatbed,467.1,31290.0,1096.8,1122.0082,457342200.0
TR-043394,2025-10-02,Providence,Amarillo,Dry Van,2294.0,32594.0,4472.5,4339.475,457342200.0
TR-043395,2025-10-02,Bakersfield,Albany,Dry Van,2976.3,21669.0,4946.27,5011.6533,457342200.0
TR-043396,2025-10-02,Toledo,Green Bay,Dry Van,286.6,34860.0,667.99,636.6163,457342200.0
TR-043397,2025-10-02,Montgomery,Shreveport,Dry Van,443.7,30159.0,1024.78,1031.2437,457342200.0
TR-043398,2025-10-02,Albuquerque,Philadelphia,Flatbed,2317.3,37340.0,4743.82,4493.0776,457342200.0
TR-043399,2025-10-02,Albuquerque,Grand Rapids,Dry Van,1572.5,25276.0,2930.65,2950.3486,457342200.0
TR-043400,2025-10-02,Harrisburg,Fresno,Dry Van,2661.4,43595.0,4983.92,4917.0503,457342200.0
TR-043401,2025-10-02,Buffalo,Boston,Dry Van,593.6,39329.0,1229.98,1401.4626,457342200.0
TR-043402,2025-10-02,Syracuse,Philadelphia,Flatbed,396.8,22332.0,890.15,919.2779,457342200.0
TR-043403,2025-10-02,Lexington,Lubbock,Dry Van,1170.4,27764.0,2371.63,2363.1497,457342200.0
TR-043404,2025-10-02,Kansas City,Tampa,Dry Van,943.7,29489.0,1904.66,1921.1649,457342200.0
TR-043405,2025-10-02,Chattanooga,Corpus Christi,Dry Van,807.2,20561.0,1706.76,1654.8245,457342200.0
TR-043406,2025-10-02,Baton Rouge,Boston,Dry Van,1671.0,26918.0,3242.19,3124.9294,457342200.0
TR-043407,2025-10-02,El Paso,Hartford,Reefer,2499.4,-34903.0,5196.65,4794.8354,457342200.0
TR-043408,2025-10-02,Dallas,Green Bay,Dry Van,1118.4,35002.0,2278.96,2411.719,457342200.0
TR-043409,2025-10-02,Columbia,Baltimore,Dry Van,735.0,26187.0,1485.65,1450.6107,457342200.0
TR-043410,2025-10-02,Nashville,Harrisburg,Dry Van,736.5,32841.0,1545.59,1487.341,457342200.0
TR-043411,2025-10-02,Los Angeles,Lexington,Flatbed,2148.9,29937.0,4135.86,4251.116,457342200.0
TR-043412,2025-10-02,Richmond,Albany,Flatbed,600.3,37374.0,1399.65,1393.0479,457342200.0
TR-043413,2025-10-02,Bakersfield,Lexington,Dry Van,2114.8,22241.0,3762.94,3786.8276,457342200.0
TR-043414,2025-10-02,Washington,Amarillo,Reefer,1847.0,34630.0,3797.45,3958.7708,457342200.0
TR-043415,2025-10-02,Buffalo,Jacksonville,Reefer,879.1,19992.0,1869.49,1892.0421,457342200.0
TR-043416,2025-10-02,Mobile,El Paso,Flatbed,1519.2,34940.0,3241.54,3254.1077,457342200.0
TR-043417,2025-10-02,Austin,Houston,Dry Van,366.1,37395.0,912.12,884.8631,457342200.0
TR-043418,2025-10-02,Lexington,Albany,Reefer,1016.7,34953.0,2326.48,2282.9846,457342200.0
TR-043419,2025-10-02,Richmond,Dayton,Flatbed,611.1,37270.0,1397.82,1403.85,457342200.0
TR-043420,2025-10-02,Philadelphia,Lubbock,Dry Van,1989.3,36952.0,3790.2,3780.9968,457342200.0
TR-043421,2025-10-02,Los Angeles,Salt Lake City,Dry Van,590.5,24943.0,1211.06,1289.8198,457342200.0
TR-043422,2025-10-02,Savannah,Indianapolis,Dry Van,588.5,21507.0,1251.72,1230.926,457342200.0
TR-043423,2025-10-02,Columbia,Phoenix,Dry Van,2269.9,37862.0,4337.3,4246.604,457342200.0
TR-043424,2025-10-02,Tampa,Nashville,Reefer,579.8,41917.0,1470.73,1465.2842,457342200.0
TR-043425,2025-10-02,Dayton,Charleston,Reefer,592.0,26356.0,1414.03,1408.9258,457342200.0
TR-043426,2025-10-02,Tampa,Lexington,Dry Van,739.0,32921.0,1606.91,1549.924,457342200.0
TR-043427,2025-10-02,Cincinnati,Oklahoma City,Reefer,906.6,35198.0,2215.28,2087.9429,457342200.0
TR-043428,2025-10-02,Chattanooga,Charleston,Dry Van,535.1,20107.0,1135.72,1158.3857,457342200.0
TR-043429,2025-10-02,Memphis,Richmond,Flatbed,881.8,34817.0,2038.06,1933.6411,457342200.0
TR-043430,2025-10-02,Dayton,El Paso,Reefer,1680.4,21914.0,3407.25,3405.2664,457342200.0
TR-043431,2025-10-02,Charleston,Los Angeles,Reefer,2645.4,22073.0,5158.13,5128.5674,457342200.0
TR-043432,2025-10-02,Memphis,Harrisburg,Dry Van,808.4,27159.0,1608.58,1605.2561,457342200.0
TR-043433,2025-10-02,Phoenix,Lexington,Dry Van,2147.8,25812.0,3888.18,4009.0986,457342200.0
TR-043434,2025-10-02,Lexington,Columbia,Flatbed,224.7,36095.0,614.52,648.5588,457342200.0
TR-043435,2025-10-02,New York,Detroit,Dry Van,704.9,42448.0,574.1,1475.5973,457342200.0
TR-043436,2025-10-02,Amarillo,Baton Rouge,Dry Van,843.1,40713.0,1888.11,1845.7417,457342200.0
TR-043437,2025-10-02,San Francisco,Tucson,Reefer,690.9,,1595.86,1726.5107,457342200.0
TR-043438,2025-10-02,Austin,Jacksonville,Dry Van,1099.9,38245.0,2339.89,2288.8699,457342200.0
TR-043439,2025-10-02,Austin,Boston,Reefer,2131.9,34568.0,4530.09,4356.301,457342200.0
TR-043440,2025-10-02,Lexington,Memphis,Dry Van,341.7,32136.0,822.57,867.83856,457342200.0
TR-043441,2025-10-02,Lexington,Los Angeles,Flatbed,2261.5,26682.0,4517.4,4412.358,457342200.0
TR-043442,2025-10-02,Tampa,Milwaukee,Flatbed,930.4,24089.0,1992.02,1996.6362,457342200.0
TR-043443,2025-10-02,Grand Rapids,Atlanta,Dry Van,714.0,22169.0,1401.38,1390.3274,457342200.0
TR-043444,2025-10-02,New Orleans,Harrisburg,Dry Van,1084.2,18653.0,2099.72,2113.5452,457342200.0
TR-043445,2025-10-02,Cincinnati,Raleigh,Dry Van,645.0,24847.0,1326.06,1338.6954,457342200.0
TR-043446,2025-10-02,Phoenix,New York,Dry Van,2969.9,31281.0,5179.39,5229.837,457342200.0
TR-043447,2025-10-02,Little Rock,El Paso,Dry Van,1235.0,30761.0,2440.48,2476.5637,457342200.0
TR-043448,2025-10-02,El Paso,Providence,Flatbed,2702.1,34671.0,5393.16,5102.666,457342200.0
TR-043449,2025-10-02,Baltimore,Baton Rouge,Dry Van,1434.7,45682.0,2941.66,2971.3486,457342200.0
TR-043450,2025-10-02,Columbia,Louisville,Dry Van,379.8,45939.0,907.34,867.03503,457342200.0
TR-043451,2025-10-02,Little Rock,Montgomery,Dry Van,469.0,41351.0,1115.99,1100.9214,457342200.0
TR-043452,2025-10-02,San Antonio,Nashville,Reefer,858.8,28731.0,2066.62,2009.5073,457342200.0
TR-043453,2025-10-02,Oklahoma City,Nashville,Reefer,773.0,43494.0,1850.9,1887.431,457342200.0
TR-043454,2025-10-02,Cincinnati,Atlanta,Dry Van,204.9,30436.0,544.03,529.5797,457342200.0
TR-043455,2025-10-02,Toledo,Albuquerque,Reefer,1638.1,31668.0,3455.38,3533.66,457342200.0
TR-043456,2025-10-02,Milwaukee,El Paso,Reefer,1503.5,32225.0,3247.42,3310.0723,457342200.0
TR-043457,2025-10-02,Milwaukee,Houston,Reefer,853.8,33360.0,2055.14,1983.9541,457342200.0
TR-043458,2025-10-02,Philadelphia,Boston,Dry Van,232.6,29253.0,561.81,576.859,457342200.0
TR-043459,2025-10-02,Fort Wayne,Savannah,Reefer,645.9,-34863.0,1530.92,1444.7521,457342200.0
TR-043460,2025-10-02,Corpus Christi,Bakersfield,Reefer,1489.8,31193.0,3338.08,3211.0237,457342200.0
TR-043461,2025-10-02,Hartford,Oklahoma City,Reefer,1782.6,40555.0,3912.89,4493.0645,457342200.0
TR-043462,2025-10-02,Syracuse,San Francisco,Dry Van,2867.3,33414.0,5059.84,5189.2236,457342200.0
TR-043463,2025-10-02,Cincinnati,Reno,Dry Van,1980.6,36830.0,3626.2,3720.8909,457342200.0
TR-043464,2025-10-03,Montgomery,Lubbock,Flatbed,973.8,27956.0,2208.66,2117.0908,457342200.0
TR-043465,2025-10-03,Detroit,Charleston,Reefer,819.4,34287.0,1870.73,1880.8699,457342200.0
TR-043466,2025-10-03,Albany,Hartford,Flatbed,379.9,22834.0,884.41,840.5285,457342200.0
TR-043467,2025-10-03,Harrisburg,Little Rock,Flatbed,978.6,28538.0,2283.48,2136.5293,457342200.0
TR-043468,2025-10-03,Indianapolis,Green Bay,Flatbed,494.7,30107.0,1149.7,1130.6769,457342200.0
TR-043469,2025-10-03,Atlanta,Albany,Dry Van,1197.0,42431.0,2383.72,2444.9214,457342200.0
TR-043470,2025-10-03,Hartford,Albuquerque,Dry Van,2353.8,37816.0,4527.45,4649.3843,457342200.0
TR-043471,2025-10-03,Phoenix,El Paso,Flatbed,532.0,27654.0,1279.64,1307.6074,457342200.0
TR-043472,2025-10-03,Shreveport,Jacksonville,Dry Van,563.1,23925.0,1207.78,1203.8221,457342200.0
TR-043473,2025-10-03,Hartford,Albuquerque,Dry Van,2360.4,44978.0,4573.2,4688.292,457342200.0
TR-043474,2025-10-03,Milwaukee,Reno,Reefer,1835.9,34116.0,3926.18,3946.1162,457342200.0
TR-043475,2025-10-03,San Antonio,Tampa,Reefer,819.9,41289.0,2107.89,1998.6398,457342200.0
TR-043476,2025-10-03,Nashville,Philadelphia,Dry Van,1015.3,29183.0,2069.38,2034.9199,457342200.0
TR-043477,2025-10-03,New Orleans,Bakersfield,Flatbed,1635.3,46429.0,3639.69,3513.265,457342200.0
TR-043478,2025-10-03,Bakersfield,Lexington,Flatbed,2079.3,27583.0,4325.53,4266.3306,457342200.0
TR-043479,2025-10-03,Birmingham,Montgomery,Dry Van,199.2,46564.0,541.62,552.8119,457342200.0
TR-043480,2025-10-03,Hartford,Albany,Dry Van,381.6,36523.0,864.05,816.83997,457342200.0
TR-043481,2025-10-03,Tampa,Mobile,Dry Van,307.7,38420.0,789.67,795.96954,457342200.0
TR-043482,2025-10-03,Memphis,Bakersfield,Dry Van,1858.7,33380.0,3694.25,3689.1406,457342200.0
TR-043483,2025-10-03,Toledo,Albuquerque,Dry Van,1653.9,28439.0,3102.58,3151.9219,457342200.0
TR-043484,2025-10-03,Dayton,San Antonio,Reefer,1200.6,39490.0,2760.6,2722.3525,457342200.0
TR-043485,2025-10-03,Washington,Fort Wayne,Reefer,568.2,31300.0,1347.45,1353.6208,457342200.0
TR-043486,2025-10-03,Jacksonville,Toledo,Dry Van,843.9,26490.0,1703.91,1708.7891,457342200.0
TR-043487,2025-10-03,Milwaukee,Buffalo,Dry Van,636.2,38032.0,1365.42,1351.214,457342200.0
TR-043488,2025-10-03,El Paso,Baton Rouge,Dry Van,1227.9,44189.0,2648.98,2535.057,457342200.0
TR-043489,2025-10-03,Savannah,Boston,Flatbed,955.3,33172.0,2110.12,2067.4497,457342200.0
TR-043490,2025-10-03,Memphis,Grand Rapids,Reefer,686.8,15578.0,1536.64,1482.895,457342200.0
TR-043491,2025-10-03,Columbia,Indianapolis,Dry Van,494.1,36319.0,1116.63,1079.5656,457342200.0
TR-043492,2025-10-03,Tucson,Tampa,Dry Van,1880.5,,3806.59,3594.3245,457342200.0
TR-043493,2025-10-03,San Antonio,Atlanta,Dry Van,958.2,39121.0,2122.53,2028.1516,457342200.0
TR-043494,2025-10-03,Charleston,Milwaukee,Dry Van,717.3,29496.0,1531.3,1451.3018,457342200.0
TR-043495,2025-10-03,Kansas City,Providence,Dry Van,1363.9,36130.0,2744.43,2752.2175,457342200.0
TR-043496,2025-10-03,Charleston,Reno,Dry Van,2512.7,25011.0,4490.45,4846.602,457342200.0
TR-043497,2025-10-03,Hartford,Raleigh,Flatbed,497.6,21469.0,1104.16,1142.6284,457342200.0
TR-043498,2025-10-03,Montgomery,Houston,Flatbed,608.4,30000.0,1433.36,1668.6614,457342200.0
TR-043499,2025-10-03,Columbia,Philadelphia,Dry Van,776.9,40932.0,1645.35,1638.3318,457342200.0
TR-043500,2025-10-03,Lubbock,Los Angeles,Reefer,1192.5,18368.0,2662.01,2585.128,457342200.0
TR-043501,2025-10-03,San Antonio,Grand Rapids,Flatbed,1374.7,,2864.16,2806.8025,457342200.0
TR-043502,2025-10-03,Grand Rapids,Milwaukee,Dry Van,352.4,28834.0,815.37,787.66766,457342200.0
TR-043503,2025-10-03,Baton Rouge,Providence,Flatbed,1701.7,23216.0,3618.39,3340.1619,457342200.0
TR-043504,2025-10-03,Dallas,Greensboro,Dry Van,853.4,21436.0,1740.91,1929.8793,457342200.0
TR-043505,2025-10-03,Little Rock,Grand Rapids,Reefer,842.0,23531.0,1969.27,1877.6075,457342200.0
TR-043506,2025-10-03,Nashville,Philadelphia,Dry Van,1038.6,33634.0,2147.08,2147.835,457342200.0
TR-043507,2025-10-03,Bakersfield,Memphis,Flatbed,1731.6,34751.0,3819.43,3677.676,457342200.0
TR-043508,2025-10-03,Amarillo,Syracuse,Reefer,1910.1,46203.0,4201.07,4095.8586,457342200.0
TR-043509,2025-10-03,Kansas City,Reno,Reefer,1678.9,28980.0,3590.52,3676.2107,457342200.0
TR-043510,2025-10-03,Lexington,Lubbock,Dry Van,1160.4,22295.0,2398.53,2344.707,457342200.0
TR-043511,2025-10-03,Columbia,Syracuse,Reefer,764.2,23028.0,1711.77,1639.5553,457342200.0
TR-043512,2025-10-03,Atlanta,Montgomery,Dry Van,305.5,38197.0,774.59,747.2714,457342200.0
TR-043513,2025-10-03,Fresno,Syracuse,Reefer,2766.0,22459.0,5521.8,5833.6387,457342200.0
TR-043514,2025-10-03,Albuquerque,Greensboro,Reefer,1771.2,18507.0,3646.15,3619.4224,457342200.0
TR-043515,2025-10-03,Richmond,Memphis,Reefer,868.3,37276.0,2132.15,1998.5402,457342200.0
TR-043516,2025-10-03,Philadelphia,Albuquerque,Flatbed,2312.2,36485.0,4849.98,4512.9365,457342200.0
TR-043517,2025-10-03,Austin,Oklahoma City,Dry Van,240.5,17838.0,620.43,649.0663,457342200.0
TR-043518,2025-10-03,Chattanooga,Milwaukee,Reefer,365.5,37167.0,1011.24,954.0153,457342200.0
TR-043519,2025-10-03,Philadelphia,Lexington,Dry Van,808.0,15878.0,1629.83,1605.6252,457342200.0
TR-043520,2025-10-03,Jacksonville,San Francisco,Dry Van,2505.2,27928.0,4652.93,4500.7173,457342200.0
TR-043521,2025-10-03,Memphis,Toledo,Dry Van,615.0,37730.0,1385.93,1326.2938,457342200.0
TR-043522,2025-10-03,Madison,Baltimore,Dry Van,1104.3,29099.0,2201.44,2128.0884,457342200.0
TR-043523,2025-10-03,Cincinnati,Bakersfield,Flatbed,1955.1,31574.0,4040.38,4076.9514,457342200.0
TR-043524,2025-10-03,Baton Rouge,Nashville,Dry Van,507.9,28526.0,1176.24,1153.6354,457342200.0
TR-043525,2025-10-03,Las Vegas,Bakersfield,Dry Van,111.7,47500.0,323.69,349.51428,457342200.0
TR-043526,2025-10-03,Phoenix,Boston,Dry Van,3147.1,21344.0,5465.63,5861.6294,457342200.0
TR-043527,2025-10-03,San Antonio,New York,Dry Van,1804.0,40084.0,3633.88,3507.5833,457342200.0
TR-043528,2025-10-03,Albuquerque,Hartford,Dry Van,2291.5,27359.0,4131.55,4235.949,457342200.0
TR-043529,2025-10-03,Greensboro,Tulsa,Dry Van,860.4,36057.0,1913.02,1827.6215,457342200.0
TR-043530,2025-10-03,Cincinnati,Fresno,Dry Van,2242.9,37961.0,4305.39,4531.6514,457342200.0
TR-043531,2025-10-03,Detroit,Montgomery,Dry Van,1000.5,40457.0,2020.28,2087.8035,457342200.0
TR-043532,2025-10-03,Nashville,Shreveport,Dry Van,359.6,34136.0,920.36,869.1231,457342200.0
TR-043533,2025-10-03,Columbia,Bakersfield,Reefer,2260.6,39851.0,4962.26,4884.317,457342200.0
TR-043534,2025-10-03,Lexington,Fresno,Dry Van,2291.3,36716.0,4484.17,5557.3784,457342200.0
TR-043535,2025-10-03,New York,Montgomery,Dry Van,1085.2,42845.0,2279.97,2266.072,457342200.0
TR-043536,2025-10-03,Greensboro,Lubbock,Dry Van,1276.7,32070.0,2676.0,3100.6284,457342200.0
TR-043537,2025-10-03,Hartford,Baton Rouge,Flatbed,1561.9,18518.0,3216.36,3123.4673,457342200.0
TR-043538,2025-10-03,Tulsa,Hartford,Dry Van,1537.0,12766.0,2925.73,2799.9805,457342200.0
TR-043539,2025-10-03,Phoenix,Toledo,Reefer,2303.4,38370.0,5231.69,5058.3496,457342200.0
TR-043540,2025-10-03,Milwaukee,Bakersfield,Dry Van,1893.0,30760.0,17514.11,3685.8232,457342200.0
TR-043541,2025-10-03,Oklahoma City,Dayton,Dry Van,1066.7,24309.0,2131.74,2140.9883,457342200.0
TR-043542,2025-10-03,Albuquerque,Reno,Dry Van,676.7,26674.0,1419.12,1362.9341,457342200.0
TR-043543,2025-10-03,New York,Columbia,Dry Van,760.2,33155.0,1590.91,1579.6863,457342200.0
TR-043544,2025-10-03,San Antonio,El Paso,Reefer,885.6,30576.0,2135.05,2052.6077,457342200.0
TR-043545,2025-10-03,Fort Wayne,Tucson,Dry Van,1995.2,33980.0,3795.8,3824.8,457342200.0
TR-043546,2025-10-03,Mobile,Memphis,Dry Van,325.7,37856.0,841.39,860.31244,457342200.0
TR-043547,2025-10-03,Amarillo,Baton Rouge,Dry Van,863.5,32915.0,1881.14,1843.9669,457342200.0
TR-043548,2025-10-03,Kansas City,Albany,Dry Van,1274.1,39573.0,2584.5,2582.9363,457342200.0
TR-043549,2025-10-03,Phoenix,Tampa,Dry Van,2111.2,22378.0,3867.37,4117.18,457342200.0
TR-043550,2025-10-03,Dallas,Dayton,Flatbed,868.7,30321.0,1992.33,1926.903,457342200.0
TR-043551,2025-10-03,New York,Houston,Dry Van,1510.0,17306.0,2854.85,2783.477,457342200.0
TR-043552,2025-10-03,Atlanta,Memphis,Dry Van,257.5,19911.0,634.0,617.0083,457342200.0
TR-043553,2025-10-03,Shreveport,San Francisco,Reefer,1985.3,27129.0,4305.52,4122.629,457342200.0
TR-043554,2025-10-03,Kansas City,Cincinnati,Flatbed,343.0,42813.0,896.64,894.3805,457342200.0
TR-043555,2025-10-03,Richmond,Buffalo,Dry Van,339.5,22519.0,750.47,750.3034,457342200.0
TR-043556,2025-10-03,Green Bay,Houston,Dry Van,1204.9,26246.0,2426.3,2684.4263,457342200.0
TR-043557,2025-10-03,Toledo,Bakersfield,Dry Van,2173.9,24981.0,3888.25,3954.0195,457342200.0
TR-043558,2025-10-03,Baltimore,Cincinnati,Dry Van,922.6,47500.0,2007.17,1993.7999,457342200.0
TR-043559,2025-10-03,Reno,Louisville,Dry Van,1992.9,38208.0,3858.38,3836.5654,457342200.0
TR-043560,2025-10-03,Jacksonville,Savannah,Dry Van,218.0,42707.0,620.2,635.6009,457342200.0
TR-043561,2025-10-03,Albany,Los Angeles,Dry Van,3296.4,34144.0,5909.05,5539.334,457342200.0
TR-043562,2025-10-03,Baltimore,Tucson,Dry Van,2736.2,19753.0,4774.43,4973.1846,457342200.0
TR-043563,2025-10-03,Buffalo,Indianapolis,Reefer,686.0,39519.0,1693.26,1626.1024,457342200.0
TR-043564,2025-10-03,Lubbock,Louisville,Dry Van,1019.9,22759.0,2056.32,2037.4637,457342200.0
TR-043565,2025-10-03,Fresno,Bakersfield,Dry Van,228.3,34961.0,602.77,613.0895,457342200.0
TR-043566,2025-10-03,Tampa,Montgomery,Dry Van,267.3,25730.0,649.32,680.9706,457342200.0
TR-043567,2025-10-03,Birmingham,San Francisco,Flatbed,2253.6,26366.0,4603.49,4347.6724,457342200.0
TR-043568,2025-10-03,Jacksonville,Oklahoma City,Dry Van,970.5,37887.0,2092.92,2369.4395,457342200.0
TR-043569,2025-10-03,Houston,Montgomery,Reefer,622.8,29195.0,1619.31,1549.2001,457342200.0
TR-043570,2025-10-03,Mobile,Fort Wayne,Reefer,813.8,34172.0,1988.15,1880.9034,457342200.0
TR-043571,2025-10-03,Kansas City,Columbia,Dry Van,638.3,37278.0,1403.26,1374.7334,457342200.0
TR-043572,2025-10-03,Raleigh,Tampa,Dry Van,864.1,20428.0,1748.97,1732.228,457342200.0
TR-043573,2025-10-03,Mobile,Indianapolis,Flatbed,542.4,24107.0,1277.48,1265.571,457342200.0
TR-043574,2025-10-03,Nashville,Lexington,Dry Van,274.3,25788.0,678.25,664.01263,457342200.0
TR-043575,2025-10-03,Toledo,Mobile,Dry Van,835.5,31908.0,1704.81,1746.0824,457342200.0
TR-043576,2025-10-03,Milwaukee,Savannah,Flatbed,644.1,29562.0,1501.24,1440.2644,457342200.0
TR-043577,2025-10-03,Tulsa,Bakersfield,Flatbed,1497.0,,3245.38,3083.0664,457342200.0
TR-043578,2025-10-03,Reno,Little Rock,Flatbed,1783.4,47500.0,3858.97,3748.4822,457342200.0
TR-043579,2025-10-03,Fresno,Tulsa,Dry Van,1675.9,16375.0,3163.93,3095.8218,457342200.0
TR-043580,2025-10-03,El Paso,Greensboro,Reefer,1815.5,47500.0,4077.19,4406.7476,457342200.0
TR-043581,2025-10-03,Grand Rapids,Hartford,Reefer,907.8,35629.0,2037.82,1983.4067,457342200.0
TR-043582,2025-10-03,Reno,San Antonio,Reefer,1604.3,43049.0,3653.22,3587.5679,457342200.0
TR-043583,2025-10-03,Mobile,Los Angeles,Reefer,2013.9,23126.0,4179.42,4149.7124,457342200.0
TR-043584,2025-10-03,Nashville,Fresno,Dry Van,2118.1,37793.0,4155.33,4063.7556,457342200.0
TR-043585,2025-10-03,Toledo,Greensboro,Reefer,484.7,21523.0,1141.76,1140.3766,457342200.0
TR-043586,2025-10-03,Columbia,Cincinnati,Dry Van,313.5,22242.0,729.41,735.81,457342200.0
TR-043587,2025-10-03,Hartford,Atlanta,Dry Van,1010.5,39437.0,2059.41,2096.4175,457342200.0
TR-043588,2025-10-03,Jacksonville,Kansas City,Dry Van,757.1,20639.0,1550.98,1509.848,457342200.0
TR-043589,2025-10-03,Louisville,Kansas City,Reefer,314.3,21914.0,846.72,823.80914,457342200.0
TR-043590,2025-10-03,Bakersfield,Greensboro,Dry Van,2231.9,47500.0,4391.59,4711.496,457342200.0
TR-043591,2025-10-03,San Francisco,Raleigh,Reefer,2900.8,32143.0,6011.56,6352.597,457342200.0
TR-043592,2025-10-03,Indianapolis,Louisville,Dry Van,127.8,30145.0,360.5,365.2087,457342200.0
TR-043593,2025-10-03,Tucson,Dayton,Dry Van,1952.6,33990.0,3719.42,3724.629,457342200.0
TR-043594,2025-10-03,Raleigh,Lexington,Dry Van,533.1,16040.0,1138.44,1147.2489,457342200.0
TR-043595,2025-10-03,Lexington,Houston,Dry Van,826.3,41977.0,1815.62,1788.2042,457342200.0
TR-043596,2025-10-03,Shreveport,Los Angeles,Dry Van,1714.7,37347.0,3392.57,3426.7058,457342200.0
TR-043597,2025-10-03,El Paso,Lubbock,Flatbed,814.1,46216.0,2040.58,1927.0447,457342200.0
TR-043598,2025-10-03,San Antonio,Savannah,Dry Van,1129.1,-35282.0,2373.1,2230.0212,457342200.0
TR-043599,2025-10-03,Atlanta,Phoenix,Dry Van,2040.6,29731.0,3871.02,3857.9404,457342200.0
TR-043600,2025-10-03,Nashville,Green Bay,Reefer,740.1,47500.0,1782.45,1766.6324,457342200.0
TR-043601,2025-10-03,Salt Lake City,Columbia,Dry Van,2025.3,31020.0,4020.29,3841.5674,457342200.0
TR-043602,2025-10-03,Harrisburg,Grand Rapids,Flatbed,592.0,32737.0,1312.03,1346.1748,457342200.0
TR-043603,2025-10-03,Baton Rouge,Raleigh,Dry Van,1105.1,36915.0,2342.27,2284.6074,457342200.0
TR-043604,2025-10-03,Tucson,Kansas City,Dry Van,1565.9,41548.0,3220.84,3091.733,457342200.0
TR-043605,2025-10-03,Austin,Bakersfield,Flatbed,1213.8,,2734.86,2580.803,457342200.0
TR-043606,2025-10-03,Salt Lake City,Syracuse,Dry Van,2292.4,45259.0,4300.69,4394.4956,457342200.0
TR-043607,2025-10-03,Indianapolis,Phoenix,Reefer,1921.8,46291.0,4309.19,4151.0215,457342200.0
TR-043608,2025-10-03,Lubbock,Lexington,Reefer,1176.4,32901.0,2768.84,2675.853,457342200.0
TR-043609,2025-10-03,Providence,Reno,Dry Van,3096.5,13195.0,5421.97,5210.991,457342200.0
TR-043610,2025-10-03,Chattanooga,Phoenix,Dry Van,2071.7,36096.0,4008.9,4119.2095,457342200.0
TR-043611,2025-10-03,Fort Wayne,Memphis,Dry Van,534.0,27828.0,1170.72,1157.9741,457342200.0
TR-043612,2025-10-03,Philadelphia,Tucson,Flatbed,2696.2,27227.0,5165.38,5169.332,457342200.0
TR-043613,2025-10-03,Tucson,Bakersfield,Reefer,321.3,40694.0,903.02,908.64233,457342200.0
TR-043614,2025-10-03,Oklahoma City,Nashville,Dry Van,784.4,20052.0,1652.81,1597.5271,457342200.0
TR-043615,2025-10-03,Los Angeles,Fresno,Dry Van,439.7,21432.0,953.94,1008.0141,457342200.0
TR-043616,2025-10-03,Columbia,Hartford,Flatbed,826.0,33619.0,1842.01,1814.5295,457342200.0
TR-043617,2025-10-03,Shreveport,Oklahoma City,Dry Van,448.4,25390.0,1055.81,1026.7449,457342200.0
TR-043618,2025-10-03,Chattanooga,Albany,Dry Van,1234.9,30196.0,2471.27,2419.1392,457342200.0
TR-043619,2025-10-03,Grand Rapids,Baton Rouge,Reefer,1123.5,33335.0,2713.34,2507.1726,457342200.0
TR-043620,2025-10-03,Lexington,Tulsa,Dry Van,728.8,41886.0,1681.52,1582.9432,457342200.0
TR-043621,2025-10-03,San Francisco,Lubbock,Dry Van,1562.4,28619.0,3102.36,3004.4802,457342200.0
TR-043622,2025-10-03,Grand Rapids,Jacksonville,Dry Van,953.6,42675.0,1954.35,1968.0183,457342200.0
TR-043623,2025-10-03,Boston,Fort Wayne,Dry Van,988.9,39043.0,2099.59,2028.4481,457342200.0
TR-043624,2025-10-03,Hartford,Tucson,Reefer,2866.1,39931.0,6260.64,5875.7007,457342200.0
TR-043625,2025-10-03,San Antonio,Bakersfield,Dry Van,1306.6,24962.0,2574.34,2524.3525,457342200.0
TR-043626,2025-10-03,Jacksonville,Hartford,Dry Van,1047.1,42137.0,2164.69,2164.7908,457342200.0
TR-043627,2025-10-03,Fort Wayne,Lexington,Flatbed,355.5,39069.0,920.52,905.4,457342200.0
TR-043628,2025-10-03,New York,Cincinnati,Reefer,855.6,22358.0,1923.65,1863.3844,457342200.0
TR-043629,2025-10-03,Toledo,Montgomery,Flatbed,872.7,39424.0,1990.73,1899.5724,457342200.0
TR-043630,2025-10-03,Dayton,Montgomery,Flatbed,709.9,27384.0,1664.69,1554.724,457342200.0
TR-043631,2025-10-03,Nashville,Tulsa,Dry Van,488.3,30770.0,1137.99,1094.1915,457342200.0
TR-043632,2025-10-03,Milwaukee,Savannah,Flatbed,645.1,31866.0,1504.21,1444.4397,457342200.0
TR-043633,2025-10-03,Amarillo,Tucson,Dry Van,656.0,38431.0,1469.29,1424.6671,457342200.0
TR-043634,2025-10-03,Milwaukee,Little Rock,Dry Van,505.5,31650.0,1151.86,1109.996,457342200.0
TR-043635,2025-10-03,Atlanta,Dallas,Dry Van,629.3,30650.0,1411.05,1358.7355,457342200.0
TR-043636,2025-10-03,Baton Rouge,Baltimore,Dry Van,1424.8,26811.0,2798.24,2768.3992,457342200.0
TR-043637,2025-10-03,El Paso,Richmond,Dry Van,2232.1,34769.0,4336.33,4527.2285,457342200.0
TR-043638,2025-10-03,Albany,Salt Lake City,Dry Van,2653.0,30718.0,4743.68,4709.469,457342200.0
TR-043639,2025-10-03,Philadelphia,Amarillo,Dry Van,2114.2,27027.0,3959.56,3950.012,457342200.0
TR-043640,2025-10-03,Oklahoma City,Little Rock,Reefer,509.0,30157.0,1369.01,1349.1053,457342200.0
TR-043641,2025-10-04,Lubbock,Buffalo,Dry Van,1629.0,29805.0,3116.04,3097.8496,457342200.0
TR-043642,2025-10-04,Amarillo,Hartford,Reefer,2173.0,30059.0,4712.14,4369.0527,457342200.0
TR-043643,2025-10-04,Milwaukee,Baltimore,Dry Van,985.2,16150.0,8236.26,1923.1809,457342200.0
TR-043644,2025-10-04,Raleigh,Kansas City,Flatbed,937.3,38432.0,2107.24,2071.8489,457342200.0
TR-043645,2025-10-04,Richmond,Grand Rapids,Reefer,723.3,29585.0,1636.11,1612.2863,457342200.0
TR-043646,2025-10-04,Lexington,Bakersfield,Reefer,2077.2,32504.0,4496.97,4225.647,457342200.0
TR-043647,2025-10-04,Amarillo,Shreveport,Dry Van,829.0,23460.0,1760.84,1728.3228,457342200.0
TR-043648,2025-10-04,Jacksonville,Atlanta,Dry Van,283.1,38421.0,714.11,698.23956,457342200.0
TR-043649,2025-10-04,St. Louis,Tucson,Reefer,1705.1,35420.0,3624.75,3710.7305,457342200.0
TR-043650,2025-10-04,Phoenix,Columbia,Reefer,2303.3,28793.0,4847.61,4548.5166,457342200.0
TR-043651,2025-10-04,Kansas City,Cincinnati,Dry Van,351.9,26265.0,820.92,798.8262,457342200.0
TR-043652,2025-10-04,Cincinnati,Madison,Flatbed,428.0,14511.0,993.82,970.98444,457342200.0
TR-043653,2025-10-04,Green Bay,Bakersfield,Dry Van,2008.5,32984.0,3708.06,3705.9429,457342200.0
TR-043654,2025-10-04,Baton Rouge,Green Bay,Dry Van,1140.5,41663.0,2419.17,2306.0474,457342200.0
TR-043655,2025-10-04,Cincinnati,Los Angeles,Flatbed,2044.1,25170.0,4046.09,3995.3457,457342200.0
TR-043656,2025-10-04,San Francisco,Syracuse,Dry Van,2883.7,26214.0,4938.57,4932.6313,457342200.0
TR-043657,2025-10-04,Reno,Mobile,Flatbed,2037.8,32518.0,4076.29,4029.926,457342200.0
TR-043658,2025-10-04,Oklahoma City,Grand Rapids,Reefer,1248.7,31870.0,2792.04,2757.1514,457342200.0
TR-043659,2025-10-04,Las Vegas,Lexington,Dry Van,2073.0,41993.0,4024.07,3903.054,457342200.0
TR-043660,2025-10-04,Corpus Christi,Syracuse,Dry Van,1669.4,41048.0,3412.66,3186.0264,457342200.0
TR-043661,2025-10-04,Mobile,Dayton,Dry Van,684.3,28649.0,1506.16,1393.0785,457342200.0
TR-043662,2025-10-04,Montgomery,Albany,Dry Van,1397.7,40040.0,2798.93,2928.2104,457342200.0
TR-043663,2025-10-04,Reno,Mobile,Flatbed,1993.5,31801.0,4036.53,3961.872,457342200.0
TR-043664,2025-10-04,Albany,Dayton,Dry Van,940.6,29313.0,1861.61,1864.3152,457342200.0
TR-043665,2025-10-04,Grand Rapids,Chattanooga,Dry Van,662.7,28146.0,1419.09,1327.3206,457342200.0
TR-043666,2025-10-04,Lexington,Richmond,Flatbed,560.8,34769.0,1329.77,1355.7247,457342200.0
TR-043667,2025-10-04,Grand Rapids,Philadelphia,Dry Van,886.2,31413.0,1776.12,1742.2076,457342200.0
TR-043668,2025-10-04,Raleigh,Montgomery,Flatbed,694.1,30808.0,1577.96,1533.9512,457342200.0
TR-043669,2025-10-04,Albuquerque,Harrisburg,Reefer,2046.0,47500.0,4340.8,4252.878,457342200.0
TR-043670,2025-10-04,Austin,Buffalo,Reefer,1686.4,35837.0,3787.11,3628.7375,457342200.0
TR-043671,2025-10-04,Houston,Reno,Dry Van,1708.9,29446.0,3276.76,3235.5647,457342200.0
TR-043672,2025-10-04,Baton Rouge,Reno,Dry Van,1789.5,38510.0,3482.73,3429.418,457342200.0
TR-043673,2025-10-04,Fort Wayne,Providence,Flatbed,1061.1,28628.0,2257.75,2257.6248,457342200.0
TR-043674,2025-10-04,Milwaukee,Los Angeles,Flatbed,2071.4,44838.0,1274.95,4127.8496,457342200.0
TR-043675,2025-10-04,Charleston,Green Bay,Flatbed,936.6,32626.0,2050.65,2023.1033,457342200.0
TR-043676,2025-10-04,Grand Rapids,Green Bay,Dry Van,122.1,36364.0,328.91,323.1324,457342200.0
TR-043677,2025-10-04,Raleigh,Reno,Flatbed,2712.1,25682.0,5235.99,4938.2446,457342200.0
TR-043678,2025-10-04,Grand Rapids,Hartford,Dry Van,890.2,23613.0,1666.27,1669.9674,457342200.0
TR-043679,2025-10-04,Madison,Grand Rapids,Dry Van,269.9,31738.0,620.95,612.4395,457342200.0
TR-043680,2025-10-04,Savannah,Houston,Reefer,893.4,43026.0,2192.5,2085.0303,457342200.0
TR-043681,2025-10-04,Memphis,Dallas,Reefer,468.7,15061.0,1227.83,1157.8052,457342200.0
TR-043682,2025-10-04,Mobile,Madison,Flatbed,807.3,45024.0,1880.52,1864.399,457342200.0
TR-043683,2025-10-04,Charleston,Amarillo,Dry Van,1624.9,36278.0,3260.47,3178.673,457342200.0
TR-043684,2025-10-04,Indianapolis,Savannah,Dry Van,596.5,47152.0,1327.19,1307.8915,457342200.0
TR-043685,2025-10-04,Dallas,Syracuse,Reefer,1445.5,42490.0,3302.07,3470.0652,457342200.0
TR-043686,2025-10-04,Nashville,Little Rock,Reefer,290.1,28977.0,823.97,822.01245,457342200.0
TR-043687,2025-10-04,San Antonio,Fresno,Dry Van,1491.4,34883.0,3109.53,2920.5034,457342200.0
TR-043688,2025-10-04,Atlanta,Nashville,Flatbed,153.4,33072.0,459.09,493.46533,457342200.0
TR-043689,2025-10-04,Bakersfield,Dallas,Dry Van,1515.7,15659.0,2945.56,2804.1052,457342200.0
TR-043690,2025-10-04,New Orleans,San Antonio,Flatbed,507.9,45951.0,1314.59,1338.2856,457342200.0
TR-043691,2025-10-04,New York,Greensboro,Flatbed,693.1,23068.0,548.16,1475.0413,457342200.0
TR-043692,2025-10-04,Austin,San Antonio,Flatbed,114.4,32560.0,367.01,387.1624,457342200.0
TR-043693,2025-10-04,Philadelphia,Memphis,Reefer,1108.6,43097.0,2476.11,2545.4539,457342200.0
TR-043694,2025-10-04,Toledo,Atlanta,Dry Van,587.1,46236.0,1283.4,1258.9241,457342200.0
TR-043695,2025-10-04,Albany,San Antonio,Flatbed,2123.6,27283.0,4203.77,4039.3657,457342200.0
TR-043696,2025-10-04,Fresno,El Paso,Dry Van,665.6,38942.0,1475.54,1455.8033,457342200.0
TR-043697,2025-10-04,Indianapolis,Toledo,Reefer,397.0,34079.0,1033.03,990.992,457342200.0
TR-043698,2025-10-04,Nashville,Oklahoma City,Dry Van,748.7,30345.0,1697.51,1682.0527,457342200.0
TR-043699,2025-10-04,Jacksonville,Baton Rouge,Dry Van,585.1,25629.0,1321.52,1276.5742,457342200.0
TR-043700,2025-10-04,Grand Rapids,Memphis,Reefer,650.5,21089.0,1474.42,1421.7579,457342200.0
TR-043701,2025-10-04,Milwaukee,Oklahoma City,Dry Van,889.0,21975.0,1832.33,1752.5745,457342200.0
TR-043702,2025-10-04,Charleston,Memphis,Reefer,661.2,25641.0,1604.25,1537.7521,457342200.0
TR-043703,2025-10-04,St. Louis,Tulsa,Dry Van,519.4,30295.0,1206.42,1131.0043,457342200.0
TR-043704,2025-10-04,Austin,Lubbock,Flatbed,70.0,31909.0,236.92,357.72247,457342200.0
TR-043705,2025-10-04,New York,Austin,Reefer,1943.2,37091.0,785.33,4003.2104,457342200.0
TR-043706,2025-10-04,Jacksonville,Lexington,Dry Van,436.6,39209.0,1021.77,1030.0048,457342200.0
TR-043707,2025-10-04,San Antonio,Charleston,Dry Van,1398.2,26984.0,2768.1,2728.4329,457342200.0
TR-043708,2025-10-04,Boston,Richmond,Flatbed,496.5,34406.0,1208.93,1163.9178,457342200.0
TR-043709,2025-10-04,Philadelphia,Tucson,Flatbed,2641.3,30299.0,5280.63,5005.5986,457342200.0
TR-043710,2025-10-04,San Antonio,Indianapolis,Dry Van,985.1,45134.0,2130.66,2079.079,457342200.0
TR-043711,2025-10-04,Toledo,Atlanta,Dry Van,599.7,20469.0,1231.13,1207.9531,457342200.0
TR-043712,2025-10-04,Baton Rouge,Phoenix,Reefer,1650.6,47500.0,3788.94,3842.9749,457342200.0
TR-043713,2025-10-04,Nashville,Grand Rapids,Flatbed,661.9,41039.0,1530.87,1487.9713,457342200.0
TR-043714,2025-10-04,Oklahoma City,Grand Rapids,Flatbed,1202.8,36412.0,2663.29,2617.5637,457342200.0
TR-043715,2025-10-04,Houston,Richmond,Dry Van,1354.6,23220.0,2579.7,2596.6575,457342200.0
TR-043716,2025-10-04,Atlanta,Fort Wayne,Reefer,540.1,27561.0,1324.87,1308.2899,457342200.0
TR-043717,2025-10-04,Los Angeles,Dallas,Reefer,1540.0,22372.0,3270.72,3175.183,457342200.0
TR-043718,2025-10-04,Providence,Phoenix,Reefer,3143.8,47500.0,6619.87,6941.8545,457342200.0
TR-043719,2025-10-04,Jacksonville,Atlanta,Dry Van,264.1,23454.0,659.64,621.4059,457342200.0
TR-043720,2025-10-04,Fresno,Columbia,Reefer,2425.1,37753.0,5192.29,4963.357,457342200.0
TR-043721,2025-10-04,Tulsa,Washington,Reefer,1231.7,33286.0,2769.33,2733.891,457342200.0
TR-043722,2025-10-04,San Antonio,Tucson,Dry Van,1052.4,43063.0,2299.67,2200.709,457342200.0
TR-043723,2025-10-04,Tucson,Las Vegas,Dry Van,254.3,33996.0,628.7,652.2662,457342200.0
TR-043724,2025-10-04,Shreveport,Cincinnati,Dry Van,529.6,37726.0,1229.26,1206.0604,457342200.0
TR-043725,2025-10-04,El Paso,Hartford,Reefer,2578.6,36329.0,5479.97,5211.4478,457342200.0
TR-043726,2025-10-04,Madison,Los Angeles,Dry Van,2031.1,32987.0,3853.49,3733.7405,457342200.0
TR-043727,2025-10-04,Reno,Toledo,Dry Van,2117.6,25124.0,8592.93,3734.9834,457342200.0
TR-043728,2025-10-04,Nashville,Fort Wayne,Flatbed,516.9,32006.0,1252.52,1220.256,457342200.0
TR-043729,2025-10-04,Baton Rouge,Tulsa,Flatbed,298.9,39152.0,878.24,897.1749,457342200.0
TR-043730,2025-10-04,Shreveport,Nashville,Dry Van,385.6,40284.0,1000.57,924.4399,457342200.0
TR-043731,2025-10-04,Raleigh,Lexington,Dry Van,525.2,36164.0,1173.39,1138.9993,457342200.0
TR-043732,2025-10-04,San Francisco,Providence,Dry Van,3228.2,22551.0,5555.83,5403.36,457342200.0
TR-043733,2025-10-04,Washington,Mobile,Dry Van,935.5,34312.0,1938.54,1929.1925,457342200.0
TR-043734,2025-10-04,Baltimore,Washington,Dry Van,296.7,33734.0,729.62,707.63745,457342200.0
TR-043735,2025-10-04,Bakersfield,Cincinnati,Dry Van,1977.2,40698.0,3909.68,3746.4011,457342200.0
TR-043736,2025-10-04,Cincinnati,Nashville,Flatbed,189.0,37010.0,544.04,581.7099,457342200.0
TR-043737,2025-10-04,Austin,San Antonio,Dry Van,111.0,24033.0,311.38,365.5311,457342200.0
TR-043738,2025-10-04,Boston,Montgomery,Dry Van,1306.2,20550.0,2523.73,2472.7795,457342200.0
TR-043739,2025-10-04,Hartford,Reno,Reefer,2899.8,23167.0,5601.89,5917.2207,457342200.0
TR-043740,2025-10-04,Baltimore,Boston,Dry Van,245.7,23832.0,584.56,573.7309,457342200.0
TR-043741,2025-10-04,Lexington,Baltimore,Reefer,826.0,33217.0,1977.98,1907.1554,457342200.0
TR-043742,2025-10-04,Mobile,Fort Wayne,Dry Van,815.0,34246.0,1708.09,1702.9977,457342200.0
TR-043743,2025-10-04,Boston,Jacksonville,Reefer,1166.9,37265.0,2682.14,3588.6494,457342200.0
TR-043744,2025-10-04,Mobile,Baton Rouge,Dry Van,332.8,29671.0,850.3,807.99506,457342200.0
TR-043745,2025-10-04,Lubbock,Shreveport,Dry Van,559.0,19610.0,1297.39,1190.9607,457342200.0
TR-043746,2025-10-04,New York,Bakersfield,Dry Van,2748.5,19620.0,4845.69,4680.4185,457342200.0
TR-043747,2025-10-04,Dallas,Hartford,Reefer,1603.8,32443.0,3598.91,3601.8882,457342200.0
TR-043748,2025-10-04,New York,El Paso,Dry Van,2405.0,25287.0,4429.13,4346.2046,457342200.0
TR-043749,2025-10-04,Cincinnati,Nashville,Dry Van,201.0,34276.0,533.64,530.7898,457342200.0
TR-043750,2025-10-04,Houston,Providence,Reefer,1800.5,18393.0,3891.84,3598.478,457342200.0
TR-043751,2025-10-04,Fort Wayne,Baton Rouge,Reefer,1026.7,23664.0,2290.3,2224.081,457342200.0
TR-043752,2025-10-04,Chattanooga,Memphis,Flatbed,166.0,-24412.0,475.85,516.5933,457342200.0
TR-043753,2025-10-04,Phoenix,Chattanooga,Dry Van,1970.2,36816.0,3865.88,3745.6365,457342200.0
TR-043754,2025-10-04,Savannah,Boston,Flatbed,956.6,33771.0,2070.69,2041.9258,457342200.0
TR-043755,2025-10-04,Montgomery,Fort Wayne,Dry Van,803.2,34183.0,1756.9,1677.6624,457342200.0
TR-043756,2025-10-04,Fresno,Tampa,Dry Van,2317.4,40462.0,4610.23,4417.4834,457342200.0
TR-043757,2025-10-04,Mobile,Tucson,Dry Van,1749.8,22818.0,3297.05,3287.5112,457342200.0
TR-043758,2025-10-04,Albany,Houston,Dry Van,1932.5,34043.0,3828.19,3571.9275,457342200.0
TR-043759,2025-10-04,Memphis,Nashville,Reefer,114.5,35060.0,382.8,386.91754,457342200.0
TR-043760,2025-10-04,El Paso,Harrisburg,Dry Van,2108.4,30013.0,3873.89,3794.735,457342200.0
TR-043761,2025-10-04,Syracuse,Hartford,Reefer,393.7,35450.0,966.85,957.87573,457342200.0
TR-043762,2025-10-04,Raleigh,Chattanooga,Dry Van,660.5,35710.0,1479.39,1403.8788,457342200.0
TR-043763,2025-10-04,Syracuse,Raleigh,Dry Van,612.3,35836.0,1312.59,1269.5487,457342200.0
TR-043764,2025-10-04,Cincinnati,Savannah,Reefer,418.6,26681.0,1058.82,1044.7566,457342200.0
TR-043765,2025-10-04,Albany,Amarillo,Flatbed,2256.1,34461.0,4554.3,4369.3105,457342200.0
TR-043766,2025-10-04,Chattanooga,Los Angeles,Dry Van,2090.0,27363.0,3893.45,3777.0764,457342200.0
TR-043767,2025-10-04,Buffalo,Baton Rouge,Reefer,1260.3,33014.0,2911.9,2796.8013,457342200.0
TR-043768,2025-10-04,Atlanta,Memphis,Flatbed,238.1,34182.0,666.14,660.17236,457342200.0
TR-043769,2025-10-04,Corpus Christi,Salt Lake City,Dry Van,1296.3,36146.0,2671.78,2564.4915,457342200.0
TR-043770,2025-10-04,Raleigh,Oklahoma City,Flatbed,1416.4,40377.0,3207.15,3176.6013,457342200.0
TR-043771,2025-10-04,Albany,Mobile,Reefer,1511.2,45329.0,3377.25,3319.5303,457342200.0
TR-043772,2025-10-04,New York,Corpus Christi,Reefer,1746.9,39683.0,3892.47,3763.5598,457342200.0
TR-043773,2025-10-04,Harrisburg,Fresno,Dry Van,2757.0,34353.0,5122.83,5093.873,457342200.0
TR-043774,2025-10-04,Indianapolis,Richmond,Dry Van,769.2,19974.0,1527.39,1474.103,457342200.0
TR-043775,2025-10-04,St. Louis,Richmond,Dry Van,865.0,32370.0,1810.92,1763.1759,457342200.0
TR-043776,2025-10-04,Shreveport,Lexington,Dry Van,603.7,27449.0,1358.72,1302.5261,457342200.0
TR-043777,2025-10-04,Louisville,Baton Rouge,Dry Van,670.1,28574.0,1445.2,1377.6759,457342200.0
TR-043778,2025-10-04,Corpus Christi,Phoenix,Dry Van,1428.4,31003.0,2882.24,2788.1802,457342200.0
TR-043779,2025-10-04,Greensboro,San Francisco,Reefer,2514.7,38744.0,5443.87,5333.69,457342200.0
TR-043780,2025-10-04,Columbia,Houston,Dry Van,880.6,28931.0,1859.45,1865.689,457342200.0
TR-043781,2025-10-04,Philadelphia,Cincinnati,Flatbed,906.1,36149.0,2008.07,1955.2134,457342200.0
TR-043782,2025-10-04,Washington,Las Vegas,Dry Van,2568.1,29502.0,4695.78,4690.008,457342200.0
TR-043783,2025-10-04,Harrisburg,Reno,Dry Van,2499.3,26872.0,4291.14,4405.905,457342200.0
TR-043784,2025-10-04,Salt Lake City,Amarillo,Dry Van,596.0,29404.0,1321.48,1303.8733,457342200.0
TR-043785,2025-10-04,Harrisburg,Kansas City,Flatbed,806.7,34633.0,1832.78,1786.7429,457342200.0
TR-043786,2025-10-04,Houston,Harrisburg,Reefer,1307.4,34225.0,2841.05,2854.7576,457342200.0
TR-043787,2025-10-04,Richmond,Columbia,Dry Van,517.0,38952.0,1171.18,1132.5405,457342200.0
TR-043788,2025-10-04,Salt Lake City,Lexington,Flatbed,1822.1,33969.0,3781.63,3797.331,457342200.0
TR-043789,2025-10-04,San Antonio,Oklahoma City,Flatbed,202.7,23356.0,589.08,623.37415,457342200.0
TR-043790,2025-10-04,Albuquerque,Little Rock,Dry Van,1168.8,37513.0,2476.4,2441.9924,457342200.0
TR-043791,2025-10-04,Kansas City,Milwaukee,Dry Van,169.3,40675.0,454.21,460.1958,457342200.0
TR-043792,2025-10-04,Columbia,Lexington,Dry Van,231.2,29932.0,608.66,580.1644,457342200.0
TR-043793,2025-10-04,Greensboro,Shreveport,Dry Van,704.5,39804.0,1589.78,1546.2366,457342200.0
TR-043794,2025-10-05,Cincinnati,Lexington,Dry Van,137.7,28815.0,362.84,408.68054,457342200.0
TR-043795,2025-10-05,San Antonio,El Paso,Reefer,886.5,34331.0,2190.49,2065.2542,457342200.0
TR-043796,2025-10-05,Little Rock,Albany,Dry Van,1490.2,39403.0,2930.08,2902.9304,457342200.0
TR-043797,2025-10-05,Fresno,Lexington,Reefer,2278.4,33416.0,4821.17,4638.997,457342200.0
TR-043798,2025-10-05,Hartford,El Paso,Dry Van,2513.2,15319.0,4297.75,4363.7363,457342200.0
TR-043799,2025-10-05,San Antonio,Madison,Dry Van,1137.7,22398.0,2227.95,2170.751,457342200.0
TR-043800,2025-10-05,San Antonio,Kansas City,Flatbed,957.8,32120.0,2175.85,2048.1523,457342200.0
TR-043801,2025-10-05,Phoenix,St. Louis,Flatbed,1933.0,17471.0,3724.48,3719.3481,457342200.0
TR-043802,2025-10-05,Lubbock,Nashville,Flatbed,886.1,29679.0,2032.14,1958.5201,457342200.0
TR-043803,2025-10-05,Syracuse,Cincinnati,Dry Van,781.8,28580.0,1539.19,1560.3622,457342200.0
TR-043804,2025-10-05,Indianapolis,Phoenix,Reefer,1887.5,43269.0,4145.69,4042.2146,457342200.0
TR-043805,2025-10-05,Memphis,Providence,Reefer,1329.6,39434.0,3099.4,3087.134,457342200.0
TR-043806,2025-10-05,Lubbock,Lexington,Flatbed,1143.4,22063.0,2437.21,2368.164,457342200.0
TR-043807,2025-10-05,Philadelphia,Tucson,Reefer,2703.5,37318.0,5540.6,5321.453,457342200.0
TR-043808,2025-10-05,Oklahoma City,Richmond,Reefer,1513.4,23143.0,3262.76,3136.717,457342200.0
TR-043809,2025-10-05,Greensboro,Indianapolis,Flatbed,459.1,34954.0,1125.42,1116.1954,457342200.0
TR-043810,2025-10-05,Milwaukee,Las Vegas,Reefer,1858.0,22098.0,3858.91,3825.3757,457342200.0
TR-043811,2025-10-05,Nashville,Atlanta,Flatbed,159.5,21626.0,439.04,503.89667,457342200.0
TR-043812,2025-10-05,Bakersfield,Lexington,Dry Van,2077.1,36087.0,4057.63,3871.3882,457342200.0
TR-043813,2025-10-05,Oklahoma City,Fort Wayne,Dry Van,1142.1,29588.0,2331.03,2202.94,457342200.0
TR-043814,2025-10-05,Milwaukee,Boston,Dry Van,1167.6,41265.0,2384.15,2422.966,457342200.0
TR-043815,2025-10-05,Hartford,Buffalo,Reefer,455.2,40289.0,1122.82,1092.5579,457342200.0
TR-043816,2025-10-05,Philadelphia,Grand Rapids,Dry Van,883.1,21517.0,1729.91,1674.0244,457342200.0
TR-043817,2025-10-05,Harrisburg,Charleston,Reefer,479.2,25214.0,1118.16,1125.6204,457342200.0
TR-043818,2025-10-05,Mobile,Chattanooga,Reefer,314.3,-32569.0,868.53,1253.7184,457342200.0
TR-043819,2025-10-05,Chattanooga,Nashville,Flatbed,80.8,36890.0,263.56,311.1323,457342200.0
TR-043820,2025-10-05,Kansas City,Houston,Dry Van,751.0,32136.0,1633.97,1552.3485,457342200.0
TR-043821,2025-10-05,San Francisco,Indianapolis,Flatbed,2093.1,34122.0,4178.31,4115.866,457342200.0
TR-043822,2025-10-05,Oklahoma City,El Paso,Reefer,816.3,47500.0,2094.64,1983.2129,457342200.0
TR-043823,2025-10-05,Fresno,Toledo,Dry Van,2363.0,25669.0,4177.17,4212.181,457342200.0
TR-043824,2025-10-05,Atlanta,Columbia,Flatbed,225.0,-39325.0,646.74,783.13586,457342200.0
TR-043825,2025-10-05,Richmond,Raleigh,Flatbed,230.3,37523.0,632.92,681.07904,457342200.0
TR-043826,2025-10-05,Philadelphia,Greensboro,Reefer,703.2,35614.0,1652.34,1727.3475,457342200.0
TR-043827,2025-10-05,Bakersfield,Hartford,Dry Van,2922.8,23262.0,5079.21,4706.923,457342200.0
TR-043828,2025-10-05,Fresno,Providence,Flatbed,3310.6,10062.0,6152.73,5738.301,457342200.0
TR-043829,2025-10-05,Dallas,Syracuse,Dry Van,1389.2,36565.0,2785.51,2790.9666,457342200.0
TR-043830,2025-10-05,Tampa,Fresno,Flatbed,2275.0,24193.0,4402.88,4246.835,457342200.0
TR-043831,2025-10-05,Los Angeles,Raleigh,Flatbed,2794.3,37502.0,5433.87,5422.6123,457342200.0
TR-043832,2025-10-05,Grand Rapids,Greensboro,Dry Van,663.6,47500.0,1429.58,1367.2822,457342200.0
TR-043833,2025-10-05,St. Louis,Las Vegas,Dry Van,1734.3,28980.0,3352.17,3262.5889,457342200.0
TR-043834,2025-10-05,Lubbock,Raleigh,Dry Van,1572.4,24925.0,3063.16,2960.3142,457342200.0
TR-043835,2025-10-05,Charleston,Kansas City,Dry Van,822.5,20232.0,1606.06,1622.0745,457342200.0
TR-043836,2025-10-05,Oklahoma City,Lubbock,Dry Van,209.4,34526.0,584.99,602.1303,457342200.0
TR-043837,2025-10-05,Greensboro,Atlanta,Dry Van,265.0,28669.0,651.87,618.0546,457342200.0
TR-043838,2025-10-05,Savannah,Dayton,Flatbed,574.2,41917.0,1355.11,1358.4714,457342200.0
TR-043839,2025-10-05,El Paso,Savannah,Dry Van,1849.4,28879.0,3490.4,3899.7854,457342200.0
TR-043840,2025-10-05,Charleston,New York,Dry Van,624.3,13208.0,1243.66,1253.8413,457342200.0
TR-043841,2025-10-05,Fort Wayne,Philadelphia,Flatbed,767.8,24871.0,1688.78,1545.9961,457342200.0
TR-043842,2025-10-05,Madison,Atlanta,Reefer,610.4,41586.0,1502.59,1465.7979,457342200.0
TR-043843,2025-10-05,Albany,Columbia,Dry Van,1065.9,37720.0,2109.69,2221.6313,457342200.0
TR-043844,2025-10-05,Little Rock,Indianapolis,Dry Van,411.8,29009.0,955.05,930.6928,457342200.0
TR-043845,2025-10-05,Savannah,New York,Dry Van,749.7,35772.0,1574.04,1554.9614,457342200.0
TR-043846,2025-10-05,Birmingham,Harrisburg,Dry Van,788.2,31186.0,1652.68,1597.284,457342200.0
TR-043847,2025-10-05,Nashville,Atlanta,Dry Van,143.6,43753.0,409.03,448.60385,457342200.0
TR-043848,2025-10-05,Montgomery,Grand Rapids,Dry Van,980.8,37509.0,2029.81,2015.3888,457342200.0
TR-043849,2025-10-05,Columbia,Tampa,Dry Van,573.7,37571.0,1291.36,1483.6854,457342200.0
TR-043850,2025-10-05,Houston,Baton Rouge,Dry Van,173.7,22581.0,462.62,520.2987,457342200.0
TR-043851,2025-10-05,Salt Lake City,Austin,Reefer,1005.4,41033.0,2438.43,2348.4111,457342200.0
TR-043852,2025-10-05,Cincinnati,Montgomery,Dry Van,461.1,41773.0,1094.31,1078.831,457342200.0
TR-043853,2025-10-05,New York,Boston,Dry Van,285.5,41606.0,688.95,648.40173,457342200.0
TR-043854,2025-10-05,Shreveport,Nashville,Reefer,385.3,30306.0,1055.69,1029.1602,457342200.0
TR-043855,2025-10-05,Houston,Los Angeles,Reefer,1554.5,,3402.93,3336.5247,457342200.0
TR-043856,2025-10-05,Montgomery,Tucson,Reefer,1849.6,16466.0,3850.45,3794.777,457342200.0
TR-043857,2025-10-05,Lubbock,Hartford,Dry Van,1986.9,21730.0,3761.16,3586.1606,457342200.0
TR-043858,2025-10-05,Montgomery,Phoenix,Dry Van,2046.2,40936.0,4124.94,3854.7212,457342200.0
TR-043859,2025-10-05,Lubbock,Shreveport,Flatbed,576.4,26632.0,1464.25,1443.1738,457342200.0
TR-043860,2025-10-05,Boston,Nashville,Dry Van,1282.2,40722.0,2569.74,2742.3975,457342200.0
TR-043861,2025-10-05,Harrisburg,Bakersfield,Dry Van,2475.6,31572.0,4474.48,4473.7607,457342200.0
TR-043862,2025-10-05,Las Vegas,Tucson,Flatbed,250.4,32724.0,679.73,710.36053,457342200.0
TR-043863,2025-10-05,Oklahoma City,St. Louis,Dry Van,786.8,28035.0,1641.35,1608.2107,457342200.0
TR-043864,2025-10-05,Baltimore,Los Angeles,Flatbed,3053.3,,5800.91,5524.309,457342200.0
TR-043865,2025-10-05,El Paso,Tucson,Flatbed,275.8,39105.0,766.17,785.79767,457342200.0
TR-043866,2025-10-05,Shreveport,Oklahoma City,Flatbed,462.5,47500.0,1232.04,1300.6476,457342200.0
TR-043867,2025-10-05,Phoenix,Charleston,Dry Van,2447.7,29417.0,4487.22,3863.5625,457342200.0
TR-043868,2025-10-05,Toledo,Reno,Reefer,2099.1,30792.0,4287.3,4129.1963,457342200.0
TR-043869,2025-10-05,Raleigh,Reno,Dry Van,2616.3,25765.0,4614.15,4585.2314,457342200.0
TR-043870,2025-10-05,Houston,Bakersfield,Reefer,1516.7,42584.0,3454.75,3391.471,457342200.0
TR-043871,2025-10-05,Las Vegas,Tampa,Dry Van,2004.8,33988.0,3896.22,3740.764,457342200.0
TR-043872,2025-10-05,Philadelphia,Richmond,Reefer,288.1,24780.0,737.2,745.9046,457342200.0
TR-043873,2025-10-05,Memphis,Fort Wayne,Reefer,540.3,21358.0,1295.99,1264.334,457342200.0
TR-043874,2025-10-05,Jacksonville,Richmond,Dry Van,725.1,37782.0,1462.8,1526.4695,457342200.0
TR-043875,2025-10-05,Las Vegas,Milwaukee,Dry Van,1806.8,28785.0,3359.38,3339.1577,457342200.0
TR-043876,2025-10-05,Atlanta,Reno,Flatbed,2098.5,31813.0,4200.54,4049.5564,457342200.0
TR-043877,2025-10-05,Baton Rouge,Lexington,Reefer,765.8,30609.0,1814.57,1765.1613,457342200.0
TR-043878,2025-10-05,Memphis,Atlanta,Dry Van,243.1,20179.0,593.84,584.4843,457342200.0
TR-043879,2025-10-05,Jacksonville,Madison,Dry Van,855.4,38103.0,1804.12,1772.5656,457342200.0
TR-043880,2025-10-05,Amarillo,Toledo,Dry Van,1477.3,38971.0,2935.08,2871.0679,457342200.0
TR-043881,2025-10-05,Baton Rouge,Jacksonville,Reefer,606.6,31215.0,1530.9,1500.1567,457342200.0
TR-043882,2025-10-05,Albuquerque,Hartford,Dry Van,2366.1,19485.0,4209.75,4147.6206,457342200.0
TR-043883,2025-10-05,Houston,Austin,Dry Van,388.2,32045.0,957.06,902.80695,457342200.0
TR-043884,2025-10-05,Albuquerque,Lexington,Dry Van,1559.8,29973.0,2958.24,2961.4473,457342200.0
TR-043885,2025-10-05,Baton Rouge,Toledo,Reefer,1057.5,47500.0,2491.41,2444.9036,457342200.0
TR-043886,2025-10-05,Dayton,Montgomery,Reefer,680.7,31632.0,1643.22,1532.4087,457342200.0
TR-043887,2025-10-05,Shreveport,Baltimore,Reefer,1348.4,25462.0,11052.72,2948.204,457342200.0
TR-043888,2025-10-05,Nashville,Bakersfield,Reefer,1851.9,19021.0,3737.91,3868.202,457342200.0
TR-043889,2025-10-05,Columbia,Philadelphia,Flatbed,766.8,45489.0,1765.8,1733.4923,457342200.0
TR-043890,2025-10-05,Richmond,Mobile,Dry Van,931.4,25871.0,1911.29,1904.0834,457342200.0
TR-043891,2025-10-05,Cincinnati,Kansas City,Dry Van,324.4,32933.0,779.31,744.5918,457342200.0
TR-043892,2025-10-05,Phoenix,Madison,Reefer,2023.7,33108.0,4284.86,4115.4707,457342200.0
TR-043893,2025-10-05,Hartford,Tulsa,Reefer,1517.0,39207.0,3396.71,3340.9773,457342200.0
TR-043894,2025-10-05,Chattanooga,Atlanta,Reefer,82.9,37082.0,279.76,388.9846,457342200.0
TR-043895,2025-10-05,Lexington,Grand Rapids,Dry Van,532.9,35010.0,1160.12,1133.0375,457342200.0
TR-043896,2025-10-05,Oklahoma City,Charleston,Reefer,1294.8,24436.0,2848.75,2739.233,457342200.0
TR-043897,2025-10-05,Madison,Chattanooga,Dry Van,556.0,12888.0,1167.81,1116.7375,457342200.0
TR-043898,2025-10-05,Savannah,Jacksonville,Dry Van,203.2,25736.0,507.62,517.1876,457342200.0
TR-043899,2025-10-05,Charleston,Buffalo,Reefer,625.4,29344.0,1472.72,1457.6008,457342200.0
TR-043900,2025-10-05,Atlanta,Raleigh,Flatbed,592.6,45595.0,1393.73,1458.3704,457342200.0
TR-043901,2025-10-05,Albuquerque,Fresno,Flatbed,713.0,27730.0,1607.33,1632.4417,457342200.0
TR-043902,2025-10-05,Bakersfield,Baton Rouge,Dry Van,1654.9,32385.0,3247.32,3197.081,457342200.0
TR-043903,2025-10-05,Montgomery,Corpus Christi,Flatbed,720.5,26152.0,1689.73,1660.356,457342200.0
TR-043904,2025-10-05,Harrisburg,Nashville,Dry Van,731.4,32588.0,1531.51,1493.1471,457342200.0
TR-043905,2025-10-05,Hartford,Columbia,Flatbed,823.0,35982.0,1830.18,1824.5623,457342200.0
TR-043906,2025-10-05,Tulsa,Los Angeles,Dry Van,1547.6,22089.0,3017.98,2922.3967,457342200.0
TR-043907,2025-10-05,Milwaukee,Grand Rapids,Dry Van,345.5,31805.0,809.89,758.796,457342200.0
TR-043908,2025-10-05,Memphis,San Antonio,Dry Van,762.3,37915.0,1697.73,1638.7874,457342200.0
TR-043909,2025-10-05,San Antonio,Richmond,Dry Van,1649.8,33755.0,3194.09,3199.493,457342200.0
TR-043910,2025-10-05,Baltimore,Harrisburg,Dry Van,374.8,30963.0,875.46,810.6052,457342200.0
TR-043911,2025-10-05,Dayton,Richmond,Flatbed,595.1,29360.0,1330.8,1340.1841,457342200.0
TR-043912,2025-10-05,New York,Bakersfield,Dry Van,2781.5,25269.0,4904.69,4864.173,457342200.0
TR-043913,2025-10-05,Grand Rapids,Madison,Reefer,283.6,47500.0,811.04,804.0234,457342200.0
TR-043914,2025-10-05,Philadelphia,Fort Wayne,Reefer,805.2,38544.0,1843.84,1811.7904,457342200.0
TR-043915,2025-10-05,Nashville,Montgomery,Reefer,358.9,28029.0,953.32,964.87744,457342200.0
TR-043916,2025-10-05,Bakersfield,Tucson,Dry Van,335.3,34057.0,808.69,800.1276,457342200.0
TR-043917,2025-10-05,Nashville,Dayton,Dry Van,424.2,25622.0,4646.65,908.84247,457342200.0
TR-043918,2025-10-05,Mobile,Nashville,Dry Van,293.0,22685.0,698.11,707.0397,457342200.0
TR-043919,2025-10-05,Albany,Buffalo,Dry Van,492.7,31708.0,1017.32,1017.17084,457342200.0
TR-043920,2025-10-05,Greensboro,Tucson,Dry Van,1989.6,23494.0,3621.78,3607.9385,457342200.0
TR-043921,2025-10-05,Syracuse,Lubbock,Flatbed,1798.7,23409.0,3572.79,3501.1582,457342200.0
TR-043922,2025-10-05,Hartford,Amarillo,Flatbed,2127.4,30979.0,4471.7,4115.331,457342200.0
TR-043923,2025-10-05,Toledo,Lexington,Dry Van,421.3,28697.0,960.58,897.4203,457342200.0
TR-043924,2025-10-05,Mobile,Tampa,Dry Van,305.9,29747.0,742.04,755.0011,457342200.0
TR-043925,2025-10-05,Oklahoma City,Greensboro,Dry Van,1122.7,24178.0,2256.96,2210.079,457342200.0
TR-043926,2025-10-05,Toledo,Grand Rapids,Dry Van,176.1,25333.0,442.63,427.3691,457342200.0
TR-043927,2025-10-05,Amarillo,Fresno,Flatbed,1073.6,23764.0,2343.92,2390.9124,457342200.0
TR-043928,2025-10-05,Raleigh,New York,Dry Van,446.7,32546.0,963.41,978.5849,457342200.0
TR-043929,2025-10-05,Shreveport,Lubbock,Dry Van,586.9,34097.0,1354.82,1289.0231,457342200.0
TR-043930,2025-10-05,Amarillo,Phoenix,Dry Van,891.6,32439.0,1881.9,1858.1354,457342200.0
TR-043931,2025-10-05,Oklahoma City,Cincinnati,Flatbed,919.6,29615.0,2080.68,2001.0768,457342200.0
TR-043932,2025-10-05,Indianapolis,Buffalo,Dry Van,685.1,39138.0,1426.28,1426.333,457342200.0
TR-043933,2025-10-05,Lubbock,Dayton,Dry Van,1214.4,36685.0,2509.73,2442.7742,457342200.0
TR-043934,2025-10-05,Grand Rapids,Fort Wayne,Reefer,206.3,45481.0,579.38,642.7424,457342200.0
TR-043935,2025-10-05,Tulsa,Baton Rouge,Flatbed,293.4,41155.0,829.88,1021.84845,457342200.0
TR-043936,2025-10-05,Fresno,Tampa,Reefer,2279.4,17269.0,4697.97,4462.3877,457342200.0
TR-043937,2025-10-05,Syracuse,Dallas,Dry Van,1444.5,36448.0,2865.78,2826.6836,457342200.0
TR-043938,2025-10-05,San Antonio,Tucson,Dry Van,1028.1,39837.0,2220.22,2133.6802,457342200.0
TR-043939,2025-10-05,Corpus Christi,Nashville,Reefer,763.2,34281.0,1922.64,1868.0221,457342200.0
TR-043940,2025-10-05,Indianapolis,Tucson,Flatbed,1738.9,21273.0,3299.32,3407.7598,457342200.0
TR-043941,2025-10-06,Fort Wayne,Phoenix,Reefer,2201.7,-27654.0,4468.77,4596.8965,457342200.0
TR-043942,2025-10-06,Nashville,Philadelphia,Dry Van,1023.1,31250.0,2034.14,2005.8003,457342200.0
TR-043943,2025-10-06,Tucson,Memphis,Dry Van,1657.9,22741.0,3118.92,3081.9553,457342200.0
TR-043944,2025-10-06,Kansas City,Lexington,Dry Van,452.9,28909.0,1020.65,969.7021,457342200.0
TR-043945,2025-10-06,San Antonio,Boston,Dry Van,2087.0,38114.0,4138.77,3880.2874,457342200.0
TR-043946,2025-10-06,Los Angeles,Chattanooga,Dry Van,2091.5,45353.0,4043.62,3924.2373,457342200.0
TR-043947,2025-10-06,Montgomery,Kansas City,Dry Van,729.3,37843.0,1573.69,1554.1206,457342200.0
TR-043948,2025-10-06,Fort Wayne,Lubbock,Dry Van,1298.2,41142.0,2537.6,2567.136,457342200.0
TR-043949,2025-10-06,Amarillo,San Antonio,Reefer,507.0,34544.0,1354.69,1341.7653,457342200.0
TR-043950,2025-10-06,New York,Columbia,Flatbed,775.6,35843.0,1810.66,1740.607,457342200.0
TR-043951,2025-10-06,Bakersfield,Buffalo,Reefer,2555.8,28525.0,5246.48,5495.692,457342200.0
TR-043952,2025-10-06,Atlanta,Fresno,Dry Van,2231.8,27328.0,3971.46,6747.025,457342200.0
TR-043953,2025-10-06,Grand Rapids,Richmond,Dry Van,741.8,39323.0,1552.77,1498.0656,457342200.0
TR-043954,2025-10-06,Cincinnati,Milwaukee,Dry Van,235.9,45415.0,624.15,614.0778,457342200.0
TR-043955,2025-10-06,Oklahoma City,Corpus Christi,Dry Van,337.7,31701.0,858.03,818.8274,457342200.0
TR-043956,2025-10-06,Jacksonville,Indianapolis,Reefer,639.6,22171.0,1486.69,1469.483,457342200.0
TR-043957,2025-10-06,Richmond,Tulsa,Reefer,1273.2,18979.0,2718.63,2666.7778,457342200.0
TR-043958,2025-10-06,Providence,Memphis,Dry Van,1310.6,18286.0,2460.16,2475.4604,457342200.0
TR-043959,2025-10-06,Los Angeles,Bakersfield,Dry Van,410.2,47500.0,947.3,1020.92566,457342200.0
TR-043960,2025-10-06,Milwaukee,Fort Wayne,Dry Van,260.4,25938.0,618.64,592.5123,457342200.0
TR-043961,2025-10-06,Phoenix,Albany,Reefer,3183.4,23942.0,6161.01,5927.485,457342200.0
TR-043962,2025-10-06,Milwaukee,Chattanooga,Flatbed,376.7,31939.0,946.19,884.6092,457342200.0
TR-043963,2025-10-06,Los Angeles,Savannah,Reefer,2423.6,29123.0,4912.37,4817.3345,457342200.0
TR-043964,2025-10-06,Tucson,Phoenix,Reefer,273.2,34705.0,747.96,827.5447,457342200.0
TR-043965,2025-10-06,Phoenix,Louisville,Dry Van,2012.4,27841.0,3624.9,3681.4878,457342200.0
TR-043966,2025-10-06,Fort Wayne,Albany,Reefer,901.0,41028.0,2061.34,2001.8796,457342200.0
TR-043967,2025-10-06,Milwaukee,Houston,Dry Van,830.5,32312.0,1761.62,1749.283,457342200.0
TR-043968,2025-10-06,Fort Wayne,Atlanta,Flatbed,554.1,26628.0,1293.64,1249.1927,457342200.0
TR-043969,2025-10-06,Reno,Bakersfield,Reefer,517.6,37536.0,1318.59,1268.6185,457342200.0
TR-043970,2025-10-06,San Antonio,San Francisco,Dry Van,1658.3,22860.0,3182.58,3089.979,457342200.0
TR-043971,2025-10-06,Philadelphia,Charleston,Reefer,588.9,28892.0,1408.96,1415.0487,457342200.0
TR-043972,2025-10-06,Los Angeles,Oklahoma City,Dry Van,1304.0,47500.0,2653.8,2625.6282,457342200.0
TR-043973,2025-10-06,Raleigh,Reno,Dry Van,2554.5,27226.0,4564.71,4602.0723,457342200.0
TR-043974,2025-10-06,Hartford,Houston,Dry Van,1673.7,24911.0,3230.92,3093.9275,457342200.0
TR-043975,2025-10-06,Greensboro,Houston,Dry Van,935.1,20302.0,1890.03,1894.7714,457342200.0
TR-043976,2025-10-06,Milwaukee,Nashville,Dry Van,373.7,45372.0,903.04,834.00574,457342200.0
TR-043977,2025-10-06,Phoenix,Tulsa,Reefer,1525.8,27737.0,3330.57,3238.1067,457342200.0
TR-043978,2025-10-06,Cincinnati,Harrisburg,Flatbed,606.9,14045.0,1290.78,1316.496,457342200.0
TR-043979,2025-10-06,Fresno,Phoenix,Flatbed,463.2,34098.0,1136.45,1188.8861,457342200.0
TR-043980,2025-10-06,Columbia,Cincinnati,Reefer,331.3,25127.0,863.94,841.75433,457342200.0
TR-043981,2025-10-06,Oklahoma City,Phoenix,Dry Van,1251.2,39169.0,2609.34,2594.981,457342200.0
TR-043982,2025-10-06,Madison,Lexington,Dry Van,494.1,29055.0,1061.3,1027.6539,457342200.0
TR-043983,2025-10-06,Savannah,Boston,Reefer,968.7,32787.0,2172.14,2130.5,457342200.0
TR-043984,2025-10-06,Nashville,Atlanta,Dry Van,130.2,44755.0,363.74,424.41568,457342200.0
TR-043985,2025-10-06,Tulsa,Bakersfield,Reefer,1479.7,11780.0,3195.86,3102.7832,457342200.0
TR-043986,2025-10-06,Fort Wayne,Albany,Reefer,898.3,36286.0,1974.12,1931.5388,457342200.0
TR-043987,2025-10-06,Columbia,Amarillo,Reefer,1454.0,23756.0,3107.72,3061.7737,457342200.0
TR-043988,2025-10-06,Hartford,Baltimore,Flatbed,134.5,28293.0,363.14,446.75165,457342200.0
TR-043989,2025-10-06,Philadelphia,Montgomery,Reefer,1103.6,36661.0,2586.91,2487.796,457342200.0
TR-043990,2025-10-06,Hartford,St. Louis,Dry Van,1103.3,47500.0,2332.39,2256.0686,457342200.0
TR-043991,2025-10-06,Memphis,Corpus Christi,Reefer,721.1,31237.0,1795.1,1751.2262,457342200.0
TR-043992,2025-10-06,Kansas City,Savannah,Dry Van,737.8,30476.0,1546.97,1495.5364,457342200.0
TR-043993,2025-10-06,Albany,Raleigh,Reefer,806.3,30653.0,1796.04,1786.68,457342200.0
TR-043994,2025-10-06,Atlanta,Dayton,Reefer,427.0,16630.0,1058.89,1018.5703,457342200.0
TR-043995,2025-10-06,Shreveport,Tucson,Reefer,1472.1,18576.0,3165.13,3057.4294,457342200.0
TR-043996,2025-10-06,Louisville,Savannah,Dry Van,457.3,30257.0,1067.6,1011.4271,457342200.0
TR-043997,2025-10-06,Green Bay,Phoenix,Flatbed,2187.0,39238.0,4472.27,4286.0938,457342200.0
TR-043998,2025-10-06,Kansas City,Tucson,Reefer,1604.2,38291.0,3579.44,3531.0054,457342200.0
TR-043999,2025-10-06,Hartford,Columbia,Dry Van,834.0,26144.0,1662.93,1666.791,457342200.0
TR-044000,2025-10-06,Philadelphia,Fresno,Dry Van,3059.4,38919.0,5836.48,5716.337,457342200.0
TR-044001,2025-10-06,Richmond,Oklahoma City,Reefer,1515.1,15504.0,3215.63,3107.4421,457342200.0
TR-044002,2025-10-06,Mobile,San Francisco,Dry Van,2234.6,35941.0,4373.47,4240.535,457342200.0
TR-044003,2025-10-06,Mobile,Milwaukee,Dry Van,642.8,23142.0,1363.25,1314.224,457342200.0
TR-044004,2025-10-06,Tucson,Greensboro,Dry Van,2097.2,33616.0,3980.77,3850.1733,457342200.0
TR-044005,2025-10-06,Milwaukee,Hartford,Dry Van,1023.5,42411.0,2030.02,2050.3386,457342200.0
TR-044006,2025-10-06,Phoenix,Indianapolis,Flatbed,2009.4,15584.0,3811.81,3871.8423,457342200.0
TR-044007,2025-10-06,Columbia,Nashville,Dry Van,345.5,28024.0,807.11,800.73486,457342200.0
TR-044008,2025-10-06,Houston,Little Rock,Dry Van,360.6,34623.0,905.93,855.98,457342200.0
TR-044009,2025-10-06,Baton Rouge,Grand Rapids,Reefer,1155.1,30492.0,2506.97,2584.8105,457342200.0
TR-044010,2025-10-06,Fort Wayne,Toledo,Reefer,92.7,36959.0,291.93,335.9528,457342200.0
TR-044011,2025-10-06,Jacksonville,Salt Lake City,Flatbed,1890.8,33245.0,3918.02,3894.4175,457342200.0
TR-044012,2025-10-06,Bakersfield,Philadelphia,Reefer,2796.2,32658.0,5501.66,5752.0483,457342200.0
TR-044013,2025-10-06,Chattanooga,St. Louis,Reefer,318.3,40851.0,875.47,915.2928,457342200.0
TR-044014,2025-10-06,Tulsa,El Paso,Flatbed,1052.9,23038.0,2275.74,2239.0989,457342200.0
TR-044015,2025-10-06,Atlanta,Richmond,Dry Van,663.0,25537.0,337.89,1345.6023,457342200.0
TR-044016,2025-10-06,Fort Wayne,Cincinnati,Reefer,374.0,41120.0,956.77,917.14923,457342200.0
TR-044017,2025-10-06,Raleigh,Austin,Dry Van,1592.3,35041.0,3218.43,3060.0703,457342200.0
TR-044018,2025-10-06,El Paso,San Antonio,Dry Van,872.5,34145.0,1879.08,1870.9183,457342200.0
TR-044019,2025-10-06,Houston,Reno,Dry Van,1711.4,34030.0,3286.71,3280.5876,457342200.0
TR-044020,2025-10-06,Richmond,Nashville,Dry Van,786.3,37253.0,1656.21,1652.8202,457342200.0
TR-044021,2025-10-06,Columbia,Amarillo,Flatbed,1429.1,15000.0,2929.0,2934.1978,457342200.0
TR-044022,2025-10-06,Boston,Oklahoma City,Flatbed,1961.5,40570.0,4098.02,4024.6694,457342200.0
TR-044023,2025-10-06,Lexington,Dallas,Flatbed,767.0,20899.0,1687.81,1643.2809,457342200.0
TR-044024,2025-10-06,Fort Wayne,Memphis,Dry Van,559.7,34513.0,1235.98,1182.4431,457342200.0
TR-044025,2025-10-06,Tulsa,Jacksonville,Dry Van,703.8,27341.0,1504.38,1486.0454,457342200.0
TR-044026,2025-10-06,Atlanta,Tampa,Dry Van,537.4,29383.0,1204.0,1181.7083,457342200.0
TR-044027,2025-10-06,Indianapolis,Little Rock,Flatbed,412.3,27263.0,1044.13,1000.2768,457342200.0
TR-044028,2025-10-06,Albuquerque,San Francisco,Dry Van,819.4,42394.0,1759.53,1770.1244,457342200.0
TR-044029,2025-10-06,Bakersfield,Oklahoma City,Flatbed,1212.8,38216.0,2734.73,2663.4995,457342200.0
TR-044030,2025-10-06,Tampa,Kansas City,Reefer,984.1,24158.0,2246.92,2140.7825,457342200.0
TR-044031,2025-10-06,Buffalo,Albany,Flatbed,518.2,44146.0,1171.5,1191.7834,457342200.0
TR-044032,2025-10-06,Lubbock,Montgomery,Dry Van,940.5,27573.0,1942.68,1968.0895,457342200.0
TR-044033,2025-10-06,Montgomery,Savannah,Dry Van,318.6,41044.0,811.41,776.79626,457342200.0
TR-044034,2025-10-06,Richmond,Mobile,Dry Van,920.7,33360.0,1954.55,1849.0244,457342200.0
TR-044035,2025-10-06,Memphis,Lexington,Dry Van,333.9,35563.0,848.67,791.87427,457342200.0
TR-044036,2025-10-06,New York,Los Angeles,Reefer,3028.4,25043.0,5870.7,5716.238,457342200.0
TR-044037,2025-10-06,San Antonio,Los Angeles,Dry Van,1255.0,39414.0,2574.17,2595.4065,457342200.0
TR-044038,2025-10-06,Nashville,Amarillo,Dry Van,1113.4,35094.0,2346.53,2402.126,457342200.0
TR-044039,2025-10-06,Milwaukee,Albany,Reefer,1102.7,41863.0,2491.67,2431.5166,457342200.0
TR-044040,2025-10-06,Cincinnati,Bakersfield,Dry Van,1992.9,33360.0,3773.44,3723.367,457342200.0
TR-044041,2025-10-06,Fort Wayne,Tulsa,Dry Van,893.1,-41272.0,1856.42,1934.5385,457342200.0
TR-044042,2025-10-06,Fort Wayne,Philadelphia,Dry Van,768.7,25035.0,1532.18,1452.3063,457342200.0
TR-044043,2025-10-06,Nashville,Memphis,Reefer,114.4,23803.0,350.78,375.79367,457342200.0
TR-044044,2025-10-06,Albany,Shreveport,Reefer,1584.8,36619.0,3533.81,3649.2617,457342200.0
TR-044045,2025-10-06,Phoenix,Chattanooga,Dry Van,2047.2,29081.0,3900.6,3736.984,457342200.0
TR-044046,2025-10-06,Boston,Lexington,Reefer,1030.7,36691.0,2340.45,2315.2595,457342200.0
TR-044047,2025-10-06,Chattanooga,Birmingham,Dry Van,172.1,31157.0,474.64,487.36917,457342200.0
TR-044048,2025-10-06,Boston,Las Vegas,Dry Van,2960.9,40689.0,5573.55,5332.3545,457342200.0
TR-044049,2025-10-06,Fort Wayne,Lexington,Dry Van,360.6,37179.0,864.11,799.79846,457342200.0
TR-044050,2025-10-06,Memphis,Hartford,Dry Van,1144.7,47500.0,2352.33,2320.6707,457342200.0
TR-044051,2025-10-06,Kansas City,Savannah,Dry Van,744.4,39094.0,1676.58,1572.1095,457342200.0
TR-044052,2025-10-06,Mobile,Tampa,Dry Van,324.7,31035.0,784.02,764.2571,457342200.0
TR-044053,2025-10-06,Oklahoma City,Dallas,Reefer,318.2,26122.0,891.23,927.5268,457342200.0
TR-044054,2025-10-06,New York,Richmond,Flatbed,249.5,17372.0,610.58,621.4941,457342200.0
TR-044055,2025-10-06,Albany,San Antonio,Flatbed,2107.1,26841.0,4116.8,3987.2017,457342200.0
TR-044056,2025-10-06,Little Rock,Lexington,Reefer,530.7,29044.0,1320.52,1316.0947,457342200.0
TR-044057,2025-10-06,Montgomery,Fort Wayne,Reefer,824.7,28499.0,1877.91,1821.0806,457342200.0
TR-044058,2025-10-06,Kansas City,El Paso,Dry Van,1372.5,35915.0,2863.58,2731.431,457342200.0
TR-044059,2025-10-06,Philadelphia,Indianapolis,Flatbed,1009.0,32413.0,2169.35,2158.03,457342200.0
TR-044060,2025-10-06,Grand Rapids,Mobile,Dry Van,953.5,29740.0,1929.48,1903.6316,457342200.0
TR-044061,2025-10-06,Cincinnati,Harrisburg,Dry Van,591.0,30000.0,1203.53,1235.0072,457342200.0
TR-044062,2025-10-06,Amarillo,Green Bay,Dry Van,1361.8,16833.0,2541.47,2551.7935,457342200.0
TR-044063,2025-10-06,Oklahoma City,Austin,Dry Van,233.1,33013.0,626.22,640.93744,457342200.0
TR-044064,2025-10-06,Savannah,Hartford,Flatbed,827.8,25825.0,1779.27,1726.2697,457342200.0
TR-044065,2025-10-06,Raleigh,Greensboro,Flatbed,360.7,-19060.0,882.45,1051.0236,457342200.0
TR-044066,2025-10-06,El Paso,Baton Rouge,Reefer,1230.0,34583.0,2885.04,2790.3284,457342200.0
TR-044067,2025-10-06,Charleston,St. Louis,Dry Van,779.4,39374.0,1687.5,1651.8175,457342200.0
TR-044068,2025-10-06,Baton Rouge,Hartford,Dry Van,1561.0,37171.0,3118.32,3042.386,457342200.0
TR-044069,2025-10-06,Lubbock,Los Angeles,Dry Van,1211.0,26232.0,2401.07,2377.2258,457342200.0
TR-044070,2025-10-06,Dayton,Atlanta,Dry Van,429.3,33752.0,969.91,943.655,457342200.0
TR-044071,2025-10-06,El Paso,Tampa,Flatbed,1675.0,41386.0,3518.03,3528.9094,457342200.0
TR-044072,2025-10-06,Milwaukee,Montgomery,Flatbed,673.3,42911.0,1636.43,1527.6879,457342200.0
TR-044073,2025-10-06,Buffalo,Los Angeles,Dry Van,2631.3,30328.0,4831.89,4643.1167,457342200.0
TR-044074,2025-10-06,Lexington,Bakersfield,Dry Van,2148.6,35166.0,4100.88,4063.369,457342200.0
TR-044075,2025-10-06,Greensboro,Reno,Dry Van,2276.9,46114.0,4337.77,4342.2197,457342200.0
TR-044076,2025-10-06,Atlanta,Hartford,Dry Van,995.4,12686.0,1872.82,2247.1052,457342200.0
TR-044077,2025-10-06,Hartford,Montgomery,Reefer,1131.3,32044.0,2474.26,2487.1377,457342200.0
TR-044078,2025-10-06,Cincinnati,Kansas City,Dry Van,369.0,33165.0,867.2,813.8901,457342200.0
TR-044079,2025-10-06,Atlanta,Columbia,Dry Van,217.4,29288.0,561.58,562.45416,457342200.0
TR-044080,2025-10-06,Nashville,Greensboro,Dry Van,363.9,35413.0,880.74,843.67426,457342200.0
TR-044081,2025-10-06,Washington,Chattanooga,Flatbed,712.2,41235.0,1607.56,1663.7474,457342200.0
TR-044082,2025-10-06,Shreveport,Tulsa,Flatbed,202.9,15674.0,568.52,621.84674,457342200.0
TR-044083,2025-10-06,Boston,Philadelphia,Dry Van,236.3,34313.0,595.93,564.9259,457342200.0
TR-044084,2025-10-06,Richmond,Atlanta,Reefer,692.0,22082.0,1612.8,1537.9712,457342200.0
TR-044085,2025-10-06,Las Vegas,Bakersfield,Dry Van,117.1,22190.0,309.64,401.162,457342200.0
TR-044086,2025-10-06,Albuquerque,Chattanooga,Reefer,1465.9,33121.0,3379.8,3523.997,457342200.0
TR-044087,2025-10-06,Corpus Christi,Baltimore,Flatbed,1778.3,24942.0,3604.59,3692.9155,457342200.0
TR-044088,2025-10-06,Oklahoma City,Providence,Dry Van,1922.2,20373.0,3621.3,3519.2253,457342200.0
TR-044089,2025-10-06,Tucson,Dayton,Dry Van,1862.5,32805.0,3520.84,3581.589,457342200.0
TR-044090,2025-10-06,Grand Rapids,Hartford,Flatbed,910.8,23595.0,1865.44,1823.9778,457342200.0
TR-044091,2025-10-06,Nashville,Fresno,Dry Van,2087.3,23125.0,3796.72,3730.2812,457342200.0
TR-044092,2025-10-06,Lubbock,Syracuse,Dry Van,1780.3,40224.0,3400.27,3434.3992,457342200.0
TR-044093,2025-10-06,Cincinnati,Milwaukee,Dry Van,242.1,40375.0,641.14,623.2681,457342200.0
TR-044094,2025-10-07,Los Angeles,Memphis,Dry Van,1898.8,21996.0,3521.79,3609.3948,457342200.0
TR-044095,2025-10-07,Fresno,Tucson,Dry Van,481.3,20196.0,1081.64,1065.7908,457342200.0
TR-044096,2025-10-07,Lexington,Las Vegas,Dry Van,2019.8,40074.0,4002.03,3883.529,457342200.0
TR-044097,2025-10-07,Buffalo,Lubbock,Reefer,1691.0,21353.0,3613.18,3350.44,457342200.0
TR-044098,2025-10-07,Birmingham,Shreveport,Reefer,406.6,45982.0,1129.78,1101.0078,457342200.0
TR-044099,2025-10-07,Atlanta,Lexington,Dry Van,195.7,43107.0,543.25,537.8529,457342200.0
TR-044100,2025-10-07,San Antonio,Amarillo,Dry Van,512.9,33117.0,1191.94,1154.1611,457342200.0
TR-044101,2025-10-07,Lexington,Richmond,Flatbed,528.9,30984.0,1221.71,1287.6678,457342200.0
TR-044102,2025-10-07,Nashville,Shreveport,Dry Van,379.6,39776.0,941.96,885.30554,457342200.0
TR-044103,2025-10-07,Little Rock,Baton Rouge,Dry Van,310.3,43991.0,810.34,792.2671,457342200.0
TR-044104,2025-10-07,Los Angeles,Providence,Dry Van,3185.8,20056.0,5766.93,5403.6914,457342200.0
TR-044105,2025-10-07,Hartford,Oklahoma City,Reefer,1913.4,37816.0,4281.85,4762.058,457342200.0
TR-044106,2025-10-07,Syracuse,Buffalo,Dry Van,164.7,47500.0,417.09,429.49838,457342200.0
TR-044107,2025-10-07,Baton Rouge,Chattanooga,Dry Van,556.5,30685.0,1254.51,1210.299,457342200.0
TR-044108,2025-10-07,Greensboro,Columbia,Dry Van,135.8,20042.0,347.21,375.83136,457342200.0
TR-044109,2025-10-07,Nashville,Amarillo,Reefer,1093.9,33569.0,2628.55,2587.9358,457342200.0
TR-044110,2025-10-07,Montgomery,Los Angeles,Dry Van,2202.0,17532.0,4005.12,4037.919,457342200.0
TR-044111,2025-10-07,Salt Lake City,Savannah,Reefer,2021.5,39978.0,4566.62,4239.5464,457342200.0
TR-044112,2025-10-07,Hartford,Baltimore,Dry Van,137.8,45285.0,378.59,368.7222,457342200.0
TR-044113,2025-10-07,Tulsa,Toledo,Reefer,970.7,29430.0,2202.48,2140.6755,457342200.0
TR-044114,2025-10-07,Memphis,Chattanooga,Dry Van,180.7,17477.0,467.61,478.12106,457342200.0
TR-044115,2025-10-07,Bakersfield,Reno,Reefer,525.1,28251.0,1276.25,1306.8795,457342200.0
TR-044116,2025-10-07,Louisville,Richmond,Dry Van,721.4,23515.0,1459.87,1430.5938,457342200.0
TR-044117,2025-10-07,Phoenix,Toledo,Flatbed,2267.3,31282.0,4654.5,4368.5957,457342200.0
TR-044118,2025-10-07,Greensboro,Hartford,Dry Van,755.2,21865.0,1495.33,1466.1306,457342200.0
TR-044119,2025-10-07,Amarillo,Milwaukee,Flatbed,1149.8,32613.0,2550.13,2557.552,457342200.0
TR-044120,2025-10-07,Los Angeles,Albany,Dry Van,3162.1,7120.0,5368.81,5195.376,457342200.0
TR-044121,2025-10-07,Milwaukee,Toledo,Flatbed,309.7,22243.0,764.04,776.7443,457342200.0
TR-044122,2025-10-07,Lexington,Phoenix,Reefer,2221.3,26321.0,4560.49,4289.8457,457342200.0
TR-044123,2025-10-07,Lexington,Oklahoma City,Reefer,1003.3,31366.0,2492.07,2323.8623,457342200.0
TR-044124,2025-10-07,Phoenix,Mobile,Dry Van,1927.0,47500.0,3882.76,3731.0952,457342200.0
TR-044125,2025-10-07,Philadelphia,Charleston,Dry Van,609.2,35292.0,1329.78,1296.3944,457342200.0
TR-044126,2025-10-07,Los Angeles,Little Rock,Reefer,1780.3,28588.0,3987.15,3778.2886,457342200.0
TR-044127,2025-10-07,Oklahoma City,Dayton,Dry Van,1031.1,39896.0,2199.94,2117.9666,457342200.0
TR-044128,2025-10-07,Richmond,Los Angeles,Flatbed,2803.0,22389.0,5209.11,5168.5425,457342200.0
TR-044129,2025-10-07,Toledo,Amarillo,Reefer,1429.7,14300.0,3013.41,2973.677,457342200.0
TR-044130,2025-10-07,Fresno,Louisville,Dry Van,2148.6,23129.0,3930.32,3960.8848,457342200.0
TR-044131,2025-10-07,Grand Rapids,Kansas City,Dry Van,466.3,47500.0,1076.93,1043.0562,457342200.0
TR-044132,2025-10-07,San Antonio,Greensboro,Dry Van,1206.8,31950.0,2481.63,2452.2866,457342200.0
TR-044133,2025-10-07,Lubbock,Los Angeles,Dry Van,1197.8,40959.0,2596.05,2514.6025,457342200.0
TR-044134,2025-10-07,Montgomery,Lexington,Reefer,483.1,26231.0,1188.47,1219.7032,457342200.0
TR-044135,2025-10-07,Indianapolis,Fort Wayne,Reefer,334.0,28294.0,872.03,862.0393,457342200.0
TR-044136,2025-10-07,Oklahoma City,Milwaukee,Flatbed,909.8,39179.0,2120.59,2025.1359,457342200.0
TR-044137,2025-10-07,Tampa,Tucson,Dry Van,1838.4,29167.0,3521.73,3570.364,457342200.0
TR-044138,2025-10-07,Fort Wayne,Corpus Christi,Dry Van,1221.6,23259.0,2442.27,2393.584,457342200.0
TR-044139,2025-10-07,Charleston,Albuquerque,Dry Van,1990.5,24572.0,3713.4,3739.111,457342200.0
TR-044140,2025-10-07,Hartford,Baltimore,Dry Van,143.8,33665.0,383.5,361.9421,457342200.0
TR-044141,2025-10-07,San Antonio,Buffalo,Dry Van,1601.8,30074.0,3098.51,3023.28,457342200.0
TR-044142,2025-10-07,Cincinnati,Baltimore,Flatbed,925.0,27711.0,1996.97,2020.0936,457342200.0
TR-044143,2025-10-07,Milwaukee,Tucson,Dry Van,1764.6,36922.0,3494.0,3493.7192,457342200.0
TR-044144,2025-10-07,Harrisburg,Hartford,Flatbed,395.6,32187.0,950.43,966.07184,457342200.0
TR-044145,2025-10-07,Boston,Montgomery,Dry Van,1290.6,31375.0,2486.75,2533.9182,457342200.0
TR-044146,2025-10-07,Salt Lake City,Philadelphia,Flatbed,2526.2,18183.0,4845.95,4648.0977,457342200.0
TR-044147,2025-10-07,Jacksonville,Reno,Reefer,2336.4,44191.0,5058.57,4785.7075,457342200.0
TR-044148,2025-10-07,Phoenix,Hartford,Dry Van,2943.1,33774.0,5346.93,5329.8687,457342200.0
TR-044149,2025-10-07,San Antonio,Buffalo,Reefer,1562.1,38651.0,3549.06,3553.3518,457342200.0
TR-044150,2025-10-07,Lubbock,Las Vegas,Dry Van,1072.7,35779.0,2303.95,2284.3523,457342200.0
TR-044151,2025-10-07,Providence,Montgomery,Reefer,1231.0,39980.0,2964.61,2792.4307,457342200.0
TR-044152,2025-10-07,Salt Lake City,Green Bay,Dry Van,1778.0,26934.0,3303.47,3325.1191,457342200.0
TR-044153,2025-10-07,Cincinnati,Fort Wayne,Dry Van,380.5,47500.0,910.55,846.67505,457342200.0
TR-044154,2025-10-07,Oklahoma City,Kansas City,Dry Van,796.6,31662.0,1743.43,1697.3021,457342200.0
TR-044155,2025-10-07,Greensboro,Milwaukee,Dry Van,485.3,36889.0,1101.55,1199.6145,457342200.0
TR-044156,2025-10-07,Tulsa,Milwaukee,Dry Van,650.3,38716.0,1525.43,1411.8185,457342200.0
TR-044157,2025-10-07,Indianapolis,Buffalo,Flatbed,711.8,19177.0,1554.33,1525.1587,457342200.0
TR-044158,2025-10-07,Oklahoma City,Phoenix,Dry Van,1189.0,33044.0,2448.67,2464.0244,457342200.0
TR-044159,2025-10-07,Tucson,Fort Wayne,Dry Van,2010.4,21588.0,3635.27,3617.6228,457342200.0
TR-044160,2025-10-07,Jacksonville,Amarillo,Flatbed,1363.3,43138.0,3181.62,3131.2705,457342200.0
TR-044161,2025-10-07,Milwaukee,Baton Rouge,Dry Van,806.2,36381.0,1778.31,1725.8438,457342200.0
TR-044162,2025-10-07,Baton Rouge,Detroit,Flatbed,1189.2,31603.0,8425.34,2583.1687,457342200.0
TR-044163,2025-10-07,Little Rock,Tucson,Dry Van,1461.7,44692.0,2928.06,3001.5364,457342200.0
TR-044164,2025-10-07,Fresno,Baltimore,Dry Van,3071.7,35093.0,5768.57,5675.9966,457342200.0
TR-044165,2025-10-07,Lubbock,Richmond,Dry Van,1674.0,27638.0,3282.71,3129.6404,457342200.0
TR-044166,2025-10-07,Hartford,San Antonio,Dry Van,1858.7,34414.0,3603.1,3585.8044,457342200.0
TR-044167,2025-10-07,El Paso,Cincinnati,Dry Van,1576.8,25792.0,3028.7,3387.753,457342200.0
TR-044168,2025-10-07,Albany,Corpus Christi,Reefer,2002.6,27852.0,4204.74,4047.2227,457342200.0
TR-044169,2025-10-07,Amarillo,Washington,Reefer,1864.5,40643.0,4287.51,4214.9985,457342200.0
TR-044170,2025-10-07,Austin,El Paso,Reefer,829.8,36533.0,2085.87,2136.683,457342200.0
TR-044171,2025-10-07,New York,Madison,Dry Van,969.1,38068.0,2005.58,1952.0356,457342200.0
TR-044172,2025-10-07,Philadelphia,Nashville,Flatbed,1032.3,21547.0,2142.38,2156.757,457342200.0
TR-044173,2025-10-07,Washington,Providence,Reefer,507.7,35255.0,1277.52,1278.2975,457342200.0
TR-044174,2025-10-07,Harrisburg,Kansas City,Dry Van,841.7,39992.0,1734.56,1768.7728,457342200.0
TR-044175,2025-10-07,Fresno,Toledo,Reefer,2362.6,31371.0,4817.58,4683.3394,457342200.0
TR-044176,2025-10-07,Raleigh,Milwaukee,Flatbed,796.6,29959.0,463.05,1726.0149,457342200.0
TR-044177,2025-10-07,Houston,Greensboro,Reefer,925.2,40697.0,2293.83,2221.0095,457342200.0
TR-044178,2025-10-07,Albany,San Antonio,Flatbed,2101.9,35181.0,4489.14,4147.083,457342200.0
TR-044179,2025-10-07,Chattanooga,Mobile,Dry Van,285.5,20081.0,713.84,655.2368,457342200.0
TR-044180,2025-10-07,Houston,Chattanooga,Reefer,647.2,41247.0,1671.84,1608.0676,457342200.0
TR-044181,2025-10-07,Boston,Green Bay,Dry Van,1160.7,33233.0,2193.1,2385.8625,457342200.0
TR-044182,2025-10-07,San Antonio,Lexington,Reefer,1072.1,31152.0,2518.87,2443.351,457342200.0
TR-044183,2025-10-07,Columbia,Dayton,Reefer,467.6,28485.0,1147.73,1151.723,457342200.0
TR-044184,2025-10-07,Hartford,Chattanooga,Flatbed,1030.0,32798.0,2193.67,2194.6436,457342200.0
TR-044185,2025-10-07,Baton Rouge,Tulsa,Dry Van,312.4,27278.0,777.68,770.8063,457342200.0
TR-044186,2025-10-07,Richmond,Corpus Christi,Dry Van,1510.6,22790.0,2903.55,2788.2517,457342200.0
TR-044187,2025-10-07,Kansas City,Toledo,Dry Van,468.8,27461.0,1013.2,994.8245,457342200.0
TR-044188,2025-10-07,Richmond,Louisville,Flatbed,696.1,27195.0,1561.6,1528.0604,457342200.0
TR-044189,2025-10-07,Columbia,Phoenix,Reefer,2278.1,27246.0,4752.22,4536.419,457342200.0
TR-044190,2025-10-07,Madison,Nashville,Flatbed,530.4,25579.0,1234.37,1228.6554,457342200.0
TR-044191,2025-10-07,New York,Fort Wayne,Dry Van,742.6,22957.0,1460.12,1412.1012,457342200.0
TR-044192,2025-10-07,Lubbock,Indianapolis,Dry Van,986.1,29874.0,2074.22,2013.7936,457342200.0
TR-044193,2025-10-07,Baltimore,Lubbock,Dry Van,1910.9,44922.0,3829.1,3730.38,457342200.0
TR-044194,2025-10-07,Mobile,Atlanta,Dry Van,296.0,31398.0,760.31,738.2963,457342200.0
TR-044195,2025-10-07,Little Rock,Greensboro,Dry Van,644.8,37274.0,1451.78,1395.5826,457342200.0
TR-044196,2025-10-07,Boston,Richmond,Dry Van,490.9,29942.0,1086.79,1049.839,457342200.0
TR-044197,2025-10-07,Providence,Baton Rouge,Reefer,1621.3,24668.0,3527.99,3399.6282,457342200.0
TR-044198,2025-10-07,Philadelphia,Raleigh,Flatbed,439.4,47500.0,1109.09,1171.8254,457342200.0
TR-044199,2025-10-07,Houston,Tulsa,Dry Van,217.4,30419.0,600.81,603.39716,457342200.0
TR-044200,2025-10-07,Amarillo,Chattanooga,Dry Van,1128.4,36125.0,2342.36,2336.7844,457342200.0
TR-044201,2025-10-07,Columbia,Fresno,Reefer,2452.9,39314.0,5264.82,5109.755,457342200.0
TR-044202,2025-10-07,Charleston,Jacksonville,Dry Van,388.5,37104.0,934.61,919.50446,457342200.0
TR-044203,2025-10-07,Syracuse,Lubbock,Dry Van,1812.5,42122.0,3669.51,3588.5608,457342200.0
TR-044204,2025-10-07,Detroit,Columbia,Dry Van,730.7,36449.0,1561.47,1490.356,457342200.0
TR-044205,2025-10-07,St. Louis,Kansas City,Reefer,107.4,35200.0,343.65,361.15793,457342200.0
TR-044206,2025-10-07,Baton Rouge,Oklahoma City,Dry Van,422.7,37229.0,1050.79,1015.35974,457342200.0
TR-044207,2025-10-07,Chattanooga,Buffalo,Reefer,764.8,39696.0,1843.82,1790.4744,457342200.0
TR-044208,2025-10-07,St. Louis,Memphis,Dry Van,254.9,32769.0,646.5,624.3781,457342200.0
TR-044209,2025-10-07,Philadelphia,Reno,Flatbed,2819.1,42631.0,5552.48,5609.552,457342200.0
TR-044210,2025-10-07,Fort Wayne,Jacksonville,Reefer,772.2,33559.0,1769.05,1775.7922,457342200.0
TR-044211,2025-10-07,Montgomery,Austin,Reefer,946.5,21771.0,2209.39,2134.4392,457342200.0
TR-044212,2025-10-07,Columbia,Harrisburg,Flatbed,545.6,19866.0,1246.09,1221.343,457342200.0
TR-044213,2025-10-07,New Orleans,San Antonio,Dry Van,488.3,31346.0,1148.19,1107.892,457342200.0
TR-044214,2025-10-07,Jacksonville,Boston,Flatbed,1199.2,23703.0,2411.14,2511.6885,457342200.0
TR-044215,2025-10-07,Nashville,Tucson,Dry Van,1770.0,27030.0,725.75,3367.7512,457342200.0
TR-044216,2025-10-07,Philadelphia,Lexington,Dry Van,780.2,22852.0,1548.72,1532.0453,457342200.0
TR-044217,2025-10-07,Albany,Kansas City,Dry Van,1263.9,32320.0,2462.56,2510.6072,457342200.0
TR-044218,2025-10-07,Harrisburg,Lexington,Flatbed,502.8,29532.0,1145.57,1164.336,457342200.0
TR-044219,2025-10-07,Albuquerque,Tucson,Dry Van,444.6,41018.0,1054.4,1061.3341,457342200.0
TR-044220,2025-10-07,Phoenix,Baton Rouge,Dry Van,1659.3,22143.0,3137.27,3090.6692,457342200.0
TR-044221,2025-10-07,Tulsa,Syracuse,Flatbed,1383.6,29174.0,2978.41,2927.4688,457342200.0
TR-044222,2025-10-07,Lubbock,Charleston,Reefer,1414.1,28508.0,3087.54,3111.463,457342200.0
TR-044223,2025-10-07,Atlanta,Bakersfield,Flatbed,2036.2,32973.0,4294.78,4113.8267,457342200.0
TR-044224,2025-10-07,Chattanooga,Phoenix,Dry Van,2032.0,29840.0,3853.42,3976.8354,457342200.0
TR-044225,2025-10-07,Grand Rapids,Syracuse,Dry Van,564.5,47500.0,1195.74,1212.4459,457342200.0
TR-044226,2025-10-07,El Paso,Tulsa,Dry Van,1046.8,22263.0,2100.06,2381.892,457342200.0
TR-044227,2025-10-07,Corpus Christi,Greensboro,Reefer,1063.1,23199.0,2338.11,2377.952,457342200.0
TR-044228,2025-10-07,Milwaukee,Atlanta,Flatbed,412.4,9902.0,981.78,951.42255,457342200.0
TR-044229,2025-10-07,Greensboro,Raleigh,Reefer,377.7,28203.0,979.31,953.46655,457342200.0
TR-044230,2025-10-07,Nashville,Buffalo,Dry Van,804.4,30943.0,1628.75,1652.613,457342200.0
TR-044231,2025-10-07,Atlanta,Providence,Reefer,1109.9,36297.0,2527.69,2535.6113,457342200.0
TR-044232,2025-10-07,Detroit,Austin,Dry Van,1542.6,21688.0,2997.84,2798.068,457342200.0
TR-044233,2025-10-07,Boston,Tampa,Reefer,1456.7,15295.0,2996.55,2973.3608,457342200.0
TR-044234,2025-10-07,Madison,Mobile,Flatbed,810.3,18821.0,1751.13,1710.3821,457342200.0
TR-044235,2025-10-07,Nashville,Richmond,Dry Van,806.6,42352.0,1697.88,1717.6154,457342200.0
TR-044236,2025-10-07,San Antonio,Nashville,Reefer,850.4,35314.0,2134.87,2035.9838,457342200.0
TR-044237,2025-10-07,Detroit,Lubbock,Dry Van,1466.4,28965.0,2838.8,2766.058,457342200.0
TR-044238,2025-10-07,El Paso,Fresno,Dry Van,655.9,35664.0,1458.81,1423.5161,457342200.0
TR-044239,2025-10-07,Houston,Oklahoma City,Dry Van,294.4,39066.0,798.7,784.613,457342200.0
TR-044240,2025-10-07,Buffalo,Baton Rouge,Reefer,1320.6,24450.0,2936.32,2762.7214,457342200.0
TR-044241,2025-10-07,Bakersfield,Phoenix,Dry Van,387.5,28636.0,896.02,888.634,457342200.0
TR-044242,2025-10-07,Milwaukee,Baton Rouge,Flatbed,801.2,23526.0,1807.79,1708.894,457342200.0
TR-044243,2025-10-07,New York,Atlanta,Dry Van,911.5,39500.0,1912.19,1851.2839,457342200.0
TR-044244,2025-10-07,Greensboro,Bakersfield,Reefer,2259.0,33931.0,4914.48,4643.4683,457342200.0
TR-044245,2025-10-07,Lubbock,Baton Rouge,Flatbed,530.4,25360.0,1341.93,1331.6296,457342200.0
TR-044246,2025-10-07,Greensboro,Fresno,Dry Van,2427.0,30896.0,4578.11,4617.7197,457342200.0
TR-044247,2025-10-07,Philadelphia,Grand Rapids,Flatbed,894.7,29949.0,1934.91,1865.0773,457342200.0
TR-044248,2025-10-07,New York,Amarillo,Flatbed,2058.0,29654.0,4255.76,4110.203,457342200.0
TR-044249,2025-10-07,Hartford,Reno,Dry Van,2896.8,26130.0,5055.75,5358.963,457342200.0
TR-044250,2025-10-07,Lexington,El Paso,Dry Van,1706.7,22893.0,3200.14,3211.2917,457342200.0
TR-044251,2025-10-07,San Antonio,Phoenix,Reefer,1231.4,32767.0,2812.67,2754.0012,457342200.0
TR-044252,2025-10-07,Austin,Amarillo,Dry Van,469.9,32048.0,1139.45,1104.093,457342200.0
TR-044253,2025-10-07,Fresno,Syracuse,Dry Van,2754.5,26100.0,4886.24,4660.2754,457342200.0
TR-044254,2025-10-07,Syracuse,Providence,Dry Van,651.9,29992.0,1369.5,1304.8804,457342200.0
TR-044255,2025-10-07,Baton Rouge,Richmond,Dry Van,1197.9,30222.0,2443.14,2443.2354,457342200.0
TR-044256,2025-10-07,Little Rock,Phoenix,Dry Van,1761.5,28346.0,3332.67,3376.4314,457342200.0
TR-044257,2025-10-07,Reno,San Antonio,Reefer,1578.1,25689.0,3461.27,3247.636,457342200.0
TR-044258,2025-10-07,Oklahoma City,Richmond,Dry Van,1504.1,39483.0,3016.26,2982.324,457342200.0
TR-044259,2025-10-07,Salt Lake City,Houston,Dry Van,1300.1,31632.0,2714.39,2571.6602,457342200.0
TR-044260,2025-10-08,Harrisburg,Bakersfield,Reefer,2558.4,29241.0,5189.95,5145.116,457342200.0
TR-044261,2025-10-08,Albany,Bakersfield,Reefer,3008.3,28408.0,6037.04,5955.3916,457342200.0
TR-044262,2025-10-08,Amarillo,Toledo,Reefer,1484.5,17604.0,3142.74,3000.1157,457342200.0
TR-044263,2025-10-08,New Orleans,Mobile,Reefer,297.7,22363.0,855.24,875.1864,457342200.0
TR-044264,2025-10-08,Atlanta,Little Rock,Dry Van,406.1,29834.0,950.68,949.74585,457342200.0
TR-044265,2025-10-08,San Antonio,Tulsa,Dry Van,429.3,41204.0,1071.43,1047.564,457342200.0
TR-044266,2025-10-08,Nashville,Green Bay,Dry Van,741.1,32377.0,1578.75,1498.6217,457342200.0
TR-044267,2025-10-08,Buffalo,Indianapolis,Dry Van,686.6,39235.0,1441.53,1444.7709,457342200.0
TR-044268,2025-10-08,Albany,Albuquerque,Dry Van,2492.6,25513.0,14425.42,4652.6235,457342200.0
TR-044269,2025-10-08,Harrisburg,Milwaukee,Dry Van,651.6,37526.0,1423.7,1366.1722,457342200.0
TR-044270,2025-10-08,El Paso,Baton Rouge,Reefer,1263.1,38385.0,3015.04,2959.8142,457342200.0
TR-044271,2025-10-08,Columbia,Kansas City,Reefer,652.1,-21645.0,313.15,1473.322,457342200.0
TR-044272,2025-10-08,Oklahoma City,Charleston,Reefer,1293.6,43436.0,3157.99,2988.336,457342200.0
TR-044273,2025-10-08,Tucson,Syracuse,Dry Van,2470.5,20766.0,4227.08,4609.823,457342200.0
TR-044274,2025-10-08,Los Angeles,Phoenix,Dry Van,74.7,26826.0,222.72,316.01965,457342200.0
TR-044275,2025-10-08,St. Louis,Tulsa,Dry Van,531.5,27153.0,1222.99,1161.3552,457342200.0
TR-044276,2025-10-08,Atlanta,Boston,Dry Van,1119.0,25799.0,2211.67,2195.6707,457342200.0
TR-044277,2025-10-08,Atlanta,Indianapolis,Reefer,345.2,23455.0,895.44,891.4529,457342200.0
TR-044278,2025-10-08,Dayton,Fort Wayne,Flatbed,127.0,39736.0,372.9,375.45224,457342200.0
TR-044279,2025-10-08,Nashville,Montgomery,Flatbed,359.1,22233.0,882.73,913.89484,457342200.0
TR-044280,2025-10-08,Baltimore,Oklahoma City,Flatbed,1837.1,23494.0,3785.69,3717.0554,457342200.0
TR-044281,2025-10-08,Corpus Christi,Philadelphia,Dry Van,1723.3,25678.0,3332.32,3783.8767,457342200.0
TR-044282,2025-10-08,Grand Rapids,Buffalo,Flatbed,492.3,38665.0,1186.99,1157.6569,457342200.0
TR-044283,2025-10-08,Cincinnati,Buffalo,Dry Van,647.8,24930.0,1331.38,1318.962,457342200.0
TR-044284,2025-10-08,New York,Albuquerque,Reefer,2310.5,37622.0,5018.12,4804.04,457342200.0
TR-044285,2025-10-08,Las Vegas,Columbia,Dry Van,2142.2,21471.0,3965.18,3949.2837,457342200.0
TR-044286,2025-10-08,Fort Wayne,Cincinnati,Dry Van,363.8,24832.0,820.16,793.13806,457342200.0
TR-044287,2025-10-08,Mobile,Richmond,Dry Van,944.9,37887.0,4729.66,2017.6381,457342200.0
TR-044288,2025-10-08,Syracuse,Shreveport,Flatbed,1251.6,21108.0,2571.46,2590.4175,457342200.0
TR-044289,2025-10-08,Milwaukee,Buffalo,Dry Van,646.7,,1318.04,1372.0895,457342200.0
TR-044290,2025-10-08,Kansas City,Washington,Dry Van,878.1,31822.0,1802.45,1764.1659,457342200.0
TR-044291,2025-10-08,Syracuse,Charleston,Flatbed,701.8,37432.0,1551.27,1582.5978,457342200.0
TR-044292,2025-10-08,Nashville,Los Angeles,Reefer,2002.2,28252.0,4277.65,4221.715,457342200.0
TR-044293,2025-10-08,Columbia,Baton Rouge,Reefer,730.2,44549.0,1950.32,1886.0648,457342200.0
TR-044294,2025-10-08,Mobile,Memphis,Reefer,328.7,29674.0,917.6,934.333,457342200.0
TR-044295,2025-10-08,Nashville,Memphis,Dry Van,108.8,24356.0,302.65,330.57556,457342200.0
TR-044296,2025-10-08,Louisville,Washington,Flatbed,683.0,22769.0,1548.61,1478.7278,457342200.0
TR-044297,2025-10-08,Phoenix,Albany,Reefer,3148.3,24743.0,6263.27,5938.602,457342200.0
TR-044298,2025-10-08,Indianapolis,Lexington,Reefer,292.9,32180.0,837.86,819.1739,457342200.0
TR-044299,2025-10-08,Shreveport,Nashville,Dry Van,357.1,40076.0,906.63,899.9608,457342200.0
TR-044300,2025-10-08,Madison,Albuquerque,Flatbed,1351.5,37523.0,2996.39,3011.619,457342200.0
TR-044301,2025-10-08,Atlanta,Montgomery,Flatbed,310.5,33694.0,825.14,854.11707,457342200.0
TR-044302,2025-10-08,Mobile,St. Louis,Dry Van,557.1,36018.0,1315.64,1262.1226,457342200.0
TR-044303,2025-10-08,Baton Rouge,Oklahoma City,Dry Van,459.2,30131.0,1103.62,1086.972,457342200.0
TR-044304,2025-10-08,Bakersfield,Cincinnati,Dry Van,1995.2,29441.0,3801.19,3831.1287,457342200.0
TR-044305,2025-10-08,Lexington,Charleston,Dry Van,435.3,24691.0,981.87,993.02423,457342200.0
TR-044306,2025-10-08,Jacksonville,Richmond,Reefer,736.2,23176.0,1659.84,1667.1409,457342200.0
TR-044307,2025-10-08,Lexington,Milwaukee,Dry Van,328.0,32374.0,812.96,754.0833,457342200.0
TR-044308,2025-10-08,Fort Wayne,Raleigh,Reefer,716.6,42359.0,1719.38,1752.2866,457342200.0
TR-044309,2025-10-08,Atlanta,Los Angeles,Flatbed,2108.9,22048.0,4330.69,4303.6064,457342200.0
TR-044310,2025-10-08,Tucson,Memphis,Dry Van,1665.9,24949.0,3208.13,3175.2817,457342200.0
TR-044311,2025-10-08,Phoenix,Albany,Dry Van,3166.1,35256.0,5697.12,5772.509,457342200.0
TR-044312,2025-10-08,Mobile,Houston,Dry Van,478.4,22177.0,411.17,1076.0833,457342200.0
TR-044313,2025-10-08,Lubbock,Raleigh,Dry Van,1580.7,44310.0,3197.76,3310.9736,457342200.0
TR-044314,2025-10-08,Corpus Christi,Mobile,Dry Van,618.7,30134.0,1387.71,1379.7539,457342200.0
TR-044315,2025-10-08,Atlanta,San Antonio,Dry Van,945.8,36161.0,2051.57,2004.1073,457342200.0
TR-044316,2025-10-08,Lubbock,Amarillo,Dry Van,434.0,32436.0,1066.71,1036.7328,457342200.0
TR-044317,2025-10-08,Milwaukee,Lubbock,Reefer,1085.5,28069.0,2517.8,2435.6436,457342200.0
TR-044318,2025-10-08,New York,St. Louis,Dry Van,1034.4,39273.0,2121.19,2145.5312,457342200.0
TR-044319,2025-10-08,Madison,Bakersfield,Dry Van,1826.8,26045.0,3384.59,3560.1558,457342200.0
TR-044320,2025-10-08,Raleigh,Philadelphia,Dry Van,427.9,36109.0,988.67,987.68396,457342200.0
TR-044321,2025-10-08,Milwaukee,Fort Wayne,Dry Van,261.7,21216.0,626.31,592.43365,457342200.0
TR-044322,2025-10-08,San Antonio,Hartford,Reefer,1896.7,10935.0,3896.37,3822.1072,457342200.0
TR-044323,2025-10-08,Nashville,Milwaukee,Flatbed,366.1,31774.0,923.77,920.83014,457342200.0
TR-044324,2025-10-08,Columbia,Raleigh,Flatbed,417.8,29283.0,1025.83,1038.6812,457342200.0
TR-044325,2025-10-08,Houston,Richmond,Reefer,1315.9,10071.0,2880.8,2743.7332,457342200.0
TR-044326,2025-10-08,Greensboro,San Antonio,Dry Van,1182.0,47500.0,2475.13,2504.7012,457342200.0
TR-044327,2025-10-08,Las Vegas,Fresno,Dry Van,339.6,16671.0,779.8,794.29266,457342200.0
TR-044328,2025-10-08,Chattanooga,Jacksonville,Flatbed,339.8,46083.0,919.26,929.9064,457342200.0
TR-044329,2025-10-08,Salt Lake City,Memphis,Flatbed,1593.0,19669.0,3104.79,3145.2534,457342200.0
TR-044330,2025-10-08,Kansas City,Fort Wayne,Flatbed,391.6,28479.0,977.05,930.0166,457342200.0
TR-044331,2025-10-08,Boston,Philadelphia,Dry Van,236.0,28523.0,578.45,585.5105,457342200.0
TR-044332,2025-10-08,Memphis,Amarillo,Reefer,1045.9,21714.0,2499.24,2329.5479,457342200.0
TR-044333,2025-10-08,Buffalo,Lexington,Dry Van,565.0,27648.0,1188.73,1171.6835,457342200.0
TR-044334,2025-10-08,Grand Rapids,Savannah,Dry Van,844.2,29891.0,1778.52,1740.6584,457342200.0
TR-044335,2025-10-08,Boston,Fresno,Dry Van,3288.9,27512.0,5920.59,5606.9897,457342200.0
TR-044336,2025-10-08,Houston,Greensboro,Reefer,927.0,27564.0,2154.76,2153.2356,457342200.0
TR-044337,2025-10-08,Syracuse,Richmond,Dry Van,398.6,29337.0,895.22,871.35516,457342200.0
TR-044338,2025-10-08,El Paso,Cincinnati,Dry Van,1591.5,27900.0,3124.21,3301.838,457342200.0
TR-044339,2025-10-08,El Paso,Kansas City,Dry Van,1344.8,40549.0,2842.65,2846.5334,457342200.0
TR-044340,2025-10-08,Lexington,Raleigh,Flatbed,523.1,31106.0,1249.95,1269.2042,457342200.0
TR-044341,2025-10-08,Hartford,San Francisco,Flatbed,3155.7,39533.0,6512.76,6119.1626,457342200.0
TR-044342,2025-10-08,Chattanooga,Las Vegas,Flatbed,1902.4,29626.0,3955.44,3936.9436,457342200.0
TR-044343,2025-10-08,Atlanta,Fort Wayne,Dry Van,533.1,33092.0,1216.74,1178.284,457342200.0
TR-044344,2025-10-08,St. Louis,Amarillo,Dry Van,1014.6,25052.0,2089.49,2072.864,457342200.0
TR-044345,2025-10-08,Lexington,Albany,Dry Van,1040.0,36569.0,10566.25,2139.9492,457342200.0
TR-044346,2025-10-08,Bakersfield,Harrisburg,Dry Van,2480.9,38927.0,4668.25,4672.1436,457342200.0
TR-044347,2025-10-08,Raleigh,Jacksonville,Reefer,547.5,22665.0,1334.51,1333.2,457342200.0
TR-044348,2025-10-08,Corpus Christi,Oklahoma City,Reefer,339.8,22854.0,972.88,923.1994,457342200.0
TR-044349,2025-10-08,Shreveport,Providence,Dry Van,1528.0,44243.0,3174.36,3103.7886,457342200.0
TR-044350,2025-10-08,Baton Rouge,Salt Lake City,Dry Van,1448.0,42977.0,3098.28,3766.249,457342200.0
TR-044351,2025-10-08,Hartford,San Francisco,Flatbed,3189.5,30037.0,6080.94,6014.024,457342200.0
TR-044352,2025-10-08,Syracuse,Reno,Reefer,2512.9,29688.0,5136.23,4951.9844,457342200.0
TR-044353,2025-10-08,Madison,Houston,Dry Van,972.4,26292.0,1984.99,1950.1746,457342200.0
TR-044354,2025-10-08,Nashville,Harrisburg,Reefer,740.7,23294.0,1763.19,1653.333,457342200.0
TR-044355,2025-10-08,Savannah,Green Bay,Flatbed,936.9,28537.0,2070.12,2024.3213,457342200.0
TR-044356,2025-10-08,Savannah,Philadelphia,Dry Van,763.7,34712.0,1645.67,1595.0546,457342200.0
TR-044357,2025-10-08,Charleston,Bakersfield,Reefer,2451.3,42934.0,5333.52,5030.0293,457342200.0
TR-044358,2025-10-08,Kansas City,Madison,Reefer,201.4,29241.0,585.34,592.40594,457342200.0
TR-044359,2025-10-08,San Antonio,Chattanooga,Flatbed,894.7,32906.0,2056.8,1983.0339,457342200.0
TR-044360,2025-10-08,Green Bay,Phoenix,Flatbed,2189.8,28270.0,4397.12,4330.323,457342200.0
TR-044361,2025-10-08,St. Louis,Austin,Dry Van,1008.3,26419.0,2071.17,2073.8906,457342200.0
TR-044362,2025-10-08,Tulsa,Detroit,Flatbed,1047.0,31333.0,2242.32,2244.743,457342200.0
TR-044363,2025-10-08,Baton Rouge,San Antonio,Dry Van,431.2,40681.0,1085.63,1056.6459,457342200.0
TR-044364,2025-10-08,Lubbock,Richmond,Dry Van,1667.9,33788.0,3277.97,3325.465,457342200.0
TR-044365,2025-10-08,Milwaukee,Raleigh,Dry Van,805.1,32674.0,1712.04,1684.7946,457342200.0
TR-044366,2025-10-08,Cincinnati,Corpus Christi,Reefer,934.1,30103.0,2247.82,2659.6523,457342200.0
TR-044367,2025-10-08,Baton Rouge,Fresno,Reefer,1824.4,40211.0,4165.0,4044.715,457342200.0
TR-044368,2025-10-08,Louisville,Shreveport,Flatbed,527.8,40906.0,1396.12,1393.2156,457342200.0
TR-044369,2025-10-08,Green Bay,Detroit,Dry Van,215.5,17868.0,501.69,552.5834,457342200.0
TR-044370,2025-10-08,Syracuse,Fort Wayne,Dry Van,529.9,37773.0,1152.09,1145.2676,457342200.0
TR-044371,2025-10-08,Mobile,Indianapolis,Reefer,559.4,38632.0,1461.55,1439.9751,457342200.0
TR-044372,2025-10-08,Greensboro,Los Angeles,Dry Van,2320.8,43103.0,4493.05,4746.5186,457342200.0
TR-044373,2025-10-08,Phoenix,Kansas City,Dry Van,1824.8,30781.0,3534.58,3636.056,457342200.0
TR-044374,2025-10-08,Los Angeles,Austin,Flatbed,1237.0,44396.0,2917.59,2752.3013,457342200.0
TR-044375,2025-10-08,Fresno,Kansas City,Dry Van,1971.0,24133.0,3657.67,3716.4216,457342200.0
TR-044376,2025-10-08,Kansas City,Richmond,Dry Van,921.4,28851.0,1838.07,1814.0254,457342200.0
TR-044377,2025-10-08,Lubbock,Greensboro,Reefer,1246.1,41233.0,3042.93,2944.929,457342200.0
TR-044378,2025-10-08,Baltimore,Montgomery,Dry Van,1044.5,38556.0,2100.15,2183.8672,457342200.0
TR-044379,2025-10-08,San Antonio,Austin,Dry Van,86.8,-26959.0,257.52,317.78015,457342200.0
TR-044380,2025-10-08,Tulsa,Baton Rouge,Dry Van,285.1,32954.0,741.71,743.55237,457342200.0
TR-044381,2025-10-08,Tucson,Green Bay,Dry Van,2006.4,23300.0,3741.48,3674.2317,457342200.0
TR-044382,2025-10-08,Reno,Amarillo,Dry Van,1047.3,-20894.0,1996.66,2374.8643,457342200.0
TR-044383,2025-10-08,San Antonio,Oklahoma City,Dry Van,215.9,43494.0,621.68,637.5158,457342200.0
TR-044384,2025-10-08,Milwaukee,Mobile,Reefer,664.8,33055.0,1700.19,1547.8217,457342200.0
TR-044385,2025-10-08,Kansas City,Greensboro,Reefer,618.4,22834.0,1500.99,1469.3384,457342200.0
TR-044386,2025-10-08,New York,Shreveport,Dry Van,1325.9,32436.0,2666.75,2590.3928,457342200.0
TR-044387,2025-10-08,New York,Grand Rapids,Reefer,821.8,26767.0,1875.44,1785.1088,457342200.0
TR-044388,2025-10-08,Memphis,Philadelphia,Flatbed,1090.4,47500.0,2445.03,2451.203,457342200.0
TR-044389,2025-10-08,Los Angeles,Baltimore,Dry Van,3006.7,42600.0,5670.75,5963.5063,457342200.0
TR-044390,2025-10-08,Bakersfield,Milwaukee,Dry Van,1897.3,22090.0,3544.19,3623.2158,457342200.0
TR-044391,2025-10-08,Buffalo,Columbia,Dry Van,659.3,20221.0,1308.91,1288.2235,457342200.0
TR-044392,2025-10-08,Amarillo,Fort Wayne,Flatbed,1366.0,10098.0,2945.22,2754.2021,457342200.0
TR-044393,2025-10-08,Raleigh,Tucson,Flatbed,2439.9,36514.0,5009.84,4691.3535,457342200.0
TR-044394,2025-10-08,Syracuse,Atlanta,Dry Van,869.6,38036.0,1847.58,1772.4783,457342200.0
TR-044395,2025-10-08,Grand Rapids,Fresno,Flatbed,2265.0,35453.0,4694.66,4561.042,457342200.0
TR-044396,2025-10-08,El Paso,Baton Rouge,Flatbed,1223.4,31240.0,2735.4,2670.485,457342200.0
TR-044397,2025-10-08,Greensboro,Phoenix,Dry Van,2334.3,27449.0,4225.88,4780.919,457342200.0
TR-044398,2025-10-08,Savannah,Amarillo,Dry Van,1492.0,47500.0,3194.31,3061.5823,457342200.0
TR-044399,2025-10-08,Baton Rouge,Salt Lake City,Reefer,1441.3,36282.0,3375.73,4020.236,457342200.0
TR-044400,2025-10-08,Shreveport,Cincinnati,Reefer,558.5,36743.0,1438.13,1424.3246,457342200.0
TR-044401,2025-10-08,Fort Wayne,Mobile,Dry Van,796.9,34371.0,1719.59,1686.8247,457342200.0
TR-044402,2025-10-08,New Orleans,Albuquerque,Flatbed,1205.4,32637.0,2735.62,2657.9458,457342200.0
TR-044403,2025-10-08,Reno,Corpus Christi,Flatbed,1751.3,38709.0,3817.37,3686.0505,457342200.0
TR-044404,2025-10-08,Providence,Tulsa,Dry Van,1703.6,30026.0,3441.81,3371.8267,457342200.0
TR-044405,2025-10-08,Savannah,Mobile,Dry Van,424.1,43364.0,1053.16,1028.2986,457342200.0
TR-044406,2025-10-08,Kansas City,Albuquerque,Dry Van,1234.9,43993.0,2584.59,2511.337,457342200.0
TR-044407,2025-10-08,El Paso,Richmond,Dry Van,2156.1,23144.0,3962.36,4264.94,457342200.0
TR-044408,2025-10-08,Houston,Providence,Dry Van,1736.7,26401.0,3502.63,3271.4556,457342200.0
TR-044409,2025-10-08,Little Rock,Cincinnati,Reefer,439.3,44202.0,1196.54,1146.1508,457342200.0
TR-044410,2025-10-08,Indianapolis,Amarillo,Reefer,1097.7,34822.0,2670.34,2502.2844,457342200.0
TR-044411,2025-10-08,Mobile,Syracuse,Reefer,1145.9,38994.0,2641.96,2673.5305,457342200.0
TR-044412,2025-10-08,Richmond,Harrisburg,Reefer,182.1,33679.0,515.65,546.0436,457342200.0
TR-044413,2025-10-08,Lubbock,Mobile,Reefer,837.5,24868.0,2047.8,1968.0327,457342200.0
TR-044414,2025-10-08,Memphis,Atlanta,Dry Van,242.4,28320.0,2281.75,645.5536,457342200.0
TR-044415,2025-10-08,Lexington,Grand Rapids,Flatbed,549.4,28893.0,1264.02,1247.5942,457342200.0
TR-044416,2025-10-08,Raleigh,Tucson,Dry Van,2434.8,32464.0,4584.93,4775.6143,457342200.0
TR-044417,2025-10-08,El Paso,Indianapolis,Dry Van,1473.1,47383.0,3093.95,3101.833,457342200.0
TR-044418,2025-10-08,Madison,Charleston,Flatbed,894.5,27796.0,1945.36,1891.1332,457342200.0
TR-044419,2025-10-08,Columbia,Tampa,Dry Van,598.6,35603.0,1324.61,1436.1143,457342200.0
TR-044420,2025-10-08,Cincinnati,Lexington,Dry Van,127.3,31303.0,350.21,377.18018,457342200.0
TR-044421,2025-10-08,Philadelphia,Cincinnati,Dry Van,911.6,21315.0,1777.07,1766.8379,457342200.0
TR-044422,2025-10-08,Nashville,Lexington,Dry Van,248.1,10026.0,596.8,603.3211,457342200.0
TR-044423,2025-10-08,Montgomery,Raleigh,Dry Van,679.7,33249.0,4747.88,1511.4569,457342200.0
TR-044424,2025-10-09,Lexington,San Antonio,Reefer,1078.9,40668.0,2664.93,2539.7808,457342200.0
TR-044425,2025-10-09,Amarillo,Baton Rouge,Dry Van,876.7,21018.0,1880.05,1784.2391,457342200.0
TR-044426,2025-10-09,Grand Rapids,Oklahoma City,Dry Van,1252.3,36363.0,2542.03,2538.512,457342200.0
TR-044427,2025-10-09,Las Vegas,Philadelphia,Dry Van,2678.9,32361.0,5016.11,4897.5093,457342200.0
TR-044428,2025-10-09,Bakersfield,Fresno,Dry Van,238.3,18984.0,599.05,609.7518,457342200.0
TR-044429,2025-10-09,Grand Rapids,Tucson,Reefer,1967.7,22420.0,4113.37,4030.1392,457342200.0
TR-044430,2025-10-09,Cincinnati,Philadelphia,Flatbed,942.2,32034.0,2121.88,2045.1036,457342200.0
TR-044431,2025-10-09,Atlanta,Boston,Reefer,1126.9,40171.0,2658.76,2560.4746,457342200.0
TR-044432,2025-10-09,Fort Wayne,Memphis,Flatbed,555.2,26019.0,1313.69,1270.1117,457342200.0
TR-044433,2025-10-09,Montgomery,Fort Wayne,Dry Van,825.7,34392.0,1849.4,1741.4253,457342200.0
TR-044434,2025-10-09,Harrisburg,Toledo,Dry Van,447.1,37432.0,1021.86,1005.25903,457342200.0
TR-044435,2025-10-09,Lubbock,Corpus Christi,Reefer,324.2,43535.0,961.45,985.1007,457342200.0
TR-044436,2025-10-09,Shreveport,Raleigh,Dry Van,1022.9,20330.0,2090.03,2041.4308,457342200.0
TR-044437,2025-10-09,Albany,Savannah,Dry Van,1114.9,27595.0,2211.15,2217.8445,457342200.0
TR-044438,2025-10-09,Greensboro,Raleigh,Flatbed,363.6,31031.0,911.78,937.11395,457342200.0
TR-044439,2025-10-09,Los Angeles,New Orleans,Flatbed,1722.2,39895.0,3852.58,3696.5112,457342200.0
TR-044440,2025-10-09,Boston,Tucson,Dry Van,2902.6,33275.0,5332.05,5649.3486,457342200.0
TR-044441,2025-10-09,Kansas City,Mobile,Reefer,662.6,-26628.0,1585.9,1491.8546,457342200.0
TR-044442,2025-10-09,Albany,Fresno,Flatbed,3087.5,29640.0,5938.75,5963.047,457342200.0
TR-044443,2025-10-09,Greensboro,Memphis,Dry Van,444.9,26488.0,995.1,1007.161,457342200.0
TR-044444,2025-10-09,Lexington,San Francisco,Dry Van,2326.7,23931.0,4275.91,4472.6436,457342200.0
TR-044445,2025-10-09,Tampa,Reno,Reefer,2295.4,27951.0,4782.28,4631.1377,457342200.0
TR-044446,2025-10-09,Greensboro,Buffalo,Dry Van,564.5,40303.0,1266.91,1214.8451,457342200.0
TR-044447,2025-10-09,Raleigh,El Paso,Flatbed,2166.4,29262.0,4404.31,4346.6196,457342200.0
TR-044448,2025-10-09,Savannah,Reno,Dry Van,2458.0,26918.0,4516.71,4602.719,457342200.0
TR-044449,2025-10-09,Lubbock,Dallas,Dry Van,436.1,40351.0,1119.61,1085.2484,457342200.0
TR-044450,2025-10-09,Baton Rouge,El Paso,Flatbed,1240.4,21330.0,2617.72,2599.9348,457342200.0
TR-044451,2025-10-09,Dayton,Albany,Dry Van,977.5,27188.0,1954.43,1948.2731,457342200.0
TR-044452,2025-10-09,Indianapolis,Cincinnati,Dry Van,189.7,36734.0,506.9,517.6633,457342200.0
TR-044453,2025-10-09,Mobile,Baton Rouge,Dry Van,350.9,36362.0,920.64,885.69025,457342200.0
TR-044454,2025-10-09,Fresno,Corpus Christi,Reefer,1715.8,21393.0,3737.47,3554.6484,457342200.0
TR-044455,2025-10-09,Raleigh,El Paso,Dry Van,2177.2,41815.0,4327.96,4407.865,457342200.0
TR-044456,2025-10-09,Boston,Columbia,Reefer,977.7,31923.0,2254.47,2252.193,457342200.0
TR-044457,2025-10-09,Savannah,Madison,Dry Van,826.6,38102.0,1795.99,1736.3978,457342200.0
TR-044458,2025-10-09,Nashville,San Antonio,Dry Van,853.7,38112.0,1922.84,1826.3978,457342200.0
TR-044459,2025-10-09,Baton Rouge,Reno,Reefer,1835.5,33972.0,4049.21,3908.45,457342200.0
TR-044460,2025-10-09,Cincinnati,Shreveport,Reefer,530.0,22982.0,1371.17,1344.6946,457342200.0
TR-044461,2025-10-09,Phoenix,Baltimore,Dry Van,3033.0,41022.0,5791.84,6837.878,457342200.0
TR-044462,2025-10-09,Columbia,Dayton,Dry Van,467.8,28846.0,1058.31,1038.6102,457342200.0
TR-044463,2025-10-09,Montgomery,Grand Rapids,Dry Van,997.8,28045.0,2054.89,2034.0537,457342200.0
TR-044464,2025-10-09,Richmond,Houston,Reefer,1343.5,33234.0,3037.14,2915.4045,457342200.0
TR-044465,2025-10-09,Fort Wayne,Lexington,Dry Van,358.4,22593.0,816.77,787.3948,457342200.0
TR-044466,2025-10-09,Columbia,Buffalo,Reefer,654.4,30303.0,1573.0,1494.7405,457342200.0
TR-044467,2025-10-09,Raleigh,Syracuse,Dry Van,614.4,20021.0,1260.89,1268.6837,457342200.0
TR-044468,2025-10-09,Boston,Mobile,Dry Van,1405.6,32383.0,2916.35,2756.5452,457342200.0
TR-044469,2025-10-09,Los Angeles,Phoenix,Dry Van,77.5,28691.0,223.86,313.8272,457342200.0
TR-044470,2025-10-09,Lexington,New York,Flatbed,759.6,34098.0,1777.76,1708.7739,457342200.0
TR-044471,2025-10-09,Syracuse,Reno,Dry Van,2534.4,39141.0,4774.04,4728.2695,457342200.0
TR-044472,2025-10-09,Bakersfield,Kansas City,Dry Van,1716.1,42108.0,3423.01,3438.7385,457342200.0
TR-044473,2025-10-09,Syracuse,Jacksonville,Reefer,1004.8,38926.0,2413.73,2332.6792,457342200.0
TR-044474,2025-10-09,Hartford,Corpus Christi,Dry Van,1797.4,17504.0,3383.17,3317.526,457342200.0
TR-044475,2025-10-09,Corpus Christi,Oklahoma City,Reefer,348.9,39170.0,1029.53,992.8441,457342200.0
TR-044476,2025-10-09,Dayton,Jacksonville,Reefer,664.9,19450.0,1550.3,1474.1692,457342200.0
TR-044477,2025-10-09,Shreveport,Savannah,Dry Van,696.8,27566.0,1544.43,1463.1946,457342200.0
TR-044478,2025-10-09,Columbia,Tucson,Dry Van,2079.5,33348.0,4135.5,3962.5564,457342200.0
TR-044479,2025-10-09,Jacksonville,Mobile,Dry Van,278.4,22705.0,707.53,688.5824,457342200.0
TR-044480,2025-10-09,Reno,Fort Wayne,Flatbed,2059.1,40768.0,4078.06,4590.048,457342200.0
TR-044481,2025-10-09,Austin,Memphis,Dry Van,875.4,40194.0,1955.55,1879.7281,457342200.0
TR-044482,2025-10-09,Nashville,Albuquerque,Dry Van,1416.3,35605.0,2973.63,2891.5225,457342200.0
TR-044483,2025-10-09,Tulsa,Greensboro,Dry Van,872.6,30334.0,1956.4,1816.1499,457342200.0
TR-044484,2025-10-09,Nashville,Raleigh,Reefer,716.8,17314.0,1643.75,1651.005,457342200.0
TR-044485,2025-10-09,Oklahoma City,Dallas,Flatbed,282.8,47500.0,811.54,822.30347,457342200.0
TR-044486,2025-10-09,Kansas City,Cincinnati,Dry Van,355.2,17679.0,802.51,802.17285,457342200.0
TR-044487,2025-10-09,Milwaukee,Albany,Dry Van,1074.1,27290.0,2089.95,2128.4897,457342200.0
TR-044488,2025-10-09,Hartford,Detroit,Reefer,781.4,36778.0,1834.67,1799.2112,457342200.0
TR-044489,2025-10-09,Bakersfield,Los Angeles,Dry Van,386.0,23052.0,841.52,880.03296,457342200.0
TR-044490,2025-10-09,Los Angeles,Indianapolis,Dry Van,2012.5,38756.0,3969.29,3900.4253,457342200.0
TR-044491,2025-10-09,Greensboro,Shreveport,Dry Van,705.5,13307.0,1521.83,1463.162,457342200.0
TR-044492,2025-10-09,Boston,Hartford,Dry Van,186.7,22726.0,464.23,461.91068,457342200.0
TR-044493,2025-10-09,Madison,Philadelphia,Dry Van,1059.5,40382.0,2195.41,2186.9,457342200.0
TR-044494,2025-10-09,Boston,Toledo,Dry Van,954.8,47500.0,1962.57,1981.5414,457342200.0
TR-044495,2025-10-09,Grand Rapids,Milwaukee,Flatbed,359.8,34107.0,905.33,894.4729,457342200.0
TR-044496,2025-10-09,Fresno,Los Angeles,Reefer,441.7,28696.0,1125.21,1151.1653,457342200.0
TR-044497,2025-10-09,Los Angeles,Hartford,Reefer,3061.6,46677.0,6610.87,6408.234,457342200.0
TR-044498,2025-10-09,Nashville,Albuquerque,Dry Van,1427.1,36550.0,2958.24,2926.1694,457342200.0
TR-044499,2025-10-09,Richmond,Bakersfield,Reefer,2652.5,31343.0,5686.14,5277.62,457342200.0
TR-044500,2025-10-09,Bakersfield,Dallas,Reefer,1494.7,47500.0,3519.69,3649.5007,457342200.0
TR-044501,2025-10-09,Toledo,Tucson,Dry Van,2059.8,25384.0,3828.39,3823.4238,457342200.0
TR-044502,2025-10-09,San Francisco,Milwaukee,Dry Van,2162.5,38847.0,4282.29,4148.2837,457342200.0
TR-044503,2025-10-09,Columbia,Shreveport,Dry Van,650.2,21435.0,5511.27,1350.7303,457342200.0
TR-044504,2025-10-09,Cincinnati,Memphis,Reefer,235.9,24960.0,656.59,672.73474,457342200.0
TR-044505,2025-10-09,Greensboro,Memphis,Dry Van,467.8,20535.0,1044.29,1026.9388,457342200.0
TR-044506,2025-10-09,Shreveport,Albuquerque,Flatbed,1190.1,28929.0,2611.99,2611.219,457342200.0
TR-044507,2025-10-09,Tampa,El Paso,Reefer,1680.5,42742.0,3806.22,3809.0876,457342200.0
TR-044508,2025-10-09,Nashville,Toledo,Reefer,581.0,40972.0,1457.28,1452.4108,457342200.0
TR-044509,2025-10-09,Houston,Lubbock,Flatbed,368.1,23433.0,973.83,951.7415,457342200.0
TR-044510,2025-10-09,Fort Wayne,Montgomery,Reefer,831.4,25758.0,1926.36,1868.7974,457342200.0
TR-044511,2025-10-09,Shreveport,Cincinnati,Reefer,548.2,33257.0,1431.35,1421.2441,457342200.0
TR-044512,2025-10-09,Oklahoma City,Montgomery,Flatbed,869.2,35127.0,2149.17,1977.5417,457342200.0
TR-044513,2025-10-09,Tampa,Savannah,Dry Van,546.0,34293.0,1241.75,1228.4098,457342200.0
TR-044514,2025-10-09,Tucson,Baltimore,Dry Van,2763.2,26552.0,5053.13,5384.3677,457342200.0
TR-044515,2025-10-09,Albany,New York,Flatbed,383.6,31415.0,958.28,921.8269,457342200.0
TR-044516,2025-10-09,Chattanooga,Charleston,Dry Van,512.3,40753.0,1203.76,1178.6248,457342200.0
TR-044517,2025-10-09,Chattanooga,Providence,Dry Van,1147.3,21623.0,2237.63,2285.6064,457342200.0
TR-044518,2025-10-09,Montgomery,Charleston,Dry Van,512.4,24843.0,1117.48,1131.1737,457342200.0
TR-044519,2025-10-09,Los Angeles,Baton Rouge,Flatbed,1696.1,25014.0,3466.55,3392.7927,457342200.0
TR-044520,2025-10-09,Atlanta,Dallas,Reefer,611.0,35656.0,1571.77,1521.2869,457342200.0
TR-044521,2025-10-09,Nashville,Richmond,Reefer,778.6,41904.0,1901.84,1843.22,457342200.0
TR-044522,2025-10-09,Madison,San Antonio,Reefer,1135.0,16896.0,2504.88,2780.181,457342200.0
TR-044523,2025-10-09,Baltimore,Boston,Flatbed,223.0,31613.0,611.91,641.69025,457342200.0
TR-044524,2025-10-09,Tampa,Mobile,Dry Van,310.0,12098.0,2940.49,756.84607,457342200.0
TR-044525,2025-10-09,Tucson,Toledo,Dry Van,2016.7,21004.0,3704.53,3792.977,457342200.0
TR-044526,2025-10-09,Charleston,Harrisburg,Dry Van,476.7,35684.0,1095.83,1075.6222,457342200.0
TR-044527,2025-10-09,Tucson,Greensboro,Dry Van,2073.2,35448.0,4016.71,3944.3064,457342200.0
TR-044528,2025-10-09,Buffalo,Kansas City,Dry Van,792.5,47500.0,1701.51,1654.8197,457342200.0
TR-044529,2025-10-09,Philadelphia,Tucson,Reefer,2673.7,36308.0,5687.25,5385.345,457342200.0
TR-044530,2025-10-09,Reno,Syracuse,Reefer,2471.1,32105.0,4901.87,5038.72,457342200.0
TR-044531,2025-10-09,Lexington,Fresno,Flatbed,2254.9,23702.0,4501.42,5516.6206,457342200.0
TR-044532,2025-10-09,El Paso,Raleigh,Reefer,2194.2,28106.0,4628.73,4503.786,457342200.0
TR-044533,2025-10-09,Fresno,Mobile,Reefer,2205.7,33984.0,5069.63,4712.0728,457342200.0
TR-044534,2025-10-09,Los Angeles,New Orleans,Flatbed,1730.1,19423.0,3540.21,3444.2817,457342200.0
TR-044535,2025-10-09,Oklahoma City,Boston,Dry Van,2012.3,31506.0,3957.89,3842.0156,457342200.0
TR-044536,2025-10-09,Atlanta,Phoenix,Dry Van,2082.8,24925.0,3939.62,3858.2354,457342200.0
TR-044537,2025-10-09,Madison,Mobile,Dry Van,820.8,17863.0,1639.77,1655.3516,457342200.0
TR-044538,2025-10-09,Fort Wayne,Madison,Dry Van,285.2,14738.0,665.88,618.3011,457342200.0
TR-044539,2025-10-09,Little Rock,Kansas City,Dry Van,407.1,20118.0,942.96,905.9548,457342200.0
TR-044540,2025-10-09,Phoenix,San Antonio,Dry Van,1270.4,30757.0,2603.65,2558.2432,457342200.0
TR-044541,2025-10-09,Syracuse,Chattanooga,Reefer,896.3,45205.0,2071.76,2033.6892,457342200.0
TR-044542,2025-10-09,Lexington,Dallas,Dry Van,746.9,37858.0,1691.61,1636.701,457342200.0
TR-044543,2025-10-09,Los Angeles,Columbia,Dry Van,2308.3,32481.0,4241.74,4759.376,457342200.0
TR-044544,2025-10-09,Albany,Oklahoma City,Dry Van,1982.6,20623.0,3757.74,3707.4343,457342200.0
TR-044545,2025-10-09,Shreveport,Cincinnati,Dry Van,525.2,20612.0,1152.84,1127.586,457342200.0
TR-044546,2025-10-09,Nashville,Corpus Christi,Dry Van,775.1,47147.0,1789.11,1731.9115,457342200.0
TR-044547,2025-10-09,Tulsa,Oklahoma City,Dry Van,285.1,28977.0,742.74,701.0298,457342200.0
TR-044548,2025-10-09,Tucson,Bakersfield,Dry Van,314.6,46656.0,794.34,854.3449,457342200.0
TR-044549,2025-10-09,Harrisburg,Jacksonville,Dry Van,776.3,30463.0,1612.45,1591.2876,457342200.0
TR-044550,2025-10-09,Milwaukee,Phoenix,Flatbed,2025.9,32738.0,4242.66,4141.1445,457342200.0
TR-044551,2025-10-09,Madison,Richmond,Dry Van,880.1,28922.0,1769.34,1759.5217,457342200.0
TR-044552,2025-10-09,Tucson,Amarillo,Dry Van,641.8,21670.0,1423.71,1363.0399,457342200.0
TR-044553,2025-10-09,Memphis,Corpus Christi,Dry Van,711.4,34118.0,1653.45,1570.7788,457342200.0
TR-044554,2025-10-09,Mobile,Detroit,Dry Van,988.9,29001.0,2008.89,2010.6427,457342200.0
TR-044555,2025-10-09,Baton Rouge,San Antonio,Dry Van,439.5,38250.0,1077.79,1083.288,457342200.0
TR-044556,2025-10-09,Milwaukee,Greensboro,Dry Van,455.6,25324.0,367.67,1006.477,457342200.0
TR-044557,2025-10-09,Corpus Christi,Lubbock,Flatbed,322.1,29661.0,874.67,885.4402,457342200.0
TR-044558,2025-10-09,Montgomery,Atlanta,Reefer,312.9,20551.0,856.91,863.07,457342200.0
TR-044559,2025-10-09,Phoenix,Raleigh,Flatbed,2724.0,34468.0,5584.9,5636.265,457342200.0
TR-044560,2025-10-09,Little Rock,Kansas City,Dry Van,431.3,38459.0,1059.7,1006.0037,457342200.0
TR-044561,2025-10-09,Amarillo,San Francisco,Reefer,1189.9,39626.0,2781.77,2748.2861,457342200.0
TR-044562,2025-10-09,Toledo,Baltimore,Dry Van,836.5,,1776.94,1840.3748,457342200.0
TR-044563,2025-10-09,Charleston,Boston,Dry Van,791.4,16809.0,1556.42,1522.6211,457342200.0
TR-044564,2025-10-09,Detroit,Mobile,Flatbed,1021.1,36351.0,2283.31,2231.9165,457342200.0
TR-044565,2025-10-09,Kansas City,Shreveport,Reefer,560.4,35176.0,1484.72,1432.0337,457342200.0
TR-044566,2025-10-09,Charleston,Cincinnati,Flatbed,519.5,31542.0,1264.57,1301.6594,457342200.0
TR-044567,2025-10-09,Boston,Milwaukee,Dry Van,1154.0,47091.0,2415.68,2426.7065,457342200.0
TR-044568,2025-10-09,Toledo,Fort Wayne,Dry Van,82.8,30138.0,231.71,255.75371,457342200.0
TR-044569,2025-10-09,Corpus Christi,Syracuse,Dry Van,1751.0,41770.0,3521.35,3436.3281,457342200.0
TR-044570,2025-10-09,Hartford,Memphis,Dry Van,1156.8,36556.0,2405.13,2496.3088,457342200.0
TR-044571,2025-10-09,Chattanooga,Atlanta,Reefer,83.1,40534.0,282.04,349.56775,457342200.0
TR-044572,2025-10-09,Buffalo,Green Bay,Dry Van,581.0,17248.0,1163.86,1164.9912,457342200.0
TR-044573,2025-10-09,Dallas,St. Louis,Dry Van,626.7,29390.0,1445.85,1484.4172,457342200.0
TR-044574,2025-10-09,Syracuse,Corpus Christi,Dry Van,1689.3,34279.0,3348.58,3248.4243,457342200.0
TR-044575,2025-10-09,Jacksonville,Montgomery,Dry Van,140.5,36710.0,396.7,431.9406,457342200.0
TR-044576,2025-10-09,Bakersfield,Birmingham,Flatbed,2060.7,22673.0,4226.48,4133.502,457342200.0
TR-044577,2025-10-09,Corpus Christi,Mobile,Dry Van,611.8,31715.0,1415.91,1374.698,457342200.0
TR-044578,2025-10-10,Los Angeles,Syracuse,Reefer,2821.2,19221.0,5360.52,6538.301,457342200.0
TR-044579,2025-10-10,Montgomery,New York,Flatbed,1061.4,29665.0,2275.93,2294.557,457342200.0
TR-044580,2025-10-10,El Paso,Lubbock,Dry Van,793.1,40628.0,1853.27,1721.7479,457342200.0
TR-044581,2025-10-10,Louisville,Toledo,Reefer,436.0,38049.0,1128.32,1093.3309,457342200.0
TR-044582,2025-10-10,Louisville,Philadelphia,Dry Van,925.9,34946.0,1898.58,1941.9587,457342200.0
TR-044583,2025-10-10,St. Louis,Bakersfield,Dry Van,1794.9,9921.0,3378.19,3284.9246,457342200.0
TR-044584,2025-10-10,Raleigh,New York,Dry Van,451.0,45200.0,1028.21,1035.0734,457342200.0
TR-044585,2025-10-10,Shreveport,Atlanta,Reefer,450.8,42849.0,1244.46,1179.9845,457342200.0
TR-044586,2025-10-10,Shreveport,Grand Rapids,Reefer,975.1,27870.0,2302.46,2148.3723,457342200.0
TR-044587,2025-10-10,Tampa,Albuquerque,Flatbed,1694.8,45889.0,3759.04,3560.935,457342200.0
TR-044588,2025-10-10,New Orleans,Richmond,Dry Van,1126.9,44589.0,2435.89,2358.8293,457342200.0
TR-044589,2025-10-10,Lubbock,Los Angeles,Dry Van,1160.7,26718.0,2421.18,2377.198,457342200.0
TR-044590,2025-10-10,Las Vegas,Chattanooga,Reefer,1889.9,31780.0,4254.93,4053.8125,457342200.0
TR-044591,2025-10-10,Chattanooga,New York,Dry Van,956.9,47500.0,2033.38,1990.6006,457342200.0
TR-044592,2025-10-10,Albany,Buffalo,Dry Van,476.1,32604.0,993.54,1016.6785,457342200.0
TR-044593,2025-10-10,Hartford,Albany,Dry Van,368.8,21880.0,789.41,765.9777,457342200.0
TR-044594,2025-10-10,Tulsa,Toledo,Reefer,939.1,31253.0,2242.33,2128.523,457342200.0
TR-044595,2025-10-10,Los Angeles,Montgomery,Flatbed,2164.4,32331.0,4589.65,4322.996,457342200.0
TR-044596,2025-10-10,Tulsa,New York,Reefer,1475.2,29545.0,3217.79,3117.3992,457342200.0
TR-044597,2025-10-10,Corpus Christi,Detroit,Dry Van,1403.3,39015.0,2864.16,2805.297,457342200.0
TR-044598,2025-10-10,Green Bay,Philadelphia,Reefer,951.6,29724.0,2174.63,2091.8796,457342200.0
TR-044599,2025-10-10,Grand Rapids,Baton Rouge,Dry Van,1136.1,37119.0,2343.86,2301.2703,457342200.0
TR-044600,2025-10-10,Fresno,Fort Wayne,Dry Van,2294.4,39687.0,4335.83,4562.9595,457342200.0
TR-044601,2025-10-10,Salt Lake City,Green Bay,Reefer,1737.0,24733.0,3522.2,3510.047,457342200.0
TR-044602,2025-10-10,Bakersfield,San Francisco,Dry Van,388.0,30133.0,915.66,912.185,457342200.0
TR-044603,2025-10-10,Shreveport,Washington,Reefer,1134.6,24912.0,2507.38,2443.5332,457342200.0
TR-044604,2025-10-10,Oklahoma City,Baltimore,Flatbed,1791.8,17774.0,3614.88,4744.1006,457342200.0
TR-044605,2025-10-10,Kansas City,Tampa,Flatbed,941.5,36370.0,2154.79,2079.2385,457342200.0
TR-044606,2025-10-10,San Francisco,Charleston,Flatbed,2752.5,32883.0,5539.54,5104.297,457342200.0
TR-044607,2025-10-10,Reno,Grand Rapids,Dry Van,1985.6,25093.0,3574.14,3613.15,457342200.0
TR-044608,2025-10-10,Philadelphia,Nashville,Dry Van,1031.6,24700.0,1984.11,2044.1238,457342200.0
TR-044609,2025-10-10,Buffalo,Amarillo,Reefer,1787.3,32588.0,4085.99,3807.0132,457342200.0
TR-044610,2025-10-10,El Paso,Tampa,Dry Van,1650.0,30112.0,3224.7,3285.9412,457342200.0
TR-044611,2025-10-10,Los Angeles,Memphis,Dry Van,1979.1,22986.0,3692.86,3701.3677,457342200.0
TR-044612,2025-10-10,New Orleans,Phoenix,Reefer,1625.9,26599.0,3564.26,3486.9343,457342200.0
TR-044613,2025-10-10,Syracuse,New Orleans,Dry Van,1295.1,21089.0,2527.85,2438.4602,457342200.0
TR-044614,2025-10-10,Tampa,Mobile,Reefer,307.6,47500.0,2094.59,961.3605,457342200.0
TR-044615,2025-10-10,Indianapolis,Tulsa,Dry Van,540.2,39030.0,1264.94,1219.5819,457342200.0
TR-044616,2025-10-10,Jacksonville,Austin,Dry Van,1060.8,24362.0,2194.61,2151.607,457342200.0
TR-044617,2025-10-10,Tampa,Los Angeles,Dry Van,2161.9,24470.0,4045.17,4057.1328,457342200.0
TR-044618,2025-10-10,Atlanta,Tucson,Reefer,1829.1,16753.0,3893.83,3818.139,457342200.0
TR-044619,2025-10-10,Milwaukee,Montgomery,Flatbed,689.3,39675.0,1653.38,1587.7565,457342200.0
TR-044620,2025-10-10,Nashville,Reno,Flatbed,2026.0,32009.0,4118.68,4079.6904,457342200.0
TR-044621,2025-10-10,Lexington,Bakersfield,Flatbed,2051.9,27042.0,4176.34,4118.5815,457342200.0
TR-044622,2025-10-10,Tampa,Toledo,Dry Van,1074.6,27603.0,2062.28,2143.969,457342200.0
TR-044623,2025-10-10,Tampa,Lexington,Reefer,730.3,30981.0,1806.72,1729.0068,457342200.0
TR-044624,2025-10-10,Fresno,Buffalo,Dry Van,2708.6,23663.0,4782.29,4722.5454,457342200.0
TR-044625,2025-10-10,Atlanta,Richmond,Dry Van,681.8,35007.0,1473.33,1446.2543,457342200.0
TR-044626,2025-10-10,Greensboro,Kansas City,Reefer,611.3,34744.0,1562.83,1462.4807,457342200.0
TR-044627,2025-10-10,Hartford,Grand Rapids,Reefer,919.7,24484.0,2032.95,1945.9617,457342200.0
TR-044628,2025-10-10,Reno,Baton Rouge,Reefer,1820.1,18777.0,3836.59,3729.4602,457342200.0
TR-044629,2025-10-10,Bakersfield,Green Bay,Flatbed,2011.1,35806.0,4088.24,4159.683,457342200.0
TR-044630,2025-10-10,Corpus Christi,New York,Dry Van,1702.5,37861.0,3500.41,3277.2205,457342200.0
TR-044631,2025-10-10,Birmingham,Buffalo,Dry Van,823.1,45655.0,1738.92,1756.5013,457342200.0
TR-044632,2025-10-10,Hartford,Tucson,Flatbed,2797.9,46289.0,5899.4,5612.152,457342200.0
TR-044633,2025-10-10,Hartford,Lubbock,Flatbed,1980.2,27430.0,4160.02,4015.9,457342200.0
TR-044634,2025-10-10,Bakersfield,Toledo,Reefer,2106.5,33150.0,4594.27,4281.7827,457342200.0
TR-044635,2025-10-10,Buffalo,Fort Wayne,Flatbed,431.3,12441.0,960.78,955.0432,457342200.0
TR-044636,2025-10-10,Houston,Buffalo,Dry Van,1401.6,42770.0,2855.05,2836.53,457342200.0
TR-044637,2025-10-10,Toledo,Detroit,Dry Van,153.4,19330.0,379.54,377.99875,457342200.0
TR-044638,2025-10-10,Tampa,Baton Rouge,Flatbed,457.6,31475.0,1199.69,1184.5372,457342200.0
TR-044639,2025-10-10,Cincinnati,Corpus Christi,Dry Van,968.9,34338.0,2093.43,2479.3418,457342200.0
TR-044640,2025-10-10,Providence,El Paso,Reefer,2692.2,26317.0,5694.27,5216.731,457342200.0
TR-044641,2025-10-10,Los Angeles,Memphis,Flatbed,1887.2,22301.0,3828.99,3904.0818,457342200.0
TR-044642,2025-10-10,Kansas City,Phoenix,Reefer,1829.7,17811.0,3758.85,4277.8315,457342200.0
TR-044643,2025-10-10,Fresno,Washington,Flatbed,2821.0,33030.0,5681.14,5650.5767,457342200.0
TR-044644,2025-10-10,Milwaukee,Grand Rapids,Dry Van,347.8,22403.0,803.07,744.72363,457342200.0
TR-044645,2025-10-10,Cincinnati,Syracuse,Dry Van,769.4,31005.0,1590.39,1525.0864,457342200.0
TR-044646,2025-10-10,Amarillo,Charleston,Dry Van,1708.9,44157.0,3398.84,3430.0828,457342200.0
TR-044647,2025-10-10,Buffalo,Los Angeles,Dry Van,2672.2,19806.0,4761.97,5131.2773,457342200.0
TR-044648,2025-10-10,Hartford,Tampa,Flatbed,1316.7,30804.0,2890.9,2777.7273,457342200.0
TR-044649,2025-10-10,Little Rock,Baton Rouge,Reefer,324.1,13832.0,866.98,854.6638,457342200.0
TR-044650,2025-10-10,Indianapolis,Providence,Dry Van,1265.9,28104.0,2545.24,2487.5332,457342200.0
TR-044651,2025-10-10,Columbia,Oklahoma City,Reefer,1042.9,34069.0,2601.44,2424.6719,457342200.0
TR-044652,2025-10-10,Baton Rouge,Lubbock,Dry Van,517.5,34462.0,1283.49,1252.8534,457342200.0
TR-044653,2025-10-10,Shreveport,Lexington,Dry Van,615.0,15454.0,1327.27,1315.6083,457342200.0
TR-044654,2025-10-10,Birmingham,Lubbock,Flatbed,952.6,46166.0,2213.71,2167.2747,457342200.0
TR-044655,2025-10-10,Austin,Lexington,Dry Van,1177.0,38279.0,2460.2,2728.4055,457342200.0
TR-044656,2025-10-10,Nashville,Indianapolis,Reefer,272.9,39882.0,798.7,804.72943,457342200.0
TR-044657,2025-10-10,St. Louis,Atlanta,Dry Van,383.0,29467.0,906.37,861.9453,457342200.0
TR-044658,2025-10-10,El Paso,Memphis,Dry Van,1376.4,20395.0,2636.13,2691.6943,457342200.0
TR-044659,2025-10-10,Nashville,Baton Rouge,Dry Van,500.7,30563.0,1146.59,1115.393,457342200.0
TR-044660,2025-10-10,Charleston,Tampa,Dry Van,672.6,22935.0,1430.83,1362.9987,457342200.0
TR-044661,2025-10-10,San Antonio,Dayton,Dry Van,1189.8,26649.0,2381.74,2349.0378,457342200.0
TR-044662,2025-10-10,Savannah,Syracuse,Flatbed,821.5,34142.0,1862.97,1820.4812,457342200.0
TR-044663,2025-10-10,Columbia,Charleston,Dry Van,246.4,32480.0,634.08,620.0589,457342200.0
TR-044664,2025-10-10,Mobile,Baton Rouge,Dry Van,333.1,34575.0,877.06,826.1132,457342200.0
TR-044665,2025-10-10,Corpus Christi,El Paso,Flatbed,1094.2,26299.0,2343.09,2390.9866,457342200.0
TR-044666,2025-10-10,Mobile,Shreveport,Dry Van,292.3,37994.0,770.02,754.53326,457342200.0
TR-044667,2025-10-10,Baton Rouge,Nashville,Dry Van,514.2,29654.0,1180.98,1130.8337,457342200.0
TR-044668,2025-10-10,San Antonio,Columbia,Dry Van,1140.1,23412.0,2260.68,2323.0493,457342200.0
TR-044669,2025-10-10,Albuquerque,Montgomery,Reefer,1627.4,34244.0,3613.73,3569.5613,457342200.0
TR-044670,2025-10-10,Columbia,Buffalo,Dry Van,656.4,35189.0,1431.42,1344.0916,457342200.0
TR-044671,2025-10-10,Tampa,Baton Rouge,Dry Van,444.7,22553.0,200.31,1014.6313,457342200.0
TR-044672,2025-10-10,Lubbock,Reno,Dry Van,1475.4,10327.0,2740.91,2650.0618,457342200.0
TR-044673,2025-10-10,Richmond,Oklahoma City,Dry Van,1540.1,33329.0,3052.02,2971.5283,457342200.0
TR-044674,2025-10-10,Oklahoma City,Baltimore,Dry Van,1781.8,34929.0,3638.92,4591.796,457342200.0
TR-044675,2025-10-10,Los Angeles,New Orleans,Dry Van,1709.6,14109.0,3223.52,3230.2747,457342200.0
TR-044676,2025-10-10,Richmond,Tucson,Reefer,2440.1,33324.0,5148.13,4871.3433,457342200.0
TR-044677,2025-10-10,Albany,Los Angeles,Reefer,3094.1,30797.0,6336.16,6131.198,457342200.0
TR-044678,2025-10-10,Montgomery,Raleigh,Dry Van,692.6,26825.0,1505.85,1465.5957,457342200.0
TR-044679,2025-10-10,Grand Rapids,Oklahoma City,Dry Van,1237.2,32659.0,2540.67,2451.957,457342200.0
TR-044680,2025-10-10,Columbia,Toledo,Dry Van,627.3,26790.0,1331.84,1294.451,457342200.0
TR-044681,2025-10-10,Greensboro,Green Bay,Dry Van,750.3,32650.0,1633.71,1552.633,457342200.0
TR-044682,2025-10-10,Chattanooga,Phoenix,Flatbed,1978.5,25424.0,4065.44,4253.503,457342200.0
TR-044683,2025-10-10,Shreveport,Albuquerque,Reefer,1177.8,37644.0,2737.93,2725.2324,457342200.0
TR-044684,2025-10-10,Washington,Lexington,Dry Van,540.8,25825.0,1092.65,1169.976,457342200.0
TR-044685,2025-10-10,Tampa,San Francisco,Dry Van,2496.8,41565.0,4871.12,4962.479,457342200.0
TR-044686,2025-10-10,Raleigh,Jacksonville,Dry Van,545.7,27205.0,1190.14,1176.7375,457342200.0
TR-044687,2025-10-10,Milwaukee,Green Bay,Dry Van,389.5,27809.0,905.9,830.5973,457342200.0
TR-044688,2025-10-10,Hartford,Harrisburg,Dry Van,384.7,41207.0,875.41,860.7688,457342200.0
TR-044689,2025-10-10,Chattanooga,San Antonio,Flatbed,899.3,36160.0,2080.96,2012.2517,457342200.0
TR-044690,2025-10-10,Fresno,San Antonio,Flatbed,1501.1,32965.0,3355.91,3299.583,457342200.0
TR-044691,2025-10-10,Fort Wayne,Houston,Flatbed,1064.8,27631.0,2357.78,2306.1853,457342200.0
TR-044692,2025-10-10,Bakersfield,Shreveport,Reefer,1672.5,29928.0,3711.34,3669.0674,457342200.0
TR-044693,2025-10-10,New York,Milwaukee,Dry Van,914.1,17572.0,362.69,1718.1633,457342200.0
TR-044694,2025-10-10,San Antonio,Baltimore,Flatbed,1827.8,19462.0,3873.54,3864.228,457342200.0
TR-044695,2025-10-10,Dayton,Green Bay,Dry Van,371.2,24736.0,833.33,818.0327,457342200.0
TR-044696,2025-10-10,Dayton,Amarillo,Dry Van,1316.1,24662.0,2599.36,2533.5347,457342200.0
TR-044697,2025-10-10,Nashville,Philadelphia,Dry Van,1011.5,30819.0,2073.63,2038.1392,457342200.0
TR-044698,2025-10-10,Mobile,Memphis,Dry Van,329.2,35662.0,838.28,830.50275,457342200.0
TR-044699,2025-10-10,Savannah,Nashville,Dry Van,418.7,27309.0,961.44,959.88074,457342200.0
TR-044700,2025-10-10,Grand Rapids,Richmond,Reefer,712.6,30616.0,1654.14,1619.589,457342200.0
TR-044701,2025-10-10,Madison,Charleston,Dry Van,877.8,-23606.0,1747.88,1728.0431,457342200.0
TR-044702,2025-10-10,Houston,New Orleans,Flatbed,250.7,30979.0,710.97,733.24744,457342200.0
TR-044703,2025-10-10,Houston,Corpus Christi,Reefer,201.7,23494.0,610.44,628.5988,457342200.0
TR-044704,2025-10-10,Fort Wayne,Memphis,Dry Van,548.2,41478.0,1258.79,1204.0638,457342200.0
TR-044705,2025-10-10,Oklahoma City,Indianapolis,Dry Van,836.9,20786.0,1787.06,1709.1257,457342200.0
TR-044706,2025-10-10,Memphis,St. Louis,Dry Van,238.2,47500.0,637.89,649.5837,457342200.0
TR-044707,2025-10-10,Oklahoma City,Jacksonville,Reefer,976.1,28182.0,2339.21,2250.4143,457342200.0
TR-044708,2025-10-10,New York,Lexington,Dry Van,773.3,23509.0,1608.79,1525.2439,457342200.0
TR-044709,2025-10-10,Tucson,Fort Wayne,Dry Van,2027.2,25146.0,3775.5,3804.363,457342200.0
TR-044710,2025-10-10,New York,Raleigh,Dry Van,461.2,27069.0,1003.34,1007.2497,457342200.0
TR-044711,2025-10-10,Austin,Baton Rouge,Dry Van,525.4,32609.0,1226.9,1188.2913,457342200.0
TR-044712,2025-10-10,Lexington,Tucson,Dry Van,1952.7,30698.0,3849.77,3785.002,457342200.0
TR-044713,2025-10-10,Shreveport,Austin,Dry Van,579.4,25757.0,1328.5,1272.9847,457342200.0
TR-044714,2025-10-10,Boston,Cincinnati,Dry Van,1122.4,21949.0,2169.55,2634.968,457342200.0
TR-044715,2025-10-10,Madison,New York,Flatbed,956.0,33413.0,2089.85,2024.0027,457342200.0
TR-044716,2025-10-10,Jacksonville,Detroit,Dry Van,940.7,30312.0,1909.37,1912.2429,457342200.0
TR-044717,2025-10-10,Tucson,Atlanta,Dry Van,1838.9,38679.0,3714.5,3700.5554,457342200.0
TR-044718,2025-10-10,Columbia,Grand Rapids,Dry Van,749.8,25477.0,1525.78,1454.162,457342200.0
TR-044719,2025-10-10,Boston,New Orleans,Dry Van,1536.8,27997.0,3046.89,2887.0735,457342200.0
TR-044720,2025-10-10,Lubbock,Kansas City,Reefer,973.7,22934.0,2290.09,2116.8164,457342200.0
TR-044721,2025-10-10,Shreveport,Phoenix,Dry Van,1663.5,24336.0,3221.15,3162.6824,457342200.0
TR-044722,2025-10-10,Dayton,Richmond,Dry Van,586.5,33927.0,1288.83,1244.966,457342200.0
TR-044723,2025-10-10,Lubbock,Greensboro,Dry Van,1234.4,33894.0,2573.69,2479.3167,457342200.0
TR-044724,2025-10-10,Green Bay,Memphis,Reefer,722.3,29098.0,1717.37,1626.8112,457342200.0
TR-044725,2025-10-10,Grand Rapids,Raleigh,Flatbed,863.0,43167.0,1955.02,1909.9666,457342200.0
TR-044726,2025-10-10,Montgomery,Madison,Dry Van,861.2,45918.0,1835.97,1833.5316,457342200.0
TR-044727,2025-10-10,El Paso,Charleston,Dry Van,2061.9,10517.0,3745.12,4318.908,457342200.0
TR-044728,2025-10-10,Syracuse,New York,Dry Van,315.7,34771.0,750.33,738.5705,457342200.0
TR-044729,2025-10-10,Fresno,Corpus Christi,Dry Van,1689.5,37138.0,3518.45,3295.5178,457342200.0
TR-044730,2025-10-10,Nashville,Salt Lake City,Flatbed,1659.7,26516.0,3543.04,3362.7136,457342200.0
TR-044731,2025-10-11,Amarillo,Philadelphia,Flatbed,2134.7,19255.0,4130.04,4002.0154,457342200.0
TR-044732,2025-10-11,Montgomery,Austin,Dry Van,952.7,33402.0,2066.18,1972.3309,457342200.0
TR-044733,2025-10-11,Memphis,Reno,Reefer,1877.8,29709.0,3996.28,3943.3298,457342200.0
TR-044734,2025-10-11,Milwaukee,New York,Reefer,922.3,34955.0,2143.64,2223.8816,457342200.0
TR-044735,2025-10-11,Raleigh,Houston,Dry Van,1218.3,35202.0,2526.69,2466.7593,457342200.0
TR-044736,2025-10-11,Milwaukee,Mobile,Dry Van,655.2,31495.0,1451.28,1339.7826,457342200.0
TR-044737,2025-10-11,Milwaukee,Cincinnati,Dry Van,246.2,39392.0,624.8,608.90283,457342200.0
TR-044738,2025-10-11,Kansas City,Fresno,Reefer,1939.9,30806.0,4266.12,3986.0066,457342200.0
TR-044739,2025-10-11,Lexington,Shreveport,Dry Van,627.8,36794.0,1446.63,1494.4572,457342200.0
TR-044740,2025-10-11,Boston,Charleston,Dry Van,781.7,38338.0,1659.78,1654.2109,457342200.0
TR-044741,2025-10-11,Lexington,Chattanooga,Flatbed,212.2,31724.0,592.16,638.66833,457342200.0
TR-044742,2025-10-11,Los Angeles,Mobile,Dry Van,1995.0,23267.0,3718.09,5548.917,457342200.0
TR-044743,2025-10-11,Mobile,New York,Flatbed,1182.9,39728.0,2569.64,2611.4946,457342200.0
TR-044744,2025-10-11,El Paso,Tampa,Reefer,1731.4,11543.0,3529.82,3479.188,457342200.0
TR-044745,2025-10-11,Little Rock,Indianapolis,Flatbed,398.9,27149.0,995.91,985.14136,457342200.0
TR-044746,2025-10-11,Green Bay,Oklahoma City,Dry Van,1220.0,39017.0,2469.04,2451.7595,457342200.0
TR-044747,2025-10-11,Shreveport,Cincinnati,Dry Van,533.4,25182.0,1185.3,1177.6893,457342200.0
TR-044748,2025-10-11,Columbia,Tampa,Dry Van,586.5,27337.0,1222.96,1384.2306,457342200.0
TR-044749,2025-10-11,New York,Buffalo,Flatbed,332.3,34316.0,830.84,833.42566,457342200.0
TR-044750,2025-10-11,Lexington,Philadelphia,Reefer,817.3,32994.0,1833.98,1983.4634,457342200.0
TR-044751,2025-10-11,Fort Wayne,Fresno,Reefer,2241.6,28804.0,4593.62,4455.2495,457342200.0
TR-044752,2025-10-11,Philadelphia,Richmond,Dry Van,253.3,22967.0,576.81,591.74255,457342200.0
TR-044753,2025-10-11,Fort Wayne,Corpus Christi,Flatbed,1247.9,32887.0,2696.69,2693.5232,457342200.0
TR-044754,2025-10-11,Albany,Mobile,Dry Van,1499.4,47500.0,2900.53,2970.5273,457342200.0
TR-044755,2025-10-11,Tampa,Houston,Dry Van,582.0,37801.0,1409.03,1331.3395,457342200.0
TR-044756,2025-10-11,New York,Hartford,Flatbed,114.6,27047.0,330.59,341.3328,457342200.0
TR-044757,2025-10-11,Oklahoma City,Toledo,Dry Van,1249.6,42555.0,2634.45,2574.2207,457342200.0
TR-044758,2025-10-11,Washington,San Antonio,Dry Van,1591.9,33646.0,3226.88,3588.725,457342200.0
TR-044759,2025-10-11,Birmingham,Toledo,Dry Van,710.5,31387.0,1539.47,1453.6078,457342200.0
TR-044760,2025-10-11,Lexington,Raleigh,Flatbed,524.0,45051.0,1278.47,1296.0668,457342200.0
TR-044761,2025-10-11,Lexington,Mobile,Flatbed,468.3,40945.0,1171.99,1179.1726,457342200.0
TR-044762,2025-10-11,Bakersfield,Fresno,Reefer,220.4,39040.0,652.79,701.6156,457342200.0
TR-044763,2025-10-11,Toledo,Baton Rouge,Reefer,1054.5,38965.0,2435.68,2375.5283,457342200.0
TR-044764,2025-10-11,Montgomery,Baton Rouge,Dry Van,464.4,30826.0,1097.91,1102.154,457342200.0
TR-044765,2025-10-11,Shreveport,Washington,Reefer,1131.8,27346.0,2539.48,2451.3738,457342200.0
TR-044766,2025-10-11,Oklahoma City,Baton Rouge,Dry Van,446.3,21285.0,1029.56,1017.76117,457342200.0
TR-044767,2025-10-11,Shreveport,Buffalo,Dry Van,1172.6,34918.0,2369.47,2397.1892,457342200.0
TR-044768,2025-10-11,Memphis,Syracuse,Dry Van,995.6,36127.0,2008.85,2045.5719,457342200.0
TR-044769,2025-10-11,Richmond,Nashville,Flatbed,768.6,42522.0,1774.03,1736.6909,457342200.0
TR-044770,2025-10-11,Albany,Tampa,Reefer,1620.0,43679.0,3453.25,3507.964,457342200.0
TR-044771,2025-10-11,Lubbock,Shreveport,Dry Van,590.0,38100.0,1450.86,1388.1891,457342200.0
TR-044772,2025-10-11,Los Angeles,Chattanooga,Flatbed,2089.2,34499.0,4264.86,4142.4517,457342200.0
TR-044773,2025-10-11,Philadelphia,Milwaukee,Dry Van,997.0,26260.0,1850.81,2045.5435,457342200.0
TR-044774,2025-10-11,San Francisco,San Antonio,Dry Van,1623.4,18476.0,3135.88,3035.3577,457342200.0
TR-044775,2025-10-11,Cincinnati,Columbia,Dry Van,313.8,30428.0,765.24,751.52686,457342200.0
TR-044776,2025-10-11,Green Bay,Tucson,Dry Van,1877.7,35008.0,3622.4,3571.8008,457342200.0
TR-044777,2025-10-11,Austin,Chattanooga,Dry Van,1008.7,26142.0,2038.84,2053.9583,457342200.0
TR-044778,2025-10-11,Boston,San Antonio,Flatbed,2035.8,26961.0,3969.34,3990.6355,457342200.0
TR-044779,2025-10-11,Phoenix,Philadelphia,Dry Van,3031.5,33151.0,5512.17,5618.5703,457342200.0
TR-044780,2025-10-11,Hartford,St. Louis,Dry Van,1101.4,24168.0,2181.21,2114.5774,457342200.0
TR-044781,2025-10-11,Dallas,Toledo,Dry Van,1035.2,33678.0,2154.25,2714.2983,457342200.0
TR-044782,2025-10-11,Bakersfield,San Antonio,Dry Van,1293.8,30353.0,2695.97,2544.5212,457342200.0
TR-044783,2025-10-11,Phoenix,Washington,Dry Van,2638.6,45230.0,4912.78,4901.364,457342200.0
TR-044784,2025-10-11,Washington,Atlanta,Flatbed,674.2,35333.0,1551.1,1522.2075,457342200.0
TR-044785,2025-10-11,Reno,Cincinnati,Dry Van,1981.9,36645.0,3763.44,3677.771,457342200.0
TR-044786,2025-10-11,Los Angeles,Buffalo,Dry Van,2721.3,34466.0,4836.65,4948.8545,457342200.0
TR-044787,2025-10-11,Albany,Montgomery,Dry Van,1415.2,41223.0,2770.88,2809.743,457342200.0
TR-044788,2025-10-11,Nashville,Houston,Dry Van,609.9,29142.0,1366.29,1315.8773,457342200.0
TR-044789,2025-10-11,San Francisco,Milwaukee,Dry Van,2181.5,20126.0,4022.24,3952.1628,457342200.0
TR-044790,2025-10-11,Lexington,Albuquerque,Dry Van,1641.8,43469.0,3331.13,3220.1262,457342200.0
TR-044791,2025-10-11,Cincinnati,Detroit,Dry Van,539.8,35178.0,1225.76,1161.9199,457342200.0
TR-044792,2025-10-11,Greensboro,Raleigh,Dry Van,374.2,47500.0,913.55,875.03107,457342200.0
TR-044793,2025-10-11,San Antonio,Providence,Dry Van,2074.4,46189.0,4235.01,3929.5916,457342200.0
TR-044794,2025-10-11,Nashville,Mobile,Reefer,304.8,8793.0,815.47,894.4366,457342200.0
TR-044795,2025-10-11,Savannah,Lubbock,Reefer,1237.2,30393.0,2868.54,2723.94,457342200.0
TR-044796,2025-10-11,Atlanta,Savannah,Reefer,308.5,37557.0,843.59,884.77155,457342200.0
TR-044797,2025-10-11,Dallas,Fort Wayne,Reefer,957.4,35119.0,2296.11,2455.483,457342200.0
TR-044798,2025-10-11,Bakersfield,Tulsa,Dry Van,1447.6,24463.0,2811.96,2805.1738,457342200.0
TR-044799,2025-10-11,Albany,Atlanta,Dry Van,1179.2,37164.0,2415.75,2407.2341,457342200.0
TR-044800,2025-10-11,Lubbock,Fresno,Dry Van,1426.2,29515.0,2823.06,2795.5283,457342200.0
TR-044801,2025-10-11,Mobile,Nashville,Dry Van,310.9,26813.0,745.09,760.30475,457342200.0
TR-044802,2025-10-11,Milwaukee,Baltimore,Dry Van,1012.6,34892.0,2086.52,2048.7007,457342200.0
TR-044803,2025-10-11,Tulsa,Dallas,Dry Van,136.3,28785.0,374.65,434.20526,457342200.0
TR-044804,2025-10-11,Richmond,Tampa,Flatbed,1012.8,28121.0,2215.66,2204.3418,457342200.0
TR-044805,2025-10-11,Providence,Atlanta,Reefer,1131.2,37755.0,2603.08,2549.0566,457342200.0
TR-044806,2025-10-11,Buffalo,St. Louis,Flatbed,750.1,29016.0,1687.27,1629.815,457342200.0
TR-044807,2025-10-11,Corpus Christi,El Paso,Dry Van,1076.8,32740.0,2232.09,2279.8457,457342200.0
TR-044808,2025-10-11,Harrisburg,Phoenix,Reefer,2594.3,33006.0,5298.97,5161.4897,457342200.0
TR-044809,2025-10-11,Syracuse,Shreveport,Reefer,1261.1,32049.0,2749.99,2766.1487,457342200.0
TR-044810,2025-10-11,Bakersfield,San Francisco,Dry Van,402.3,40956.0,954.62,973.14825,457342200.0
TR-044811,2025-10-11,Tulsa,Bakersfield,Flatbed,1454.8,7735.0,2995.69,2955.683,457342200.0
TR-044812,2025-10-11,San Antonio,Lexington,Dry Van,1071.3,34801.0,2266.03,2268.7432,457342200.0
TR-044813,2025-10-11,Chattanooga,Dallas,Dry Van,547.0,33382.0,1260.72,1217.8828,457342200.0
TR-044814,2025-10-11,Green Bay,Chattanooga,Dry Van,760.0,25168.0,1530.36,1485.0406,457342200.0
TR-044815,2025-10-11,Shreveport,Baltimore,Flatbed,1331.7,22556.0,2836.3,2754.7183,457342200.0
TR-044816,2025-10-11,Lexington,Phoenix,Reefer,2136.4,27152.0,4245.61,4066.9236,457342200.0
TR-044817,2025-10-11,Memphis,Charleston,Dry Van,683.3,35007.0,1560.25,1471.6697,457342200.0
TR-044818,2025-10-11,Nashville,Baton Rouge,Dry Van,502.5,22338.0,1092.72,1081.5911,457342200.0
TR-044819,2025-10-11,Lexington,Philadelphia,Reefer,791.3,16611.0,1765.53,1639.2635,457342200.0
TR-044820,2025-10-11,Montgomery,Philadelphia,Dry Van,1080.2,42166.0,2297.87,2262.4048,457342200.0
TR-044821,2025-10-11,Toledo,Buffalo,Dry Van,371.9,47500.0,845.88,854.5362,457342200.0
TR-044822,2025-10-11,Toledo,Charleston,Dry Van,730.1,19195.0,1429.24,1400.6859,457342200.0
TR-044823,2025-10-11,Dayton,San Antonio,Dry Van,1193.6,32254.0,2375.68,2411.0881,457342200.0
TR-044824,2025-10-11,St. Louis,Harrisburg,Flatbed,730.2,35237.0,1693.39,1654.367,457342200.0
TR-044825,2025-10-11,Mobile,Baton Rouge,Dry Van,329.2,33077.0,850.11,795.4983,457342200.0
TR-044826,2025-10-11,Harrisburg,Tulsa,Flatbed,1190.0,17996.0,2482.78,2788.606,457342200.0
TR-044827,2025-10-11,Fresno,Chattanooga,Dry Van,2204.7,29337.0,4042.27,4106.5156,457342200.0
TR-044828,2025-10-11,Kansas City,Montgomery,Dry Van,749.7,40611.0,1656.01,1584.6405,457342200.0
TR-044829,2025-10-11,New York,Buffalo,Dry Van,323.6,35368.0,743.88,740.8422,457342200.0
TR-044830,2025-10-11,Fresno,Richmond,Dry Van,2734.6,30849.0,4972.57,4812.601,457342200.0
TR-044831,2025-10-11,Philadelphia,Montgomery,Reefer,1055.3,43013.0,2476.8,2400.807,457342200.0
TR-044832,2025-10-11,Baltimore,Montgomery,Flatbed,1056.0,26627.0,2236.15,2244.6436,457342200.0
TR-044833,2025-10-11,Oklahoma City,San Antonio,Dry Van,200.6,37463.0,574.74,606.6725,457342200.0
TR-044834,2025-10-11,Oklahoma City,Kansas City,Flatbed,802.3,33982.0,1861.31,1808.5796,457342200.0
TR-044835,2025-10-11,Albuquerque,Reno,Reefer,694.5,30419.0,1599.63,1559.3798,457342200.0
TR-044836,2025-10-11,Fresno,Montgomery,Dry Van,2296.4,47500.0,4403.49,4504.841,457342200.0
TR-044837,2025-10-11,Oklahoma City,Fresno,Dry Van,1430.1,37258.0,2854.96,2882.9358,457342200.0
TR-044838,2025-10-11,Jacksonville,Tampa,Flatbed,355.4,44874.0,931.92,1001.57587,457342200.0
TR-044839,2025-10-11,Baton Rouge,Fort Wayne,Dry Van,1008.9,21787.0,2033.84,1999.9269,457342200.0
TR-044840,2025-10-11,Kansas City,Indianapolis,Dry Van,181.3,40327.0,502.51,483.72327,457342200.0
TR-044841,2025-10-11,Houston,Madison,Dry Van,978.0,30892.0,1954.46,1983.5874,457342200.0
TR-044842,2025-10-11,Tulsa,Atlanta,Dry Van,603.2,27859.0,1326.6,1311.0012,457342200.0
TR-044843,2025-10-11,Mobile,Columbia,Dry Van,428.0,30798.0,1007.0,999.3004,457342200.0
TR-044844,2025-10-11,Oklahoma City,Austin,Flatbed,239.2,39120.0,692.79,753.8714,457342200.0
TR-044845,2025-10-11,Albuquerque,Fresno,Flatbed,718.0,23711.0,1611.87,1630.5162,457342200.0
TR-044846,2025-10-11,Indianapolis,Tulsa,Dry Van,549.8,20261.0,1215.94,1157.4893,457342200.0
TR-044847,2025-10-11,Baltimore,Albuquerque,Reefer,2374.8,43949.0,5148.98,4975.7085,457342200.0
TR-044848,2025-10-11,Shreveport,Grand Rapids,Dry Van,1000.7,30998.0,2077.18,2018.4218,457342200.0
TR-044849,2025-10-11,Oklahoma City,Albuquerque,Dry Van,816.1,33850.0,1808.89,1766.4739,457342200.0
TR-044850,2025-10-11,Mobile,Los Angeles,Dry Van,1994.0,-39085.0,4011.46,3859.7012,457342200.0
TR-044851,2025-10-11,Milwaukee,Toledo,Dry Van,315.9,37334.0,749.86,727.1812,457342200.0
TR-044852,2025-10-11,Greensboro,Richmond,Flatbed,431.3,28254.0,1039.91,1034.0592,457342200.0
TR-044853,2025-10-11,Boston,Syracuse,Dry Van,559.0,20883.0,1146.55,1123.4185,457342200.0
TR-044854,2025-10-11,St. Louis,Kansas City,Dry Van,135.0,26908.0,355.43,378.42398,457342200.0
TR-044855,2025-10-11,New Orleans,Las Vegas,Dry Van,1563.3,30175.0,3116.69,2996.4272,457342200.0
TR-044856,2025-10-11,Memphis,Baton Rouge,Dry Van,457.5,41212.0,1097.0,1072.8562,457342200.0
TR-044857,2025-10-11,Shreveport,Boston,Reefer,1598.5,42006.0,3693.98,3629.5913,457342200.0
TR-044858,2025-10-11,Grand Rapids,San Antonio,Reefer,1353.2,33296.0,3019.09,2981.6006,457342200.0
TR-044859,2025-10-11,Toledo,Nashville,Flatbed,603.9,28739.0,1376.4,1370.2222,457342200.0
TR-044860,2025-10-11,Milwaukee,Nashville,Flatbed,369.8,33090.0,938.27,891.11975,457342200.0
TR-044861,2025-10-11,Houston,Buffalo,Dry Van,1407.7,35078.0,2823.1,2786.8308,457342200.0
TR-044862,2025-10-11,Fort Wayne,Phoenix,Dry Van,2209.0,18194.0,3892.95,4001.6182,457342200.0
TR-044863,2025-10-11,Fort Wayne,Oklahoma City,Reefer,1176.7,19341.0,2514.31,2936.8965,457342200.0
TR-044864,2025-10-11,Fort Wayne,Shreveport,Dry Van,856.5,17777.0,1722.2,1692.3423,457342200.0
TR-044865,2025-10-11,Nashville,Salt Lake City,Flatbed,1646.5,22911.0,3391.39,3249.0117,457342200.0
TR-044866,2025-10-11,Corpus Christi,New Orleans,Reefer,429.0,34283.0,1201.66,1148.8081,457342200.0
TR-044867,2025-10-11,Bakersfield,New York,Dry Van,2798.8,26832.0,4879.73,5415.3867,457342200.0
TR-044868,2025-10-11,Greensboro,Kansas City,Dry Van,619.8,39755.0,1401.87,1325.1418,457342200.0
TR-044869,2025-10-11,Syracuse,Milwaukee,Dry Van,750.3,31487.0,1541.11,1500.1759,457342200.0
TR-044870,2025-10-11,Baltimore,Tampa,Dry Van,1230.6,13906.0,2345.48,2341.2217,457342200.0
TR-044871,2025-10-11,Tucson,Baton Rouge,Reefer,1453.1,17163.0,3189.26,3455.953,457342200.0
TR-044872,2025-10-11,Grand Rapids,Richmond,Dry Van,751.3,28958.0,1523.39,1464.8267,457342200.0
TR-044873,2025-10-11,Philadelphia,Indianapolis,Reefer,983.5,30697.0,2187.08,2169.8862,457342200.0
TR-044874,2025-10-11,Salt Lake City,New Orleans,Flatbed,1409.1,29262.0,2896.66,3035.2737,457342200.0
TR-044875,2025-10-11,Tulsa,Jacksonville,Flatbed,706.9,20230.0,1585.01,1597.7017,457342200.0
TR-044876,2025-10-12,Louisville,Montgomery,Dry Van,506.5,40567.0,1180.75,1144.5144,457342200.0
TR-044877,2025-10-12,Milwaukee,Raleigh,Dry Van,803.1,31989.0,1651.48,1667.8134,457342200.0
TR-044878,2025-10-12,Jacksonville,Amarillo,Dry Van,1366.6,44305.0,2915.51,2851.8289,457342200.0
TR-044879,2025-10-12,Bakersfield,Toledo,Dry Van,2146.4,40925.0,4106.96,4120.741,457342200.0
TR-044880,2025-10-12,Indianapolis,Atlanta,Reefer,369.3,25715.0,972.47,975.0148,457342200.0
TR-044881,2025-10-12,Chattanooga,Baltimore,Dry Van,951.7,24860.0,1839.31,1884.4949,457342200.0
TR-044882,2025-10-12,Milwaukee,Reno,Reefer,1833.2,35390.0,3962.35,3968.3665,457342200.0
TR-044883,2025-10-12,Los Angeles,Lubbock,Flatbed,1195.8,38709.0,2680.49,2660.0881,457342200.0
TR-044884,2025-10-12,Montgomery,Richmond,Dry Van,819.2,39379.0,1681.22,1753.3508,457342200.0
TR-044885,2025-10-12,Indianapolis,Jacksonville,Dry Van,610.2,29350.0,1312.85,1289.0607,457342200.0
TR-044886,2025-10-12,Montgomery,Nashville,Reefer,352.7,34457.0,958.68,1015.3895,457342200.0
TR-044887,2025-10-12,Toledo,Bakersfield,Dry Van,2144.2,28945.0,3864.18,3849.2666,457342200.0
TR-044888,2025-10-12,Hartford,Corpus Christi,Reefer,1854.4,22549.0,3843.11,3781.3906,457342200.0
TR-044889,2025-10-12,New York,Bakersfield,Dry Van,2755.5,17075.0,4837.8,4640.0425,457342200.0
TR-044890,2025-10-12,Grand Rapids,San Antonio,Dry Van,1415.1,35126.0,2799.64,2781.2568,457342200.0
TR-044891,2025-10-12,Shreveport,Cincinnati,Dry Van,546.7,40678.0,432.52,1213.5428,457342200.0
TR-044892,2025-10-12,Lubbock,Birmingham,Reefer,961.7,32955.0,2329.16,2189.9824,457342200.0
TR-044893,2025-10-12,Shreveport,Las Vegas,Dry Van,1578.1,45113.0,3231.04,3115.0962,457342200.0
TR-044894,2025-10-12,Cincinnati,Tulsa,Flatbed,621.0,32061.0,1505.96,1503.72,457342200.0
TR-044895,2025-10-12,Savannah,Richmond,Reefer,505.3,16687.0,1172.21,1199.7272,457342200.0
TR-044896,2025-10-12,Los Angeles,Kansas City,Flatbed,1907.0,25731.0,3753.51,3746.1873,457342200.0
TR-044897,2025-10-12,Shreveport,Milwaukee,Dry Van,638.6,46738.0,1449.56,1390.238,457342200.0
TR-044898,2025-10-12,Detroit,St. Louis,Reefer,571.6,21454.0,1316.22,1244.833,457342200.0
TR-044899,2025-10-12,New York,Greensboro,Reefer,684.5,27893.0,1556.89,1521.3811,457342200.0
TR-044900,2025-10-12,Bakersfield,San Antonio,Reefer,1329.5,43000.0,3117.01,3085.7769,457342200.0
TR-044901,2025-10-12,Birmingham,Buffalo,Dry Van,852.8,32097.0,1732.05,1739.7646,457342200.0
TR-044902,2025-10-12,Columbia,San Antonio,Dry Van,1130.2,39653.0,2452.86,2349.9958,457342200.0
TR-044903,2025-10-12,Albany,Harrisburg,Flatbed,544.6,27082.0,1167.24,1211.9127,457342200.0
TR-044904,2025-10-12,Montgomery,Chattanooga,Dry Van,339.2,29137.0,796.65,806.4137,457342200.0
TR-044905,2025-10-12,Hartford,Corpus Christi,Dry Van,1806.9,44631.0,3608.45,3465.2766,457342200.0
TR-044906,2025-10-12,Cincinnati,Syracuse,Flatbed,769.1,23180.0,1577.46,1558.4229,457342200.0
TR-044907,2025-10-12,Providence,Lexington,Reefer,989.7,24628.0,2122.59,2172.3308,457342200.0
TR-044908,2025-10-12,Tampa,Memphis,Reefer,631.5,47500.0,1620.62,1567.1919,457342200.0
TR-044909,2025-10-12,Dayton,Harrisburg,Dry Van,467.4,24324.0,974.16,1143.2695,457342200.0
TR-044910,2025-10-12,Grand Rapids,Los Angeles,Reefer,2327.0,34530.0,4812.85,4615.296,457342200.0
TR-044911,2025-10-12,Fresno,Columbia,Dry Van,2398.8,31785.0,4265.2,4441.454,457342200.0
TR-044912,2025-10-12,Greensboro,Chattanooga,Dry Van,315.5,25745.0,746.79,738.51355,457342200.0
TR-044913,2025-10-12,Providence,Grand Rapids,Reefer,1132.3,41346.0,2585.31,2513.7874,457342200.0
TR-044914,2025-10-12,Oklahoma City,Birmingham,Reefer,803.8,27085.0,1979.4,1833.9791,457342200.0
TR-044915,2025-10-12,Columbia,Cincinnati,Dry Van,329.1,35326.0,792.03,760.07184,457342200.0
TR-044916,2025-10-12,Salt Lake City,Green Bay,Reefer,1721.1,27576.0,3526.26,3526.033,457342200.0
TR-044917,2025-10-12,Shreveport,Montgomery,Flatbed,439.2,26421.0,1101.8,1096.6809,457342200.0
TR-044918,2025-10-12,Green Bay,Bakersfield,Reefer,1977.2,38426.0,4145.89,4138.9946,457342200.0
TR-044919,2025-10-12,Shreveport,Raleigh,Flatbed,1032.9,27761.0,2252.88,2221.5334,457342200.0
TR-044920,2025-10-12,Kansas City,New Orleans,Dry Van,583.3,27845.0,1295.02,1241.5294,457342200.0
TR-044921,2025-10-12,Jacksonville,Birmingham,Reefer,214.0,35628.0,629.25,738.7903,457342200.0
TR-044922,2025-10-12,Kansas City,Cincinnati,Dry Van,346.6,16102.0,766.12,756.8562,457342200.0
TR-044923,2025-10-12,Indianapolis,Bakersfield,Dry Van,1884.8,38630.0,3712.11,3658.6548,457342200.0
TR-044924,2025-10-12,Toledo,Tucson,Reefer,2012.6,39163.0,4374.85,4207.409,457342200.0
TR-044925,2025-10-12,Nashville,Phoenix,Dry Van,2007.3,35892.0,3853.08,3771.2397,457342200.0
TR-044926,2025-10-12,Tulsa,Detroit,Reefer,1111.3,37506.0,2593.74,2529.6333,457342200.0
TR-044927,2025-10-12,Green Bay,Atlanta,Reefer,774.5,25841.0,1755.06,1704.7565,457342200.0
TR-044928,2025-10-12,Savannah,Philadelphia,Dry Van,786.3,26611.0,1604.81,1535.4319,457342200.0
TR-044929,2025-10-12,Little Rock,Green Bay,Reefer,873.7,33048.0,2067.28,1957.1743,457342200.0
TR-044930,2025-10-12,Baltimore,Little Rock,Dry Van,1296.3,18740.0,2429.12,2439.9585,457342200.0
TR-044931,2025-10-12,Hartford,Baton Rouge,Dry Van,1491.6,33588.0,2897.41,2892.371,457342200.0
TR-044932,2025-10-12,San Antonio,Indianapolis,Dry Van,963.2,35854.0,2020.05,1963.2104,457342200.0
TR-044933,2025-10-12,Raleigh,Atlanta,Dry Van,580.2,17657.0,1222.18,1202.6074,457342200.0
TR-044934,2025-10-12,Lubbock,Memphis,Flatbed,850.2,41155.0,2026.79,1981.5107,457342200.0
TR-044935,2025-10-12,Grand Rapids,Albany,Flatbed,874.3,30292.0,1802.29,1826.9236,457342200.0
TR-044936,2025-10-12,Austin,Lubbock,Dry Van,70.0,34980.0,223.8,331.05704,457342200.0
TR-044937,2025-10-12,Green Bay,Boston,Reefer,1168.4,22187.0,2480.64,2499.2651,457342200.0
TR-044938,2025-10-12,Cincinnati,Kansas City,Dry Van,325.1,31039.0,775.68,742.969,457342200.0
TR-044939,2025-10-12,San Antonio,Dayton,Reefer,1196.6,36460.0,2807.38,2698.485,457342200.0
TR-044940,2025-10-12,Madison,Houston,Dry Van,935.2,21841.0,1904.64,1870.9404,457342200.0
TR-044941,2025-10-12,Tulsa,Richmond,Dry Van,1245.4,24156.0,2344.65,2460.0254,457342200.0
TR-044942,2025-10-12,Kansas City,Albany,Dry Van,1240.3,17468.0,2284.16,2353.9067,457342200.0
TR-044943,2025-10-12,Harrisburg,San Antonio,Dry Van,1546.2,22665.0,2859.94,2897.6467,457342200.0
TR-044944,2025-10-12,San Francisco,Tampa,Dry Van,2366.7,36999.0,4523.92,4406.7964,457342200.0
TR-044945,2025-10-12,Chattanooga,Las Vegas,Dry Van,1880.4,31459.0,3498.59,3613.4773,457342200.0
TR-044946,2025-10-12,Greensboro,San Francisco,Flatbed,2516.0,21997.0,4783.76,4686.999,457342200.0
TR-044947,2025-10-12,Buffalo,San Antonio,Reefer,1555.5,32844.0,3322.62,3419.2268,457342200.0
TR-044948,2025-10-12,Milwaukee,Baltimore,Reefer,1011.9,25367.0,2199.27,2201.8518,457342200.0
TR-044949,2025-10-12,Baton Rouge,Charleston,Reefer,938.8,30950.0,2202.28,2171.3525,457342200.0
TR-044950,2025-10-12,Fort Wayne,Reno,Dry Van,2057.2,34074.0,3819.25,3763.962,457342200.0
TR-044951,2025-10-12,Charleston,Bakersfield,Dry Van,2411.9,26416.0,4442.15,4406.9844,457342200.0
TR-044952,2025-10-12,Tucson,Amarillo,Reefer,644.1,28750.0,1592.63,1568.7156,457342200.0
TR-044953,2025-10-12,Salt Lake City,Phoenix,Reefer,557.5,28780.0,1353.73,1339.4559,457342200.0
TR-044954,2025-10-12,Kansas City,El Paso,Flatbed,1344.7,42434.0,3049.31,3015.185,457342200.0
TR-044955,2025-10-12,Indianapolis,San Antonio,Dry Van,970.6,30544.0,2060.7,1969.1348,457342200.0
TR-044956,2025-10-12,Mobile,Greensboro,Dry Van,501.8,16102.0,1090.6,1079.3652,457342200.0
TR-044957,2025-10-12,Richmond,Nashville,Dry Van,779.1,36319.0,1665.24,1655.8275,457342200.0
TR-044958,2025-10-12,Bakersfield,Syracuse,Dry Van,2634.3,33289.0,4609.39,4709.634,457342200.0
TR-044959,2025-10-12,Richmond,Atlanta,Dry Van,700.4,38622.0,1524.44,1472.3567,457342200.0
TR-044960,2025-10-12,Little Rock,Austin,Flatbed,647.5,40196.0,1626.35,1571.4161,457342200.0
TR-044961,2025-10-12,San Antonio,Montgomery,Flatbed,861.6,27777.0,1981.41,1906.9258,457342200.0
TR-044962,2025-10-12,New York,Baltimore,Flatbed,179.4,34574.0,502.61,539.229,457342200.0
TR-044963,2025-10-12,Amarillo,Austin,Dry Van,445.0,21597.0,1050.72,1042.188,457342200.0
TR-044964,2025-10-12,Hartford,Albuquerque,Dry Van,2347.0,21837.0,4121.83,4179.3906,457342200.0
TR-044965,2025-10-12,New Orleans,Fort Wayne,Dry Van,859.5,33579.0,1868.9,1776.1738,457342200.0
TR-044966,2025-10-12,Tucson,Kansas City,Dry Van,1576.7,31604.0,3120.57,3035.346,457342200.0
TR-044967,2025-10-12,Detroit,Dayton,Reefer,326.2,30540.0,818.7,826.69305,457342200.0
TR-044968,2025-10-12,Greensboro,Baltimore,Flatbed,668.0,32402.0,1487.88,1462.57,457342200.0
TR-044969,2025-10-12,Chattanooga,Mobile,Flatbed,311.9,47354.0,849.59,968.3126,457342200.0
TR-044970,2025-10-12,Syracuse,Corpus Christi,Reefer,1608.0,30924.0,3464.77,3478.7778,457342200.0
TR-044971,2025-10-12,New York,New Orleans,Dry Van,1357.4,15156.0,2384.04,2549.838,457342200.0
TR-044972,2025-10-12,Fresno,Buffalo,Dry Van,2666.9,25860.0,4665.83,4723.0273,457342200.0
TR-044973,2025-10-12,Detroit,Bakersfield,Dry Van,2269.7,45396.0,4210.88,4261.655,457342200.0
TR-044974,2025-10-12,El Paso,Albuquerque,Flatbed,208.3,33388.0,593.57,682.7973,457342200.0
TR-044975,2025-10-12,Albany,Amarillo,Dry Van,2291.8,38341.0,4123.49,4343.7896,457342200.0
TR-044976,2025-10-12,Birmingham,Cincinnati,Dry Van,322.1,37570.0,786.08,766.4618,457342200.0
TR-044977,2025-10-12,Richmond,Columbia,Dry Van,525.9,29238.0,1089.89,1123.8193,457342200.0
TR-044978,2025-10-12,Atlanta,Bakersfield,Dry Van,2052.3,39661.0,3945.78,3823.8738,457342200.0
TR-044979,2025-10-12,El Paso,Birmingham,Reefer,1598.2,26384.0,3500.91,3324.315,457342200.0
TR-044980,2025-10-12,Birmingham,Baltimore,Dry Van,1019.8,36583.0,2147.73,2078.8137,457342200.0
TR-044981,2025-10-12,Detroit,Harrisburg,Dry Van,489.0,23727.0,983.62,1003.86127,457342200.0
TR-044982,2025-10-12,Savannah,Boston,Reefer,948.6,32810.0,2081.43,2106.221,457342200.0
TR-044983,2025-10-12,Richmond,Fort Wayne,Reefer,612.5,38633.0,313.05,1454.379,457342200.0
TR-044984,2025-10-12,Lexington,Washington,Reefer,560.4,47500.0,1381.56,1406.1644,457342200.0
TR-044985,2025-10-12,Lexington,Cincinnati,Dry Van,128.4,33431.0,352.69,403.37375,457342200.0
TR-044986,2025-10-12,Kansas City,Richmond,Dry Van,921.1,28919.0,1775.61,1802.1732,457342200.0
TR-044987,2025-10-12,Amarillo,Grand Rapids,Dry Van,1385.1,37725.0,2815.42,2762.3374,457342200.0
TR-044988,2025-10-12,Austin,Madison,Dry Van,1184.3,26906.0,2413.61,2319.964,457342200.0
TR-044989,2025-10-12,Montgomery,Richmond,Dry Van,809.7,29645.0,1658.07,1669.2433,457342200.0
TR-044990,2025-10-12,Savannah,Grand Rapids,Flatbed,850.6,30927.0,1805.16,1835.9498,457342200.0
TR-044991,2025-10-12,Milwaukee,San Antonio,Reefer,1044.0,46222.0,2588.9,2434.343,457342200.0
TR-044992,2025-10-12,Baton Rouge,Buffalo,Dry Van,1272.4,23123.0,2366.64,2405.8713,457342200.0
TR-044993,2025-10-12,Toledo,New York,Dry Van,686.5,44620.0,1431.36,1423.3175,457342200.0
TR-044994,2025-10-12,Buffalo,New York,Reefer,350.6,26381.0,864.2,879.61084,457342200.0
TR-044995,2025-10-12,Tampa,Atlanta,Dry Van,523.5,27955.0,1150.82,1139.6729,457342200.0
TR-044996,2025-10-12,Charleston,Los Angeles,Flatbed,2571.0,25884.0,4984.52,4872.912,457342200.0
TR-044997,2025-10-12,Albuquerque,Chattanooga,Reefer,1497.1,27197.0,3322.65,3186.9458,457342200.0
TR-044998,2025-10-12,Cincinnati,Mobile,Dry Van,456.0,45409.0,1079.12,1072.9568,457342200.0
TR-044999,2025-10-12,Baton Rouge,Fresno,Reefer,1812.2,31237.0,3867.4,3904.1282,457342200.0
TR-045000,2025-10-12,Birmingham,Lexington,Reefer,334.0,37962.0,945.35,961.1361,457342200.0
TR-045001,2025-10-12,Las Vegas,Boston,Flatbed,2879.7,34110.0,5730.73,5724.1895,457342200.0
TR-045002,2025-10-12,Kansas City,Amarillo,Reefer,1041.5,19017.0,2294.83,2272.799,457342200.0
TR-045003,2025-10-12,Richmond,Cincinnati,Dry Van,648.8,29905.0,1383.94,1348.0525,457342200.0
TR-045004,2025-10-12,Richmond,San Antonio,Dry Van,1620.9,29833.0,3086.31,3098.5352,457342200.0
TR-045005,2025-10-12,Cincinnati,Albany,Reefer,1103.4,31009.0,2404.85,2399.4104,457342200.0
TR-045006,2025-10-12,Oklahoma City,Amarillo,Dry Van,423.7,15744.0,986.83,953.4626,457342200.0
TR-045007,2025-10-12,San Francisco,Memphis,Reefer,2015.4,36671.0,4289.52,4283.6284,457342200.0
TR-045008,2025-10-12,Atlanta,Savannah,Reefer,295.8,43692.0,841.8,922.58044,457342200.0
TR-045009,2025-10-12,Mobile,Fort Wayne,Dry Van,766.3,34632.0,1618.21,1591.4531,457342200.0
TR-045010,2025-10-12,Columbia,Cincinnati,Dry Van,315.4,27471.0,754.57,737.6553,457342200.0
TR-045011,2025-10-12,Louisville,Phoenix,Dry Van,2007.3,28091.0,3683.59,3696.173,457342200.0
TR-045012,2025-10-12,Cincinnati,Mobile,Dry Van,471.7,26733.0,1055.09,1026.8296,457342200.0
TR-045013,2025-10-12,Albuquerque,Green Bay,Dry Van,1547.1,11351.0,2762.18,2863.7932,457342200.0
TR-045014,2025-10-12,San Antonio,Nashville,Reefer,863.8,35906.0,2187.12,2035.1233,457342200.0
TR-045015,2025-10-12,Oklahoma City,Toledo,Dry Van,1230.9,24736.0,2335.28,2375.9448,457342200.0
TR-045016,2025-10-12,Raleigh,Houston,Dry Van,1244.3,45141.0,2617.89,2548.8347,457342200.0
TR-045017,2025-10-12,Hartford,Lexington,Flatbed,839.3,36134.0,1872.51,1853.7385,457342200.0
TR-045018,2025-10-12,Boston,Green Bay,Dry Van,1172.6,38577.0,2281.0,2400.182,457342200.0
TR-045019,2025-10-12,San Francisco,Lubbock,Dry Van,1553.7,22160.0,3022.71,2923.5603,457342200.0
TR-045020,2025-10-12,Jacksonville,Lubbock,Reefer,1091.3,22389.0,2392.62,2405.632,457342200.0
TR-045021,2025-10-12,Bakersfield,Amarillo,Dry Van,828.4,25468.0,1658.02,1709.3212,457342200.0
TR-045022,2025-10-12,Jacksonville,Reno,Flatbed,2304.8,32119.0,1384.9,4471.6187,457342200.0
TR-045023,2025-10-12,Tampa,Albuquerque,Flatbed,1670.1,18116.0,3319.48,3286.5525,457342200.0
TR-045024,2025-10-12,Kansas City,Lexington,Reefer,433.4,44130.0,3362.18,1102.3729,457342200.0
TR-045025,2025-10-12,Buffalo,Grand Rapids,Dry Van,492.9,33290.0,1067.05,1025.073,457342200.0
TR-045026,2025-10-12,Reno,Kansas City,Reefer,1675.4,23375.0,3341.53,3496.0105,457342200.0
TR-045027,2025-10-12,Lubbock,Dayton,Reefer,1246.6,28068.0,2778.71,2755.363,457342200.0
TR-045028,2025-10-12,Savannah,New York,Dry Van,763.0,28968.0,1565.85,1509.4088,457342200.0
TR-045029,2025-10-12,Amarillo,Lexington,Dry Van,1349.9,27061.0,2688.28,2670.8267,457342200.0
TR-045030,2025-10-12,Syracuse,Grand Rapids,Flatbed,563.3,12069.0,1216.24,1201.9388,457342200.0
TR-045031,2025-10-12,Las Vegas,San Antonio,Dry Van,1221.9,36409.0,2555.23,2485.6064,457342200.0
TR-045032,2025-10-13,Reno,Boston,Dry Van,3062.2,27344.0,5345.38,5333.2974,457342200.0
TR-045033,2025-10-13,Nashville,Philadelphia,Reefer,1029.6,30549.0,2284.89,2245.3057,457342200.0
TR-045034,2025-10-13,Grand Rapids,Fort Wayne,Dry Van,204.2,43588.0,514.9,500.5993,457342200.0
TR-045035,2025-10-13,Philadelphia,Little Rock,Dry Van,1312.8,28767.0,2543.97,2540.2551,457342200.0
TR-045036,2025-10-13,Greensboro,Detroit,Flatbed,633.1,32057.0,1451.04,1411.9114,457342200.0
TR-045037,2025-10-13,Detroit,Lexington,Reefer,556.7,36519.0,1369.27,1319.1888,457342200.0
TR-045038,2025-10-13,Philadelphia,Shreveport,Dry Van,1367.9,26359.0,2571.86,2665.3604,457342200.0
TR-045039,2025-10-13,Bakersfield,Columbia,Dry Van,2180.1,19147.0,3988.55,3939.5186,457342200.0
TR-045040,2025-10-13,Atlanta,Greensboro,Dry Van,268.3,15713.0,638.18,626.5836,457342200.0
TR-045041,2025-10-13,Los Angeles,Shreveport,Dry Van,1765.1,36624.0,3640.18,3436.4429,457342200.0
TR-045042,2025-10-13,Shreveport,Tampa,Flatbed,534.2,34681.0,1355.62,1384.7043,457342200.0
TR-045043,2025-10-13,Milwaukee,Bakersfield,Flatbed,1878.1,30962.0,3927.57,3856.8555,457342200.0
TR-045044,2025-10-13,Charleston,Tucson,Dry Van,2311.7,39841.0,4503.52,4478.443,457342200.0
TR-045045,2025-10-13,Harrisburg,Memphis,Flatbed,826.2,34822.0,1849.17,1840.791,457342200.0
TR-045046,2025-10-13,Tampa,San Francisco,Flatbed,2471.3,28605.0,4879.94,4667.3364,457342200.0
TR-045047,2025-10-13,Little Rock,Philadelphia,Dry Van,1299.7,42290.0,2605.57,2591.0618,457342200.0
TR-045048,2025-10-13,Hartford,St. Louis,Reefer,1119.3,29056.0,2474.28,2414.519,457342200.0
TR-045049,2025-10-13,Amarillo,Columbia,Dry Van,1401.3,22573.0,2777.82,2731.919,457342200.0
TR-045050,2025-10-13,Los Angeles,Chattanooga,Dry Van,2086.2,24570.0,3819.0,3727.4446,457342200.0
TR-045051,2025-10-13,Tucson,Louisville,Reefer,1828.1,34387.0,3824.2,3891.3557,457342200.0
TR-045052,2025-10-13,Harrisburg,Las Vegas,Reefer,2442.4,30742.0,4974.03,4821.6777,457342200.0
TR-045053,2025-10-13,Oklahoma City,Austin,Reefer,229.4,47500.0,700.87,772.0524,457342200.0
TR-045054,2025-10-13,Grand Rapids,Oklahoma City,Dry Van,1214.7,22810.0,2315.28,2351.6157,457342200.0
TR-045055,2025-10-13,Detroit,Little Rock,Dry Van,898.1,26964.0,1829.25,1777.6018,457342200.0
TR-045056,2025-10-13,Hartford,Dallas,Dry Van,1602.4,30192.0,3162.14,3031.841,457342200.0
TR-045057,2025-10-13,Mobile,Lexington,Dry Van,496.9,29377.0,1143.08,1082.1447,457342200.0
TR-045058,2025-10-13,Milwaukee,Louisville,Dry Van,199.9,36758.0,519.54,514.9454,457342200.0
TR-045059,2025-10-13,Oklahoma City,Fresno,Dry Van,1450.0,43351.0,3007.71,2939.0137,457342200.0
TR-045060,2025-10-13,Raleigh,Columbia,Reefer,420.9,29726.0,183.77,1068.1414,457342200.0
TR-045061,2025-10-13,Savannah,Jacksonville,Reefer,220.1,28716.0,627.77,720.97534,457342200.0
TR-045062,2025-10-13,San Antonio,Mobile,Dry Van,741.5,27915.0,1637.63,1529.9391,457342200.0
TR-045063,2025-10-13,Atlanta,Cincinnati,Reefer,214.6,33294.0,614.9,714.2362,457342200.0
TR-045064,2025-10-13,Lexington,Memphis,Dry Van,317.0,26879.0,742.08,791.762,457342200.0
TR-045065,2025-10-13,Mobile,Phoenix,Dry Van,1932.6,41030.0,3874.45,4210.5913,457342200.0
TR-045066,2025-10-13,Albany,Tucson,Dry Van,2869.2,33849.0,5162.77,5156.4707,457342200.0
TR-045067,2025-10-13,New York,Lexington,Dry Van,751.7,23931.0,1471.76,1468.7928,457342200.0
TR-045068,2025-10-13,Baton Rouge,Houston,Dry Van,168.4,35451.0,477.88,508.14636,457342200.0
TR-045069,2025-10-13,Los Angeles,Fresno,Flatbed,431.5,39757.0,1067.9,1113.6257,457342200.0
TR-045070,2025-10-13,Shreveport,Albany,Dry Van,1600.5,28578.0,3050.52,2973.3455,457342200.0
TR-045071,2025-10-13,El Paso,Kansas City,Dry Van,1297.6,39105.0,2695.24,2680.4963,457342200.0
TR-045072,2025-10-13,Hartford,Memphis,Dry Van,1161.0,31036.0,2331.4,2461.2913,457342200.0
TR-045073,2025-10-13,Little Rock,Baton Rouge,Dry Van,321.9,18116.0,778.13,739.2882,457342200.0
TR-045074,2025-10-13,Tampa,Buffalo,Dry Van,1205.1,31332.0,2334.39,2396.436,457342200.0
TR-045075,2025-10-13,Nashville,Lexington,Dry Van,254.7,47500.0,679.14,715.7077,457342200.0
TR-045076,2025-10-13,Louisville,Montgomery,Flatbed,522.6,40628.0,1291.98,1306.2335,457342200.0
TR-045077,2025-10-13,Nashville,Buffalo,Dry Van,783.8,40240.0,1628.59,1624.287,457342200.0
TR-045078,2025-10-13,Bakersfield,Albany,Reefer,2947.1,32283.0,5863.45,5955.697,457342200.0
TR-045079,2025-10-13,Indianapolis,Montgomery,Dry Van,619.7,37563.0,1337.68,1333.2959,457342200.0
TR-045080,2025-10-13,Albany,Boston,Flatbed,394.7,29766.0,931.92,902.3218,457342200.0
TR-045081,2025-10-13,Milwaukee,Bakersfield,Reefer,1859.8,36224.0,4140.0,4000.0967,457342200.0
TR-045082,2025-10-13,Philadelphia,Houston,Reefer,1597.1,47500.0,3580.57,3603.1199,457342200.0
TR-045083,2025-10-13,Richmond,Mobile,Dry Van,936.9,47012.0,2047.91,2001.987,457342200.0
TR-045084,2025-10-13,Mobile,Philadelphia,Dry Van,1183.2,34823.0,2338.47,2414.6252,457342200.0
TR-045085,2025-10-13,San Antonio,Austin,Reefer,113.9,27649.0,372.04,441.59802,457342200.0
TR-045086,2025-10-13,Bakersfield,Jacksonville,Flatbed,2183.1,31245.0,4530.94,4310.5225,457342200.0
TR-045087,2025-10-13,Birmingham,Cincinnati,Reefer,307.6,41013.0,861.67,932.61066,457342200.0
TR-045088,2025-10-13,Savannah,Reno,Flatbed,2440.7,28310.0,4729.73,4588.4385,457342200.0
TR-045089,2025-10-13,Toledo,Reno,Dry Van,2104.6,31134.0,3758.58,3748.4854,457342200.0
TR-045090,2025-10-13,Dayton,San Antonio,Reefer,1177.9,30736.0,2652.84,2632.95,457342200.0
TR-045091,2025-10-13,Milwaukee,Kansas City,Dry Van,184.1,41354.0,507.81,474.48117,457342200.0
TR-045092,2025-10-13,Fresno,Milwaukee,Reefer,2075.6,37838.0,4601.77,4297.3164,457342200.0
TR-045093,2025-10-13,Shreveport,Montgomery,Dry Van,442.2,28482.0,1045.18,1026.4757,457342200.0
TR-045094,2025-10-13,Indianapolis,Philadelphia,Reefer,1032.2,38775.0,2337.81,2296.911,457342200.0
TR-045095,2025-10-13,Buffalo,Amarillo,Dry Van,1758.3,23595.0,3264.47,3337.0757,457342200.0
TR-045096,2025-10-13,Nashville,Phoenix,Dry Van,1950.6,24972.0,3551.29,3642.9023,457342200.0
TR-045097,2025-10-13,Baton Rouge,Nashville,Dry Van,523.4,27969.0,1176.17,1147.711,457342200.0
TR-045098,2025-10-13,Birmingham,Reno,Dry Van,2173.4,17836.0,3810.77,3869.0696,457342200.0
TR-045099,2025-10-13,Baton Rouge,Birmingham,Dry Van,475.1,25365.0,1086.76,1075.8116,457342200.0
TR-045100,2025-10-13,Mobile,Dayton,Dry Van,706.5,39675.0,1564.31,1500.1901,457342200.0
TR-045101,2025-10-13,Bakersfield,Greensboro,Dry Van,2305.2,47023.0,4398.08,4454.9287,457342200.0
TR-045102,2025-10-13,Hartford,Little Rock,Dry Van,1364.1,20708.0,2582.85,2975.2153,457342200.0
TR-045103,2025-10-13,Oklahoma City,Indianapolis,Dry Van,830.3,21894.0,1736.01,1702.8307,457342200.0
TR-045104,2025-10-13,Lexington,El Paso,Reefer,1704.1,15913.0,3530.07,3496.7075,457342200.0
TR-045105,2025-10-13,Atlanta,Philadelphia,Dry Van,937.9,24713.0,1887.2,1862.7743,457342200.0
TR-045106,2025-10-13,Philadelphia,Nashville,Dry Van,1015.5,34172.0,2038.66,2051.8877,457342200.0
TR-045107,2025-10-13,St. Louis,Detroit,Dry Van,558.6,28458.0,1147.88,1150.3767,457342200.0
TR-045108,2025-10-13,Albany,Nashville,Reefer,1241.1,32307.0,2699.37,2714.7861,457342200.0
TR-045109,2025-10-13,Green Bay,Los Angeles,Reefer,2296.3,29605.0,4629.26,4553.7534,457342200.0
TR-045110,2025-10-13,Grand Rapids,Jacksonville,Flatbed,911.4,38327.0,1925.69,1975.004,457342200.0
TR-045111,2025-10-13,Albany,Memphis,Dry Van,1327.6,32278.0,2573.36,2570.0781,457342200.0
TR-045112,2025-10-13,Fresno,Amarillo,Reefer,1038.1,37416.0,2479.0,2443.5164,457342200.0
TR-045113,2025-10-13,Lubbock,New Orleans,Dry Van,589.9,39747.0,1408.07,1367.0076,457342200.0
TR-045114,2025-10-13,Baltimore,Los Angeles,Dry Van,3011.9,34946.0,5515.8,5373.62,457342200.0
TR-045115,2025-10-13,Tampa,San Francisco,Reefer,2487.1,28328.0,4991.89,4933.964,457342200.0
TR-045116,2025-10-13,Fresno,Buffalo,Dry Van,2690.8,28267.0,4805.58,4757.797,457342200.0
TR-045117,2025-10-13,Charleston,Lubbock,Dry Van,1425.4,31839.0,2895.96,2928.2083,457342200.0
TR-045118,2025-10-13,Mobile,Corpus Christi,Reefer,602.2,25985.0,1542.88,1502.4639,457342200.0
TR-045119,2025-10-13,Hartford,Albany,Reefer,380.2,34276.0,928.48,901.39484,457342200.0
TR-045120,2025-10-13,El Paso,Oklahoma City,Dry Van,790.6,25113.0,1624.97,1635.0758,457342200.0
TR-045121,2025-10-13,Oklahoma City,Albuquerque,Reefer,769.0,26670.0,1854.11,1767.8428,457342200.0
TR-045122,2025-10-13,San Francisco,Kansas City,Dry Van,1979.1,17453.0,3627.39,3573.9072,457342200.0
TR-045123,2025-10-13,Amarillo,Toledo,Flatbed,1482.9,21194.0,2959.16,2934.35,457342200.0
TR-045124,2025-10-13,El Paso,Corpus Christi,Reefer,1057.2,34491.0,2495.79,2445.8496,457342200.0
TR-045125,2025-10-13,Oklahoma City,New Orleans,Reefer,443.2,22149.0,1162.83,1180.0411,457342200.0
TR-045126,2025-10-13,Syracuse,Milwaukee,Flatbed,753.5,30194.0,1607.11,1617.5787,457342200.0
TR-045127,2025-10-13,Bakersfield,Madison,Dry Van,1806.8,23759.0,3303.37,3278.8535,457342200.0
TR-045128,2025-10-13,Indianapolis,Greensboro,Flatbed,467.5,27721.0,1117.74,1114.5563,457342200.0
TR-045129,2025-10-13,Memphis,Phoenix,Flatbed,1839.1,40504.0,3823.1,3825.9802,457342200.0
TR-045130,2025-10-13,Indianapolis,Green Bay,Reefer,483.9,24599.0,1153.36,1130.7891,457342200.0
TR-045131,2025-10-13,Fresno,Boston,Flatbed,3189.1,34212.0,6251.85,6158.4023,457342200.0
TR-045132,2025-10-13,Mobile,El Paso,Dry Van,1521.5,35589.0,3069.85,2964.4177,457342200.0
TR-045133,2025-10-13,Baton Rouge,Green Bay,Reefer,1188.3,26505.0,2719.91,2582.6226,457342200.0
TR-045134,2025-10-13,Jacksonville,Tampa,Flatbed,360.1,38318.0,944.34,970.7305,457342200.0
TR-045135,2025-10-13,Shreveport,New York,Reefer,1358.6,34340.0,3009.58,2986.6633,457342200.0
TR-045136,2025-10-13,Tucson,Lubbock,Dry Van,953.5,47500.0,2065.35,2039.0369,457342200.0
TR-045137,2025-10-13,Grand Rapids,Birmingham,Flatbed,818.2,17522.0,1701.25,1731.4707,457342200.0
TR-045138,2025-10-13,Milwaukee,Cincinnati,Dry Van,239.7,28663.0,589.41,593.85126,457342200.0
TR-045139,2025-10-13,Los Angeles,Mobile,Flatbed,1950.8,34579.0,4187.86,4210.705,457342200.0
TR-045140,2025-10-13,Tucson,Atlanta,Dry Van,1841.1,22292.0,3426.52,3507.0837,457342200.0
TR-045141,2025-10-13,Kansas City,Little Rock,Dry Van,416.4,44112.0,1003.29,973.9445,457342200.0
TR-045142,2025-10-13,Los Angeles,Bakersfield,Dry Van,395.0,-39628.0,949.32,958.24,457342200.0
TR-045143,2025-10-13,Phoenix,Bakersfield,Dry Van,384.6,41646.0,908.3,914.1837,457342200.0
TR-045144,2025-10-13,Corpus Christi,Amarillo,Dry Van,702.7,36136.0,1653.52,1574.0009,457342200.0
TR-045145,2025-10-13,Columbia,Phoenix,Dry Van,2181.6,21494.0,3991.15,3947.074,457342200.0
TR-045146,2025-10-13,Lubbock,Baton Rouge,Dry Van,502.3,38257.0,1210.01,1172.8494,457342200.0
TR-045147,2025-10-13,Amarillo,Tampa,Flatbed,1278.3,25961.0,2705.75,2654.1519,457342200.0
TR-045148,2025-10-13,Philadelphia,Amarillo,Flatbed,2057.2,41922.0,4211.86,4144.348,457342200.0
TR-045149,2025-10-13,Baton Rouge,San Francisco,Dry Van,1947.8,33380.0,3885.41,3706.3413,457342200.0
TR-045150,2025-10-13,Syracuse,Phoenix,Dry Van,2729.1,,4872.9,4639.3843,457342200.0
TR-045151,2025-10-13,Fort Wayne,Hartford,Dry Van,804.1,17847.0,1557.7,1538.132,457342200.0
TR-045152,2025-10-13,Grand Rapids,Tulsa,Reefer,983.8,40659.0,2345.5,2261.2883,457342200.0
TR-045153,2025-10-13,New York,Lexington,Reefer,788.7,32555.0,1810.54,1764.1598,457342200.0
TR-045154,2025-10-13,Corpus Christi,Los Angeles,Dry Van,1496.3,33711.0,2950.89,2925.8691,457342200.0
TR-045155,2025-10-13,Richmond,Columbia,Dry Van,521.8,29348.0,1109.09,1123.8073,457342200.0
TR-045156,2025-10-13,Richmond,Bakersfield,Dry Van,2648.2,37487.0,5016.22,4914.839,457342200.0
TR-045157,2025-10-13,St. Louis,Chattanooga,Dry Van,302.1,30007.0,718.33,710.137,457342200.0
TR-045158,2025-10-13,Buffalo,Little Rock,Dry Van,1060.0,22080.0,2128.49,2083.5342,457342200.0
TR-045159,2025-10-13,Oklahoma City,Mobile,Flatbed,719.4,19282.0,1654.44,1633.4226,457342200.0
TR-045160,2025-10-13,Hartford,Houston,Reefer,1683.0,31565.0,3596.69,3609.8186,457342200.0
TR-045161,2025-10-13,Philadelphia,Indianapolis,Dry Van,999.8,22038.0,1892.28,1957.3248,457342200.0
TR-045162,2025-10-13,Green Bay,Chattanooga,Dry Van,742.3,24461.0,1498.67,1441.7142,457342200.0
TR-045163,2025-10-13,Columbia,Grand Rapids,Dry Van,739.8,26384.0,1447.88,1426.4299,457342200.0
TR-045164,2025-10-13,New Orleans,Grand Rapids,Dry Van,939.5,28171.0,1947.82,1895.367,457342200.0
TR-045165,2025-10-13,Oklahoma City,Atlanta,Dry Van,866.0,29327.0,1811.29,1808.4165,457342200.0
TR-045166,2025-10-13,Baton Rouge,Corpus Christi,Dry Van,279.8,21438.0,696.61,671.52277,457342200.0
TR-045167,2025-10-13,Toledo,Mobile,Flatbed,878.4,25764.0,1829.6,1871.8499,457342200.0
TR-045168,2025-10-13,Lexington,Atlanta,Dry Van,217.6,7040.0,531.39,545.9414,457342200.0
TR-045169,2025-10-13,Mobile,Kansas City,Dry Van,669.1,45398.0,1498.22,1434.3547,457342200.0
TR-045170,2025-10-13,Greensboro,Reno,Dry Van,2297.0,27765.0,4134.92,4208.0938,457342200.0
TR-045171,2025-10-13,Little Rock,El Paso,Dry Van,1214.1,32122.0,2469.17,2455.3804,457342200.0
TR-045172,2025-10-13,Richmond,Greensboro,Reefer,449.2,38505.0,1165.84,1118.4728,457342200.0
TR-045173,2025-10-13,Green Bay,Baton Rouge,Dry Van,1172.1,30868.0,2342.66,2385.591,457342200.0
TR-045174,2025-10-13,Corpus Christi,Atlanta,Dry Van,832.1,47500.0,7004.3,1837.022,457342200.0
TR-045175,2025-10-13,Houston,Nashville,Reefer,590.4,30511.0,1481.4,1503.9362,457342200.0
TR-045176,2025-10-13,Toledo,Mobile,Flatbed,839.3,24117.0,1803.73,1791.1041,457342200.0
TR-045177,2025-10-13,Kansas City,Montgomery,Flatbed,720.9,28475.0,1619.19,1573.3896,457342200.0
TR-045178,2025-10-13,Savannah,Buffalo,Flatbed,682.2,38888.0,1540.17,1554.0919,457342200.0
TR-045179,2025-10-13,Grand Rapids,Raleigh,Dry Van,858.0,20233.0,1688.42,1677.889,457342200.0
TR-045180,2025-10-13,Tulsa,Bakersfield,Dry Van,1458.9,35069.0,2903.7,2898.1377,457342200.0
TR-045181,2025-10-13,Birmingham,Amarillo,Dry Van,1199.0,26456.0,2351.62,2389.2993,457342200.0
TR-045182,2025-10-13,Chattanooga,Atlanta,Dry Van,95.5,37977.0,275.01,385.137,457342200.0
TR-045183,2025-10-13,Los Angeles,Syracuse,Reefer,2818.8,36904.0,5708.0,7644.9956,457342200.0
TR-045184,2025-10-13,Jacksonville,Montgomery,Dry Van,138.6,35793.0,388.7,428.4595,457342200.0
TR-045185,2025-10-13,Oklahoma City,Birmingham,Reefer,810.5,47500.0,2101.26,1981.7542,457342200.0
TR-045186,2025-10-13,Madison,San Francisco,Dry Van,2091.2,31069.0,3914.01,3770.9888,457342200.0
TR-045187,2025-10-13,Green Bay,Kansas City,Dry Van,476.7,31701.0,1027.96,1021.2461,457342200.0
TR-045188,2025-10-13,Kansas City,Buffalo,Dry Van,802.7,34129.0,1649.6,1644.1462,457342200.0
TR-045189,2025-10-13,Austin,Amarillo,Flatbed,450.5,34585.0,1181.37,1152.1357,457342200.0
TR-045190,2025-10-14,Lubbock,Columbia,Reefer,1200.7,27040.0,2777.11,2656.1328,457342200.0
TR-045191,2025-10-14,Lexington,Dallas,Reefer,751.7,25833.0,1786.77,1751.769,457342200.0
TR-045192,2025-10-14,Indianapolis,Mobile,Dry Van,556.5,27922.0,1211.92,1194.7991,457342200.0
TR-045193,2025-10-14,Atlanta,New York,Dry Van,898.9,38650.0,1880.41,1832.6044,457342200.0
TR-045194,2025-10-14,Atlanta,Albany,Reefer,1149.3,24063.0,2469.79,2501.5823,457342200.0
TR-045195,2025-10-14,Kansas City,Albany,Dry Van,1257.7,32221.0,2463.58,2528.8137,457342200.0
TR-045196,2025-10-14,Syracuse,Richmond,Dry Van,395.5,26865.0,839.33,861.61176,457342200.0
TR-045197,2025-10-14,Tulsa,Shreveport,Reefer,207.9,,603.72,764.8249,457342200.0
TR-045198,2025-10-14,Kansas City,Lubbock,Reefer,1005.2,24878.0,2240.31,2260.3557,457342200.0
TR-045199,2025-10-14,Bakersfield,Richmond,Reefer,2563.3,41739.0,5388.1,5268.8716,457342200.0
TR-045200,2025-10-14,Atlanta,Charleston,Dry Van,452.9,32643.0,1046.59,1031.161,457342200.0
TR-045201,2025-10-14,Tucson,Little Rock,Dry Van,1498.1,37680.0,3073.46,2984.4575,457342200.0
TR-045202,2025-10-14,Phoenix,San Francisco,Dry Van,671.9,41479.0,1475.73,1459.8597,457342200.0
TR-045203,2025-10-14,Green Bay,Houston,Flatbed,1218.3,42782.0,2723.01,3032.2822,457342200.0
TR-045204,2025-10-14,Mobile,Boston,Dry Van,1359.3,41592.0,2826.14,3235.2852,457342200.0
TR-045205,2025-10-14,Albany,Madison,Dry Van,1115.9,30730.0,2164.07,2224.886,457342200.0
TR-045206,2025-10-14,Syracuse,Baton Rouge,Dry Van,1446.5,32332.0,2844.66,2764.0623,457342200.0
TR-045207,2025-10-14,New York,Los Angeles,Flatbed,2910.9,32638.0,5648.65,5511.811,457342200.0
TR-045208,2025-10-14,Green Bay,El Paso,Dry Van,1598.5,28229.0,2990.4,2992.9072,457342200.0
TR-045209,2025-10-14,Philadelphia,Albany,Dry Van,431.7,33827.0,924.87,950.84845,457342200.0
TR-045210,2025-10-14,Shreveport,Oklahoma City,Reefer,444.6,40031.0,1277.01,1185.5466,457342200.0
TR-045211,2025-10-14,Bakersfield,Memphis,Dry Van,1805.5,25246.0,3408.35,3351.1768,457342200.0
TR-045212,2025-10-14,Albuquerque,Bakersfield,Flatbed,523.1,33853.0,1262.44,1292.0768,457342200.0
TR-045213,2025-10-14,Oklahoma City,Chattanooga,Flatbed,856.1,37214.0,2066.58,1973.5507,457342200.0
TR-045214,2025-10-14,Phoenix,Mobile,Reefer,1957.0,32081.0,4318.52,4123.3755,457342200.0
TR-045215,2025-10-14,Louisville,Tampa,Reefer,746.2,19646.0,1743.83,1663.9365,457342200.0
TR-045216,2025-10-14,Atlanta,Buffalo,Dry Van,758.9,27352.0,1511.26,1497.4485,457342200.0
TR-045217,2025-10-14,Jacksonville,Baton Rouge,Dry Van,583.0,36040.0,1343.75,1335.2495,457342200.0
TR-045218,2025-10-14,Raleigh,Syracuse,Dry Van,613.4,30127.0,1285.24,1281.9233,457342200.0
TR-045219,2025-10-14,Fresno,Shreveport,Reefer,1869.2,33822.0,4291.19,4032.4963,457342200.0
TR-045220,2025-10-14,Lexington,Tucson,Reefer,1926.1,27171.0,4115.08,3980.6765,457342200.0
TR-045221,2025-10-14,Little Rock,Reno,Dry Van,1732.1,9614.0,3166.71,3131.6377,457342200.0
TR-045222,2025-10-14,Corpus Christi,Little Rock,Reefer,560.3,21403.0,1432.87,1429.3417,457342200.0
TR-045223,2025-10-14,Charleston,San Francisco,Flatbed,2698.0,23913.0,5133.96,4966.6313,457342200.0
TR-045224,2025-10-14,Albany,Shreveport,Dry Van,1610.8,33359.0,3217.94,3224.8186,457342200.0
TR-045225,2025-10-14,Phoenix,Jacksonville,Reefer,2232.9,39543.0,4875.19,4827.9404,457342200.0
TR-045226,2025-10-14,Oklahoma City,Tucson,Reefer,1028.8,27649.0,2435.4,2341.3123,457342200.0
TR-045227,2025-10-14,Lubbock,Raleigh,Dry Van,1611.3,36258.0,3280.86,3208.747,457342200.0
TR-045228,2025-10-14,Hartford,Savannah,Dry Van,842.2,16608.0,1645.01,1691.4507,457342200.0
TR-045229,2025-10-14,Tulsa,Fort Wayne,Dry Van,882.3,24607.0,1846.41,1732.3611,457342200.0
TR-045230,2025-10-14,Mobile,Nashville,Reefer,310.2,38975.0,868.43,902.1408,457342200.0
TR-045231,2025-10-14,Fort Wayne,Tucson,Flatbed,2022.1,34530.0,4145.97,4089.8342,457342200.0
TR-045232,2025-10-14,Baltimore,Hartford,Dry Van,129.6,31016.0,342.29,351.74524,457342200.0
TR-045233,2025-10-14,Los Angeles,Fresno,Dry Van,429.3,20715.0,944.78,984.69763,457342200.0
TR-045234,2025-10-14,Baltimore,New York,Dry Van,165.5,31633.0,432.81,438.16187,457342200.0
TR-045235,2025-10-14,Montgomery,Oklahoma City,Reefer,884.0,35112.0,2100.38,2236.4863,457342200.0
TR-045236,2025-10-14,Greensboro,Baton Rouge,Reefer,805.9,34090.0,1913.71,1916.8586,457342200.0
TR-045237,2025-10-14,Phoenix,Lexington,Reefer,2141.8,27258.0,4637.6,4309.3354,457342200.0
TR-045238,2025-10-14,Bakersfield,Chattanooga,Flatbed,1973.7,27550.0,3959.08,3935.2173,457342200.0
TR-045239,2025-10-14,Hartford,New York,Flatbed,117.0,26676.0,335.52,378.896,457342200.0
TR-045240,2025-10-14,Tucson,Salt Lake City,Dry Van,365.0,30978.0,876.72,870.9536,457342200.0
TR-045241,2025-10-14,Memphis,Kansas City,Dry Van,334.0,31598.0,834.23,786.5851,457342200.0
TR-045242,2025-10-14,Toledo,Lexington,Dry Van,421.8,28126.0,976.69,918.7844,457342200.0
TR-045243,2025-10-14,Albuquerque,Baton Rouge,Dry Van,1224.7,28862.0,2517.9,2495.6213,457342200.0
TR-045244,2025-10-14,Philadelphia,Baton Rouge,Dry Van,1468.8,30071.0,2900.96,2814.751,457342200.0
TR-045245,2025-10-14,New York,Memphis,Flatbed,1066.4,28653.0,2291.8,2332.5864,457342200.0
TR-045246,2025-10-14,Raleigh,Lexington,Dry Van,510.7,29306.0,1109.5,1120.1428,457342200.0
TR-045247,2025-10-14,Houston,Tampa,Flatbed,584.1,26062.0,1404.53,1421.9137,457342200.0
TR-045248,2025-10-14,Jacksonville,Harrisburg,Reefer,744.5,37489.0,1778.9,1818.8601,457342200.0
TR-045249,2025-10-14,Washington,Philadelphia,Dry Van,279.6,46592.0,672.87,687.7371,457342200.0
TR-045250,2025-10-14,Tucson,Washington,Dry Van,2435.3,28596.0,4492.99,4461.7207,457342200.0
TR-045251,2025-10-14,Tucson,Toledo,Dry Van,2058.7,17693.0,3691.68,3678.1494,457342200.0
TR-045252,2025-10-14,St. Louis,Fresno,Reefer,1947.0,27021.0,4106.78,4102.1445,457342200.0
TR-045253,2025-10-14,Grand Rapids,Baton Rouge,Flatbed,1126.2,25094.0,2400.42,2379.8118,457342200.0
TR-045254,2025-10-14,Amarillo,Greensboro,Dry Van,1443.3,20220.0,2829.54,2775.6409,457342200.0
TR-045255,2025-10-14,Tucson,Albuquerque,Dry Van,450.9,26872.0,1016.38,1256.4786,457342200.0
TR-045256,2025-10-14,Greensboro,Houston,Dry Van,940.2,33285.0,2068.54,1974.2509,457342200.0
TR-045257,2025-10-14,Hartford,Atlanta,Dry Van,985.0,,1985.13,2001.7042,457342200.0
TR-045258,2025-10-14,Shreveport,Providence,Dry Van,1566.2,26392.0,1068.71,2991.245,457342200.0
TR-045259,2025-10-14,Albany,Baton Rouge,Flatbed,1778.0,37619.0,3810.51,3815.2212,457342200.0
TR-045260,2025-10-14,Nashville,Albany,Reefer,1274.6,30184.0,2759.01,2898.9302,457342200.0
TR-045261,2025-10-14,Syracuse,Bakersfield,Dry Van,2638.3,30292.0,4823.0,4735.686,457342200.0
TR-045262,2025-10-14,Harrisburg,Corpus Christi,Flatbed,1479.3,33618.0,3276.21,3151.75,457342200.0
TR-045263,2025-10-14,Baton Rouge,Buffalo,Dry Van,1273.3,38586.0,2572.11,2568.638,457342200.0
TR-045264,2025-10-14,Birmingham,Grand Rapids,Dry Van,814.7,27385.0,1654.43,1635.0999,457342200.0
TR-045265,2025-10-14,Oklahoma City,Jacksonville,Dry Van,963.9,21075.0,1917.02,1922.7313,457342200.0
TR-045266,2025-10-14,Houston,Memphis,Dry Van,531.8,47500.0,1283.37,1257.324,457342200.0
TR-045267,2025-10-14,Cincinnati,Baltimore,Dry Van,924.0,28160.0,1880.86,1919.0476,457342200.0
TR-045268,2025-10-14,Lexington,Little Rock,Dry Van,529.6,29905.0,1237.67,1193.4153,457342200.0
TR-045269,2025-10-14,Milwaukee,Raleigh,Reefer,797.5,36739.0,1905.9,1870.3448,457342200.0
TR-045270,2025-10-14,Dayton,Jacksonville,Flatbed,646.9,9430.0,1394.17,1392.1061,457342200.0
TR-045271,2025-10-14,New York,Austin,Dry Van,1905.1,47500.0,3737.58,3683.076,457342200.0
TR-045272,2025-10-14,Buffalo,New York,Reefer,330.1,39372.0,870.04,856.55365,457342200.0
TR-045273,2025-10-14,Lubbock,Philadelphia,Dry Van,1951.0,39447.0,3980.47,3754.2566,457342200.0
TR-045274,2025-10-14,Phoenix,Nashville,Flatbed,1963.8,32660.0,4071.09,4116.044,457342200.0
TR-045275,2025-10-14,Hartford,Toledo,Reefer,821.2,33807.0,1882.03,1856.1321,457342200.0
TR-045276,2025-10-14,Tampa,Atlanta,Dry Van,553.9,29311.0,1209.75,1206.5085,457342200.0
TR-045277,2025-10-14,Milwaukee,Lexington,Dry Van,308.2,36772.0,767.46,749.44403,457342200.0
TR-045278,2025-10-14,Nashville,Oklahoma City,Reefer,761.0,27040.0,1889.66,1771.3741,457342200.0
TR-045279,2025-10-14,Phoenix,Buffalo,Reefer,2658.5,39154.0,5580.26,5368.19,457342200.0
TR-045280,2025-10-14,Tampa,Birmingham,Dry Van,418.8,27097.0,968.58,987.3562,457342200.0
TR-045281,2025-10-14,Chattanooga,Mobile,Dry Van,310.7,32623.0,770.73,771.4406,457342200.0
TR-045282,2025-10-14,Baltimore,Detroit,Dry Van,837.0,29034.0,1672.5,1707.854,457342200.0
TR-045283,2025-10-14,Lubbock,Buffalo,Flatbed,1648.6,34686.0,3460.38,3493.281,457342200.0
TR-045284,2025-10-14,Lexington,Los Angeles,Dry Van,2237.7,31560.0,4118.79,4206.9023,457342200.0
TR-045285,2025-10-14,Oklahoma City,El Paso,Dry Van,803.3,38177.0,1817.69,1771.1455,457342200.0
TR-045286,2025-10-14,Providence,Baton Rouge,Dry Van,1590.7,30170.0,9208.2,3071.5674,457342200.0
TR-045287,2025-10-14,Albuquerque,Atlanta,Reefer,1552.1,29613.0,3437.7,3362.2168,457342200.0
TR-045288,2025-10-14,Tucson,Tulsa,Dry Van,1275.1,28691.0,2495.56,2557.4924,457342200.0
TR-045289,2025-10-14,Atlanta,Charleston,Dry Van,448.6,21773.0,994.05,996.87805,457342200.0
TR-045290,2025-10-14,Indianapolis,Baton Rouge,Dry Van,685.1,37307.0,1550.66,1482.0801,457342200.0
TR-045291,2025-10-14,Baton Rouge,Fort Wayne,Reefer,1021.7,33906.0,2390.2,2389.5625,457342200.0
TR-045292,2025-10-14,Madison,Boston,Reefer,1253.9,40794.0,2761.78,2894.5503,457342200.0
TR-045293,2025-10-14,Harrisburg,El Paso,Dry Van,2155.1,33365.0,4010.82,4063.7312,457342200.0
TR-045294,2025-10-14,Oklahoma City,Louisville,Reefer,862.2,19004.0,2036.02,1958.495,457342200.0
TR-045295,2025-10-14,Chattanooga,Syracuse,Dry Van,891.0,,1705.04,1778.5249,457342200.0
TR-045296,2025-10-14,Jacksonville,Fresno,Dry Van,2400.5,35849.0,4648.25,4533.018,457342200.0
TR-045297,2025-10-14,Toledo,Milwaukee,Flatbed,307.6,36066.0,796.77,828.7758,457342200.0
TR-045298,2025-10-14,Los Angeles,Columbia,Dry Van,2375.4,25320.0,4085.68,4366.1294,457342200.0
TR-045299,2025-10-14,Columbia,Buffalo,Flatbed,667.3,23905.0,1438.66,1431.5874,457342200.0
TR-045300,2025-10-14,Madison,Albany,Dry Van,1122.5,36578.0,2203.15,2269.9612,457342200.0
TR-045301,2025-10-14,Lubbock,Hartford,Reefer,1956.2,40186.0,4441.37,4152.034,457342200.0
TR-045302,2025-10-14,Lexington,Lubbock,Reefer,1146.3,12053.0,2615.32,2509.6943,457342200.0
TR-045303,2025-10-14,Fort Wayne,Philadelphia,Dry Van,796.6,38299.0,1653.73,1660.0897,457342200.0
TR-045304,2025-10-14,Bakersfield,Atlanta,Reefer,2045.1,37025.0,4599.84,4261.689,457342200.0
TR-045305,2025-10-14,Grand Rapids,Boston,Flatbed,1081.7,31405.0,2241.93,3257.475,457342200.0
TR-045306,2025-10-14,Providence,Albany,Dry Van,557.7,30591.0,1162.93,1171.6812,457342200.0
TR-045307,2025-10-14,Tucson,Montgomery,Flatbed,1837.8,30580.0,3923.5,4076.739,457342200.0
TR-045308,2025-10-14,Buffalo,Green Bay,Reefer,571.0,39393.0,1356.86,1362.619,457342200.0
TR-045309,2025-10-14,Chattanooga,Atlanta,Dry Van,70.0,41811.0,211.65,296.9609,457342200.0
TR-045310,2025-10-14,Jacksonville,Green Bay,Dry Van,1017.7,43073.0,2034.11,2126.7808,457342200.0
TR-045311,2025-10-14,Charleston,Tampa,Reefer,706.8,39289.0,1752.33,1775.3082,457342200.0
TR-045312,2025-10-14,Raleigh,San Antonio,Flatbed,1488.0,45305.0,3322.69,3306.383,457342200.0
TR-045313,2025-10-14,Mobile,Amarillo,Dry Van,1113.0,40318.0,2466.99,3093.5298,457342200.0
TR-045314,2025-10-14,Raleigh,Grand Rapids,Dry Van,830.3,43157.0,1718.44,1777.14,457342200.0
TR-045315,2025-10-14,Little Rock,Buffalo,Flatbed,1045.7,17783.0,2108.3,2517.2388,457342200.0
TR-045316,2025-10-14,Reno,Mobile,Flatbed,2042.4,46529.0,4190.59,4129.761,457342200.0
TR-045317,2025-10-14,St. Louis,Providence,Dry Van,1295.7,28318.0,2555.1,2544.249,457342200.0
TR-045318,2025-10-14,Phoenix,Green Bay,Dry Van,2140.7,32680.0,3988.15,3981.4202,457342200.0
TR-045319,2025-10-14,Boston,Grand Rapids,Reefer,1045.9,31629.0,2282.3,2309.7788,457342200.0
TR-045320,2025-10-14,New York,Chattanooga,Dry Van,948.2,34508.0,1864.02,1935.5377,457342200.0
TR-045321,2025-10-14,Salt Lake City,Syracuse,Dry Van,2281.8,41010.0,4309.49,4502.241,457342200.0
TR-045322,2025-10-14,Milwaukee,Tampa,Dry Van,906.4,33066.0,1945.1,1830.0278,457342200.0
TR-045323,2025-10-14,Phoenix,Buffalo,Reefer,2671.5,37366.0,5493.16,5379.7773,457342200.0
TR-045324,2025-10-14,Shreveport,Toledo,Dry Van,910.2,41276.0,1952.91,1882.2622,457342200.0
TR-045325,2025-10-14,Oklahoma City,Buffalo,Dry Van,1527.6,25535.0,2834.36,2857.3147,457342200.0
TR-045326,2025-10-14,Tulsa,Austin,Flatbed,490.4,34631.0,1281.05,1240.6191,457342200.0
TR-045327,2025-10-14,Indianapolis,Nashville,Reefer,288.5,34698.0,788.0,807.85187,457342200.0
TR-045328,2025-10-14,Milwaukee,New York,Dry Van,950.2,22982.0,1874.94,1969.3787,457342200.0
TR-045329,2025-10-14,Syracuse,Jacksonville,Dry Van,995.8,39484.0,2027.7,2093.679,457342200.0
TR-045330,2025-10-14,Indianapolis,Tucson,Dry Van,1715.0,16179.0,3071.43,3193.3416,457342200.0
TR-045331,2025-10-14,Houston,Philadelphia,Flatbed,1593.9,38274.0,3532.28,3375.0793,457342200.0
TR-045332,2025-10-14,Tucson,El Paso,Reefer,291.6,18778.0,753.38,790.45703,457342200.0
TR-045333,2025-10-14,Richmond,San Antonio,Dry Van,1614.3,41599.0,3193.71,3287.8796,457342200.0
TR-045334,2025-10-14,Tucson,Nashville,Dry Van,1722.7,45818.0,3520.42,3409.9302,457342200.0
TR-045335,2025-10-14,Greensboro,Baltimore,Dry Van,666.3,38565.0,1464.04,1413.5243,457342200.0
TR-045336,2025-10-14,Philadelphia,Phoenix,Reefer,2864.4,17816.0,5606.16,5462.4204,457342200.0
TR-045337,2025-10-14,Albany,Phoenix,Reefer,3084.8,27567.0,6049.66,6053.498,457342200.0
TR-045338,2025-10-14,San Antonio,Raleigh,Dry Van,1492.6,32961.0,3055.38,2926.8232,457342200.0
TR-045339,2025-10-14,Milwaukee,Detroit,Dry Van,427.2,23543.0,913.33,915.32007,457342200.0
TR-045340,2025-10-14,Greensboro,Savannah,Reefer,213.4,42139.0,616.61,695.76,457342200.0
TR-045341,2025-10-14,Reno,Philadelphia,Flatbed,2761.9,25668.0,5064.85,5429.207,457342200.0
TR-045342,2025-10-14,Salt Lake City,Reno,Dry Van,520.8,31644.0,1176.84,1120.0255,457342200.0
TR-045343,2025-10-14,Grand Rapids,San Antonio,Reefer,1344.2,39222.0,3065.85,3129.0825,457342200.0
TR-045344,2025-10-14,Bakersfield,New Orleans,Dry Van,1678.5,30165.0,3328.78,3226.2747,457342200.0
TR-045345,2025-10-14,Milwaukee,Memphis,Dry Van,342.5,25427.0,804.05,782.28284,457342200.0
TR-045346,2025-10-14,Atlanta,Oklahoma City,Dry Van,889.0,35205.0,1987.31,1863.2205,457342200.0
TR-045347,2025-10-14,Houston,Harrisburg,Dry Van,1285.7,28807.0,2500.22,2533.559,457342200.0
TR-045348,2025-10-14,Phoenix,Nashville,Flatbed,1949.8,29788.0,4179.65,4142.6094,457342200.0
TR-045349,2025-10-15,Corpus Christi,Atlanta,Dry Van,844.3,47500.0,1914.6,1874.1416,457342200.0
TR-045350,2025-10-15,Philadelphia,Charleston,Flatbed,619.5,35354.0,1450.77,1472.1959,457342200.0
TR-045351,2025-10-15,San Antonio,Louisville,Dry Van,975.0,38510.0,2136.84,2056.188,457342200.0
TR-045352,2025-10-15,Philadelphia,Cincinnati,Dry Van,904.1,23919.0,1822.83,1766.6427,457342200.0
TR-045353,2025-10-15,Buffalo,Hartford,Dry Van,441.5,23350.0,932.17,945.7034,457342200.0
TR-045354,2025-10-15,Nashville,Baton Rouge,Dry Van,525.4,42223.0,1251.37,1224.0641,457342200.0
TR-045355,2025-10-15,Phoenix,Oklahoma City,Dry Van,1247.0,35807.0,2684.76,2587.1921,457342200.0
TR-045356,2025-10-15,Louisville,Montgomery,Dry Van,487.7,34827.0,1123.71,1103.8822,457342200.0
TR-045357,2025-10-15,Memphis,Lexington,Flatbed,333.8,30509.0,881.42,898.7979,457342200.0
TR-045358,2025-10-15,Oklahoma City,Little Rock,Reefer,516.9,23643.0,1355.77,1334.5776,457342200.0
TR-045359,2025-10-15,Columbia,Richmond,Dry Van,526.0,44934.0,1204.07,1183.7872,457342200.0
TR-045360,2025-10-15,Milwaukee,Nashville,Dry Van,366.1,32566.0,861.53,831.31744,457342200.0
TR-045361,2025-10-15,Grand Rapids,St. Louis,Flatbed,473.2,40139.0,1178.27,1190.6057,457342200.0
TR-045362,2025-10-15,Memphis,Shreveport,Reefer,324.0,39191.0,961.45,979.53564,457342200.0
TR-045363,2025-10-15,Oklahoma City,Fresno,Reefer,1412.1,38862.0,3272.45,3469.3286,457342200.0
TR-045364,2025-10-15,Syracuse,Los Angeles,Reefer,2731.0,37790.0,5462.43,5599.369,457342200.0
TR-045365,2025-10-15,Raleigh,Phoenix,Dry Van,2680.5,43530.0,5007.73,4981.844,457342200.0
TR-045366,2025-10-15,Detroit,Columbia,Flatbed,716.2,36936.0,1699.95,1657.6483,457342200.0
TR-045367,2025-10-15,Buffalo,Richmond,Dry Van,327.9,36313.0,779.9,763.527,457342200.0
TR-045368,2025-10-15,Mobile,New York,Reefer,1180.2,31251.0,2716.26,2646.5325,457342200.0
TR-045369,2025-10-15,Raleigh,Las Vegas,Dry Van,2506.4,47500.0,4877.5,4950.6094,457342200.0
TR-045370,2025-10-15,Hartford,Bakersfield,Dry Van,2886.1,25635.0,5287.91,5202.0737,457342200.0
TR-045371,2025-10-15,Birmingham,Little Rock,Flatbed,372.1,34100.0,1009.32,988.7659,457342200.0
TR-045372,2025-10-15,Salt Lake City,Fort Wayne,Flatbed,1763.5,39016.0,3554.36,3746.025,457342200.0
TR-045373,2025-10-15,El Paso,Montgomery,Reefer,1598.8,34528.0,3644.6,3733.7705,457342200.0
TR-045374,2025-10-15,Reno,Richmond,Reefer,2596.3,33775.0,5404.21,5176.3696,457342200.0
TR-045375,2025-10-15,Grand Rapids,Columbia,Dry Van,745.8,31560.0,1655.51,1507.9706,457342200.0
TR-045376,2025-10-15,Charleston,Cincinnati,Dry Van,550.4,44575.0,1309.36,1267.32,457342200.0
TR-045377,2025-10-15,Fresno,Fort Wayne,Dry Van,2294.0,14600.0,4165.83,4408.121,457342200.0
TR-045378,2025-10-15,Green Bay,Phoenix,Dry Van,2171.2,29782.0,4006.28,4042.8018,457342200.0
TR-045379,2025-10-15,Cincinnati,Jacksonville,Dry Van,450.9,39914.0,1061.61,1060.3533,457342200.0
TR-045380,2025-10-15,Hartford,Lubbock,Flatbed,1984.4,38419.0,4242.9,4069.5327,457342200.0
TR-045381,2025-10-15,Boston,Savannah,Dry Van,940.5,32189.0,1951.97,1959.5621,457342200.0
TR-045382,2025-10-15,Greensboro,Columbia,Flatbed,119.6,22083.0,348.2,417.13626,457342200.0
TR-045383,2025-10-15,Buffalo,New York,Reefer,324.7,26111.0,834.92,834.06604,457342200.0
TR-045384,2025-10-15,New York,El Paso,Dry Van,2336.4,30846.0,4519.53,4591.9478,457342200.0
TR-045385,2025-10-15,Greensboro,Baltimore,Reefer,684.3,29214.0,1659.11,1588.0297,457342200.0
TR-045386,2025-10-15,Tampa,Chattanooga,Dry Van,570.4,15536.0,1214.48,1207.1582,457342200.0
TR-045387,2025-10-15,Charleston,Tulsa,Reefer,1006.6,24397.0,2442.56,2292.816,457342200.0
TR-045388,2025-10-15,Phoenix,Houston,Dry Van,1519.0,16137.0,2936.44,2840.8818,457342200.0
TR-045389,2025-10-15,Hartford,Syracuse,Dry Van,402.2,26880.0,864.31,904.22986,457342200.0
TR-045390,2025-10-15,Toledo,Salt Lake City,Dry Van,1877.7,43751.0,3734.02,3761.5068,457342200.0
TR-045391,2025-10-15,Nashville,Los Angeles,Dry Van,2038.4,41661.0,3996.08,3983.2341,457342200.0
TR-045392,2025-10-15,Fort Wayne,Raleigh,Reefer,673.9,16333.0,1501.44,1468.347,457342200.0
TR-045393,2025-10-15,Tucson,Tampa,Dry Van,1845.6,35600.0,3618.32,3694.772,457342200.0
TR-045394,2025-10-15,Cincinnati,Milwaukee,Dry Van,232.1,38270.0,600.5,595.96936,457342200.0
TR-045395,2025-10-15,Houston,Grand Rapids,Dry Van,1172.7,39348.0,2508.4,2446.9695,457342200.0
TR-045396,2025-10-15,Fort Wayne,Oklahoma City,Reefer,1136.6,37325.0,2661.47,3189.494,457342200.0
TR-045397,2025-10-15,Cincinnati,Baton Rouge,Reefer,692.7,39517.0,1813.6,1693.3163,457342200.0
TR-045398,2025-10-15,Memphis,Dayton,Dry Van,434.5,37083.0,1056.38,1027.2092,457342200.0
TR-045399,2025-10-15,Phoenix,Los Angeles,Reefer,70.0,16684.0,216.75,365.04437,457342200.0
TR-045400,2025-10-15,Baltimore,Atlanta,Dry Van,911.1,20364.0,1788.8,1773.4447,457342200.0
TR-045401,2025-10-15,Toledo,Richmond,Dry Van,580.0,39061.0,1232.16,1248.748,457342200.0
TR-045402,2025-10-15,Corpus Christi,Oklahoma City,Dry Van,338.5,27508.0,853.57,830.2729,457342200.0
TR-045403,2025-10-15,Shreveport,Savannah,Dry Van,688.2,37020.0,1564.33,1522.252,457342200.0
TR-045404,2025-10-15,Harrisburg,Columbia,Reefer,537.2,34105.0,1378.98,1368.0208,457342200.0
TR-045405,2025-10-15,Reno,Columbia,Flatbed,2289.8,24211.0,4506.19,4607.017,457342200.0
TR-045406,2025-10-15,Baton Rouge,Louisville,Flatbed,663.2,47500.0,1653.47,1574.5347,457342200.0
TR-045407,2025-10-15,Indianapolis,Greensboro,Dry Van,458.9,26508.0,1038.39,1019.52423,457342200.0
TR-045408,2025-10-15,Albany,San Antonio,Flatbed,2094.4,47108.0,4400.24,4236.3267,457342200.0
TR-045409,2025-10-15,Charleston,New Orleans,Dry Van,883.5,27380.0,1876.83,1820.065,457342200.0
TR-045410,2025-10-15,Lexington,Jacksonville,Reefer,411.2,-28773.0,1089.43,1111.6337,457342200.0
TR-045411,2025-10-15,Grand Rapids,Cincinnati,Flatbed,536.9,38980.0,1332.19,1349.2001,457342200.0
TR-045412,2025-10-15,Toledo,Greensboro,Dry Van,496.6,24507.0,1053.6,1029.154,457342200.0
TR-045413,2025-10-15,Hartford,Raleigh,Dry Van,500.9,43481.0,1152.67,1129.8041,457342200.0
TR-045414,2025-10-15,Providence,Bakersfield,Reefer,3058.2,36146.0,6475.22,6250.7085,457342200.0
TR-045415,2025-10-15,Greensboro,Hartford,Flatbed,748.9,27072.0,1605.1,1602.3822,457342200.0
TR-045416,2025-10-15,Tulsa,Los Angeles,Dry Van,1572.5,36307.0,3212.24,3118.8787,457342200.0
TR-045417,2025-10-15,Atlanta,Nashville,Dry Van,158.6,35844.0,436.33,456.07706,457342200.0
TR-045418,2025-10-15,Grand Rapids,Oklahoma City,Reefer,1248.0,21133.0,2740.89,2685.1914,457342200.0
TR-045419,2025-10-15,Savannah,Dayton,Reefer,566.1,30448.0,4350.23,1345.1017,457342200.0
TR-045420,2025-10-15,Milwaukee,Green Bay,Dry Van,398.6,31793.0,944.01,904.7603,457342200.0
TR-045421,2025-10-15,Kansas City,Bakersfield,Flatbed,1685.1,,3563.89,3493.2234,457342200.0
TR-045422,2025-10-15,Fort Wayne,Richmond,Dry Van,599.1,26357.0,1255.95,1243.0663,457342200.0
TR-045423,2025-10-15,Charleston,Shreveport,Reefer,871.3,25705.0,2041.12,1988.2212,457342200.0
TR-045424,2025-10-15,Detroit,Indianapolis,Reefer,521.2,47500.0,1346.17,1358.0427,457342200.0
TR-045425,2025-10-15,Mobile,Boston,Flatbed,1402.1,41610.0,568.26,3568.2368,457342200.0
TR-045426,2025-10-15,Corpus Christi,Toledo,Flatbed,1320.8,46310.0,2903.57,2913.4216,457342200.0
TR-045427,2025-10-15,Columbia,Los Angeles,Dry Van,2289.1,30491.0,4389.3,4608.601,457342200.0
TR-045428,2025-10-15,Cincinnati,Amarillo,Dry Van,1242.2,34054.0,2617.61,2527.4854,457342200.0
TR-045429,2025-10-15,Cincinnati,Tulsa,Dry Van,631.0,38196.0,1498.27,1432.7594,457342200.0
TR-045430,2025-10-15,Albuquerque,Birmingham,Dry Van,1463.8,30570.0,2985.02,2870.0356,457342200.0
TR-045431,2025-10-15,Fort Wayne,Mobile,Reefer,810.0,30835.0,1930.62,1857.0292,457342200.0
TR-045432,2025-10-15,Bakersfield,Austin,Dry Van,1224.5,46040.0,2661.22,2574.2449,457342200.0
TR-045433,2025-10-15,Los Angeles,Reno,Flatbed,926.4,33234.0,2045.72,2063.7817,457342200.0
TR-045434,2025-10-15,Lexington,Milwaukee,Reefer,316.1,19999.0,842.96,835.23975,457342200.0
TR-045435,2025-10-15,Nashville,Philadelphia,Dry Van,1038.7,38718.0,2152.99,2164.45,457342200.0
TR-045436,2025-10-15,Amarillo,Las Vegas,Flatbed,755.9,31444.0,1744.7,1776.8993,457342200.0
TR-045437,2025-10-15,Chattanooga,San Antonio,Flatbed,891.0,38449.0,2181.82,2019.0486,457342200.0
TR-045438,2025-10-15,Oklahoma City,Milwaukee,Dry Van,896.8,25295.0,1907.86,1781.8296,457342200.0
TR-045439,2025-10-15,Amarillo,Charleston,Dry Van,1654.7,33202.0,3295.14,3302.629,457342200.0
TR-045440,2025-10-15,Fort Wayne,Washington,Reefer,559.3,30579.0,1364.09,1368.5283,457342200.0
TR-045441,2025-10-15,Oklahoma City,Milwaukee,Reefer,904.7,22788.0,2087.79,1987.8746,457342200.0
TR-045442,2025-10-15,Green Bay,Lexington,Reefer,630.7,39954.0,1556.11,1501.9836,457342200.0
TR-045443,2025-10-15,Lubbock,Mobile,Flatbed,798.2,36929.0,1944.75,1894.7756,457342200.0
TR-045444,2025-10-15,Little Rock,Lubbock,Dry Van,661.9,32021.0,1512.28,1416.4038,457342200.0
TR-045445,2025-10-15,Columbia,Las Vegas,Dry Van,2079.7,22344.0,3926.13,3851.4531,457342200.0
TR-045446,2025-10-15,Lexington,Atlanta,Dry Van,194.8,23332.0,483.85,521.4431,457342200.0
TR-045447,2025-10-15,Kansas City,Toledo,Reefer,467.6,28908.0,1165.76,1143.1439,457342200.0
TR-045448,2025-10-15,Atlanta,Grand Rapids,Dry Van,704.4,25000.0,1438.61,1416.1056,457342200.0
TR-045449,2025-10-15,Syracuse,Cincinnati,Reefer,775.0,15267.0,1692.84,1663.3842,457342200.0
TR-045450,2025-10-15,Jacksonville,Mobile,Dry Van,282.3,40813.0,754.63,758.2367,457342200.0
TR-045451,2025-10-15,Little Rock,Kansas City,Dry Van,431.1,25582.0,1004.61,967.49023,457342200.0
TR-045452,2025-10-15,Corpus Christi,Louisville,Flatbed,912.0,36368.0,2234.84,2041.7606,457342200.0
TR-045453,2025-10-15,El Paso,Mobile,Dry Van,1508.6,24535.0,2952.3,2863.758,457342200.0
TR-045454,2025-10-15,Columbia,New York,Dry Van,769.8,21826.0,1533.52,1489.6,457342200.0
TR-045455,2025-10-15,New York,Bakersfield,Flatbed,2729.6,18329.0,5166.25,5013.3306,457342200.0
TR-045456,2025-10-15,Oklahoma City,Reno,Reefer,1424.0,35935.0,3281.89,3449.362,457342200.0
TR-045457,2025-10-15,Raleigh,Lexington,Flatbed,527.0,39945.0,1269.99,1321.4563,457342200.0
TR-045458,2025-10-15,Columbia,Phoenix,Dry Van,2321.9,22719.0,4306.25,4236.3647,457342200.0
TR-045459,2025-10-15,Oklahoma City,Grand Rapids,Dry Van,1244.3,23174.0,2476.61,2394.9949,457342200.0
TR-045460,2025-10-15,Green Bay,Tucson,Dry Van,2016.4,25128.0,3778.62,3787.045,457342200.0
TR-045461,2025-10-15,Shreveport,Bakersfield,Flatbed,1611.3,17285.0,3385.62,3290.6597,457342200.0
TR-045462,2025-10-15,Nashville,Detroit,Reefer,738.9,22917.0,1681.07,1636.9937,457342200.0
TR-045463,2025-10-15,Phoenix,Jacksonville,Dry Van,2235.8,29005.0,4294.8,4138.9634,457342200.0
TR-045464,2025-10-15,Corpus Christi,Savannah,Reefer,1033.8,45759.0,2564.43,2433.98,457342200.0
TR-045465,2025-10-15,Dayton,Toledo,Dry Van,200.7,29581.0,501.67,497.71597,457342200.0
TR-045466,2025-10-15,Amarillo,Los Angeles,Flatbed,948.3,33299.0,2247.19,2136.5425,457342200.0
TR-045467,2025-10-15,Salt Lake City,Columbia,Reefer,2046.4,34506.0,4562.17,4332.4937,457342200.0
TR-045468,2025-10-15,Corpus Christi,Phoenix,Flatbed,1440.1,38792.0,3238.99,3273.7637,457342200.0
TR-045469,2025-10-15,Indianapolis,Dallas,Dry Van,654.2,47166.0,1493.13,1414.7462,457342200.0
TR-045470,2025-10-15,Madison,Shreveport,Dry Van,753.4,32416.0,1602.83,1595.4812,457342200.0
TR-045471,2025-10-15,Fort Wayne,St. Louis,Dry Van,384.9,34981.0,928.05,877.1649,457342200.0
TR-045472,2025-10-15,Reno,Lexington,Dry Van,2077.4,41544.0,3913.99,3931.7961,457342200.0
TR-045473,2025-10-15,Dallas,Phoenix,Dry Van,1544.3,18176.0,2990.47,2886.9324,457342200.0
TR-045474,2025-10-15,Little Rock,Harrisburg,Reefer,996.1,24718.0,2214.62,2213.705,457342200.0
TR-045475,2025-10-15,Mobile,Milwaukee,Dry Van,626.6,21304.0,1323.68,1321.5518,457342200.0
TR-045476,2025-10-15,Tulsa,Lexington,Reefer,720.2,39634.0,1844.13,1959.2607,457342200.0
TR-045477,2025-10-15,Atlanta,Dayton,Dry Van,412.5,31787.0,932.44,941.86304,457342200.0
TR-045478,2025-10-15,Grand Rapids,Toledo,Dry Van,181.2,38135.0,474.27,472.06827,457342200.0
TR-045479,2025-10-15,Buffalo,Little Rock,Dry Van,1063.2,37577.0,2227.05,2226.9292,457342200.0
TR-045480,2025-10-15,Memphis,Richmond,Reefer,851.5,47500.0,2089.72,2031.0315,457342200.0
TR-045481,2025-10-15,San Francisco,Raleigh,Dry Van,2900.2,7816.0,5134.16,5008.0674,457342200.0
TR-045482,2025-10-15,Hartford,Atlanta,Flatbed,983.6,40639.0,2193.66,2202.9207,457342200.0
TR-045483,2025-10-15,Albany,Syracuse,Dry Van,361.6,32774.0,794.02,822.8878,457342200.0
TR-045484,2025-10-15,Greensboro,Columbia,Dry Van,153.8,34198.0,1971.21,444.58685,457342200.0
TR-045485,2025-10-15,Salt Lake City,Nashville,Reefer,1670.1,28546.0,3702.06,3530.6853,457342200.0
TR-045486,2025-10-15,Savannah,Cincinnati,Dry Van,422.8,34475.0,999.32,988.1457,457342200.0
TR-045487,2025-10-15,Los Angeles,Mobile,Dry Van,2051.9,30880.0,4097.51,5513.695,457342200.0
TR-045488,2025-10-15,Milwaukee,Los Angeles,Flatbed,2100.3,21190.0,4235.68,4046.85,457342200.0
TR-045489,2025-10-15,Boston,Memphis,Dry Van,1353.0,32694.0,2724.75,2714.4402,457342200.0
TR-045490,2025-10-15,Columbia,Albany,Dry Van,1088.1,23840.0,2087.54,2135.3394,457342200.0
TR-045491,2025-10-15,Baton Rouge,Birmingham,Flatbed,486.5,45408.0,1258.93,1278.9282,457342200.0
TR-045492,2025-10-15,Grand Rapids,Oklahoma City,Dry Van,1186.3,27309.0,2343.06,2367.823,457342200.0
TR-045493,2025-10-15,Grand Rapids,Los Angeles,Dry Van,2320.9,41623.0,4341.53,4467.6284,457342200.0
TR-045494,2025-10-15,Albuquerque,Grand Rapids,Flatbed,1554.1,38770.0,3346.88,3360.907,457342200.0
TR-045495,2025-10-15,Tulsa,Nashville,Dry Van,504.1,35664.0,1193.64,1177.219,457342200.0
TR-045496,2025-10-16,Hartford,Mobile,Reefer,1203.0,27437.0,2724.36,2970.7505,457342200.0
TR-045497,2025-10-16,Las Vegas,Oklahoma City,Flatbed,1137.4,21143.0,2533.06,2414.0254,457342200.0
TR-045498,2025-10-16,Greensboro,Shreveport,Flatbed,706.4,43780.0,1699.44,1762.7098,457342200.0
TR-045499,2025-10-16,Tampa,Phoenix,Reefer,2067.5,28387.0,4527.85,4233.2993,457342200.0
TR-045500,2025-10-16,Mobile,Boston,Dry Van,1366.9,31915.0,2720.36,3154.6636,457342200.0
TR-045501,2025-10-16,Atlanta,Tucson,Flatbed,1859.0,14218.0,3737.89,3799.3665,457342200.0
TR-045502,2025-10-16,Memphis,Columbia,Dry Van,427.6,32176.0,1006.55,993.1426,457342200.0
TR-045503,2025-10-16,Syracuse,San Francisco,Flatbed,2874.0,33835.0,5553.58,5717.2114,457342200.0
TR-045504,2025-10-16,Mobile,Cincinnati,Dry Van,457.7,23278.0,1047.23,1047.4243,457342200.0
TR-045505,2025-10-16,Madison,Bakersfield,Dry Van,1773.3,36842.0,3512.86,3506.278,457342200.0
TR-045506,2025-10-16,Mobile,Baton Rouge,Dry Van,327.2,23776.0,834.1,785.2944,457342200.0
TR-045507,2025-10-16,Corpus Christi,Bakersfield,Dry Van,1452.3,33462.0,2978.65,2950.0793,457342200.0
TR-045508,2025-10-16,Nashville,Los Angeles,Dry Van,2053.3,28366.0,3902.46,3885.6982,457342200.0
TR-045509,2025-10-16,New York,Albuquerque,Dry Van,2367.0,42483.0,4696.7,4746.9,457342200.0
TR-045510,2025-10-16,Atlanta,Montgomery,Dry Van,299.4,26791.0,757.49,741.9882,457342200.0
TR-045511,2025-10-16,Phoenix,Albuquerque,Reefer,693.7,23806.0,1651.0,1625.3969,457342200.0
TR-045512,2025-10-16,Chattanooga,Buffalo,Dry Van,774.6,33602.0,1655.06,1632.2312,457342200.0
TR-045513,2025-10-16,Houston,Oklahoma City,Reefer,310.2,20397.0,871.81,885.52795,457342200.0
TR-045514,2025-10-16,Kansas City,Mobile,Dry Van,655.6,40913.0,1474.93,1401.1931,457342200.0
TR-045515,2025-10-16,Shreveport,Fort Wayne,Flatbed,852.4,34671.0,1932.3,1907.4521,457342200.0
TR-045516,2025-10-16,Hartford,Richmond,Dry Van,333.0,40546.0,781.07,810.81726,457342200.0
TR-045517,2025-10-16,Fort Wayne,Buffalo,Dry Van,419.5,27726.0,902.18,913.6022,457342200.0
TR-045518,2025-10-16,Memphis,Chattanooga,Dry Van,188.1,31400.0,522.2,527.7847,457342200.0
TR-045519,2025-10-16,Los Angeles,Buffalo,Dry Van,2716.3,24537.0,4781.19,5388.205,457342200.0
TR-045520,2025-10-16,Toledo,Louisville,Flatbed,432.4,21919.0,1034.64,1007.8207,457342200.0
TR-045521,2025-10-16,Los Angeles,Birmingham,Flatbed,2146.2,27295.0,4263.76,4264.6426,457342200.0
TR-045522,2025-10-16,Fort Wayne,Lexington,Flatbed,365.9,30660.0,904.52,895.3005,457342200.0
TR-045523,2025-10-16,Richmond,Cincinnati,Dry Van,667.8,35429.0,1512.16,1458.7931,457342200.0
TR-045524,2025-10-16,St. Louis,Phoenix,Flatbed,1917.5,32375.0,4033.83,3934.1633,457342200.0
TR-045525,2025-10-16,Houston,Charleston,Dry Van,1073.5,34711.0,2238.22,2298.6638,457342200.0
TR-045526,2025-10-16,San Antonio,Raleigh,Dry Van,1542.0,46110.0,3178.27,3334.2437,457342200.0
TR-045527,2025-10-16,Kansas City,Oklahoma City,Dry Van,798.3,38264.0,1768.37,1745.4817,457342200.0
TR-045528,2025-10-16,Hartford,Reno,Reefer,2879.8,32607.0,5890.2,6674.8784,457342200.0
TR-045529,2025-10-16,Corpus Christi,Cincinnati,Flatbed,914.1,32684.0,2132.59,2042.7043,457342200.0
TR-045530,2025-10-16,Nashville,New York,Dry Van,1004.3,25216.0,1979.76,2003.8264,457342200.0
TR-045531,2025-10-16,Greensboro,Buffalo,Flatbed,524.5,26811.0,1198.94,1212.0854,457342200.0
TR-045532,2025-10-16,Oklahoma City,Los Angeles,Reefer,1301.7,36571.0,3017.53,2935.494,457342200.0
TR-045533,2025-10-16,New York,Fort Wayne,Reefer,724.7,39037.0,1736.07,1742.3041,457342200.0
TR-045534,2025-10-16,Washington,Nashville,Dry Van,783.8,40965.0,1646.4,1679.36,457342200.0
TR-045535,2025-10-16,Kansas City,St. Louis,Dry Van,126.7,29667.0,362.78,369.85712,457342200.0
TR-045536,2025-10-16,Los Angeles,Fresno,Dry Van,440.5,34383.0,1030.67,1072.0719,457342200.0
TR-045537,2025-10-16,Syracuse,Cincinnati,Reefer,774.0,30629.0,1786.04,1750.2222,457342200.0
TR-045538,2025-10-16,Montgomery,Milwaukee,Reefer,710.3,31034.0,1759.89,1749.541,457342200.0
TR-045539,2025-10-16,Houston,Nashville,Reefer,600.9,33179.0,1623.7,1523.5928,457342200.0
TR-045540,2025-10-16,Richmond,Cincinnati,Flatbed,652.0,25510.0,1515.83,1504.8232,457342200.0
TR-045541,2025-10-16,Oklahoma City,Harrisburg,Dry Van,1483.7,30890.0,3051.79,2824.3633,457342200.0
TR-045542,2025-10-16,Philadelphia,Hartford,Dry Van,71.7,19718.0,200.56,266.5675,457342200.0
TR-045543,2025-10-16,Lubbock,Lexington,Dry Van,1131.1,21299.0,2253.61,2237.2612,457342200.0
TR-045544,2025-10-16,Memphis,Lexington,Dry Van,347.0,47500.0,869.02,870.3643,457342200.0
TR-045545,2025-10-16,Houston,Milwaukee,Reefer,845.1,31562.0,2114.08,1987.4878,457342200.0
TR-045546,2025-10-16,Fresno,Bakersfield,Dry Van,224.3,40503.0,588.86,620.023,457342200.0
TR-045547,2025-10-16,Oklahoma City,St. Louis,Dry Van,783.1,29360.0,1695.48,1643.6738,457342200.0
TR-045548,2025-10-16,Fort Wayne,Raleigh,Dry Van,730.5,26906.0,1501.55,1452.528,457342200.0
TR-045549,2025-10-16,Boston,Kansas City,Flatbed,1332.8,35028.0,2850.38,2863.9355,457342200.0
TR-045550,2025-10-16,Bakersfield,Madison,Dry Van,1846.1,24700.0,3389.94,3596.696,457342200.0
TR-045551,2025-10-16,Lexington,Kansas City,Dry Van,442.1,36047.0,1049.3,1039.2938,457342200.0
TR-045552,2025-10-16,Bakersfield,San Francisco,Flatbed,376.6,25674.0,937.25,978.75195,457342200.0
TR-045553,2025-10-16,Amarillo,New York,Reefer,2024.6,13443.0,4304.74,4118.0117,457342200.0
TR-045554,2025-10-16,Los Angeles,Grand Rapids,Flatbed,2289.8,30386.0,4584.79,4751.287,457342200.0
TR-045555,2025-10-16,Reno,Columbia,Dry Van,2294.2,25540.0,1687.37,4127.677,457342200.0
TR-045556,2025-10-16,San Antonio,Houston,Reefer,301.7,24534.0,867.44,930.06433,457342200.0
TR-045557,2025-10-16,San Antonio,Los Angeles,Flatbed,1317.0,26568.0,2794.83,2814.6172,457342200.0
TR-045558,2025-10-16,Nashville,Lexington,Reefer,255.1,26203.0,718.12,730.6285,457342200.0
TR-045559,2025-10-16,Grand Rapids,Atlanta,Reefer,733.2,27062.0,1702.69,1629.964,457342200.0
TR-045560,2025-10-16,Phoenix,El Paso,Dry Van,544.7,40378.0,1235.7,1256.8735,457342200.0
TR-045561,2025-10-16,Fort Wayne,Syracuse,Dry Van,534.0,29222.0,1069.53,1148.8503,457342200.0
TR-045562,2025-10-16,San Antonio,Green Bay,Reefer,1411.7,43222.0,3294.55,3410.8074,457342200.0
TR-045563,2025-10-16,Charleston,Dayton,Dry Van,632.3,23888.0,1301.45,1305.1667,457342200.0
TR-045564,2025-10-16,New Orleans,New York,Dry Van,1329.8,32897.0,2804.49,2612.97,457342200.0
TR-045565,2025-10-16,Tulsa,Oklahoma City,Dry Van,300.2,23478.0,775.09,750.7837,457342200.0
TR-045566,2025-10-16,Tulsa,Fort Wayne,Flatbed,877.7,34472.0,2038.75,1943.8394,457342200.0
TR-045567,2025-10-16,Charleston,Baton Rouge,Flatbed,926.8,28752.0,2112.34,2103.9768,457342200.0
TR-045568,2025-10-16,Savannah,Lexington,Dry Van,341.6,42730.0,844.26,865.4874,457342200.0
TR-045569,2025-10-16,Buffalo,Tucson,Dry Van,2331.5,43597.0,4419.63,4738.0615,457342200.0
TR-045570,2025-10-16,Mobile,Chattanooga,Dry Van,323.2,40630.0,824.68,813.2792,457342200.0
TR-045571,2025-10-16,Syracuse,Washington,Dry Van,322.8,31852.0,744.62,750.0249,457342200.0
TR-045572,2025-10-16,Hartford,Austin,Dry Van,1963.6,36393.0,4012.16,3844.1294,457342200.0
TR-045573,2025-10-16,Nashville,Memphis,Dry Van,124.5,23908.0,346.4,382.47656,457342200.0
TR-045574,2025-10-16,Baton Rouge,Dayton,Dry Van,888.7,23079.0,1766.71,1743.5701,457342200.0
TR-045575,2025-10-16,Columbia,Bakersfield,Dry Van,2308.6,19190.0,4234.65,4453.672,457342200.0
TR-045576,2025-10-16,Providence,Phoenix,Dry Van,3162.5,17273.0,5590.92,6111.139,457342200.0
TR-045577,2025-10-16,Philadelphia,Little Rock,Dry Van,1303.5,37272.0,2634.88,2615.5984,457342200.0
TR-045578,2025-10-16,Lubbock,Milwaukee,Dry Van,1120.9,24593.0,2230.38,2213.5115,457342200.0
TR-045579,2025-10-16,Cincinnati,Boston,Dry Van,1088.7,34185.0,2199.79,2255.356,457342200.0
TR-045580,2025-10-16,Madison,San Antonio,Dry Van,1149.1,31980.0,2405.29,3125.4973,457342200.0
TR-045581,2025-10-16,San Francisco,Los Angeles,Flatbed,652.5,38385.0,1577.84,1568.0924,457342200.0
TR-045582,2025-10-16,Boston,Greensboro,Dry Van,850.4,30029.0,1712.65,1766.7411,457342200.0
TR-045583,2025-10-16,Dayton,Fresno,Reefer,2203.7,31970.0,4672.68,4610.393,457342200.0
TR-045584,2025-10-16,Bakersfield,Shreveport,Dry Van,1629.3,37983.0,3402.06,3289.105,457342200.0
TR-045585,2025-10-16,Syracuse,Hartford,Flatbed,422.2,28635.0,982.74,985.88043,457342200.0
TR-045586,2025-10-16,Tucson,Jacksonville,Dry Van,1983.2,28929.0,3907.67,3848.5823,457342200.0
TR-045587,2025-10-16,Indianapolis,Bakersfield,Dry Van,1833.0,31972.0,3578.71,3688.8274,457342200.0
TR-045588,2025-10-16,Lexington,Atlanta,Dry Van,211.0,22912.0,526.8,565.61084,457342200.0
TR-045589,2025-10-16,Memphis,New York,Dry Van,1090.9,40935.0,2240.17,2263.7795,457342200.0
TR-045590,2025-10-16,Milwaukee,Toledo,Reefer,323.5,44447.0,894.4,876.9919,457342200.0
TR-045591,2025-10-16,Green Bay,Cincinnati,Reefer,568.3,42207.0,1466.32,1411.0747,457342200.0
TR-045592,2025-10-16,San Antonio,Los Angeles,Reefer,1270.1,34581.0,2998.13,2884.765,457342200.0
TR-045593,2025-10-16,Kansas City,Reno,Dry Van,1684.1,39272.0,3282.86,3323.5234,457342200.0
TR-045594,2025-10-16,Richmond,Atlanta,Reefer,665.2,24778.0,1565.23,1540.1014,457342200.0
TR-045595,2025-10-16,Mobile,Houston,Reefer,465.9,31556.0,1293.67,1243.991,457342200.0
TR-045596,2025-10-16,Phoenix,Lubbock,Dry Van,1097.6,29682.0,2280.97,2226.0464,457342200.0
TR-045597,2025-10-16,Salt Lake City,Atlanta,Reefer,1789.2,42926.0,4050.73,3921.1548,457342200.0
TR-045598,2025-10-16,Cincinnati,Baltimore,Dry Van,900.8,40512.0,1943.56,1878.2072,457342200.0
TR-045599,2025-10-16,Buffalo,Shreveport,Reefer,1108.4,31886.0,2508.13,3105.16,457342200.0
TR-045600,2025-10-16,San Antonio,Dayton,Flatbed,1179.6,34241.0,2645.34,2617.3726,457342200.0
TR-045601,2025-10-16,Kansas City,Shreveport,Dry Van,600.1,32050.0,1373.58,1320.2004,457342200.0
TR-045602,2025-10-16,Las Vegas,Jacksonville,Dry Van,2107.1,37348.0,4123.96,4013.8325,457342200.0
TR-045603,2025-10-16,Reno,Lubbock,Dry Van,1460.0,41515.0,2908.31,3009.9878,457342200.0
TR-045604,2025-10-16,Fresno,Baltimore,Dry Van,3081.7,34722.0,5943.04,6293.6763,457342200.0
TR-045605,2025-10-16,Milwaukee,Harrisburg,Dry Van,657.1,32258.0,1439.58,1340.886,457342200.0
TR-045606,2025-10-16,El Paso,Fort Wayne,Dry Van,1719.1,38121.0,3399.37,3679.974,457342200.0
TR-045607,2025-10-16,Madison,Bakersfield,Dry Van,1797.3,26039.0,3365.36,3379.7031,457342200.0
TR-045608,2025-10-16,Richmond,Kansas City,Dry Van,932.3,21240.0,1831.06,1872.5109,457342200.0
TR-045609,2025-10-16,Hartford,Tampa,Dry Van,1383.8,43882.0,2872.8,2866.0642,457342200.0
TR-045610,2025-10-16,Baton Rouge,Cincinnati,Flatbed,682.3,37624.0,1702.65,1646.7177,457342200.0
TR-045611,2025-10-16,Los Angeles,Albany,Reefer,3174.1,39591.0,6537.96,6307.161,457342200.0
TR-045612,2025-10-16,Mobile,New York,Dry Van,1145.4,36916.0,2422.06,2333.3188,457342200.0
TR-045613,2025-10-16,Charleston,Phoenix,Dry Van,2481.7,46424.0,4957.77,4482.9473,457342200.0
TR-045614,2025-10-16,Cincinnati,Nashville,Dry Van,180.9,37317.0,493.78,510.77698,457342200.0
TR-045615,2025-10-16,San Antonio,Oklahoma City,Dry Van,207.7,32481.0,593.16,578.2709,457342200.0
TR-045616,2025-10-16,Fresno,Oklahoma City,Dry Van,1476.4,47500.0,3170.07,3090.26,457342200.0
TR-045617,2025-10-16,New York,Los Angeles,Reefer,2959.4,30138.0,5957.95,5988.678,457342200.0
TR-045618,2025-10-16,Indianapolis,Corpus Christi,Dry Van,926.6,26550.0,1935.21,1957.3331,457342200.0
TR-045619,2025-10-16,Philadelphia,Cincinnati,Reefer,891.2,41079.0,2060.21,2050.025,457342200.0
TR-045620,2025-10-16,Greensboro,Syracuse,Dry Van,684.4,29934.0,1420.06,1385.5112,457342200.0
TR-045621,2025-10-16,Kansas City,Milwaukee,Flatbed,186.1,18741.0,490.27,521.8828,457342200.0
TR-045622,2025-10-16,Atlanta,Reno,Dry Van,2119.9,33529.0,4207.76,4183.804,457342200.0
TR-045623,2025-10-16,Los Angeles,Bakersfield,Dry Van,385.3,25753.0,866.23,909.1537,457342200.0
TR-045624,2025-10-16,Albany,Chattanooga,Dry Van,1208.4,32226.0,2427.7,2423.4397,457342200.0
TR-045625,2025-10-16,Memphis,Oklahoma City,Flatbed,682.8,33052.0,1659.56,1670.3038,457342200.0
TR-045626,2025-10-16,Tulsa,Hartford,Reefer,1560.9,28130.0,3476.97,3304.4048,457342200.0
TR-045627,2025-10-16,New York,Baton Rouge,Dry Van,1456.2,26737.0,2795.92,2778.6367,457342200.0
TR-045628,2025-10-16,Baton Rouge,Houston,Reefer,167.8,47181.0,575.03,611.47675,457342200.0
TR-045629,2025-10-16,Green Bay,New Orleans,Reefer,1014.7,37122.0,2501.49,2328.1152,457342200.0
TR-045630,2025-10-16,Philadelphia,Mobile,Dry Van,1175.3,18680.0,2283.52,2315.9956,457342200.0
TR-045631,2025-10-16,Kansas City,Baton Rouge,Flatbed,745.3,-22295.0,1698.24,1618.4155,457342200.0
TR-045632,2025-10-16,Milwaukee,Houston,Reefer,838.6,21180.0,2002.19,1912.4758,457342200.0
TR-045633,2025-10-16,Grand Rapids,Milwaukee,Flatbed,352.3,23779.0,872.98,863.39575,457342200.0
TR-045634,2025-10-16,Atlanta,Reno,Dry Van,2128.5,30702.0,4021.52,4143.5986,457342200.0
TR-045635,2025-10-16,Kansas City,Raleigh,Dry Van,925.7,38737.0,1937.24,2000.6718,457342200.0
TR-045636,2025-10-16,New York,Phoenix,Dry Van,2882.9,,5322.9,4893.3916,457342200.0
TR-045637,2025-10-17,Green Bay,Albuquerque,Dry Van,1491.1,32840.0,2934.77,2895.2886,457342200.0
TR-045638,2025-10-17,Cincinnati,Madison,Reefer,434.2,37864.0,1157.63,1095.5665,457342200.0
TR-045639,2025-10-17,Green Bay,Richmond,Reefer,816.1,23409.0,1745.48,1970.0112,457342200.0
TR-045640,2025-10-17,Columbia,Memphis,Dry Van,438.7,43293.0,1076.4,1064.3724,457342200.0
TR-045641,2025-10-17,New Orleans,Hartford,Reefer,1433.0,31746.0,3352.03,3250.764,457342200.0
TR-045642,2025-10-17,Washington,Philadelphia,Dry Van,274.4,30552.0,648.83,657.4843,457342200.0
TR-045643,2025-10-17,Fort Wayne,Columbia,Reefer,572.9,41199.0,1447.57,1405.3157,457342200.0
TR-045644,2025-10-17,Kansas City,Indianapolis,Dry Van,201.4,33906.0,541.72,535.46106,457342200.0
TR-045645,2025-10-17,Bakersfield,Syracuse,Reefer,2644.9,36354.0,5577.71,5542.6396,457342200.0
TR-045646,2025-10-17,Albany,Little Rock,Dry Van,1535.9,19305.0,2834.23,2806.7532,457342200.0
TR-045647,2025-10-17,Grand Rapids,Tampa,Dry Van,1204.6,29968.0,2376.9,2408.786,457342200.0
TR-045648,2025-10-17,Philadelphia,Tampa,Dry Van,1278.7,28493.0,2509.96,2520.3867,457342200.0
TR-045649,2025-10-17,Little Rock,Oklahoma City,Reefer,479.5,25429.0,1269.3,1224.1588,457342200.0
TR-045650,2025-10-17,New York,Kansas City,Dry Van,1130.8,24822.0,2140.85,2172.1387,457342200.0
TR-045651,2025-10-17,Oklahoma City,Jacksonville,Dry Van,984.2,32963.0,2165.47,2067.9956,457342200.0
TR-045652,2025-10-17,Reno,Oklahoma City,Dry Van,1440.0,26799.0,2842.26,2756.3083,457342200.0
TR-045653,2025-10-17,St. Louis,Bakersfield,Reefer,1802.3,41814.0,4069.8,3883.535,457342200.0
TR-045654,2025-10-17,Los Angeles,Austin,Dry Van,1212.0,41931.0,2598.14,2513.1152,457342200.0
TR-045655,2025-10-17,Kansas City,San Antonio,Flatbed,946.9,34942.0,2221.49,2098.493,457342200.0
TR-045656,2025-10-17,Buffalo,Albany,Dry Van,467.7,25699.0,963.31,994.78937,457342200.0
TR-045657,2025-10-17,Little Rock,Syracuse,Reefer,1210.5,27637.0,2654.3,2584.6045,457342200.0
TR-045658,2025-10-17,Tampa,Mobile,Reefer,306.7,33861.0,879.55,906.35126,457342200.0
TR-045659,2025-10-17,Lubbock,San Antonio,Flatbed,124.9,29036.0,386.46,438.47586,457342200.0
TR-045660,2025-10-17,Columbia,Greensboro,Dry Van,130.8,34060.0,364.34,390.56042,457342200.0
TR-045661,2025-10-17,New Orleans,Indianapolis,Dry Van,539.2,35925.0,1237.58,1241.8229,457342200.0
TR-045662,2025-10-17,Amarillo,Lexington,Dry Van,1309.8,36255.0,2734.03,2617.6145,457342200.0
TR-045663,2025-10-17,Cincinnati,Syracuse,Dry Van,772.0,44772.0,1625.19,1635.2264,457342200.0
TR-045664,2025-10-17,Bakersfield,Greensboro,Flatbed,2242.2,15647.0,4336.71,4289.8906,457342200.0
TR-045665,2025-10-17,Tucson,Hartford,Flatbed,2764.2,18061.0,5312.61,5219.202,457342200.0
TR-045666,2025-10-17,Philadelphia,Hartford,Dry Van,74.7,20427.0,202.77,259.3832,457342200.0
TR-045667,2025-10-17,Bakersfield,El Paso,Dry Van,454.1,16477.0,999.21,1014.6208,457342200.0
TR-045668,2025-10-17,New York,Phoenix,Dry Van,2898.8,25046.0,5050.06,4968.425,457342200.0
TR-045669,2025-10-17,El Paso,Indianapolis,Dry Van,1446.0,28958.0,2865.83,2805.5552,457342200.0
TR-045670,2025-10-17,Fresno,Syracuse,Reefer,2794.8,16145.0,5504.19,5693.5327,457342200.0
TR-045671,2025-10-17,Nashville,Mobile,Reefer,295.0,43934.0,865.48,924.3403,457342200.0
TR-045672,2025-10-17,El Paso,San Antonio,Reefer,879.6,30030.0,2109.8,2055.9502,457342200.0
TR-045673,2025-10-17,Corpus Christi,Tucson,Dry Van,1261.6,,2696.52,2490.2778,457342200.0
TR-045674,2025-10-17,Amarillo,Boston,Dry Van,2280.8,13972.0,4273.32,4150.6416,457342200.0
TR-045675,2025-10-17,Albany,Chattanooga,Flatbed,1203.6,29458.0,2457.47,2575.1418,457342200.0
TR-045676,2025-10-17,Albuquerque,Mobile,Dry Van,1456.3,46387.0,3051.07,3075.2036,457342200.0
TR-045677,2025-10-17,Reno,Fort Wayne,Flatbed,2059.4,33656.0,3982.98,4139.2188,457342200.0
TR-045678,2025-10-17,Memphis,Grand Rapids,Dry Van,676.8,36101.0,1498.32,1399.8987,457342200.0
TR-045679,2025-10-17,Columbia,Atlanta,Dry Van,207.7,35149.0,547.06,548.7599,457342200.0
TR-045680,2025-10-17,Kansas City,Lubbock,Reefer,926.6,31094.0,2254.76,2166.8098,457342200.0
TR-045681,2025-10-17,Hartford,Milwaukee,Dry Van,1033.2,24882.0,2056.91,2010.3718,457342200.0
TR-045682,2025-10-17,San Francisco,Cincinnati,Dry Van,2223.7,38061.0,4336.63,4288.812,457342200.0
TR-045683,2025-10-17,Bakersfield,Green Bay,Reefer,2040.2,42114.0,4383.55,4275.7144,457342200.0
TR-045684,2025-10-17,Houston,Albany,Dry Van,1808.5,33826.0,3472.23,3536.6082,457342200.0
TR-045685,2025-10-17,Memphis,Mobile,Dry Van,325.9,36967.0,809.61,788.5876,457342200.0
TR-045686,2025-10-17,Montgomery,Columbia,Dry Van,342.7,33533.0,827.55,844.58057,457342200.0
TR-045687,2025-10-17,Los Angeles,Fort Wayne,Dry Van,2311.9,24540.0,4128.64,4208.878,457342200.0
TR-045688,2025-10-17,Toledo,Grand Rapids,Dry Van,176.7,42510.0,464.57,459.5069,457342200.0
TR-045689,2025-10-17,Dallas,St. Louis,Reefer,612.5,32712.0,1598.45,1721.6273,457342200.0
TR-045690,2025-10-17,San Antonio,Louisville,Reefer,985.6,25387.0,2284.08,2207.7195,457342200.0
TR-045691,2025-10-17,Baton Rouge,Bakersfield,Dry Van,1601.8,25049.0,3177.81,3046.0608,457342200.0
TR-045692,2025-10-17,Fresno,Columbia,Dry Van,2399.1,42302.0,4681.46,4583.819,457342200.0
TR-045693,2025-10-17,Tulsa,San Antonio,Reefer,405.9,24207.0,1113.75,1059.3751,457342200.0
TR-045694,2025-10-17,Nashville,Columbia,Dry Van,341.1,36521.0,822.84,831.87476,457342200.0
TR-045695,2025-10-17,Tampa,Austin,Dry Van,882.1,40101.0,1929.6,1903.356,457342200.0
TR-045696,2025-10-17,Corpus Christi,Milwaukee,Reefer,1033.1,39687.0,2504.83,2396.932,457342200.0
TR-045697,2025-10-17,Nashville,Kansas City,Reefer,377.4,29300.0,1012.02,959.32294,457342200.0
TR-045698,2025-10-17,Shreveport,Louisville,Flatbed,520.1,29201.0,1308.89,1315.5615,457342200.0
TR-045699,2025-10-17,Fort Wayne,Little Rock,Dry Van,677.9,15148.0,1386.72,1346.9082,457342200.0
TR-045700,2025-10-17,Bakersfield,Savannah,Dry Van,2250.7,26525.0,4231.34,4218.8276,457342200.0
TR-045701,2025-10-17,Boston,San Francisco,Reefer,3308.4,23624.0,6710.48,6004.717,457342200.0
TR-045702,2025-10-17,Dayton,New York,Flatbed,748.7,39350.0,1752.03,1696.0508,457342200.0
TR-045703,2025-10-17,Albuquerque,Jacksonville,Dry Van,1730.2,32465.0,3486.21,3349.1675,457342200.0
TR-045704,2025-10-17,Columbia,Oklahoma City,Flatbed,1072.2,33423.0,2490.63,2431.3777,457342200.0
TR-045705,2025-10-17,Greensboro,Cincinnati,Dry Van,267.6,37374.0,680.72,697.78955,457342200.0
TR-045706,2025-10-17,New York,Corpus Christi,Reefer,1737.2,33630.0,3870.41,3712.019,457342200.0
TR-045707,2025-10-17,Buffalo,Cincinnati,Dry Van,623.8,29031.0,1335.72,1333.6041,457342200.0
TR-045708,2025-10-17,Los Angeles,Green Bay,Dry Van,2243.8,27088.0,4001.14,4329.131,457342200.0
TR-045709,2025-10-17,Milwaukee,Hartford,Dry Van,1029.4,26419.0,1977.36,1996.1609,457342200.0
TR-045710,2025-10-17,Tucson,Lexington,Dry Van,1897.6,29673.0,3725.37,3729.3728,457342200.0
TR-045711,2025-10-17,Green Bay,Dayton,Dry Van,384.9,43140.0,903.02,861.79395,457342200.0
TR-045712,2025-10-17,Baton Rouge,Philadelphia,Dry Van,1455.7,17319.0,2771.19,2743.5322,457342200.0
TR-045713,2025-10-17,Green Bay,Reno,Dry Van,1874.9,47500.0,3449.99,3703.7979,457342200.0
TR-045714,2025-10-17,Oklahoma City,San Antonio,Dry Van,226.7,34325.0,630.36,623.056,457342200.0
TR-045715,2025-10-17,Baton Rouge,New Orleans,Flatbed,193.4,29424.0,553.35,610.85406,457342200.0
TR-045716,2025-10-17,Indianapolis,Shreveport,Dry Van,560.6,26967.0,1231.89,1209.1265,457342200.0
TR-045717,2025-10-17,Corpus Christi,Greensboro,Flatbed,1072.1,37130.0,2460.65,2464.1396,457342200.0
TR-045718,2025-10-17,Toledo,Fresno,Dry Van,2342.8,42581.0,4374.08,4473.1885,457342200.0
TR-045719,2025-10-17,Charleston,New York,Reefer,601.4,35715.0,1464.75,1458.8505,457342200.0
TR-045720,2025-10-17,Albany,Washington,Dry Van,540.7,18165.0,1088.41,1118.0768,457342200.0
TR-045721,2025-10-17,Los Angeles,Memphis,Dry Van,1994.0,29594.0,3828.5,3797.296,457342200.0
TR-045722,2025-10-17,Albany,Lubbock,Flatbed,2089.6,43100.0,4531.93,4223.041,457342200.0
TR-045723,2025-10-17,Richmond,Amarillo,Dry Van,1805.1,39332.0,3694.07,3555.8794,457342200.0
TR-045724,2025-10-17,Chattanooga,Kansas City,Dry Van,443.5,35943.0,1079.1,1033.0347,457342200.0
TR-045725,2025-10-17,Louisville,New York,Reefer,904.4,33355.0,2126.09,2018.9751,457342200.0
TR-045726,2025-10-17,Austin,Shreveport,Dry Van,585.2,26311.0,1340.2,1297.594,457342200.0
TR-045727,2025-10-17,Memphis,Tucson,Dry Van,1678.4,31677.0,3342.36,3241.8152,457342200.0
TR-045728,2025-10-17,Mobile,Chattanooga,Flatbed,306.3,27518.0,807.25,855.5731,457342200.0
TR-045729,2025-10-17,Memphis,Raleigh,Dry Van,782.4,30710.0,1711.02,1629.411,457342200.0
TR-045730,2025-10-17,Fresno,Louisville,Dry Van,2176.4,28047.0,4029.11,4436.7827,457342200.0
TR-045731,2025-10-17,Hartford,Dayton,Dry Van,845.8,38754.0,1821.47,1741.6412,457342200.0
TR-045732,2025-10-17,Raleigh,Houston,Dry Van,1236.1,21963.0,2502.01,2414.7937,457342200.0
TR-045733,2025-10-17,Philadelphia,Fresno,Reefer,3093.5,32697.0,6390.2,6199.063,457342200.0
TR-045734,2025-10-17,Montgomery,New York,Reefer,1061.9,43601.0,2466.55,2464.179,457342200.0
TR-045735,2025-10-17,Syracuse,Phoenix,Dry Van,2670.8,32657.0,4829.39,4776.536,457342200.0
TR-045736,2025-10-17,Tucson,Syracuse,Reefer,2451.0,37020.0,5275.11,5009.0327,457342200.0
TR-045737,2025-10-17,New York,Hartford,Reefer,113.8,35206.0,362.78,356.50784,457342200.0
TR-045738,2025-10-17,Tampa,San Francisco,Reefer,2427.9,35406.0,5336.8,5055.0825,457342200.0
TR-045739,2025-10-17,Atlanta,Shreveport,Reefer,468.7,35997.0,1324.44,1231.9056,457342200.0
TR-045740,2025-10-17,Tucson,Oklahoma City,Dry Van,1048.6,27918.0,2204.45,2148.4104,457342200.0
TR-045741,2025-10-17,Atlanta,Hartford,Dry Van,977.1,29492.0,2015.32,2019.6102,457342200.0
TR-045742,2025-10-17,Memphis,Tulsa,Flatbed,393.5,28349.0,1034.75,982.48883,457342200.0
TR-045743,2025-10-17,Boston,Oklahoma City,Dry Van,2014.8,26115.0,3770.27,3711.2263,457342200.0
TR-045744,2025-10-17,Columbia,Salt Lake City,Dry Van,2017.1,42619.0,3934.36,3865.1646,457342200.0
TR-045745,2025-10-17,Albany,Philadelphia,Dry Van,420.3,31860.0,947.22,921.2521,457342200.0
TR-045746,2025-10-17,Philadelphia,Syracuse,Flatbed,392.0,38413.0,972.26,965.0767,457342200.0
TR-045747,2025-10-17,Columbia,Washington,Dry Van,543.9,24472.0,1170.45,1181.7888,457342200.0
TR-045748,2025-10-17,Corpus Christi,Chattanooga,Dry Van,833.6,25750.0,1779.6,1778.5428,457342200.0
TR-045749,2025-10-17,Bakersfield,Cincinnati,Dry Van,1962.3,47500.0,3910.77,3914.187,457342200.0
TR-045750,2025-10-17,Detroit,Lubbock,Dry Van,1467.7,31790.0,2935.66,2768.7432,457342200.0
TR-045751,2025-10-17,Dallas,Little Rock,Dry Van,268.9,23486.0,698.47,693.7294,457342200.0
TR-045752,2025-10-17,Richmond,Columbia,Dry Van,513.9,20910.0,1033.08,1085.7277,457342200.0
TR-045753,2025-10-17,Columbia,Harrisburg,Dry Van,556.0,46839.0,1237.01,1219.9915,457342200.0
TR-045754,2025-10-17,Montgomery,Louisville,Dry Van,511.5,19856.0,1137.75,1110.2205,457342200.0
TR-045755,2025-10-17,Louisville,Phoenix,Reefer,2027.8,33012.0,4525.16,4256.88,457342200.0
TR-045756,2025-10-17,Austin,Lubbock,Dry Van,70.0,35211.0,227.6,319.49738,457342200.0
TR-045757,2025-10-17,Los Angeles,Bakersfield,Flatbed,403.8,27641.0,996.46,1038.6422,457342200.0
TR-045758,2025-10-17,Fresno,El Paso,Flatbed,647.7,23881.0,1476.89,1522.0405,457342200.0
TR-045759,2025-10-17,Green Bay,Richmond,Reefer,817.7,25456.0,1844.12,2037.2334,457342200.0
TR-045760,2025-10-17,Dayton,Lubbock,Dry Van,1252.4,30442.0,2537.26,2515.8398,457342200.0
TR-045761,2025-10-17,Buffalo,Green Bay,Dry Van,584.5,28467.0,1209.72,1220.0347,457342200.0
TR-045762,2025-10-17,San Antonio,Atlanta,Dry Van,932.0,36019.0,2009.57,1975.0671,457342200.0
TR-045763,2025-10-17,Grand Rapids,El Paso,Flatbed,1680.8,,3517.71,3463.454,457342200.0
TR-045764,2025-10-17,Cincinnati,Bakersfield,Dry Van,2024.8,25346.0,3777.92,3811.9404,457342200.0
TR-045765,2025-10-17,Providence,Dayton,Dry Van,1003.0,17190.0,1909.16,1965.7225,457342200.0
TR-045766,2025-10-17,New Orleans,Harrisburg,Reefer,1089.8,23015.0,2410.85,2361.5686,457342200.0
TR-045767,2025-10-17,Phoenix,Raleigh,Dry Van,2621.0,18915.0,4640.16,4676.71,457342200.0
TR-045768,2025-10-17,Philadelphia,Nashville,Reefer,1025.6,14033.0,2209.46,2206.262,457342200.0
TR-045769,2025-10-17,Kansas City,Toledo,Dry Van,462.7,29078.0,1045.45,1004.33685,457342200.0
TR-045770,2025-10-17,Mobile,Charleston,Dry Van,623.4,22128.0,1320.24,1333.2871,457342200.0
TR-045771,2025-10-17,Dayton,Savannah,Reefer,550.1,30178.0,1344.65,1318.2186,457342200.0
TR-045772,2025-10-17,Richmond,Mobile,Dry Van,924.5,28551.0,1947.07,1952.967,457342200.0
TR-045773,2025-10-17,Baltimore,Reno,Dry Van,2816.5,38364.0,5009.39,6732.9443,457342200.0
TR-045774,2025-10-17,Kansas City,Green Bay,Dry Van,466.3,32352.0,2389.43,1026.2168,457342200.0
TR-045775,2025-10-17,Milwaukee,Shreveport,Dry Van,647.3,39416.0,1500.92,1438.2625,457342200.0
TR-045776,2025-10-17,Savannah,Chattanooga,Dry Van,351.6,27893.0,813.53,851.30597,457342200.0
TR-045777,2025-10-17,Kansas City,Atlanta,Reefer,506.8,19309.0,1257.8,1241.3762,457342200.0
TR-045778,2025-10-17,Houston,Kansas City,Flatbed,752.9,29441.0,1759.5,1705.6139,457342200.0
TR-045779,2025-10-17,Raleigh,Louisville,Dry Van,692.4,43840.0,1533.53,1486.5944,457342200.0
TR-045780,2025-10-17,Louisville,Cincinnati,Dry Van,70.0,42558.0,210.54,284.36533,457342200.0
TR-045781,2025-10-17,Lexington,Shreveport,Flatbed,603.0,44068.0,1509.14,1615.3889,457342200.0
TR-045782,2025-10-17,Richmond,Boston,Dry Van,496.3,22831.0,1061.38,1023.40704,457342200.0
TR-045783,2025-10-17,Greensboro,El Paso,Flatbed,1790.6,18291.0,3602.47,3586.6199,457342200.0
TR-045784,2025-10-17,Lexington,Los Angeles,Flatbed,2236.6,26244.0,4410.79,4333.483,457342200.0
TR-045785,2025-10-17,Milwaukee,Mobile,Dry Van,623.5,27845.0,1367.68,1323.2686,457342200.0
TR-045786,2025-10-17,Los Angeles,Washington,Reefer,2693.9,28455.0,5467.05,5279.4937,457342200.0
TR-045787,2025-10-17,Dayton,Phoenix,Dry Van,2161.4,9623.0,3826.18,3935.4058,457342200.0
TR-045788,2025-10-17,New Orleans,San Antonio,Reefer,495.2,29582.0,1300.9,1265.6543,457342200.0
TR-045789,2025-10-17,Los Angeles,Nashville,Reefer,2016.7,18463.0,4254.3,4837.9087,457342200.0
TR-045790,2025-10-17,Savannah,San Antonio,Reefer,1171.5,31043.0,2751.34,2675.5203,457342200.0
TR-045791,2025-10-17,Raleigh,Amarillo,Flatbed,1828.2,40897.0,3973.88,3931.5908,457342200.0
TR-045792,2025-10-17,New York,Grand Rapids,Flatbed,811.5,28986.0,1761.45,1698.2489,457342200.0
TR-045793,2025-10-17,Green Bay,Mobile,Flatbed,1018.0,31184.0,2279.98,2185.4634,457342200.0
TR-045794,2025-10-17,Baltimore,Atlanta,Reefer,906.5,34472.0,2139.64,2060.4387,457342200.0
TR-045795,2025-10-17,Charleston,San Antonio,Reefer,1334.9,29976.0,3055.6,2926.6409,457342200.0
TR-045796,2025-10-17,Providence,St. Louis,Flatbed,1305.7,27719.0,2697.72,2750.6128,457342200.0
TR-045797,2025-10-17,Cincinnati,Syracuse,Dry Van,759.6,17367.0,1495.93,1465.68,457342200.0
TR-045798,2025-10-17,Buffalo,Shreveport,Dry Van,1172.3,29453.0,2362.74,2941.8987,457342200.0
TR-045799,2025-10-17,Syracuse,Dallas,Dry Van,1398.2,16546.0,2626.92,2653.3857,457342200.0
TR-045800,2025-10-17,Austin,Green Bay,Dry Van,1385.9,41613.0,2855.35,2814.3164,457342200.0
TR-045801,2025-10-17,Houston,Detroit,Reefer,1215.0,28184.0,2661.21,2651.6978,457342200.0
TR-045802,2025-10-17,St. Louis,Los Angeles,Dry Van,1969.5,30829.0,3838.53,3774.3335,457342200.0
TR-045803,2025-10-17,Baltimore,Shreveport,Reefer,1388.4,35239.0,3144.54,3255.5356,457342200.0
TR-045804,2025-10-17,San Antonio,Amarillo,Flatbed,505.8,25499.0,1270.25,1272.4946,457342200.0
TR-045805,2025-10-17,Bakersfield,Richmond,Dry Van,2594.9,40165.0,4970.65,4912.179,457342200.0
TR-045806,2025-10-17,El Paso,Las Vegas,Dry Van,344.7,38925.0,859.09,859.83856,457342200.0
TR-045807,2025-10-17,Madison,Nashville,Dry Van,552.4,47500.0,1274.46,1218.7295,457342200.0
TR-045808,2025-10-17,Tulsa,Albuquerque,Flatbed,1015.7,29376.0,2301.55,2248.978,457342200.0
TR-045809,2025-10-17,Atlanta,Fort Wayne,Dry Van,550.3,38188.0,1243.9,1190.5857,457342200.0
TR-045810,2025-10-17,Boston,Buffalo,Dry Van,605.8,35186.0,1302.32,1286.4983,457342200.0
TR-045811,2025-10-17,Dallas,Columbia,Reefer,811.9,41697.0,2040.75,1966.7334,457342200.0
TR-045812,2025-10-17,Hartford,Grand Rapids,Dry Van,912.8,46953.0,1921.54,1851.3864,457342200.0
TR-045813,2025-10-17,Green Bay,Los Angeles,Dry Van,2239.7,37135.0,4167.75,4229.526,457342200.0
TR-045814,2025-10-17,Shreveport,Oklahoma City,Dry Van,446.0,32303.0,1124.2,1075.2412,457342200.0
TR-045815,2025-10-17,Tucson,Oklahoma City,Dry Van,998.3,33417.0,2067.51,2105.1313,457342200.0
TR-045816,2025-10-17,Greensboro,Raleigh,Flatbed,377.9,25686.0,932.49,936.44604,457342200.0
TR-045817,2025-10-17,Los Angeles,Louisville,Dry Van,2033.0,40587.0,3953.94,3896.8777,457342200.0
TR-045818,2025-10-18,Fresno,Jacksonville,Reefer,2425.4,27293.0,4999.35,4793.742,457342200.0
TR-045819,2025-10-18,Fort Wayne,Louisville,Dry Van,360.1,25625.0,829.78,795.01056,457342200.0
TR-045820,2025-10-18,Atlanta,Baltimore,Dry Van,940.4,30598.0,9522.01,1918.8176,457342200.0
TR-045821,2025-10-18,New Orleans,San Antonio,Reefer,524.6,31080.0,1375.14,1370.444,457342200.0
TR-045822,2025-10-18,Baltimore,Buffalo,Flatbed,474.0,32958.0,1133.66,1145.0964,457342200.0
TR-045823,2025-10-18,Salt Lake City,Richmond,Reefer,2359.9,17570.0,4705.33,4565.6533,457342200.0
TR-045824,2025-10-18,Fort Wayne,Buffalo,Dry Van,426.5,31546.0,958.53,927.2775,457342200.0
TR-045825,2025-10-18,Raleigh,Louisville,Flatbed,679.1,25032.0,1543.23,1503.5363,457342200.0
TR-045826,2025-10-18,Lexington,San Francisco,Dry Van,2325.3,23152.0,4131.85,4191.953,457342200.0
TR-045827,2025-10-18,Nashville,Detroit,Dry Van,743.7,34220.0,1552.35,1532.0773,457342200.0
TR-045828,2025-10-18,Reno,Los Angeles,Dry Van,898.7,31302.0,1810.99,1791.2385,457342200.0
TR-045829,2025-10-18,El Paso,Green Bay,Reefer,1679.7,33233.0,3685.75,3605.1382,457342200.0
TR-045830,2025-10-18,Grand Rapids,Albany,Flatbed,912.8,29114.0,1859.19,1888.6631,457342200.0
TR-045831,2025-10-18,Memphis,Columbia,Dry Van,440.7,25982.0,989.63,1002.68536,457342200.0
TR-045832,2025-10-18,Kansas City,St. Louis,Dry Van,123.7,28762.0,349.49,372.80734,457342200.0
TR-045833,2025-10-18,Austin,Oklahoma City,Dry Van,217.2,23893.0,574.16,665.88257,457342200.0
TR-045834,2025-10-18,Amarillo,Greensboro,Reefer,1478.5,7483.0,700.21,3041.11,457342200.0
TR-045835,2025-10-18,Baton Rouge,Cincinnati,Dry Van,693.9,,1631.71,1509.2452,457342200.0
TR-045836,2025-10-18,Syracuse,Mobile,Flatbed,1124.7,29349.0,2362.92,2385.9907,457342200.0
TR-045837,2025-10-18,El Paso,Mobile,Dry Van,1503.4,32412.0,2972.51,2936.2847,457342200.0
TR-045838,2025-10-18,Lubbock,Greensboro,Dry Van,1267.9,35057.0,2699.51,2548.9473,457342200.0
TR-045839,2025-10-18,Louisville,Houston,Flatbed,752.7,42466.0,1862.45,1820.5488,457342200.0
TR-045840,2025-10-18,Jacksonville,Albuquerque,Dry Van,1721.3,36302.0,3476.91,3355.8193,457342200.0
TR-045841,2025-10-18,Amarillo,Bakersfield,Reefer,847.0,26005.0,1989.36,2104.7988,457342200.0
TR-045842,2025-10-18,Kansas City,Tucson,Reefer,1629.1,35042.0,3523.42,3546.7249,457342200.0
TR-045843,2025-10-18,Richmond,Fresno,Dry Van,2796.1,30002.0,5068.46,5337.826,457342200.0
TR-045844,2025-10-18,Los Angeles,Baton Rouge,Dry Van,1688.5,27190.0,3163.53,3109.9556,457342200.0
TR-045845,2025-10-18,El Paso,Bakersfield,Dry Van,436.9,34514.0,988.77,1038.5759,457342200.0
TR-045846,2025-10-18,New York,Lexington,Flatbed,759.9,27792.0,1695.2,1600.5304,457342200.0
TR-045847,2025-10-18,Baton Rouge,Las Vegas,Dry Van,1525.2,24953.0,3057.31,2888.6902,457342200.0
TR-045848,2025-10-18,Philadelphia,Bakersfield,Reefer,2786.4,35394.0,5815.43,5880.969,457342200.0
TR-045849,2025-10-18,Milwaukee,Fort Wayne,Flatbed,246.8,20919.0,606.41,618.68744,457342200.0
TR-045850,2025-10-18,Atlanta,San Francisco,Reefer,2337.9,42559.0,5044.57,4919.2227,457342200.0
TR-045851,2025-10-18,Bakersfield,Milwaukee,Reefer,1928.0,28373.0,3991.46,4014.6626,457342200.0
TR-045852,2025-10-18,Hartford,New Orleans,Flatbed,1416.0,39227.0,3036.3,3150.264,457342200.0
TR-045853,2025-10-18,New York,Savannah,Flatbed,786.5,39076.0,1812.84,1748.0781,457342200.0
TR-045854,2025-10-18,San Antonio,Indianapolis,Dry Van,975.4,30654.0,2071.63,1964.8751,457342200.0
TR-045855,2025-10-18,Tucson,Richmond,Dry Van,2515.3,36087.0,4768.65,4634.72,457342200.0
TR-045856,2025-10-18,Lexington,Memphis,Reefer,345.7,38222.0,932.39,968.8025,457342200.0
TR-045857,2025-10-18,San Antonio,Baton Rouge,Flatbed,410.3,23575.0,1012.6,1043.7268,457342200.0
TR-045858,2025-10-18,Corpus Christi,Salt Lake City,Dry Van,1316.2,26654.0,2550.35,2603.1226,457342200.0
TR-045859,2025-10-18,Houston,Savannah,Reefer,900.2,26426.0,2116.33,2042.2982,457342200.0
TR-045860,2025-10-18,Chattanooga,Syracuse,Reefer,892.4,36189.0,1990.99,1976.3647,457342200.0
TR-045861,2025-10-18,Bakersfield,New York,Dry Van,2832.7,34381.0,5111.47,5679.672,457342200.0
TR-045862,2025-10-18,Los Angeles,Montgomery,Flatbed,2156.6,18145.0,4486.54,4113.4604,457342200.0
TR-045863,2025-10-18,Tucson,Green Bay,Dry Van,1975.9,29336.0,3787.48,3640.8096,457342200.0
TR-045864,2025-10-18,St. Louis,Tulsa,Dry Van,520.9,35617.0,1244.28,1183.394,457342200.0
TR-045865,2025-10-18,Washington,Columbia,Dry Van,537.6,,1140.72,1221.2366,457342200.0
TR-045866,2025-10-18,Charleston,Madison,Dry Van,899.2,25439.0,1743.16,1756.6743,457342200.0
TR-045867,2025-10-18,Oklahoma City,New York,Dry Van,1748.3,46804.0,3491.03,3504.534,457342200.0
TR-045868,2025-10-18,Nashville,Montgomery,Reefer,367.5,31520.0,1006.04,976.74774,457342200.0
TR-045869,2025-10-18,Albuquerque,Bakersfield,Dry Van,520.6,33612.0,1170.58,1147.393,457342200.0
TR-045870,2025-10-18,Los Angeles,Buffalo,Dry Van,2709.0,36057.0,4885.38,4939.6665,457342200.0
TR-045871,2025-10-18,Tulsa,Amarillo,Dry Van,661.2,16325.0,1386.64,1387.2434,457342200.0
TR-045872,2025-10-18,Montgomery,Lexington,Reefer,483.5,26130.0,1225.41,1225.3918,457342200.0
TR-045873,2025-10-18,Nashville,San Antonio,Dry Van,862.5,21629.0,1781.79,1750.6544,457342200.0
TR-045874,2025-10-18,Montgomery,Amarillo,Flatbed,1254.9,25158.0,2723.7,2651.035,457342200.0
TR-045875,2025-10-18,Oklahoma City,Buffalo,Reefer,1524.8,32228.0,3299.18,3336.1099,457342200.0
TR-045876,2025-10-18,Montgomery,Tampa,Reefer,269.5,38155.0,786.48,878.59344,457342200.0
TR-045877,2025-10-18,Jacksonville,New Orleans,Reefer,545.3,42046.0,1410.96,1453.065,457342200.0
TR-045878,2025-10-18,Harrisburg,Albany,Flatbed,564.7,9639.0,1219.83,1197.8291,457342200.0
TR-045879,2025-10-18,Dayton,Austin,Reefer,1266.9,30819.0,2913.25,2801.9895,457342200.0
TR-045880,2025-10-18,Greensboro,Philadelphia,Dry Van,714.4,34194.0,1561.35,1493.5348,457342200.0
TR-045881,2025-10-18,Tucson,Greensboro,Dry Van,2086.2,20579.0,3892.16,3717.7983,457342200.0
TR-045882,2025-10-18,Atlanta,Harrisburg,Dry Van,682.7,27302.0,1400.28,1392.1809,457342200.0
TR-045883,2025-10-18,Fort Wayne,Savannah,Dry Van,678.7,30247.0,1461.81,1378.9504,457342200.0
TR-045884,2025-10-18,Syracuse,Oklahoma City,Dry Van,1623.1,36548.0,3182.56,3151.799,457342200.0
TR-045885,2025-10-18,Green Bay,Montgomery,Dry Van,1058.8,34419.0,2144.76,2189.76,457342200.0
TR-045886,2025-10-18,Jacksonville,Mobile,Dry Van,260.9,21650.0,650.01,639.83325,457342200.0
TR-045887,2025-10-18,Bakersfield,Los Angeles,Flatbed,408.9,20317.0,968.51,1025.3351,457342200.0
TR-045888,2025-10-18,Indianapolis,Buffalo,Reefer,668.9,44036.0,1647.1,1583.0842,457342200.0
TR-045889,2025-10-18,Oklahoma City,Charleston,Dry Van,1348.5,25133.0,2729.1,2643.8743,457342200.0
TR-045890,2025-10-18,Los Angeles,Indianapolis,Reefer,2037.5,38232.0,4494.77,4252.852,457342200.0
TR-045891,2025-10-18,Baton Rouge,Columbia,Dry Van,733.5,34685.0,1634.18,1577.6443,457342200.0
TR-045892,2025-10-18,El Paso,Lubbock,Reefer,764.9,45282.0,1963.55,1899.7864,457342200.0
TR-045893,2025-10-18,Providence,Baton Rouge,Dry Van,1688.6,38714.0,3401.76,3243.804,457342200.0
TR-045894,2025-10-18,Tucson,Tampa,Dry Van,1862.5,30331.0,3600.17,3582.4595,457342200.0
TR-045895,2025-10-18,Memphis,Buffalo,Reefer,855.3,37970.0,2059.94,1960.7421,457342200.0
TR-045896,2025-10-18,Hartford,Toledo,Dry Van,793.1,27762.0,1499.02,1537.1697,457342200.0
TR-045897,2025-10-18,Charleston,Atlanta,Flatbed,467.3,23788.0,1106.0,1131.8867,457342200.0
TR-045898,2025-10-18,Lexington,Green Bay,Reefer,620.0,21432.0,1415.97,1422.7062,457342200.0
TR-045899,2025-10-18,San Antonio,Harrisburg,Flatbed,1560.8,20079.0,3079.84,3070.2996,457342200.0
TR-045900,2025-10-18,Buffalo,Atlanta,Dry Van,724.5,20221.0,1455.53,1425.6387,457342200.0
TR-045901,2025-10-18,Indianapolis,San Antonio,Flatbed,958.7,30319.0,2133.85,2096.451,457342200.0
TR-045902,2025-10-18,New York,Lubbock,Dry Van,1879.1,33424.0,3664.1,3614.491,457342200.0
TR-045903,2025-10-18,Nashville,Philadelphia,Reefer,1019.1,35391.0,2356.83,2292.6313,457342200.0
TR-045904,2025-10-18,Lubbock,Nashville,Flatbed,907.1,28431.0,2087.83,1982.1539,457342200.0
TR-045905,2025-10-18,Grand Rapids,Columbia,Flatbed,744.4,23665.0,1627.5,1546.9104,457342200.0
TR-045906,2025-10-18,Phoenix,Tampa,Reefer,2007.6,40659.0,4440.83,4535.946,457342200.0
TR-045907,2025-10-18,Albany,El Paso,Flatbed,2534.5,32150.0,5015.77,4741.898,457342200.0
TR-045908,2025-10-18,Phoenix,Kansas City,Reefer,1869.2,36021.0,4003.05,3953.566,457342200.0
TR-045909,2025-10-18,Houston,Tampa,Dry Van,583.0,29136.0,1290.15,1291.3369,457342200.0
TR-045910,2025-10-18,Phoenix,Harrisburg,Flatbed,2612.2,31329.0,5205.32,4956.2583,457342200.0
TR-045911,2025-10-18,Dayton,Atlanta,Reefer,421.2,40013.0,1126.1,1069.862,457342200.0
TR-045912,2025-10-18,Milwaukee,Greensboro,Flatbed,487.7,34238.0,1183.6,1169.596,457342200.0
TR-045913,2025-10-18,Corpus Christi,Kansas City,Dry Van,959.8,-38106.0,2001.86,1881.6512,457342200.0
TR-045914,2025-10-18,Lubbock,Hartford,Reefer,1973.3,26797.0,4242.61,4025.526,457342200.0
TR-045915,2025-10-18,Atlanta,Syracuse,Dry Van,882.0,21589.0,1766.47,1700.9424,457342200.0
TR-045916,2025-10-18,Reno,Buffalo,Reefer,2435.0,36369.0,4890.94,4901.456,457342200.0
TR-045917,2025-10-18,Louisville,Indianapolis,Dry Van,142.2,35737.0,404.69,390.21323,457342200.0
TR-045918,2025-10-18,Hartford,Amarillo,Dry Van,2115.6,36580.0,4181.96,3950.057,457342200.0
TR-045919,2025-10-18,Albany,Memphis,Dry Van,1348.8,41613.0,2687.53,2727.3127,457342200.0
TR-045920,2025-10-18,Atlanta,Providence,Dry Van,1146.8,33866.0,2449.64,2389.376,457342200.0
TR-045921,2025-10-18,Lexington,Reno,Dry Van,2152.4,22457.0,3835.85,3935.4766,457342200.0
TR-045922,2025-10-18,Albuquerque,Fort Wayne,Reefer,1580.0,21927.0,3331.57,3412.5999,457342200.0
TR-045923,2025-10-18,Phoenix,Atlanta,Dry Van,2031.2,33478.0,3840.4,3793.429,457342200.0
TR-045924,2025-10-18,Tulsa,Raleigh,Dry Van,1161.6,37715.0,2397.45,2457.7236,457342200.0
TR-045925,2025-10-18,Albany,Fort Wayne,Dry Van,887.7,37032.0,1849.8,1770.6199,457342200.0
TR-045926,2025-10-18,Albuquerque,Oklahoma City,Dry Van,812.6,42596.0,1833.94,1766.0756,457342200.0
TR-045927,2025-10-18,Cincinnati,Raleigh,Dry Van,623.0,42413.0,1415.02,1374.3184,457342200.0
TR-045928,2025-10-18,Houston,Cincinnati,Dry Van,749.0,36239.0,1653.6,1639.75,457342200.0
TR-045929,2025-10-18,Oklahoma City,Lexington,Flatbed,991.8,34035.0,2269.87,2202.3809,457342200.0
TR-045930,2025-10-18,Chattanooga,Amarillo,Dry Van,1183.8,25020.0,2343.36,2370.6343,457342200.0
TR-045931,2025-10-18,Mobile,Greensboro,Dry Van,500.6,36796.0,1155.88,1144.1738,457342200.0
TR-045932,2025-10-18,Greensboro,Oklahoma City,Reefer,1151.0,31936.0,2734.13,2637.2258,457342200.0
TR-045933,2025-10-18,Nashville,Cincinnati,Reefer,180.2,28739.0,542.83,575.67786,457342200.0
TR-045934,2025-10-18,Los Angeles,Houston,Flatbed,1527.7,36912.0,3338.28,3275.0962,457342200.0
TR-045935,2025-10-18,Greensboro,Oklahoma City,Reefer,1121.8,20628.0,2496.0,2429.7517,457342200.0
TR-045936,2025-10-18,Buffalo,Dallas,Reefer,1300.2,40032.0,2966.05,2906.0596,457342200.0
TR-045937,2025-10-18,Phoenix,New York,Flatbed,2908.1,34850.0,5663.94,5483.702,457342200.0
TR-045938,2025-10-18,Indianapolis,Phoenix,Flatbed,1964.6,29447.0,3967.69,3951.3662,457342200.0
TR-045939,2025-10-18,Madison,Baton Rouge,Reefer,946.7,21392.0,2107.87,2072.5305,457342200.0
TR-045940,2025-10-18,Birmingham,Cincinnati,Dry Van,333.9,6817.0,753.48,755.7015,457342200.0
TR-045941,2025-10-18,Milwaukee,Nashville,Dry Van,380.8,27144.0,876.11,804.865,457342200.0
TR-045942,2025-10-18,Dayton,Kansas City,Reefer,360.5,33808.0,959.64,972.5194,457342200.0
TR-045943,2025-10-18,Montgomery,New York,Dry Van,1091.4,24790.0,2122.57,2133.5266,457342200.0
TR-045944,2025-10-18,Green Bay,Los Angeles,Reefer,2218.6,34922.0,4530.44,4506.6284,457342200.0
TR-045945,2025-10-18,Lubbock,Richmond,Dry Van,1716.4,37885.0,3356.21,3339.6418,457342200.0
TR-045946,2025-10-18,Buffalo,Atlanta,Dry Van,722.2,43615.0,1551.53,1516.2789,457342200.0
TR-045947,2025-10-18,Salt Lake City,Mobile,Dry Van,1688.7,31021.0,3348.56,3236.924,457342200.0
TR-045948,2025-10-18,Detroit,Hartford,Reefer,797.4,40962.0,1845.61,1807.5594,457342200.0
TR-045949,2025-10-18,Jacksonville,San Antonio,Dry Van,975.1,44030.0,2135.27,2054.1665,457342200.0
TR-045950,2025-10-18,Shreveport,Milwaukee,Reefer,646.9,37609.0,1619.21,1556.5245,457342200.0
TR-045951,2025-10-18,San Antonio,New York,Dry Van,1797.5,33997.0,3564.95,3426.5332,457342200.0
TR-045952,2025-10-18,Amarillo,Baton Rouge,Reefer,819.0,40870.0,2072.92,1996.4232,457342200.0
TR-045953,2025-10-18,Milwaukee,Dayton,Dry Van,199.3,30874.0,514.26,498.34772,457342200.0
TR-045954,2025-10-18,Milwaukee,Buffalo,Flatbed,637.5,39143.0,1466.63,1465.2242,457342200.0
TR-045955,2025-10-18,Los Angeles,Madison,Flatbed,1978.6,32237.0,4032.78,3957.65,457342200.0
TR-045956,2025-10-18,Baltimore,Richmond,Dry Van,270.1,30072.0,651.51,645.8243,457342200.0
TR-045957,2025-10-18,Houston,Charleston,Dry Van,1114.8,25040.0,2273.63,2235.9146,457342200.0
TR-045958,2025-10-18,Syracuse,Jacksonville,Dry Van,1031.8,39852.0,2089.43,2096.8723,457342200.0
TR-045959,2025-10-18,New York,Salt Lake City,Dry Van,2534.1,18567.0,4496.35,4383.236,457342200.0
TR-045960,2025-10-18,Oklahoma City,Cincinnati,Dry Van,888.8,29466.0,1880.12,1838.7405,457342200.0
TR-045961,2025-10-18,Greensboro,Mobile,Dry Van,485.6,35107.0,1120.66,1096.7162,457342200.0
TR-045962,2025-10-18,Green Bay,Boston,Reefer,1175.9,42276.0,2688.36,2689.5576,457342200.0
TR-045963,2025-10-18,Boston,Jacksonville,Reefer,1128.3,28236.0,2534.73,3297.8662,457342200.0
TR-045964,2025-10-18,Charleston,Hartford,Dry Van,668.5,23694.0,1341.22,1326.6332,457342200.0
TR-045965,2025-10-18,Reno,Lubbock,Dry Van,1530.0,34894.0,2975.08,2927.3574,457342200.0
TR-045966,2025-10-18,Lexington,Kansas City,Dry Van,430.9,39649.0,991.62,977.2835,457342200.0
TR-045967,2025-10-18,Washington,Tampa,Dry Van,1138.5,47500.0,2298.17,2352.5266,457342200.0
TR-045968,2025-10-18,Washington,Buffalo,Dry Van,252.0,29902.0,593.11,610.6284,457342200.0
TR-045969,2025-10-18,Jacksonville,Dallas,Reefer,663.4,40783.0,1711.11,1649.5076,457342200.0
TR-045970,2025-10-18,Dayton,Milwaukee,Reefer,186.9,20981.0,529.66,586.4615,457342200.0
TR-045971,2025-10-18,Atlanta,Indianapolis,Dry Van,364.2,32626.0,879.77,831.22217,457342200.0
TR-045972,2025-10-18,Richmond,Hartford,Dry Van,328.1,35441.0,767.1,750.93695,457342200.0
TR-045973,2025-10-18,Corpus Christi,Fort Wayne,Dry Van,1267.3,29877.0,2530.36,2502.3538,457342200.0
TR-045974,2025-10-18,Amarillo,Richmond,Dry Van,1820.5,30014.0,3559.92,3536.9346,457342200.0
TR-045975,2025-10-18,Toledo,Baton Rouge,Flatbed,1115.5,26332.0,2350.04,2393.1597,457342200.0
TR-045976,2025-10-18,Columbia,Kansas City,Dry Van,637.1,42873.0,1394.61,1371.0475,457342200.0
TR-045977,2025-10-18,San Antonio,Grand Rapids,Dry Van,1404.6,37865.0,2791.89,2810.363,457342200.0
TR-045978,2025-10-18,Phoenix,Los Angeles,Reefer,75.1,24836.0,232.99,439.60672,457342200.0
TR-045979,2025-10-18,Jacksonville,New York,Dry Van,935.5,38001.0,1938.75,1979.5226,457342200.0
TR-045980,2025-10-18,Amarillo,Tucson,Dry Van,654.9,32057.0,1434.58,1390.8794,457342200.0
TR-045981,2025-10-18,Indianapolis,Reno,Dry Van,1860.0,-26959.0,3447.98,4104.167,457342200.0
TR-045982,2025-10-18,Tulsa,Fresno,Dry Van,1689.0,21771.0,3196.73,3109.6282,457342200.0
TR-045983,2025-10-18,Philadelphia,Syracuse,Dry Van,379.2,24544.0,831.63,793.8337,457342200.0
TR-045984,2025-10-18,Raleigh,Buffalo,Flatbed,544.8,29238.0,1194.13,1242.7526,457342200.0
TR-045985,2025-10-19,Oklahoma City,Raleigh,Dry Van,1443.5,36141.0,2972.9,2882.958,457342200.0
TR-045986,2025-10-19,El Paso,Jacksonville,Flatbed,1766.5,31270.0,3692.68,3675.6272,457342200.0
TR-045987,2025-10-19,Fort Wayne,Milwaukee,Dry Van,253.1,15213.0,577.78,573.24567,457342200.0
TR-045988,2025-10-19,Hartford,Fort Wayne,Flatbed,832.2,33558.0,5308.55,1815.3918,457342200.0
TR-045989,2025-10-19,Shreveport,Amarillo,Reefer,813.5,19928.0,1946.12,1824.3018,457342200.0
TR-045990,2025-10-19,Harrisburg,Milwaukee,Reefer,645.9,34712.0,1497.97,1484.1476,457342200.0
TR-045991,2025-10-19,Lubbock,Albany,Dry Van,2176.5,27262.0,4009.74,3986.3042,457342200.0
TR-045992,2025-10-19,Memphis,Cincinnati,Dry Van,243.8,24807.0,203.4,595.3425,457342200.0
TR-045993,2025-10-19,Albuquerque,Savannah,Reefer,1822.1,26445.0,3823.32,3846.9624,457342200.0
TR-045994,2025-10-19,Buffalo,Louisville,Dry Van,678.2,47500.0,1448.26,1411.5206,457342200.0
TR-045995,2025-10-19,Grand Rapids,Lexington,Dry Van,554.8,37308.0,1275.97,1170.3878,457342200.0
TR-045996,2025-10-19,St. Louis,Phoenix,Dry Van,1989.5,32307.0,3808.34,3679.6565,457342200.0
TR-045997,2025-10-19,Columbia,Memphis,Dry Van,436.5,35544.0,1009.93,1015.8394,457342200.0
TR-045998,2025-10-19,Jacksonville,Lubbock,Dry Van,1092.3,35806.0,2297.59,2283.104,457342200.0
TR-045999,2025-10-19,Tampa,Memphis,Dry Van,599.9,44738.0,1380.6,1333.3855,457342200.0
TR-046000,2025-10-19,Corpus Christi,Shreveport,Reefer,429.9,43964.0,1216.79,1190.3627,457342200.0
TR-046001,2025-10-19,Fort Wayne,San Antonio,Reefer,1293.2,23817.0,2834.77,2716.3206,457342200.0
TR-046002,2025-10-19,Birmingham,Green Bay,Dry Van,892.0,33724.0,1837.35,1800.7089,457342200.0
TR-046003,2025-10-19,Houston,Tucson,Reefer,1280.6,13752.0,2738.58,3195.5876,457342200.0
TR-046004,2025-10-19,San Francisco,Atlanta,Reefer,2253.0,31630.0,4711.99,5667.916,457342200.0
TR-046005,2025-10-19,Syracuse,Baltimore,Dry Van,467.3,32292.0,1046.58,1009.94037,457342200.0
TR-046006,2025-10-19,Baton Rouge,Chattanooga,Dry Van,558.9,33820.0,1310.53,1245.9554,457342200.0
TR-046007,2025-10-19,Tulsa,Detroit,Dry Van,1033.7,28582.0,2036.13,2027.0256,457342200.0
TR-046008,2025-10-19,Philadelphia,Lexington,Dry Van,786.0,35900.0,1668.7,1635.4364,457342200.0
TR-046009,2025-10-19,Austin,Mobile,Dry Van,818.5,31383.0,1690.83,1776.3324,457342200.0
TR-046010,2025-10-19,Harrisburg,Austin,Reefer,1627.7,32129.0,3493.39,3534.5264,457342200.0
TR-046011,2025-10-19,Amarillo,Phoenix,Dry Van,871.5,27869.0,1820.83,1807.5217,457342200.0
TR-046012,2025-10-19,Columbia,Bakersfield,Dry Van,2228.1,35960.0,4232.87,4438.243,457342200.0
TR-046013,2025-10-19,Los Angeles,Tucson,Reefer,318.5,16522.0,808.29,854.59985,457342200.0
TR-046014,2025-10-19,Hartford,Salt Lake City,Dry Van,2567.4,31714.0,4654.64,4676.2446,457342200.0
TR-046015,2025-10-19,Reno,Amarillo,Reefer,1051.5,33579.0,2316.06,2348.8782,457342200.0
TR-046016,2025-10-19,Greensboro,Indianapolis,Reefer,435.9,40095.0,1117.41,1113.7612,457342200.0
TR-046017,2025-10-19,Greensboro,New York,Reefer,674.0,31386.0,1566.31,1502.9174,457342200.0
TR-046018,2025-10-19,Harrisburg,Memphis,Reefer,827.0,47500.0,1961.67,1958.8547,457342200.0
TR-046019,2025-10-19,Dayton,San Antonio,Reefer,1212.1,29178.0,2755.15,2649.245,457342200.0
TR-046020,2025-10-19,New York,Richmond,Dry Van,264.6,35312.0,624.02,620.15704,457342200.0
TR-046021,2025-10-19,Nashville,Buffalo,Dry Van,819.0,31585.0,1671.31,1693.3839,457342200.0
TR-046022,2025-10-19,Atlanta,Kansas City,Dry Van,498.9,28339.0,1104.74,1078.3829,457342200.0
TR-046023,2025-10-19,Fort Wayne,Mobile,Flatbed,813.0,29013.0,1790.74,1740.5056,457342200.0
TR-046024,2025-10-19,Fresno,Lubbock,Dry Van,1401.9,26377.0,2793.65,2766.262,457342200.0
TR-046025,2025-10-19,Kansas City,Houston,Dry Van,733.8,29480.0,1581.9,1471.9196,457342200.0
TR-046026,2025-10-19,Grand Rapids,Tucson,Dry Van,2018.9,42526.0,3786.01,3821.0881,457342200.0
TR-046027,2025-10-19,Jacksonville,Phoenix,Dry Van,2118.5,30978.0,3922.14,3885.5503,457342200.0
TR-046028,2025-10-19,Phoenix,Bakersfield,Dry Van,388.7,15067.0,865.79,862.5249,457342200.0
TR-046029,2025-10-19,Bakersfield,Baton Rouge,Dry Van,1710.0,20652.0,3232.85,3196.1013,457342200.0
TR-046030,2025-10-19,Boston,Grand Rapids,Dry Van,1086.7,28112.0,2073.63,2135.055,457342200.0
TR-046031,2025-10-19,Atlanta,Nashville,Dry Van,148.1,41389.0,418.53,497.1748,457342200.0
TR-046032,2025-10-19,Mobile,Hartford,Dry Van,1266.4,29757.0,2477.44,2496.215,457342200.0
TR-046033,2025-10-19,Mobile,Shreveport,Flatbed,301.5,29994.0,814.05,884.12225,457342200.0
TR-046034,2025-10-19,Providence,Shreveport,Flatbed,1582.8,35357.0,3458.16,3328.7568,457342200.0
TR-046035,2025-10-19,Oklahoma City,Chattanooga,Flatbed,826.4,22872.0,1931.36,1833.2661,457342200.0
TR-046036,2025-10-19,Bakersfield,Cincinnati,Dry Van,1999.2,42118.0,3959.29,3836.114,457342200.0
TR-046037,2025-10-19,Detroit,Madison,Reefer,367.2,41272.0,938.56,939.9672,457342200.0
TR-046038,2025-10-19,Fresno,Columbia,Reefer,2403.9,32653.0,5088.62,4865.5854,457342200.0
TR-046039,2025-10-19,Syracuse,Richmond,Dry Van,392.8,36153.0,869.11,842.92474,457342200.0
TR-046040,2025-10-19,Washington,Los Angeles,Reefer,2717.9,33573.0,5387.61,5435.908,457342200.0
TR-046041,2025-10-19,Oklahoma City,Toledo,Flatbed,1240.2,36164.0,2733.64,2673.1206,457342200.0
TR-046042,2025-10-19,Madison,Lubbock,Flatbed,1152.4,37197.0,2519.16,2581.4165,457342200.0
TR-046043,2025-10-19,Mobile,Hartford,Flatbed,1245.1,28602.0,2553.28,2660.51,457342200.0
TR-046044,2025-10-19,Hartford,Phoenix,Dry Van,3067.3,27343.0,5467.46,5408.6533,457342200.0
TR-046045,2025-10-19,Salt Lake City,Mobile,Dry Van,1684.7,13009.0,3192.96,3059.5146,457342200.0
TR-046046,2025-10-19,Philadelphia,Oklahoma City,Reefer,1780.2,20572.0,3736.86,3616.6711,457342200.0
TR-046047,2025-10-19,El Paso,Fresno,Dry Van,652.1,22351.0,1365.36,1375.0822,457342200.0
TR-046048,2025-10-19,Madison,Syracuse,Flatbed,792.6,30578.0,1714.72,1650.9987,457342200.0
TR-046049,2025-10-19,Chattanooga,Kansas City,Flatbed,423.7,41659.0,1071.09,1045.4972,457342200.0
TR-046050,2025-10-19,Montgomery,New Orleans,Dry Van,448.3,40694.0,1093.07,1080.2218,457342200.0
TR-046051,2025-10-19,Jacksonville,Memphis,Dry Van,464.3,31476.0,1103.5,1085.6724,457342200.0
TR-046052,2025-10-19,Fresno,Corpus Christi,Dry Van,1730.4,40447.0,3489.16,3364.3965,457342200.0
TR-046053,2025-10-19,Detroit,Kansas City,Dry Van,555.2,31112.0,1184.35,1150.4766,457342200.0
TR-046054,2025-10-19,Madison,Grand Rapids,Dry Van,285.3,36362.0,664.86,637.50653,457342200.0
TR-046055,2025-10-19,Tucson,Louisville,Reefer,1804.1,36831.0,3849.6,3777.3625,457342200.0
TR-046056,2025-10-19,Albuquerque,Bakersfield,Flatbed,527.7,20468.0,1221.83,1228.1215,457342200.0
TR-046057,2025-10-19,Green Bay,Buffalo,Dry Van,588.2,32452.0,1200.2,1250.0356,457342200.0
TR-046058,2025-10-19,Detroit,Richmond,Flatbed,656.4,41874.0,1477.99,1457.6199,457342200.0
TR-046059,2025-10-19,Philadelphia,Columbia,Dry Van,779.7,18105.0,1532.71,1566.0693,457342200.0
TR-046060,2025-10-19,Shreveport,New Orleans,Dry Van,70.0,24604.0,209.86,330.96878,457342200.0
TR-046061,2025-10-19,Memphis,San Antonio,Dry Van,775.8,24758.0,1643.8,1592.0317,457342200.0
TR-046062,2025-10-19,Hartford,Kansas City,Flatbed,1218.1,41876.0,2579.5,2737.7104,457342200.0
TR-046063,2025-10-19,Tucson,Phoenix,Reefer,273.9,31724.0,166.3,854.26605,457342200.0
TR-046064,2025-10-19,Tulsa,Richmond,Dry Van,1240.7,35183.0,2537.25,2494.163,457342200.0
TR-046065,2025-10-19,Montgomery,Buffalo,Dry Van,990.6,28515.0,1975.87,2001.2609,457342200.0
TR-046066,2025-10-19,San Antonio,Dayton,Dry Van,1235.7,34558.0,2517.98,2459.3462,457342200.0
TR-046067,2025-10-19,Atlanta,Madison,Dry Van,626.7,33066.0,1375.57,1312.4493,457342200.0
TR-046068,2025-10-19,Cincinnati,Hartford,Flatbed,965.9,27336.0,2025.27,2016.3617,457342200.0
TR-046069,2025-10-19,Boston,Baton Rouge,Dry Van,1721.2,21997.0,3283.73,3199.878,457342200.0
TR-046070,2025-10-19,Milwaukee,Baton Rouge,Reefer,797.2,47500.0,1952.05,1915.0217,457342200.0
TR-046071,2025-10-19,Baltimore,Milwaukee,Reefer,989.4,24309.0,2152.52,2120.428,457342200.0
TR-046072,2025-10-19,Tucson,Mobile,Reefer,1678.9,23195.0,3506.58,3465.5957,457342200.0
TR-046073,2025-10-19,Mobile,Toledo,Dry Van,917.8,34671.0,1834.32,1835.4052,457342200.0
TR-046074,2025-10-19,Albany,Richmond,Flatbed,614.5,33247.0,1386.17,1402.8876,457342200.0
TR-046075,2025-10-19,Providence,Phoenix,Flatbed,3218.4,33965.0,6311.76,6852.828,457342200.0
TR-046076,2025-10-19,Harrisburg,Lubbock,Dry Van,1663.8,32936.0,3193.54,3235.2546,457342200.0
TR-046077,2025-10-19,Tulsa,Charleston,Dry Van,1035.9,27361.0,2138.43,2115.331,457342200.0
TR-046078,2025-10-19,Houston,Atlanta,Dry Van,684.6,34144.0,1502.48,1484.8835,457342200.0
TR-046079,2025-10-19,Milwaukee,Memphis,Reefer,359.9,23498.0,914.91,896.7819,457342200.0
TR-046080,2025-10-19,Kansas City,Washington,Flatbed,890.4,29557.0,1903.41,1879.7769,457342200.0
TR-046081,2025-10-19,Louisville,El Paso,Dry Van,1547.4,27186.0,3032.86,2968.9697,457342200.0
TR-046082,2025-10-19,Cincinnati,Tucson,Reefer,1807.8,25147.0,3811.86,3808.086,457342200.0
TR-046083,2025-10-19,Boston,Dayton,Dry Van,1037.9,19019.0,1914.61,2080.1008,457342200.0
TR-046084,2025-10-19,Albany,Salt Lake City,Flatbed,2693.8,42028.0,5434.56,5168.9136,457342200.0
TR-046085,2025-10-19,Dallas,Phoenix,Reefer,1547.5,27191.0,3428.65,3356.082,457342200.0
TR-046086,2025-10-19,Grand Rapids,Tampa,Flatbed,1215.2,36573.0,2580.89,2615.0317,457342200.0
TR-046087,2025-10-19,Milwaukee,Kansas City,Dry Van,170.3,15135.0,429.61,446.075,457342200.0
TR-046088,2025-10-19,Reno,Oklahoma City,Dry Van,1440.5,35672.0,2916.04,2827.3284,457342200.0
TR-046089,2025-10-19,Birmingham,Grand Rapids,Reefer,827.8,34669.0,1955.92,1907.3824,457342200.0
TR-046090,2025-10-19,Dayton,Milwaukee,Dry Van,191.3,29782.0,506.13,510.9231,457342200.0
TR-046091,2025-10-19,Oklahoma City,Indianapolis,Dry Van,834.3,29501.0,1823.82,1760.7753,457342200.0
TR-046092,2025-10-19,Lexington,Kansas City,Flatbed,427.2,24711.0,1013.06,997.8191,457342200.0
TR-046093,2025-10-19,Corpus Christi,Philadelphia,Dry Van,1744.3,36514.0,3521.99,3896.243,457342200.0
TR-046094,2025-10-19,Philadelphia,New Orleans,Reefer,1386.6,34962.0,3087.82,3205.6677,457342200.0
TR-046095,2025-10-19,Los Angeles,Houston,Dry Van,1536.9,34789.0,3197.41,2973.6492,457342200.0
TR-046096,2025-10-19,Nashville,Hartford,Dry Van,1063.5,22760.0,2038.75,2203.18,457342200.0
TR-046097,2025-10-19,Amarillo,Houston,Reefer,697.3,34188.0,1784.15,1748.4149,457342200.0
TR-046098,2025-10-19,Green Bay,Baltimore,Reefer,1034.1,30412.0,2309.56,2237.7048,457342200.0
TR-046099,2025-10-19,New York,Baton Rouge,Dry Van,1488.6,29848.0,2927.76,2797.0405,457342200.0
TR-046100,2025-10-19,Lexington,Tulsa,Dry Van,707.7,22867.0,1478.71,1461.7968,457342200.0
TR-046101,2025-10-19,Bakersfield,San Antonio,Flatbed,1275.5,25226.0,2838.14,2657.903,457342200.0
TR-046102,2025-10-19,Baton Rouge,Tampa,Dry Van,458.2,18796.0,1052.13,1028.8407,457342200.0
TR-046103,2025-10-19,Raleigh,Syracuse,Dry Van,616.1,27865.0,1314.12,1288.6498,457342200.0
TR-046104,2025-10-19,Los Angeles,Columbia,Dry Van,2321.9,30786.0,4264.23,4335.0674,457342200.0
TR-046105,2025-10-19,Corpus Christi,Philadelphia,Reefer,1739.0,36144.0,3861.12,4290.292,457342200.0
TR-046106,2025-10-19,Los Angeles,Tucson,Dry Van,341.1,39127.0,813.92,828.1762,457342200.0
TR-046107,2025-10-19,Richmond,Bakersfield,Flatbed,2560.2,13451.0,4785.48,4779.927,457342200.0
TR-046108,2025-10-19,Fort Wayne,Green Bay,Flatbed,294.5,37671.0,743.51,766.114,457342200.0
TR-046109,2025-10-19,Bakersfield,Amarillo,Dry Van,846.7,13704.0,1722.44,1744.2345,457342200.0
TR-046110,2025-10-19,Tucson,Hartford,Reefer,2742.9,24187.0,5409.7,5213.978,457342200.0
TR-046111,2025-10-19,San Antonio,Shreveport,Dry Van,497.7,32137.0,1180.89,1135.0115,457342200.0
TR-046112,2025-10-19,Milwaukee,Lexington,Flatbed,330.3,33511.0,850.95,820.80457,457342200.0
TR-046113,2025-10-19,Mobile,Corpus Christi,Dry Van,625.1,35718.0,1457.78,1387.0638,457342200.0
TR-046114,2025-10-19,Jacksonville,Charleston,Dry Van,395.3,42860.0,934.94,969.18695,457342200.0
TR-046115,2025-10-19,Columbia,Oklahoma City,Reefer,1049.7,38196.0,2563.17,2425.52,457342200.0
TR-046116,2025-10-19,Montgomery,Cincinnati,Dry Van,479.2,47500.0,1103.2,1129.6652,457342200.0
TR-046117,2025-10-19,Tucson,Charleston,Dry Van,2173.1,20858.0,3858.33,3942.7761,457342200.0
TR-046118,2025-10-19,Mobile,Shreveport,Flatbed,300.9,31787.0,811.8,897.50397,457342200.0
TR-046119,2025-10-19,Memphis,Atlanta,Reefer,237.9,39843.0,694.21,760.78186,457342200.0
TR-046120,2025-10-19,Fresno,Fort Wayne,Dry Van,2298.9,36090.0,4276.51,4350.724,457342200.0
TR-046121,2025-10-19,Charleston,Mobile,Dry Van,622.7,27898.0,1329.1,1334.1584,457342200.0
TR-046122,2025-10-19,Lexington,Dallas,Reefer,787.3,29681.0,1824.99,1793.9832,457342200.0
TR-046123,2025-10-19,Amarillo,Atlanta,Dry Van,1266.4,43814.0,2615.77,2615.227,457342200.0
TR-046124,2025-10-19,Columbia,Tulsa,Flatbed,815.1,41181.0,1894.04,1863.072,457342200.0
TR-046125,2025-10-19,Chattanooga,San Francisco,Reefer,2242.1,39280.0,4763.57,4786.8896,457342200.0
TR-046126,2025-10-19,New Orleans,New York,Reefer,1340.0,47500.0,3106.0,3104.7297,457342200.0
TR-046127,2025-10-19,Raleigh,Baton Rouge,Flatbed,1065.5,-23865.0,2282.79,2272.5833,457342200.0
TR-046128,2025-10-19,Tucson,Reno,Dry Van,804.4,36418.0,1703.71,1698.512,457342200.0
TR-046129,2025-10-19,Atlanta,Baltimore,Dry Van,936.6,26649.0,1827.34,1896.6625,457342200.0
TR-046130,2025-10-19,Montgomery,San Francisco,Dry Van,2396.2,16065.0,4196.79,4274.9146,457342200.0
TR-046131,2025-10-19,Fort Wayne,Nashville,Reefer,519.5,34901.0,1285.74,1277.1257,457342200.0
TR-046132,2025-10-19,Lexington,Fresno,Reefer,2303.1,34129.0,4933.39,4895.9907,457342200.0
TR-046133,2025-10-19,New York,Columbia,Reefer,762.4,31454.0,1785.49,1736.4858,457342200.0
TR-046134,2025-10-20,Houston,Albuquerque,Reefer,1082.7,41043.0,2564.55,2535.7969,457342200.0
TR-046135,2025-10-20,Nashville,New York,Dry Van,966.1,41229.0,2035.32,2006.555,457342200.0
TR-046136,2025-10-20,Cincinnati,Baton Rouge,Reefer,671.0,19321.0,1579.19,1502.5227,457342200.0
TR-046137,2025-10-20,Chattanooga,Amarillo,Dry Van,1164.5,26970.0,2395.54,2357.305,457342200.0
TR-046138,2025-10-20,Atlanta,Milwaukee,Flatbed,427.9,19825.0,1045.84,1002.3297,457342200.0
TR-046139,2025-10-20,Buffalo,Madison,Dry Van,686.5,28362.0,1404.54,1369.4298,457342200.0
TR-046140,2025-10-20,Indianapolis,Tampa,Dry Van,848.8,14921.0,1697.02,1696.6012,457342200.0
TR-046141,2025-10-20,Memphis,Fort Wayne,Dry Van,567.3,26040.0,1219.35,1176.2439,457342200.0
TR-046142,2025-10-20,Charleston,Baton Rouge,Reefer,939.7,36569.0,752.15,2189.3413,457342200.0
TR-046143,2025-10-20,Montgomery,Memphis,Dry Van,418.0,33785.0,1006.1,1027.8534,457342200.0
TR-046144,2025-10-20,Baton Rouge,Tucson,Flatbed,1420.7,34624.0,3102.66,3193.959,457342200.0
TR-046145,2025-10-20,Mobile,Grand Rapids,Reefer,958.5,46301.0,2242.82,2194.5864,457342200.0
TR-046146,2025-10-20,Amarillo,Memphis,Dry Van,999.5,25844.0,2031.75,2039.0828,457342200.0
TR-046147,2025-10-20,New York,Baton Rouge,Dry Van,1461.4,35910.0,2920.58,2856.2275,457342200.0
TR-046148,2025-10-20,Albuquerque,Phoenix,Dry Van,683.9,33262.0,1431.46,1452.6074,457342200.0
TR-046149,2025-10-20,Madison,San Antonio,Dry Van,1124.5,27041.0,2304.5,2857.2544,457342200.0
TR-046150,2025-10-20,Chattanooga,Lexington,Reefer,221.0,41814.0,642.59,729.9668,457342200.0
TR-046151,2025-10-20,Baton Rouge,Fort Wayne,Dry Van,999.9,29896.0,2082.87,2044.4867,457342200.0
TR-046152,2025-10-20,Bakersfield,Cincinnati,Reefer,2029.8,32887.0,4400.83,4208.6445,457342200.0
TR-046153,2025-10-20,Baton Rouge,Lexington,Reefer,751.2,16424.0,1768.13,1708.8826,457342200.0
TR-046154,2025-10-20,Chattanooga,San Antonio,Flatbed,912.4,26245.0,2004.74,1958.3689,457342200.0
TR-046155,2025-10-20,Houston,Fort Wayne,Dry Van,1017.4,29972.0,2072.48,2033.41,457342200.0
TR-046156,2025-10-20,Chattanooga,Richmond,Flatbed,741.0,40881.0,1697.36,1679.1211,457342200.0
TR-046157,2025-10-20,Louisville,Richmond,Dry Van,709.1,45522.0,1501.82,1532.4858,457342200.0
TR-046158,2025-10-20,El Paso,Memphis,Reefer,1371.3,30364.0,2901.18,3070.3564,457342200.0
TR-046159,2025-10-20,Philadelphia,Lexington,Flatbed,791.3,35063.0,1745.83,1743.9733,457342200.0
TR-046160,2025-10-20,Baton Rouge,Kansas City,Dry Van,755.2,34420.0,1685.45,1599.2621,457342200.0
TR-046161,2025-10-20,Greensboro,Lubbock,Reefer,1252.3,31260.0,2878.12,3472.1404,457342200.0
TR-046162,2025-10-20,Fort Wayne,Nashville,Dry Van,530.0,29655.0,1168.91,1130.4762,457342200.0
TR-046163,2025-10-20,Hartford,New York,Dry Van,124.3,26475.0,332.78,390.73785,457342200.0
TR-046164,2025-10-20,Lubbock,Albuquerque,Reefer,813.7,38452.0,1992.45,1953.3989,457342200.0
TR-046165,2025-10-20,Philadelphia,St. Louis,Dry Van,1084.6,24627.0,2112.63,2118.8896,457342200.0
TR-046166,2025-10-20,Savannah,Montgomery,Flatbed,330.6,31380.0,855.72,910.24854,457342200.0
TR-046167,2025-10-20,Kansas City,Austin,Dry Van,1001.9,28237.0,2086.28,2054.4495,457342200.0
TR-046168,2025-10-20,Mobile,Lubbock,Flatbed,817.5,27528.0,1866.42,1859.8593,457342200.0
TR-046169,2025-10-20,Boston,Charleston,Dry Van,783.6,29668.0,1611.06,1596.498,457342200.0
TR-046170,2025-10-20,Richmond,Cincinnati,Dry Van,666.4,38517.0,1445.43,1414.0747,457342200.0
TR-046171,2025-10-20,Memphis,Little Rock,Reefer,202.2,43276.0,639.17,698.9938,457342200.0
TR-046172,2025-10-20,Kansas City,Bakersfield,Flatbed,1702.2,38953.0,3505.44,3496.8381,457342200.0
TR-046173,2025-10-20,Madison,Fresno,Flatbed,2011.2,27888.0,4057.31,3959.4578,457342200.0
TR-046174,2025-10-20,Philadelphia,El Paso,Dry Van,2490.9,22411.0,880.13,4387.08,457342200.0
TR-046175,2025-10-20,Green Bay,Reno,Flatbed,1936.8,25631.0,3739.53,3789.883,457342200.0
TR-046176,2025-10-20,Amarillo,Lexington,Reefer,1311.4,20994.0,2821.23,2773.2334,457342200.0
TR-046177,2025-10-20,Kansas City,Syracuse,Flatbed,929.9,17683.0,1805.43,2109.1597,457342200.0
TR-046178,2025-10-20,Albuquerque,Cincinnati,Reefer,1506.5,18557.0,3140.88,3100.2056,457342200.0
TR-046179,2025-10-20,Philadelphia,Houston,Dry Van,1589.7,32848.0,643.58,3044.3115,457342200.0
TR-046180,2025-10-20,Little Rock,Nashville,Flatbed,308.4,41386.0,863.53,911.15967,457342200.0
TR-046181,2025-10-20,Indianapolis,Atlanta,Dry Van,378.0,19028.0,870.15,795.7014,457342200.0
TR-046182,2025-10-20,Lexington,Richmond,Flatbed,547.5,47500.0,1308.78,1368.6598,457342200.0
TR-046183,2025-10-20,San Antonio,Raleigh,Dry Van,1464.9,40139.0,2957.72,2918.814,457342200.0
TR-046184,2025-10-20,Detroit,Richmond,Dry Van,639.7,34368.0,1330.65,1306.3217,457342200.0
TR-046185,2025-10-20,Montgomery,El Paso,Dry Van,1651.1,25364.0,3113.18,3121.4753,457342200.0
TR-046186,2025-10-20,Richmond,Philadelphia,Dry Van,279.4,29527.0,670.27,647.41705,457342200.0
TR-046187,2025-10-20,Grand Rapids,Baltimore,Dry Van,946.5,29226.0,1839.62,1894.2976,457342200.0
TR-046188,2025-10-20,Tampa,Richmond,Reefer,1032.5,32114.0,2320.32,2277.5642,457342200.0
TR-046189,2025-10-20,Las Vegas,Mobile,Flatbed,1791.2,36157.0,3781.31,3682.105,457342200.0
TR-046190,2025-10-20,Bakersfield,Kansas City,Dry Van,1760.3,39832.0,3502.7,3438.3552,457342200.0
TR-046191,2025-10-20,Montgomery,New York,Dry Van,1052.7,31725.0,2120.92,2083.4924,457342200.0
TR-046192,2025-10-20,Bakersfield,Little Rock,Reefer,1679.7,19053.0,3533.69,3430.698,457342200.0
TR-046193,2025-10-20,Jacksonville,Dayton,Dry Van,687.7,32612.0,1466.97,1427.6332,457342200.0
TR-046194,2025-10-20,Tucson,New Orleans,Dry Van,1476.0,18619.0,2790.85,2768.2332,457342200.0
TR-046195,2025-10-20,Dayton,Providence,Dry Van,1034.3,32011.0,2088.92,2063.371,457342200.0
TR-046196,2025-10-20,Shreveport,Atlanta,Reefer,458.9,36209.0,1246.26,1226.9797,457342200.0
TR-046197,2025-10-20,Savannah,Amarillo,Flatbed,1515.6,28753.0,3141.33,3136.0354,457342200.0
TR-046198,2025-10-20,Tampa,Memphis,Reefer,621.8,-27695.0,1529.35,1533.522,457342200.0
TR-046199,2025-10-20,Salt Lake City,Harrisburg,Dry Van,2296.7,30851.0,4278.23,4309.8247,457342200.0
TR-046200,2025-10-20,Hartford,Lexington,Dry Van,837.8,22660.0,1631.08,1664.0852,457342200.0
TR-046201,2025-10-20,Richmond,Kansas City,Reefer,923.8,38435.0,2174.48,2157.0972,457342200.0
TR-046202,2025-10-20,Dayton,Fresno,Flatbed,2278.3,28800.0,4503.27,4429.659,457342200.0
TR-046203,2025-10-20,Fresno,Memphis,Dry Van,1990.6,24502.0,3701.77,4272.4336,457342200.0
TR-046204,2025-10-20,Fresno,Syracuse,Reefer,2823.9,23500.0,5496.55,5667.9395,457342200.0
TR-046205,2025-10-20,Baltimore,Syracuse,Dry Van,464.2,33380.0,1028.64,1018.0649,457342200.0
TR-046206,2025-10-20,Phoenix,Jacksonville,Dry Van,2215.9,23115.0,4063.51,4358.93,457342200.0
TR-046207,2025-10-20,Grand Rapids,Baton Rouge,Flatbed,1099.9,31428.0,2347.37,2353.3777,457342200.0
TR-046208,2025-10-20,Greensboro,Los Angeles,Dry Van,2324.2,28131.0,4332.59,4261.144,457342200.0
TR-046209,2025-10-20,Louisville,Tucson,Dry Van,1731.2,29284.0,3252.55,3281.6924,457342200.0
TR-046210,2025-10-20,Philadelphia,Albany,Dry Van,407.6,44537.0,908.37,923.64325,457342200.0
TR-046211,2025-10-20,Atlanta,St. Louis,Flatbed,375.8,26823.0,970.39,915.71674,457342200.0
TR-046212,2025-10-20,Mobile,San Antonio,Dry Van,735.4,23087.0,1558.89,1502.5148,457342200.0
TR-046213,2025-10-20,Memphis,Greensboro,Flatbed,454.9,36282.0,1149.12,1122.2533,457342200.0
TR-046214,2025-10-20,Columbia,Tucson,Flatbed,2023.4,34710.0,17893.17,4119.2993,457342200.0
TR-046215,2025-10-20,Nashville,Hartford,Reefer,1078.4,41004.0,2487.72,2617.6814,457342200.0
TR-046216,2025-10-20,Amarillo,Greensboro,Reefer,1469.0,43056.0,3335.74,3315.1694,457342200.0
TR-046217,2025-10-20,Charleston,Mobile,Dry Van,631.7,35283.0,1412.73,1357.3804,457342200.0
TR-046218,2025-10-20,Tampa,Green Bay,Flatbed,1300.5,39209.0,2712.93,2779.4521,457342200.0
TR-046219,2025-10-20,Tucson,Boston,Flatbed,2987.6,38516.0,6093.6,5711.064,457342200.0
TR-046220,2025-10-20,Detroit,Baltimore,Reefer,816.4,44552.0,1868.59,1875.5697,457342200.0
TR-046221,2025-10-20,Tulsa,Chattanooga,Dry Van,522.1,33299.0,1202.95,1187.4476,457342200.0
TR-046222,2025-10-20,Indianapolis,Tampa,Dry Van,828.0,7083.0,1604.74,1647.8733,457342200.0
TR-046223,2025-10-20,Columbia,Birmingham,Reefer,274.0,36384.0,793.55,869.6778,457342200.0
TR-046224,2025-10-20,Charleston,San Antonio,Reefer,1348.4,35476.0,3115.6,3021.4092,457342200.0
TR-046225,2025-10-20,Fresno,Los Angeles,Flatbed,438.0,22172.0,997.17,1069.8151,457342200.0
TR-046226,2025-10-20,Houston,Indianapolis,Dry Van,753.5,30766.0,1617.98,1561.93,457342200.0
TR-046227,2025-10-20,Louisville,Nashville,Dry Van,179.2,26371.0,463.0,474.56723,457342200.0
TR-046228,2025-10-20,Richmond,New York,Reefer,257.6,44588.0,701.71,768.78204,457342200.0
TR-046229,2025-10-20,Buffalo,Los Angeles,Reefer,2688.6,35882.0,5490.26,5413.9707,457342200.0
TR-046230,2025-10-20,Albany,Fresno,Reefer,3163.4,40028.0,6302.46,6506.3965,457342200.0
TR-046231,2025-10-20,Fort Wayne,Washington,Dry Van,559.5,39987.0,1213.94,1189.6226,457342200.0
TR-046232,2025-10-20,Columbia,Buffalo,Dry Van,617.5,41899.0,1349.39,1330.1261,457342200.0
TR-046233,2025-10-20,Atlanta,Indianapolis,Reefer,355.9,31400.0,951.71,985.4656,457342200.0
TR-046234,2025-10-20,Richmond,Lexington,Dry Van,542.1,29241.0,1143.94,1175.841,457342200.0
TR-046235,2025-10-20,Milwaukee,El Paso,Dry Van,1539.4,20992.0,2796.13,2813.398,457342200.0
TR-046236,2025-10-20,Albany,Lexington,Flatbed,1021.9,33309.0,2108.65,2336.09,457342200.0
TR-046237,2025-10-20,Tucson,Shreveport,Dry Van,1448.9,34027.0,2942.78,2884.8293,457342200.0
TR-046238,2025-10-20,Philadelphia,Bakersfield,Reefer,2876.1,22549.0,5652.74,5544.733,457342200.0
TR-046239,2025-10-20,Syracuse,Fort Wayne,Dry Van,540.4,34911.0,1153.25,1152.0437,457342200.0
TR-046240,2025-10-20,Boston,Green Bay,Flatbed,1201.7,29035.0,2403.82,2574.8357,457342200.0
TR-046241,2025-10-20,Tampa,Columbia,Dry Van,564.0,26322.0,1205.46,1206.3655,457342200.0
TR-046242,2025-10-20,Harrisburg,Columbia,Reefer,529.1,31592.0,1314.3,1287.2648,457342200.0
TR-046243,2025-10-20,Lexington,Baton Rouge,Dry Van,760.5,21397.0,1570.88,1532.3756,457342200.0
TR-046244,2025-10-20,Lexington,Richmond,Reefer,559.8,43444.0,1391.18,1453.7238,457342200.0
TR-046245,2025-10-20,Mobile,Tucson,Dry Van,1761.1,34317.0,3513.88,3436.4429,457342200.0
TR-046246,2025-10-20,Cincinnati,New York,Dry Van,838.2,44204.0,1768.2,1772.5123,457342200.0
TR-046247,2025-10-20,Jacksonville,Memphis,Reefer,470.1,20580.0,1140.79,1176.333,457342200.0
TR-046248,2025-10-20,El Paso,Lexington,Flatbed,1674.4,39593.0,3582.0,3501.109,457342200.0
TR-046249,2025-10-20,Los Angeles,Fort Wayne,Flatbed,2260.5,35760.0,4426.12,4401.268,457342200.0
TR-046250,2025-10-20,New York,Buffalo,Reefer,335.2,32100.0,846.98,855.11615,457342200.0
TR-046251,2025-10-20,Reno,Corpus Christi,Dry Van,1743.3,25467.0,3262.37,3173.097,457342200.0
TR-046252,2025-10-20,Providence,Oklahoma City,Reefer,1962.8,31468.0,4354.23,4130.746,457342200.0
TR-046253,2025-10-20,New York,Salt Lake City,Dry Van,2501.2,39688.0,4758.16,4611.073,457342200.0
TR-046254,2025-10-20,Lexington,Shreveport,Flatbed,630.0,28250.0,1497.92,1677.8192,457342200.0
TR-046255,2025-10-20,Oklahoma City,San Francisco,Dry Van,1538.4,27986.0,2976.78,2885.9597,457342200.0
TR-046256,2025-10-20,Detroit,Bakersfield,Flatbed,2151.1,32228.0,4264.03,4251.542,457342200.0
TR-046257,2025-10-20,Phoenix,Los Angeles,Dry Van,71.6,35982.0,205.02,340.74225,457342200.0
TR-046258,2025-10-20,Bakersfield,Richmond,Reefer,2661.8,38666.0,5651.99,5396.158,457342200.0
TR-046259,2025-10-20,Richmond,Reno,Flatbed,2618.3,32980.0,5131.79,4902.418,457342200.0
TR-046260,2025-10-20,Hartford,Savannah,Dry Van,829.2,32086.0,352.82,1738.2854,457342200.0
TR-046261,2025-10-20,Dayton,Albuquerque,Dry Van,1544.3,33558.0,3052.75,3051.3123,457342200.0
TR-046262,2025-10-20,Austin,Indianapolis,Reefer,1046.4,35637.0,2457.69,2397.7593,457342200.0
TR-046263,2025-10-20,Madison,Greensboro,Flatbed,626.7,21943.0,1367.22,1383.2853,457342200.0
TR-046264,2025-10-20,Memphis,Kansas City,Dry Van,327.9,18475.0,778.67,715.2786,457342200.0
TR-046265,2025-10-20,Shreveport,Jacksonville,Dry Van,547.8,28182.0,1166.08,1211.435,457342200.0
TR-046266,2025-10-20,Baltimore,Fort Wayne,Reefer,832.9,37963.0,1893.57,1907.535,457342200.0
TR-046267,2025-10-20,Dayton,Tucson,Reefer,1945.4,23496.0,3891.99,3966.695,457342200.0
TR-046268,2025-10-20,Dayton,New Orleans,Dry Van,739.3,32632.0,1579.23,1521.7319,457342200.0
TR-046269,2025-10-20,Shreveport,Hartford,Dry Van,1414.7,23070.0,2759.83,2684.422,457342200.0
TR-046270,2025-10-20,Kansas City,Chattanooga,Reefer,439.3,32860.0,1146.7,1152.9354,457342200.0
TR-046271,2025-10-20,Savannah,Milwaukee,Flatbed,632.4,35667.0,1488.97,1466.2153,457342200.0
TR-046272,2025-10-20,Albany,Tucson,Flatbed,2890.4,35125.0,5647.19,5582.408,457342200.0
TR-046273,2025-10-20,San Antonio,Buffalo,Dry Van,1679.4,35737.0,3202.7,3199.561,457342200.0
TR-046274,2025-10-20,Chattanooga,Jacksonville,Dry Van,343.1,44249.0,822.46,832.29865,457342200.0
TR-046275,2025-10-20,Nashville,Tucson,Reefer,1764.4,14531.0,3652.13,3571.3484,457342200.0
TR-046276,2025-10-20,Columbia,Oklahoma City,Dry Van,1045.8,19818.0,2099.75,2080.2722,457342200.0
TR-046277,2025-10-20,Mobile,Bakersfield,Dry Van,1972.3,33400.0,3852.49,3914.916,457342200.0
TR-046278,2025-10-20,Cincinnati,Fresno,Reefer,2233.7,30181.0,4740.97,4501.6953,457342200.0
TR-046279,2025-10-20,Atlanta,Grand Rapids,Dry Van,710.3,29566.0,1435.86,1415.2284,457342200.0
TR-046280,2025-10-20,El Paso,Fort Wayne,Reefer,1775.4,33128.0,3776.77,4575.4126,457342200.0
TR-046281,2025-10-20,Grand Rapids,Cincinnati,Dry Van,517.7,25148.0,1114.5,1107.7737,457342200.0
TR-046282,2025-10-20,Tampa,Dayton,Dry Van,935.6,27225.0,1885.05,1893.2664,457342200.0
TR-046283,2025-10-20,Reno,Salt Lake City,Dry Van,530.0,26635.0,1108.88,1110.3468,457342200.0
TR-046284,2025-10-20,Hartford,Philadelphia,Flatbed,74.8,47500.0,236.51,348.94556,457342200.0
TR-046285,2025-10-20,San Antonio,Dayton,Reefer,1190.0,39777.0,2782.84,2709.2751,457342200.0
TR-046286,2025-10-20,Savannah,Montgomery,Flatbed,338.8,,906.58,1021.68964,457342200.0
TR-046287,2025-10-20,Fort Wayne,Amarillo,Dry Van,1370.1,28796.0,2757.06,2650.54,457342200.0
TR-046288,2025-10-20,Jacksonville,Cincinnati,Dry Van,453.6,30231.0,1024.01,1020.65857,457342200.0
TR-046289,2025-10-20,Toledo,Corpus Christi,Dry Van,1314.7,30932.0,2577.82,2535.244,457342200.0
TR-046290,2025-10-20,Tucson,San Antonio,Reefer,1039.6,30456.0,2378.1,2373.0522,457342200.0
TR-046291,2025-10-20,Toledo,Salt Lake City,Dry Van,1867.2,28033.0,3382.5,3549.1157,457342200.0
TR-046292,2025-10-20,Amarillo,Baton Rouge,Dry Van,847.3,25124.0,1836.09,1758.3687,457342200.0
TR-046293,2025-10-20,Chattanooga,Bakersfield,Flatbed,1997.9,25584.0,4000.03,3935.9119,457342200.0
TR-046294,2025-10-20,Salt Lake City,Tucson,Dry Van,344.1,31440.0,809.92,823.4295,457342200.0
TR-046295,2025-10-20,Cincinnati,Grand Rapids,Reefer,517.6,45554.0,1291.54,1307.5422,457342200.0
TR-046296,2025-10-20,New York,Tampa,Flatbed,1275.8,17919.0,2571.24,2558.337,457342200.0
TR-046297,2025-10-20,Chattanooga,Mobile,Reefer,304.8,30349.0,861.44,947.7176,457342200.0
TR-046298,2025-10-20,Grand Rapids,El Paso,Flatbed,1721.5,17558.0,3261.52,3390.105,457342200.0
TR-046299,2025-10-20,Tucson,Atlanta,Dry Van,1826.5,33525.0,3466.18,3590.9236,457342200.0
TR-046300,2025-10-20,San Antonio,Atlanta,Reefer,941.6,28603.0,2155.31,2149.8723,457342200.0
TR-046301,2025-10-20,Philadelphia,Bakersfield,Reefer,2815.7,29681.0,5782.14,5630.9824,457342200.0
TR-046302,2025-10-20,Reno,Savannah,Reefer,2340.2,37205.0,4846.66,4750.145,457342200.0
TR-046303,2025-10-20,Tulsa,Richmond,Reefer,1238.9,34620.0,2839.88,2783.1387,457342200.0
TR-046304,2025-10-20,Lexington,Montgomery,Dry Van,459.6,28117.0,1014.97,1017.4216,457342200.0
TR-046305,2025-10-20,Philadelphia,Nashville,Dry Van,1056.9,32435.0,2054.25,2112.2126,457342200.0
TR-046306,2025-10-20,Richmond,Oklahoma City,Reefer,1543.2,38075.0,3441.52,3425.954,457342200.0
TR-046307,2025-10-20,Albany,Columbia,Reefer,1049.0,31887.0,2326.16,2307.4207,457342200.0
TR-046308,2025-10-20,Lubbock,Bakersfield,Reefer,1174.6,19175.0,2543.87,2554.2087,457342200.0
TR-046309,2025-10-20,Louisville,Cincinnati,Dry Van,78.6,24067.0,217.22,300.07697,457342200.0
TR-046310,2025-10-21,Greensboro,Reno,Reefer,2350.2,22505.0,4765.0,4594.771,457342200.0
TR-046311,2025-10-21,Corpus Christi,Fresno,Dry Van,1685.1,32212.0,3339.97,3234.773,457342200.0
TR-046312,2025-10-21,Toledo,Syracuse,Dry Van,465.5,30182.0,993.99,1005.80334,457342200.0
TR-046313,2025-10-21,Albany,Bakersfield,Dry Van,2892.2,32033.0,5297.75,5222.517,457342200.0
TR-046314,2025-10-21,Fort Wayne,Jacksonville,Dry Van,774.5,17034.0,1519.48,1514.7449,457342200.0
TR-046315,2025-10-21,New York,Lexington,Dry Van,760.0,32468.0,1564.5,1582.5289,457342200.0
TR-046316,2025-10-21,Green Bay,El Paso,Dry Van,1646.2,37997.0,3197.15,3180.1309,457342200.0
TR-046317,2025-10-21,Bakersfield,Tucson,Flatbed,325.3,29262.0,856.63,872.6974,457342200.0
TR-046318,2025-10-21,Lexington,Nashville,Dry Van,253.9,36308.0,661.49,668.6744,457342200.0
TR-046319,2025-10-21,Los Angeles,Baltimore,Reefer,3005.0,28249.0,5920.98,6016.448,457342200.0
TR-046320,2025-10-21,Richmond,Memphis,Dry Van,865.5,30807.0,1842.89,1800.8223,457342200.0
TR-046321,2025-10-21,Reno,Lexington,Reefer,2130.7,28810.0,4230.45,4255.188,457342200.0
TR-046322,2025-10-21,Fort Wayne,Milwaukee,Reefer,261.2,20077.0,679.64,726.16754,457342200.0
TR-046323,2025-10-21,Chattanooga,Toledo,Reefer,574.5,13593.0,1350.69,1374.7262,457342200.0
TR-046324,2025-10-21,Lubbock,Salt Lake City,Dry Van,1008.4,37829.0,2179.9,2141.8923,457342200.0
TR-046325,2025-10-21,Charleston,Columbia,Dry Van,251.9,35809.0,650.05,642.0572,457342200.0
TR-046326,2025-10-21,Lexington,Buffalo,Dry Van,555.9,26171.0,1164.1,1158.8749,457342200.0
TR-046327,2025-10-21,Jacksonville,Charleston,Dry Van,396.3,25685.0,894.69,931.1215,457342200.0
TR-046328,2025-10-21,Dayton,Memphis,Reefer,443.3,22533.0,1093.01,1070.7657,457342200.0
TR-046329,2025-10-21,Tulsa,Memphis,Dry Van,399.6,17783.0,924.22,925.9749,457342200.0
TR-046330,2025-10-21,Lexington,Birmingham,Flatbed,340.1,36463.0,882.1,898.9103,457342200.0
TR-046331,2025-10-21,Austin,Tulsa,Reefer,481.8,47500.0,1330.32,1323.6151,457342200.0
TR-046332,2025-10-21,San Antonio,Chattanooga,Flatbed,888.3,31189.0,2065.63,1986.2037,457342200.0
TR-046333,2025-10-21,Syracuse,Richmond,Flatbed,399.5,33092.0,960.84,962.0778,457342200.0
TR-046334,2025-10-21,Kansas City,Philadelphia,Dry Van,1168.2,35854.0,2291.87,2419.4011,457342200.0
TR-046335,2025-10-21,Shreveport,Salt Lake City,Reefer,1404.8,22714.0,3093.85,3063.083,457342200.0
TR-046336,2025-10-21,Boston,Buffalo,Flatbed,596.1,44113.0,1412.82,1458.3306,457342200.0
TR-046337,2025-10-21,Charleston,Washington,Flatbed,428.0,29513.0,1023.6,1052.2123,457342200.0
TR-046338,2025-10-21,Grand Rapids,Green Bay,Dry Van,103.9,35559.0,279.98,346.43625,457342200.0
TR-046339,2025-10-21,San Francisco,Mobile,Dry Van,2248.6,33530.0,4390.62,4262.122,457342200.0
TR-046340,2025-10-21,Boston,Birmingham,Dry Van,1205.3,42188.0,2552.75,2522.4683,457342200.0
TR-046341,2025-10-21,Albany,Milwaukee,Dry Van,1085.7,38489.0,2199.41,2326.5198,457342200.0
TR-046342,2025-10-21,Philadelphia,Tulsa,Dry Van,1457.5,16836.0,2786.26,2795.0671,457342200.0
TR-046343,2025-10-21,Greensboro,Amarillo,Dry Van,1468.4,21050.0,2759.26,2789.205,457342200.0
TR-046344,2025-10-21,New Orleans,Lexington,Dry Van,612.2,32556.0,1399.28,1361.7242,457342200.0
TR-046345,2025-10-21,Tucson,Hartford,Reefer,2792.1,31477.0,5735.76,5682.0835,457342200.0
TR-046346,2025-10-21,Bakersfield,Corpus Christi,Dry Van,1440.9,32809.0,2905.85,2836.4446,457342200.0
TR-046347,2025-10-21,Jacksonville,Tampa,Dry Van,355.3,45435.0,873.69,884.02124,457342200.0
TR-046348,2025-10-21,New Orleans,Richmond,Flatbed,1118.1,39360.0,2606.58,2531.259,457342200.0
TR-046349,2025-10-21,Nashville,Houston,Flatbed,594.7,32594.0,1449.76,1464.9607,457342200.0
TR-046350,2025-10-21,Los Angeles,Albuquerque,Reefer,749.7,26163.0,1768.41,1765.981,457342200.0
TR-046351,2025-10-21,Lexington,Nashville,Flatbed,265.5,22443.0,691.16,713.232,457342200.0
TR-046352,2025-10-21,Hartford,Los Angeles,Dry Van,3024.9,31260.0,5460.56,5387.1987,457342200.0
TR-046353,2025-10-21,Cincinnati,Atlanta,Flatbed,204.1,21242.0,560.6,592.98065,457342200.0
TR-046354,2025-10-21,Houston,Baltimore,Reefer,1572.4,28946.0,3315.73,3322.4521,457342200.0
TR-046355,2025-10-21,Lubbock,Jacksonville,Flatbed,1103.7,25718.0,2407.3,2441.1482,457342200.0
TR-046356,2025-10-21,Hartford,Little Rock,Dry Van,1377.3,19578.0,2650.84,3018.7285,457342200.0
TR-046357,2025-10-21,Chattanooga,Grand Rapids,Dry Van,696.4,35997.0,1512.06,1443.0508,457342200.0
TR-046358,2025-10-21,Richmond,Albany,Flatbed,604.7,30205.0,1388.84,1381.0647,457342200.0
TR-046359,2025-10-21,Richmond,Tampa,Dry Van,1055.8,19763.0,2063.13,2056.7231,457342200.0
TR-046360,2025-10-21,Lexington,El Paso,Flatbed,1682.5,26258.0,3377.12,3373.0889,457342200.0
TR-046361,2025-10-21,Albany,Jacksonville,Dry Van,1320.4,30232.0,2542.36,2585.8098,457342200.0
TR-046362,2025-10-21,Los Angeles,Philadelphia,Dry Van,3075.3,41418.0,5786.64,5610.907,457342200.0
TR-046363,2025-10-21,Boston,Oklahoma City,Dry Van,1988.2,38377.0,4013.23,3806.4446,457342200.0
TR-046364,2025-10-21,Baton Rouge,Montgomery,Flatbed,480.8,25131.0,1182.77,1206.5624,457342200.0
TR-046365,2025-10-21,Grand Rapids,Baton Rouge,Dry Van,1091.9,34863.0,2264.85,2241.7356,457342200.0
TR-046366,2025-10-21,Oklahoma City,Fort Wayne,Reefer,1141.0,32413.0,2624.82,2522.082,457342200.0
TR-046367,2025-10-21,Bakersfield,Columbia,Dry Van,2251.9,40729.0,14403.14,4322.476,457342200.0
TR-046368,2025-10-21,Mobile,Phoenix,Dry Van,1891.3,28581.0,3615.45,3816.8396,457342200.0
TR-046369,2025-10-21,Tucson,Houston,Dry Van,1289.1,28338.0,2619.84,3082.9253,457342200.0
TR-046370,2025-10-21,Fort Wayne,Harrisburg,Flatbed,462.3,27911.0,1068.05,1078.763,457342200.0
TR-046371,2025-10-21,Amarillo,Raleigh,Dry Van,1827.4,24109.0,3466.53,3856.711,457342200.0
TR-046372,2025-10-21,Montgomery,Dayton,Dry Van,702.1,32400.0,1505.31,1476.7772,457342200.0
TR-046373,2025-10-21,Richmond,Chattanooga,Dry Van,716.6,40836.0,1579.25,1538.39,457342200.0
TR-046374,2025-10-21,Los Angeles,Nashville,Reefer,1986.2,31168.0,4247.13,4459.5547,457342200.0
TR-046375,2025-10-21,Kansas City,New York,Flatbed,1079.9,17294.0,2177.46,2244.2002,457342200.0
TR-046376,2025-10-21,Philadelphia,Raleigh,Dry Van,416.7,24748.0,913.89,998.7535,457342200.0
TR-046377,2025-10-21,Tucson,Oklahoma City,Flatbed,993.8,31943.0,2220.12,2218.5068,457342200.0
TR-046378,2025-10-21,San Antonio,Albuquerque,Reefer,885.0,23321.0,2065.94,2001.3037,457342200.0
TR-046379,2025-10-21,Houston,Syracuse,Flatbed,1507.0,28339.0,3139.19,3109.6396,457342200.0
TR-046380,2025-10-21,Houston,Dallas,Dry Van,115.6,32825.0,350.21,377.32697,457342200.0
TR-046381,2025-10-21,Montgomery,San Antonio,Dry Van,886.6,36731.0,1969.61,1875.5476,457342200.0
TR-046382,2025-10-21,Mobile,Oklahoma City,Flatbed,720.5,30318.0,1734.62,1692.9961,457342200.0
TR-046383,2025-10-21,Richmond,Lubbock,Dry Van,1694.8,30455.0,3348.55,3268.6335,457342200.0
TR-046384,2025-10-21,Baton Rouge,Lubbock,Dry Van,510.2,24164.0,1207.14,1158.6257,457342200.0
TR-046385,2025-10-21,Houston,Toledo,Dry Van,1127.1,28855.0,2235.95,2225.184,457342200.0
TR-046386,2025-10-21,Albany,Nashville,Reefer,1273.3,14288.0,2726.46,2625.638,457342200.0
TR-046387,2025-10-21,Buffalo,Raleigh,Flatbed,522.3,26350.0,1165.49,1189.5273,457342200.0
TR-046388,2025-10-21,Richmond,New Orleans,Dry Van,1140.6,35403.0,2383.0,2324.0215,457342200.0
TR-046389,2025-10-21,Baltimore,Richmond,Dry Van,286.7,23339.0,642.65,653.6411,457342200.0
TR-046390,2025-10-21,Atlanta,Albuquerque,Dry Van,1555.1,30864.0,3106.83,3030.8445,457342200.0
TR-046391,2025-10-21,Toledo,Milwaukee,Dry Van,319.0,47500.0,793.99,765.31824,457342200.0
TR-046392,2025-10-21,Oklahoma City,Bakersfield,Dry Van,1271.2,31329.0,2652.98,2571.422,457342200.0
TR-046393,2025-10-21,Greensboro,Columbia,Reefer,126.6,41805.0,395.97,455.03174,457342200.0
TR-046394,2025-10-21,Birmingham,Bakersfield,Flatbed,2034.6,41965.0,4351.68,4173.247,457342200.0
TR-046395,2025-10-21,Phoenix,Syracuse,Dry Van,2766.2,28477.0,4900.65,6585.078,457342200.0
TR-046396,2025-10-21,Buffalo,New York,Dry Van,343.2,47500.0,806.79,815.4225,457342200.0
TR-046397,2025-10-21,Boston,Columbia,Dry Van,1003.4,22646.0,1983.68,2007.5009,457342200.0
TR-046398,2025-10-21,St. Louis,Tulsa,Dry Van,534.1,32183.0,1251.21,1198.1044,457342200.0
TR-046399,2025-10-21,Houston,Dayton,Flatbed,984.1,29151.0,2168.35,2144.211,457342200.0
TR-046400,2025-10-21,Indianapolis,Madison,Dry Van,276.6,37250.0,123.32,675.6754,457342200.0
TR-046401,2025-10-21,Richmond,Lexington,Dry Van,541.3,36145.0,1202.82,1205.0868,457342200.0
TR-046402,2025-10-21,Montgomery,Amarillo,Dry Van,1274.9,24179.0,2559.32,2501.5046,457342200.0
TR-046403,2025-10-21,Syracuse,Amarillo,Reefer,1903.5,29035.0,4021.92,4043.7898,457342200.0
TR-046404,2025-10-21,Charleston,Austin,Dry Van,1373.7,25717.0,2681.19,2715.0852,457342200.0
TR-046405,2025-10-21,Boston,Syracuse,Flatbed,531.5,28494.0,1214.87,1219.4812,457342200.0
TR-046406,2025-10-21,Lexington,Memphis,Dry Van,329.2,45921.0,802.46,863.75757,457342200.0
TR-046407,2025-10-21,Kansas City,New York,Dry Van,1089.3,43832.0,2216.38,2255.6562,457342200.0
TR-046408,2025-10-21,Albany,Kansas City,Reefer,1258.7,47500.0,2832.47,2904.7935,457342200.0
TR-046409,2025-10-21,New York,Toledo,Dry Van,673.8,23960.0,1331.75,1326.4257,457342200.0
TR-046410,2025-10-21,Columbia,Los Angeles,Flatbed,2263.4,30080.0,4764.41,4422.1924,457342200.0
TR-046411,2025-10-21,Los Angeles,Lubbock,Reefer,1204.5,17630.0,2618.04,2579.3237,457342200.0
TR-046412,2025-10-21,New York,Grand Rapids,Dry Van,833.7,30797.0,1687.86,1697.5873,457342200.0
TR-046413,2025-10-21,Fresno,Memphis,Dry Van,2058.6,36954.0,4184.37,4706.075,457342200.0
TR-046414,2025-10-21,San Antonio,Chattanooga,Dry Van,906.8,39312.0,2011.67,1925.2308,457342200.0
TR-046415,2025-10-21,Detroit,Los Angeles,Reefer,2407.5,28317.0,4893.47,4787.186,457342200.0
TR-046416,2025-10-21,Madison,Albuquerque,Dry Van,1363.3,33350.0,2747.92,2698.1975,457342200.0
TR-046417,2025-10-21,Lubbock,Richmond,Dry Van,1686.0,30840.0,3304.22,3235.2908,457342200.0
TR-046418,2025-10-21,Kansas City,Baton Rouge,Flatbed,753.6,27210.0,1742.78,1647.1897,457342200.0
TR-046419,2025-10-21,Columbia,Phoenix,Dry Van,2299.5,35104.0,4480.53,4343.7603,457342200.0
TR-046420,2025-10-21,Phoenix,Detroit,Dry Van,2436.8,5000.0,4119.27,4248.8525,457342200.0
TR-046421,2025-10-21,Tulsa,Jacksonville,Dry Van,710.3,47500.0,1618.05,1586.0923,457342200.0
TR-046422,2025-10-21,Philadelphia,Albuquerque,Dry Van,2346.2,22038.0,4173.85,4230.8716,457342200.0
TR-046423,2025-10-21,Baton Rouge,Greensboro,Reefer,791.7,33724.0,1981.96,1871.691,457342200.0
TR-046424,2025-10-21,Charleston,Phoenix,Dry Van,2489.1,20637.0,4446.89,6590.552,457342200.0
TR-046425,2025-10-21,St. Louis,Grand Rapids,Dry Van,475.9,46213.0,1085.97,1076.5087,457342200.0
TR-046426,2025-10-21,Raleigh,Columbia,Dry Van,417.8,44664.0,2970.76,985.00665,457342200.0
TR-046427,2025-10-21,Toledo,Indianapolis,Dry Van,406.8,26120.0,900.96,906.81903,457342200.0
TR-046428,2025-10-21,Kansas City,Memphis,Flatbed,325.4,33297.0,886.73,854.6138,457342200.0
TR-046429,2025-10-21,Providence,Oklahoma City,Dry Van,1933.4,32191.0,3790.58,3650.0796,457342200.0
TR-046430,2025-10-21,Lexington,Green Bay,Reefer,634.8,47500.0,1548.2,1545.1323,457342200.0
TR-046431,2025-10-21,Shreveport,Detroit,Dry Van,1059.5,24787.0,2085.41,2110.8733,457342200.0
TR-046432,2025-10-21,Richmond,Milwaukee,Reefer,758.4,38644.0,1793.53,1845.0736,457342200.0
TR-046433,2025-10-21,Toledo,Richmond,Reefer,604.0,33254.0,1428.25,1436.0873,457342200.0
TR-046434,2025-10-21,Buffalo,Little Rock,Flatbed,1057.1,13105.0,2269.47,2189.2598,457342200.0
TR-046435,2025-10-21,El Paso,Buffalo,Dry Van,2130.0,29752.0,3921.97,3922.3357,457342200.0
TR-046436,2025-10-21,Charleston,Savannah,Dry Van,200.0,39363.0,521.48,555.50116,457342200.0
TR-046437,2025-10-21,Shreveport,Birmingham,Flatbed,397.6,47001.0,1046.26,1099.3066,457342200.0
TR-046438,2025-10-21,Syracuse,Greensboro,Flatbed,658.2,39742.0,1497.97,1475.0455,457342200.0
TR-046439,2025-10-21,Tucson,Albuquerque,Dry Van,440.6,12966.0,971.46,1246.9985,457342200.0
TR-046440,2025-10-21,El Paso,Charleston,Dry Van,2041.5,32882.0,3965.03,4286.2964,457342200.0
TR-046441,2025-10-21,Greensboro,New Orleans,Dry Van,689.7,27670.0,1476.03,1440.8969,457342200.0
TR-046442,2025-10-21,Providence,Shreveport,Flatbed,1548.0,21876.0,3213.37,3151.3755,457342200.0
TR-046443,2025-10-21,Montgomery,Harrisburg,Flatbed,872.9,21651.0,1882.4,1828.4808,457342200.0
TR-046444,2025-10-21,New York,Nashville,Reefer,996.8,27776.0,2276.2,2332.213,457342200.0
TR-046445,2025-10-21,San Antonio,Reno,Dry Van,1555.5,44423.0,3191.38,3077.9575,457342200.0
TR-046446,2025-10-21,El Paso,Shreveport,Dry Van,1194.8,30131.0,2435.41,3606.5356,457342200.0
TR-046447,2025-10-21,Madison,Lexington,Dry Van,503.2,16175.0,1046.13,1044.7427,457342200.0
TR-046448,2025-10-21,Green Bay,Mobile,Flatbed,1021.4,30488.0,2198.38,2187.0486,457342200.0
TR-046449,2025-10-21,Bakersfield,New York,Reefer,2874.3,15732.0,5545.41,5320.6567,457342200.0
TR-046450,2025-10-21,Reno,Lexington,Reefer,2135.1,33742.0,4186.26,4335.5513,457342200.0
TR-046451,2025-10-21,Green Bay,Milwaukee,Reefer,419.3,20825.0,978.93,975.9418,457342200.0
TR-046452,2025-10-21,Green Bay,Toledo,Dry Van,282.5,39642.0,693.04,657.5967,457342200.0
TR-046453,2025-10-21,Reno,Bakersfield,Dry Van,536.3,20877.0,1110.26,1116.4766,457342200.0
TR-046454,2025-10-21,New York,El Paso,Dry Van,2380.3,34174.0,4600.85,4460.699,457342200.0
TR-046455,2025-10-21,Shreveport,Bakersfield,Reefer,1663.3,47500.0,3850.44,3806.4404,457342200.0
TR-046456,2025-10-21,Los Angeles,New Orleans,Reefer,1704.3,23218.0,3724.61,3572.1165,457342200.0
TR-046457,2025-10-21,Syracuse,Jacksonville,Dry Van,997.5,35918.0,1986.47,2081.8362,457342200.0
TR-046458,2025-10-21,Shreveport,Green Bay,Dry Van,999.4,37902.0,2088.18,2087.5603,457342200.0
TR-046459,2025-10-21,Montgomery,Richmond,Dry Van,814.0,26794.0,1708.45,1661.2633,457342200.0
TR-046460,2025-10-21,Detroit,Fort Wayne,Dry Van,218.0,32157.0,530.1,675.7512,457342200.0
TR-046461,2025-10-21,Boston,Phoenix,Dry Van,3096.8,41131.0,5947.51,5588.467,457342200.0
TR-046462,2025-10-21,Memphis,Tucson,Reefer,1622.3,36199.0,3570.86,3584.0083,457342200.0
TR-046463,2025-10-21,Washington,Fort Wayne,Flatbed,568.6,44914.0,1307.4,1316.7772,457342200.0
TR-046464,2025-10-21,Lexington,Providence,Dry Van,991.0,24692.0,1953.16,1996.9049,457342200.0
TR-046465,2025-10-22,Chattanooga,Richmond,Flatbed,745.2,29120.0,1663.21,1603.0752,457342200.0
TR-046466,2025-10-22,Richmond,Los Angeles,Dry Van,2864.2,20848.0,5004.7,4950.319,457342200.0
TR-046467,2025-10-22,Baton Rouge,Boston,Dry Van,1700.2,23251.0,3356.83,3167.7126,457342200.0
TR-046468,2025-10-22,Savannah,Hartford,Dry Van,833.1,34515.0,1721.07,1749.6367,457342200.0
TR-046469,2025-10-22,Shreveport,Atlanta,Dry Van,458.5,29530.0,1102.33,1084.871,457342200.0
TR-046470,2025-10-22,Tucson,Houston,Flatbed,1301.6,35101.0,3000.82,3037.5247,457342200.0
TR-046471,2025-10-22,Shreveport,Providence,Reefer,1553.8,23332.0,3408.71,3259.1274,457342200.0
TR-046472,2025-10-22,San Antonio,Austin,Dry Van,102.4,30698.0,301.74,369.3047,457342200.0
TR-046473,2025-10-22,Raleigh,Oklahoma City,Flatbed,1491.3,33208.0,3371.82,3259.9556,457342200.0
TR-046474,2025-10-22,Philadelphia,Baltimore,Dry Van,91.6,36734.0,258.37,286.44052,457342200.0
TR-046475,2025-10-22,Lexington,Little Rock,Dry Van,525.8,32409.0,1236.06,1180.5966,457342200.0
TR-046476,2025-10-22,El Paso,Richmond,Reefer,2228.1,45478.0,4921.06,4858.5835,457342200.0
TR-046477,2025-10-22,Los Angeles,Green Bay,Dry Van,2314.9,22363.0,4096.07,4233.119,457342200.0
TR-046478,2025-10-22,Los Angeles,Philadelphia,Reefer,3049.9,29489.0,6303.7,6038.8994,457342200.0
TR-046479,2025-10-22,Mobile,Toledo,Reefer,859.1,27545.0,1930.36,1918.3987,457342200.0
TR-046480,2025-10-22,Reno,Fort Wayne,Reefer,2018.7,12470.0,3892.0,4066.337,457342200.0
TR-046481,2025-10-22,Atlanta,Mobile,Dry Van,296.2,24180.0,712.44,730.72394,457342200.0
TR-046482,2025-10-22,Los Angeles,Cincinnati,Reefer,2139.9,18970.0,4318.34,4287.6587,457342200.0
TR-046483,2025-10-22,Philadelphia,St. Louis,Flatbed,1046.6,39793.0,2411.85,2318.8538,457342200.0
TR-046484,2025-10-22,Atlanta,Corpus Christi,Flatbed,838.8,34424.0,1988.26,1948.5719,457342200.0
TR-046485,2025-10-22,Albany,Kansas City,Reefer,1257.8,-36959.0,2760.03,2773.298,457342200.0
TR-046486,2025-10-22,Boston,Birmingham,Flatbed,1187.3,37135.0,2644.84,2676.4749,457342200.0
TR-046487,2025-10-22,Amarillo,El Paso,Flatbed,418.4,22049.0,1058.45,1084.8599,457342200.0
TR-046488,2025-10-22,Reno,Dayton,Dry Van,1985.8,26197.0,3678.77,4415.4253,457342200.0
TR-046489,2025-10-22,Albuquerque,Richmond,Dry Van,2105.9,24902.0,3868.49,3859.0837,457342200.0
TR-046490,2025-10-22,Cincinnati,New Orleans,Flatbed,532.0,33025.0,1309.84,1332.2129,457342200.0
TR-046491,2025-10-22,Columbia,Nashville,Dry Van,330.2,29830.0,775.99,794.1267,457342200.0
TR-046492,2025-10-22,Albuquerque,San Antonio,Reefer,912.5,25479.0,2155.11,2046.9545,457342200.0
TR-046493,2025-10-22,Philadelphia,Nashville,Flatbed,1025.6,25588.0,2146.27,2204.9304,457342200.0
TR-046494,2025-10-22,Fresno,Tulsa,Flatbed,1661.1,28647.0,3629.61,3418.8965,457342200.0
TR-046495,2025-10-22,Houston,Cincinnati,Dry Van,756.3,47500.0,1742.47,1709.0516,457342200.0
TR-046496,2025-10-22,Lubbock,Albany,Reefer,2161.3,27321.0,4523.99,4375.38,457342200.0
TR-046497,2025-10-22,Milwaukee,Los Angeles,Reefer,2051.7,23733.0,4220.16,4137.399,457342200.0
TR-046498,2025-10-22,Austin,Oklahoma City,Dry Van,231.1,41114.0,664.29,656.6478,457342200.0
TR-046499,2025-10-22,Fort Wayne,Nashville,Reefer,507.2,37491.0,1347.83,1296.2817,457342200.0
TR-046500,2025-10-22,Phoenix,New York,Dry Van,2958.2,35693.0,5551.03,5878.254,457342200.0
TR-046501,2025-10-22,Baton Rouge,Greensboro,Dry Van,811.1,22956.0,1691.2,1678.2384,457342200.0
TR-046502,2025-10-22,Kansas City,Atlanta,Dry Van,504.1,27032.0,1144.41,1086.9185,457342200.0
TR-046503,2025-10-22,Kansas City,St. Louis,Flatbed,132.8,35356.0,407.52,427.9171,457342200.0
TR-046504,2025-10-22,Montgomery,Milwaukee,Dry Van,696.5,17577.0,1455.6,1389.9762,457342200.0
TR-046505,2025-10-22,Grand Rapids,Montgomery,Dry Van,1015.6,32611.0,2043.47,2048.687,457342200.0
TR-046506,2025-10-22,Albuquerque,Albany,Reefer,2460.4,-26380.0,4995.47,4784.7773,457342200.0
TR-046507,2025-10-22,Lexington,Kansas City,Dry Van,446.5,36148.0,1049.62,1014.8754,457342200.0
TR-046508,2025-10-22,Madison,San Antonio,Flatbed,1136.5,36776.0,2624.53,3026.0625,457342200.0
TR-046509,2025-10-22,Lubbock,Chattanooga,Flatbed,987.9,25385.0,2138.6,2155.6526,457342200.0
TR-046510,2025-10-22,Philadelphia,Milwaukee,Dry Van,983.1,47500.0,2022.03,2074.8381,457342200.0
TR-046511,2025-10-22,Lexington,Milwaukee,Dry Van,305.9,-41218.0,780.71,934.9032,457342200.0
TR-046512,2025-10-22,Birmingham,Houston,Dry Van,601.4,37408.0,1385.85,1379.0101,457342200.0
TR-046513,2025-10-22,Fort Wayne,Buffalo,Reefer,412.3,41896.0,1025.05,1039.1871,457342200.0
TR-046514,2025-10-22,Fresno,Columbia,Dry Van,2444.4,29107.0,4544.18,4479.6313,457342200.0
TR-046515,2025-10-22,Oklahoma City,Harrisburg,Dry Van,1471.7,7792.0,2853.82,2703.0696,457342200.0
TR-046516,2025-10-22,Buffalo,Baton Rouge,Reefer,1325.5,18607.0,2863.43,2731.4702,457342200.0
TR-046517,2025-10-22,Toledo,Albuquerque,Reefer,1684.3,31536.0,14784.38,3624.8787,457342200.0
TR-046518,2025-10-22,Montgomery,Shreveport,Dry Van,451.0,20188.0,1045.82,1031.3752,457342200.0
TR-046519,2025-10-22,Bakersfield,Providence,Reefer,3059.5,35413.0,6452.47,6313.459,457342200.0
TR-046520,2025-10-22,New York,Lexington,Dry Van,755.0,44028.0,1636.03,1599.0323,457342200.0
TR-046521,2025-10-22,Madison,Philadelphia,Flatbed,1105.1,38157.0,2357.26,2380.7434,457342200.0
TR-046522,2025-10-22,Richmond,Dayton,Flatbed,582.4,35971.0,1354.85,1378.7605,457342200.0
TR-046523,2025-10-22,Milwaukee,New York,Flatbed,908.1,44091.0,2044.87,2109.0994,457342200.0
TR-046524,2025-10-22,Richmond,Atlanta,Dry Van,695.0,20917.0,1441.9,1402.331,457342200.0
TR-046525,2025-10-22,Greensboro,Los Angeles,Reefer,2324.6,30348.0,4770.79,4769.5513,457342200.0
TR-046526,2025-10-22,Milwaukee,Birmingham,Reefer,512.2,32404.0,1328.25,1300.7909,457342200.0
TR-046527,2025-10-22,Greensboro,El Paso,Reefer,1826.3,32702.0,3980.59,3969.6282,457342200.0
TR-046528,2025-10-22,Los Angeles,Bakersfield,Dry Van,391.8,20951.0,871.19,892.84216,457342200.0
TR-046529,2025-10-22,Jacksonville,Los Angeles,Dry Van,2219.9,16794.0,4028.2,4336.9766,457342200.0
TR-046530,2025-10-22,Tulsa,Charleston,Reefer,1016.8,37069.0,2551.19,2375.3196,457342200.0
TR-046531,2025-10-22,Grand Rapids,Tampa,Reefer,1211.0,26443.0,2642.91,2602.6685,457342200.0
TR-046532,2025-10-22,Salt Lake City,Lubbock,Dry Van,1018.1,26265.0,2143.64,2092.1565,457342200.0
TR-046533,2025-10-22,Baton Rouge,Los Angeles,Dry Van,1694.9,37773.0,3494.61,3316.5498,457342200.0
TR-046534,2025-10-22,Cincinnati,Indianapolis,Flatbed,192.8,28596.0,542.56,576.9671,457342200.0
TR-046535,2025-10-22,Columbia,San Antonio,Flatbed,1110.1,40024.0,2533.72,2542.0647,457342200.0
TR-046536,2025-10-22,Bakersfield,Hartford,Dry Van,2873.2,28897.0,5232.81,4898.1836,457342200.0
TR-046537,2025-10-22,Albuquerque,Bakersfield,Reefer,505.4,47500.0,1309.66,1391.7544,457342200.0
TR-046538,2025-10-22,Tucson,Raleigh,Flatbed,2417.8,33991.0,5006.3,6907.852,457342200.0
TR-046539,2025-10-22,Memphis,Richmond,Dry Van,826.8,29340.0,1748.43,1701.799,457342200.0
TR-046540,2025-10-22,Oklahoma City,St. Louis,Reefer,793.2,35937.0,1983.25,1887.5165,457342200.0
TR-046541,2025-10-22,Salt Lake City,Providence,Flatbed,2772.4,32785.0,5723.31,5460.7866,457342200.0
TR-046542,2025-10-22,Syracuse,Charleston,Flatbed,727.5,29186.0,1560.71,1554.9989,457342200.0
TR-046543,2025-10-22,San Antonio,Columbia,Dry Van,1146.0,29303.0,2335.15,2445.7048,457342200.0
TR-046544,2025-10-22,New York,Raleigh,Dry Van,463.9,23817.0,1011.88,1004.8564,457342200.0
TR-046545,2025-10-22,Providence,Albany,Flatbed,537.7,39116.0,1238.84,1275.8188,457342200.0
TR-046546,2025-10-22,Fresno,Columbia,Dry Van,2402.2,47500.0,4584.52,4662.795,457342200.0
TR-046547,2025-10-22,Hartford,Shreveport,Dry Van,1435.8,38472.0,2942.45,2955.57,457342200.0
TR-046548,2025-10-22,Detroit,Philadelphia,Dry Van,772.9,28844.0,1604.29,1550.5768,457342200.0
TR-046549,2025-10-22,Atlanta,Phoenix,Dry Van,1990.6,28073.0,3721.16,3786.1685,457342200.0
TR-046550,2025-10-22,Grand Rapids,Buffalo,Flatbed,500.0,31219.0,1185.29,1195.1592,457342200.0
TR-046551,2025-10-22,Harrisburg,Jacksonville,Flatbed,778.3,24685.0,1726.53,1633.1581,457342200.0
TR-046552,2025-10-22,Oklahoma City,Fort Wayne,Dry Van,1161.5,30149.0,2301.62,2413.0815,457342200.0
TR-046553,2025-10-22,Phoenix,Albuquerque,Reefer,706.0,26667.0,1660.06,1714.2905,457342200.0
TR-046554,2025-10-22,Cincinnati,Charleston,Dry Van,522.9,29657.0,1141.94,1147.976,457342200.0
TR-046555,2025-10-22,Buffalo,Albany,Dry Van,487.9,33803.0,1060.19,1041.5829,457342200.0
TR-046556,2025-10-22,Charleston,El Paso,Dry Van,2037.3,28018.0,3839.75,3828.332,457342200.0
TR-046557,2025-10-22,Memphis,Grand Rapids,Flatbed,663.7,40443.0,1530.79,1510.9099,457342200.0
TR-046558,2025-10-22,Indianapolis,Tucson,Reefer,1745.0,28922.0,3652.95,3788.97,457342200.0
TR-046559,2025-10-22,Amarillo,Dayton,Dry Van,1343.3,40084.0,2699.39,2676.2852,457342200.0
TR-046560,2025-10-22,Salt Lake City,Shreveport,Reefer,1376.3,45257.0,3332.52,3449.6094,457342200.0
TR-046561,2025-10-22,Columbia,Nashville,Dry Van,326.9,24426.0,780.38,764.2524,457342200.0
TR-046562,2025-10-22,Chattanooga,Salt Lake City,Flatbed,1705.9,27879.0,3557.23,3514.4065,457342200.0
TR-046563,2025-10-22,Reno,Albany,Reefer,2833.0,44342.0,5851.62,5978.9736,457342200.0
TR-046564,2025-10-22,Richmond,Philadelphia,Dry Van,274.0,29745.0,651.91,665.5929,457342200.0
TR-046565,2025-10-22,Hartford,Madison,Flatbed,1124.0,20309.0,2381.33,2313.1243,457342200.0
TR-046566,2025-10-22,Oklahoma City,Los Angeles,Reefer,1355.9,33007.0,3104.16,3130.066,457342200.0
TR-046567,2025-10-22,Indianapolis,Boston,Flatbed,1266.8,,2614.42,2601.8198,457342200.0
TR-046568,2025-10-22,Boston,Buffalo,Dry Van,593.1,30501.0,1229.26,1276.5033,457342200.0
TR-046569,2025-10-22,Birmingham,Charleston,Dry Van,475.0,41423.0,1144.34,1147.2429,457342200.0
TR-046570,2025-10-22,Dallas,Atlanta,Reefer,603.1,35994.0,1590.58,1570.4459,457342200.0
TR-046571,2025-10-22,Louisville,San Francisco,Reefer,2204.7,36190.0,4717.8,4652.174,457342200.0
TR-046572,2025-10-22,New York,Phoenix,Reefer,2934.5,33479.0,6053.36,5859.1445,457342200.0
TR-046573,2025-10-22,Columbia,Buffalo,Reefer,656.3,45118.0,1631.66,1560.6877,457342200.0
TR-046574,2025-10-22,Amarillo,Fort Wayne,Reefer,1363.5,25197.0,2989.44,2932.844,457342200.0
TR-046575,2025-10-22,Grand Rapids,Shreveport,Dry Van,948.6,20282.0,1851.21,1894.2084,457342200.0
TR-046576,2025-10-22,Greensboro,Fresno,Reefer,2451.3,44264.0,5316.93,5291.075,457342200.0
TR-046577,2025-10-22,Phoenix,Buffalo,Dry Van,2646.8,23513.0,4696.47,4735.137,457342200.0
TR-046578,2025-10-22,Tucson,Charleston,Dry Van,2232.0,24404.0,4048.34,4423.4746,457342200.0
TR-046579,2025-10-22,Greensboro,Louisville,Dry Van,352.3,11090.0,807.53,824.09125,457342200.0
TR-046580,2025-10-22,Buffalo,St. Louis,Dry Van,759.3,35440.0,1628.52,1584.5212,457342200.0
TR-046581,2025-10-22,Atlanta,Tucson,Dry Van,1868.2,47361.0,3859.48,3777.7114,457342200.0
TR-046582,2025-10-22,Oklahoma City,Richmond,Dry Van,1505.8,23177.0,2912.89,2844.8699,457342200.0
TR-046583,2025-10-22,Columbia,Shreveport,Reefer,645.1,13316.0,4892.72,1538.5574,457342200.0
TR-046584,2025-10-22,Cincinnati,San Francisco,Dry Van,2250.8,35873.0,4314.84,4294.8247,457342200.0
TR-046585,2025-10-22,Louisville,Tulsa,Dry Van,582.0,32943.0,1322.8,1304.23,457342200.0
TR-046586,2025-10-22,Shreveport,Baton Rouge,Reefer,184.5,47500.0,612.12,616.949,457342200.0
TR-046587,2025-10-22,Bakersfield,Green Bay,Dry Van,2019.5,18834.0,3585.07,3790.8164,457342200.0
TR-046588,2025-10-22,Baltimore,Birmingham,Dry Van,956.4,24220.0,1959.85,1923.7848,457342200.0
TR-046589,2025-10-22,Toledo,Montgomery,Reefer,902.8,26400.0,2105.22,1998.6963,457342200.0
TR-046590,2025-10-22,Tampa,Montgomery,Flatbed,277.2,13144.0,726.82,758.26587,457342200.0
TR-046591,2025-10-22,Tulsa,Austin,Dry Van,470.7,36446.0,1132.13,1123.2899,457342200.0
TR-046592,2025-10-22,Austin,Columbia,Dry Van,1216.6,35000.0,2583.27,2484.0032,457342200.0
TR-046593,2025-10-22,New York,Providence,Flatbed,349.7,31524.0,873.47,895.05756,457342200.0
TR-046594,2025-10-22,Columbia,Greensboro,Flatbed,131.1,33920.0,394.73,443.87775,457342200.0
TR-046595,2025-10-22,Syracuse,Grand Rapids,Dry Van,581.4,29523.0,1211.67,1237.8055,457342200.0
TR-046596,2025-10-22,Richmond,Dayton,Dry Van,596.7,28815.0,1225.8,1260.8105,457342200.0
TR-046597,2025-10-22,New Orleans,Savannah,Flatbed,692.2,30923.0,1670.77,1606.5732,457342200.0
TR-046598,2025-10-22,Greensboro,New York,Dry Van,684.5,19307.0,1376.74,1363.3054,457342200.0
TR-046599,2025-10-22,Boston,Hartford,Flatbed,180.6,38402.0,513.66,550.8102,457342200.0
TR-046600,2025-10-22,Cincinnati,Buffalo,Reefer,626.1,30571.0,1525.01,1494.4431,457342200.0
TR-046601,2025-10-22,Lexington,Providence,Dry Van,1015.4,27544.0,2052.74,2035.0132,457342200.0
TR-046602,2025-10-22,Philadelphia,Lexington,Flatbed,794.5,18769.0,1720.26,1692.697,457342200.0
TR-046603,2025-10-22,Phoenix,Lubbock,Dry Van,1154.7,27519.0,2343.8,2354.997,457342200.0
TR-046604,2025-10-22,St. Louis,Oklahoma City,Flatbed,795.8,36414.0,1926.44,1868.18,457342200.0
TR-046605,2025-10-22,Milwaukee,Tampa,Dry Van,956.6,47500.0,2037.74,2011.885,457342200.0
TR-046606,2025-10-22,Los Angeles,Dallas,Dry Van,1556.2,9026.0,2916.59,2906.3435,457342200.0
TR-046607,2025-10-22,Mobile,Lubbock,Reefer,820.1,29688.0,2022.85,1953.7539,457342200.0
TR-046608,2025-10-22,Phoenix,Syracuse,Reefer,2797.6,31130.0,5664.3,9827.303,457342200.0
TR-046609,2025-10-22,San Francisco,El Paso,Reefer,789.1,33582.0,1881.48,1899.3759,457342200.0
TR-046610,2025-10-22,Harrisburg,Boston,Dry Van,543.5,29380.0,1164.69,1168.891,457342200.0
TR-046611,2025-10-22,Tucson,Phoenix,Reefer,290.9,32703.0,804.22,857.2094,457342200.0
TR-046612,2025-10-23,Albuquerque,Lubbock,Reefer,825.9,26846.0,1942.88,1925.4486,457342200.0
TR-046613,2025-10-23,Kansas City,Indianapolis,Dry Van,176.7,28190.0,474.38,475.02377,457342200.0
TR-046614,2025-10-23,Little Rock,Buffalo,Flatbed,1038.6,18497.0,7151.41,2530.3223,457342200.0
TR-046615,2025-10-23,San Francisco,Washington,Flatbed,2824.2,27419.0,5187.81,5830.1064,457342200.0
TR-046616,2025-10-23,Cincinnati,Shreveport,Dry Van,531.6,30147.0,1237.21,1184.1409,457342200.0
TR-046617,2025-10-23,Phoenix,Montgomery,Dry Van,2116.9,26997.0,4052.55,4074.14,457342200.0
TR-046618,2025-10-23,Reno,Los Angeles,Dry Van,917.0,26402.0,1794.23,1805.157,457342200.0
TR-046619,2025-10-23,Providence,Amarillo,Flatbed,2310.1,29854.0,4903.84,4534.103,457342200.0
TR-046620,2025-10-23,Madison,Corpus Christi,Flatbed,1149.9,39253.0,2588.61,2607.415,457342200.0
TR-046621,2025-10-23,Amarillo,Albuquerque,Flatbed,409.6,26048.0,1006.81,1321.9358,457342200.0
TR-046622,2025-10-23,Atlanta,New York,Reefer,908.9,31482.0,2132.94,2030.8335,457342200.0
TR-046623,2025-10-23,Providence,Grand Rapids,Reefer,1130.0,5000.0,2449.96,2352.6028,457342200.0
TR-046624,2025-10-23,Houston,Amarillo,Dry Van,689.6,41011.0,1644.47,1557.2194,457342200.0
TR-046625,2025-10-23,Albuquerque,New York,Dry Van,2299.0,42673.0,4481.13,4810.896,457342200.0
TR-046626,2025-10-23,Los Angeles,Memphis,Dry Van,1991.7,41230.0,4032.37,3930.039,457342200.0
TR-046627,2025-10-23,Jacksonville,Phoenix,Dry Van,2139.9,35110.0,4170.26,4049.9636,457342200.0
TR-046628,2025-10-23,Dayton,Buffalo,Dry Van,467.8,27420.0,1009.38,1009.65656,457342200.0
TR-046629,2025-10-23,Albany,Amarillo,Dry Van,2256.4,5807.0,4048.53,4324.7134,457342200.0
TR-046630,2025-10-23,Amarillo,Little Rock,Dry Van,843.5,38271.0,1971.47,2001.0367,457342200.0
TR-046631,2025-10-23,Columbia,Raleigh,Reefer,396.1,28296.0,1011.13,1051.1257,457342200.0
TR-046632,2025-10-23,Reno,Los Angeles,Reefer,909.9,46507.0,2157.52,2097.3154,457342200.0
TR-046633,2025-10-23,Amarillo,Syracuse,Dry Van,1845.8,18321.0,3353.42,3633.9338,457342200.0
TR-046634,2025-10-23,Dayton,Boston,Reefer,1000.9,26151.0,2241.31,2249.3625,457342200.0
TR-046635,2025-10-23,Richmond,Montgomery,Reefer,835.2,22215.0,1890.04,1894.1997,457342200.0
TR-046636,2025-10-23,Columbia,Mobile,Reefer,428.9,37992.0,1191.43,1133.3119,457342200.0
TR-046637,2025-10-23,Buffalo,Syracuse,Dry Van,150.9,31617.0,380.11,436.55017,457342200.0
TR-046638,2025-10-23,Tucson,Albuquerque,Reefer,465.4,23160.0,1158.68,1410.2501,457342200.0
TR-046639,2025-10-23,Philadelphia,Cincinnati,Dry Van,897.3,33186.0,1884.25,1825.1617,457342200.0
TR-046640,2025-10-23,Fort Wayne,Boston,Dry Van,1006.0,35932.0,2046.68,2080.389,457342200.0
TR-046641,2025-10-23,Phoenix,Buffalo,Dry Van,2637.6,36473.0,5011.38,5367.2603,457342200.0
TR-046642,2025-10-23,Amarillo,Providence,Reefer,2343.7,41388.0,5139.92,5052.161,457342200.0
TR-046643,2025-10-23,New Orleans,Cincinnati,Reefer,523.3,26051.0,1342.34,1339.4135,457342200.0
TR-046644,2025-10-23,Dayton,San Francisco,Reefer,2416.0,36653.0,5367.21,5095.486,457342200.0
TR-046645,2025-10-23,Harrisburg,Reno,Dry Van,2474.7,28763.0,4407.32,4486.3027,457342200.0
TR-046646,2025-10-23,Charleston,Richmond,Dry Van,398.6,33288.0,910.72,933.6838,457342200.0
TR-046647,2025-10-23,Mobile,San Antonio,Reefer,748.4,21142.0,1780.1,1770.799,457342200.0
TR-046648,2025-10-23,Birmingham,Little Rock,Flatbed,381.7,29207.0,1003.47,1015.05255,457342200.0
TR-046649,2025-10-23,Fort Wayne,Baltimore,Dry Van,847.2,23524.0,1667.28,1690.8956,457342200.0
TR-046650,2025-10-23,Boston,Richmond,Dry Van,498.1,37530.0,1159.83,1134.3989,457342200.0
TR-046651,2025-10-23,Charleston,Reno,Dry Van,2517.9,28797.0,4641.2,4944.764,457342200.0
TR-046652,2025-10-23,Hartford,Green Bay,Flatbed,994.2,43335.0,2204.92,2197.9854,457342200.0
TR-046653,2025-10-23,Fort Wayne,Syracuse,Dry Van,529.6,44235.0,1142.58,1161.6361,457342200.0
TR-046654,2025-10-23,Shreveport,Providence,Dry Van,1550.1,32020.0,3071.49,3112.1274,457342200.0
TR-046655,2025-10-23,Lexington,Cincinnati,Dry Van,134.5,22318.0,363.25,388.27185,457342200.0
TR-046656,2025-10-23,Hartford,Raleigh,Dry Van,485.6,23772.0,1041.25,1040.656,457342200.0
TR-046657,2025-10-23,Hartford,Philadelphia,Dry Van,70.0,40162.0,206.33,278.46887,457342200.0
TR-046658,2025-10-23,Fort Wayne,Little Rock,Flatbed,713.8,39787.0,1676.94,1717.2126,457342200.0
TR-046659,2025-10-23,Richmond,Montgomery,Dry Van,813.3,47500.0,1745.14,1782.5792,457342200.0
TR-046660,2025-10-23,Buffalo,Fort Wayne,Dry Van,415.3,14274.0,859.39,887.89246,457342200.0
TR-046661,2025-10-23,Memphis,Richmond,Reefer,864.1,26948.0,2021.14,1943.3173,457342200.0
TR-046662,2025-10-23,Philadelphia,Charleston,Flatbed,638.0,25271.0,1470.99,1462.417,457342200.0
TR-046663,2025-10-23,Atlanta,Kansas City,Dry Van,484.5,27617.0,1089.06,1060.042,457342200.0
TR-046664,2025-10-23,San Antonio,Phoenix,Flatbed,1285.7,26426.0,2824.36,2720.114,457342200.0
TR-046665,2025-10-23,New Orleans,Tampa,Reefer,499.8,31391.0,1336.62,1316.2114,457342200.0
TR-046666,2025-10-23,Harrisburg,Baton Rouge,Flatbed,1202.1,27051.0,2595.2,2568.3064,457342200.0
TR-046667,2025-10-23,Amarillo,Buffalo,Reefer,1735.6,37766.0,3908.33,3760.3684,457342200.0
TR-046668,2025-10-23,Albuquerque,Lexington,Dry Van,1643.6,21757.0,9305.14,3078.821,457342200.0
TR-046669,2025-10-23,Toledo,Baton Rouge,Dry Van,1109.2,11048.0,2133.09,2176.9783,457342200.0
TR-046670,2025-10-23,Cincinnati,Baltimore,Flatbed,913.5,45250.0,2152.1,2030.5754,457342200.0
TR-046671,2025-10-23,Grand Rapids,Tucson,Dry Van,2021.2,38462.0,849.97,3850.846,457342200.0
TR-046672,2025-10-23,Tucson,Dallas,Reefer,1292.7,28447.0,2949.86,2865.274,457342200.0
TR-046673,2025-10-23,Raleigh,Savannah,Reefer,366.6,18262.0,969.41,961.17523,457342200.0
TR-046674,2025-10-23,Fort Wayne,Toledo,Reefer,100.5,38021.0,321.41,354.8867,457342200.0
TR-046675,2025-10-23,Lexington,Bakersfield,Dry Van,2161.9,30038.0,4139.61,4048.6533,457342200.0
TR-046676,2025-10-23,Dallas,Hartford,Dry Van,1591.9,29533.0,3197.79,3040.4102,457342200.0
TR-046677,2025-10-23,New York,Savannah,Dry Van,745.4,34450.0,1596.29,1586.3582,457342200.0
TR-046678,2025-10-23,Louisville,Philadelphia,Reefer,958.0,32137.0,2167.17,2131.3782,457342200.0
TR-046679,2025-10-23,Toledo,Richmond,Flatbed,560.2,41623.0,1306.45,1295.3677,457342200.0
TR-046680,2025-10-23,Buffalo,Grand Rapids,Dry Van,506.5,22616.0,1080.08,1047.2216,457342200.0
TR-046681,2025-10-23,Kansas City,Houston,Flatbed,755.3,28212.0,1786.5,1677.8938,457342200.0
TR-046682,2025-10-23,Amarillo,New York,Reefer,1999.9,37612.0,4514.59,4311.639,457342200.0
TR-046683,2025-10-23,Richmond,Green Bay,Dry Van,833.7,33690.0,1693.15,1738.2877,457342200.0
TR-046684,2025-10-23,Tampa,Columbia,Flatbed,588.2,35514.0,1431.47,1494.0789,457342200.0
TR-046685,2025-10-23,Indianapolis,Buffalo,Dry Van,688.7,27361.0,1443.55,1392.1385,457342200.0
TR-046686,2025-10-23,Birmingham,Nashville,Dry Van,197.2,,546.54,665.2733,457342200.0
TR-046687,2025-10-23,Reno,Las Vegas,Reefer,580.2,34351.0,1462.18,1406.599,457342200.0
TR-046688,2025-10-23,Tucson,Amarillo,Dry Van,633.4,15563.0,1377.08,1355.4025,457342200.0
TR-046689,2025-10-23,Syracuse,Fresno,Flatbed,2732.4,13588.0,5099.7,5148.893,457342200.0
TR-046690,2025-10-23,Greensboro,San Francisco,Dry Van,2513.6,30763.0,4880.25,4671.417,457342200.0
TR-046691,2025-10-23,Corpus Christi,Bakersfield,Reefer,1480.5,33988.0,3442.11,3387.9526,457342200.0
TR-046692,2025-10-23,Phoenix,Shreveport,Dry Van,1664.5,22675.0,3305.45,3184.2312,457342200.0
TR-046693,2025-10-23,Hartford,Kansas City,Dry Van,1148.2,25315.0,2266.92,2279.7634,457342200.0
TR-046694,2025-10-23,Lubbock,Bakersfield,Flatbed,1184.5,44965.0,2714.72,2717.9146,457342200.0
TR-046695,2025-10-23,Cincinnati,New Orleans,Dry Van,532.0,32314.0,1242.06,1194.3174,457342200.0
TR-046696,2025-10-23,Milwaukee,Houston,Dry Van,837.5,34970.0,1845.46,1790.5923,457342200.0
TR-046697,2025-10-23,Shreveport,Harrisburg,Reefer,1092.5,26760.0,2500.44,2403.591,457342200.0
TR-046698,2025-10-23,Richmond,Harrisburg,Dry Van,160.0,42864.0,413.84,463.58633,457342200.0
TR-046699,2025-10-23,Cincinnati,Buffalo,Reefer,665.5,32782.0,1587.93,1533.5984,457342200.0
TR-046700,2025-10-23,Fresno,Tucson,Flatbed,491.9,38840.0,1253.74,1268.2078,457342200.0
TR-046701,2025-10-23,Baton Rouge,Bakersfield,Flatbed,1629.8,29747.0,3568.3,3481.124,457342200.0
TR-046702,2025-10-23,Fresno,San Antonio,Dry Van,1508.0,31109.0,3088.52,2906.1643,457342200.0
TR-046703,2025-10-23,Lexington,Raleigh,Dry Van,517.2,20684.0,1125.09,1121.6216,457342200.0
TR-046704,2025-10-23,Montgomery,San Antonio,Dry Van,887.0,47500.0,2035.6,1929.7,457342200.0
TR-046705,2025-10-23,Columbia,Washington,Dry Van,542.3,24151.0,1169.61,1185.7157,457342200.0
TR-046706,2025-10-23,Grand Rapids,Tucson,Dry Van,2027.0,25458.0,3717.95,3804.1023,457342200.0
TR-046707,2025-10-23,Fort Wayne,Tucson,Dry Van,2004.4,30058.0,3829.0,3815.227,457342200.0
TR-046708,2025-10-23,Birmingham,Indianapolis,Dry Van,451.2,35649.0,1075.14,1066.2891,457342200.0
TR-046709,2025-10-23,Montgomery,Los Angeles,Dry Van,2120.3,32997.0,4018.27,3987.5771,457342200.0
TR-046710,2025-10-23,Cincinnati,Raleigh,Dry Van,622.1,33806.0,1428.98,1366.962,457342200.0
TR-046711,2025-10-23,Mobile,Fresno,Dry Van,2168.0,20844.0,4100.18,4037.2344,457342200.0
TR-046712,2025-10-23,Tulsa,Richmond,Reefer,1209.1,29921.0,2780.68,2687.4446,457342200.0
TR-046713,2025-10-23,Richmond,Atlanta,Dry Van,677.2,37259.0,1518.72,1443.4772,457342200.0
TR-046714,2025-10-23,Cincinnati,Corpus Christi,Reefer,948.2,21662.0,2200.86,2569.7842,457342200.0
TR-046715,2025-10-23,Cincinnati,San Antonio,Dry Van,1038.4,45473.0,2308.44,2228.0745,457342200.0
TR-046716,2025-10-23,San Antonio,Tulsa,Flatbed,410.9,30060.0,1109.65,1084.1807,457342200.0
TR-046717,2025-10-23,San Francisco,Syracuse,Dry Van,2845.4,40827.0,5354.03,5851.5396,457342200.0
TR-046718,2025-10-23,Grand Rapids,Indianapolis,Dry Van,439.1,27151.0,972.57,974.8486,457342200.0
TR-046719,2025-10-23,Tampa,Montgomery,Dry Van,277.5,34124.0,722.84,730.683,457342200.0
TR-046720,2025-10-23,Syracuse,Raleigh,Flatbed,616.7,30145.0,572.98,1419.7235,457342200.0
TR-046721,2025-10-23,Atlanta,Indianapolis,Flatbed,348.2,44569.0,921.11,932.527,457342200.0
TR-046722,2025-10-23,Nashville,Fresno,Dry Van,2100.1,33105.0,4135.5,3959.4963,457342200.0
TR-046723,2025-10-23,Reno,Boston,Dry Van,2980.2,33906.0,5618.27,5843.084,457342200.0
TR-046724,2025-10-23,Little Rock,Memphis,Dry Van,230.8,15908.0,612.01,610.91223,457342200.0
TR-046725,2025-10-23,Fort Wayne,Richmond,Flatbed,599.8,31176.0,1371.1,1366.8684,457342200.0
TR-046726,2025-10-23,New Orleans,San Antonio,Dry Van,509.1,34365.0,1230.04,1195.2228,457342200.0
TR-046727,2025-10-23,New York,Greensboro,Flatbed,661.5,39124.0,1563.23,1542.9406,457342200.0
TR-046728,2025-10-23,Toledo,San Francisco,Dry Van,2436.5,16966.0,4268.73,4342.7095,457342200.0
TR-046729,2025-10-23,Detroit,Jacksonville,Reefer,955.2,30452.0,2114.63,2146.881,457342200.0
TR-046730,2025-10-23,Buffalo,Hartford,Dry Van,447.5,35444.0,990.67,999.4197,457342200.0
TR-046731,2025-10-23,Kansas City,Atlanta,Dry Van,479.3,36432.0,4635.85,1113.2438,457342200.0
TR-046732,2025-10-23,Oklahoma City,Green Bay,Dry Van,1190.0,26817.0,2393.29,2360.8567,457342200.0
TR-046733,2025-10-23,Dayton,Fresno,Flatbed,2310.6,18351.0,4605.7,4426.6333,457342200.0
TR-046734,2025-10-23,Harrisburg,Tucson,Reefer,2415.1,22119.0,4970.7,4814.978,457342200.0
TR-046735,2025-10-23,Providence,Harrisburg,Dry Van,586.3,25254.0,1245.2,1228.4806,457342200.0
TR-046736,2025-10-23,Buffalo,Las Vegas,Flatbed,2367.8,38393.0,4815.53,4894.9727,457342200.0
TR-046737,2025-10-23,Savannah,New York,Dry Van,790.3,32652.0,1624.97,1629.56,457342200.0
TR-046738,2025-10-23,Fresno,Richmond,Dry Van,2799.4,25760.0,5035.02,5551.4253,457342200.0
TR-046739,2025-10-23,Shreveport,Toledo,Dry Van,940.3,25254.0,1853.8,1908.7214,457342200.0
TR-046740,2025-10-23,Reno,Chattanooga,Dry Van,2003.5,42071.0,3895.0,3926.1729,457342200.0
TR-046741,2025-10-23,Lexington,San Francisco,Flatbed,2451.1,47500.0,5150.17,4910.1216,457342200.0
TR-046742,2025-10-23,Grand Rapids,Buffalo,Flatbed,500.4,20690.0,1112.23,1122.6598,457342200.0
TR-046743,2025-10-23,Philadelphia,Richmond,Dry Van,275.2,29501.0,654.13,681.02997,457342200.0
TR-046744,2025-10-23,Lexington,Chattanooga,Dry Van,219.1,31913.0,583.45,595.95856,457342200.0
TR-046745,2025-10-23,Charleston,Fort Wayne,Reefer,695.5,26460.0,1596.84,1537.0242,457342200.0
TR-046746,2025-10-23,Baton Rouge,Los Angeles,Reefer,1681.0,24409.0,3731.56,3491.5142,457342200.0
TR-046747,2025-10-23,Nashville,Montgomery,Dry Van,364.3,29655.0,863.63,867.0105,457342200.0
TR-046748,2025-10-23,Atlanta,Bakersfield,Dry Van,2049.1,25351.0,3944.99,3858.3718,457342200.0
TR-046749,2025-10-23,Montgomery,Hartford,Dry Van,1113.4,18855.0,2142.57,2185.597,457342200.0
TR-046750,2025-10-23,Dayton,Greensboro,Dry Van,383.7,40511.0,924.83,895.0799,457342200.0
TR-046751,2025-10-23,Charleston,Baton Rouge,Reefer,929.1,26726.0,2187.86,2164.6836,457342200.0
TR-046752,2025-10-23,Fresno,Greensboro,Dry Van,2433.2,29263.0,4645.48,4480.9033,457342200.0
TR-046753,2025-10-23,Toledo,Raleigh,Dry Van,687.4,34127.0,1480.07,1434.611,457342200.0
TR-046754,2025-10-23,Mobile,Raleigh,Dry Van,785.0,34610.0,1706.94,1693.175,457342200.0
TR-046755,2025-10-23,Baltimore,San Antonio,Dry Van,1876.2,44841.0,3748.08,3775.141,457342200.0
TR-046756,2025-10-23,Charleston,Shreveport,Dry Van,866.3,26139.0,1852.24,1794.8594,457342200.0
TR-046757,2025-10-23,Amarillo,Atlanta,Dry Van,1235.4,41020.0,2619.79,2548.2148,457342200.0
TR-046758,2025-10-23,Louisville,Fort Wayne,Reefer,374.3,22156.0,939.94,909.63184,457342200.0
TR-046759,2025-10-23,Shreveport,Montgomery,Dry Van,434.4,34725.0,1062.75,1077.2831,457342200.0
TR-046760,2025-10-23,Baton Rouge,Tampa,Dry Van,465.8,41245.0,1153.14,1171.4825,457342200.0
TR-046761,2025-10-23,Philadelphia,Oklahoma City,Flatbed,1771.3,32984.0,3789.36,3688.7332,457342200.0
TR-046762,2025-10-23,Montgomery,Mobile,Reefer,185.8,40298.0,596.86,629.6817,457342200.0
TR-046763,2025-10-23,Oklahoma City,Harrisburg,Dry Van,1490.2,36475.0,3084.04,2948.5776,457342200.0
TR-046764,2025-10-23,Shreveport,Tampa,Dry Van,508.3,34762.0,1255.82,1201.1919,457342200.0
TR-046765,2025-10-23,Houston,Amarillo,Flatbed,693.2,34490.0,1761.27,1690.998,457342200.0
TR-046766,2025-10-23,Cincinnati,Oklahoma City,Reefer,916.9,35276.0,2288.92,2127.113,457342200.0
TR-046767,2025-10-23,Corpus Christi,Greensboro,Dry Van,1066.2,32494.0,2211.88,2251.8706,457342200.0
TR-046768,2025-10-24,Shreveport,Tucson,Dry Van,1451.4,38115.0,3003.33,2931.1401,457342200.0
TR-046769,2025-10-24,Houston,Hartford,Flatbed,1612.3,32428.0,3553.74,3448.6108,457342200.0
TR-046770,2025-10-24,El Paso,Corpus Christi,Dry Van,1054.4,27138.0,2133.6,2142.3008,457342200.0
TR-046771,2025-10-24,Amarillo,Reno,Dry Van,1087.7,19712.0,2137.08,2122.4817,457342200.0
TR-046772,2025-10-24,Chattanooga,Milwaukee,Dry Van,376.5,28895.0,882.15,836.041,457342200.0
TR-046773,2025-10-24,Shreveport,Tulsa,Dry Van,207.0,31262.0,568.79,569.56366,457342200.0
TR-046774,2025-10-24,Bakersfield,Syracuse,Flatbed,2586.1,,5267.14,4869.871,457342200.0
TR-046775,2025-10-24,Tucson,New York,Flatbed,2632.8,33894.0,5090.24,4987.9917,457342200.0
TR-046776,2025-10-24,Chattanooga,Montgomery,Dry Van,345.9,33315.0,842.01,837.7717,457342200.0
TR-046777,2025-10-24,Houston,Montgomery,Dry Van,615.8,27637.0,1398.76,1365.0764,457342200.0
TR-046778,2025-10-24,Hartford,Atlanta,Dry Van,1001.8,41352.0,537.57,2106.9946,457342200.0
TR-046779,2025-10-24,Hartford,Corpus Christi,Dry Van,1832.4,37225.0,3574.44,3633.371,457342200.0
TR-046780,2025-10-24,Lexington,Philadelphia,Reefer,818.5,34250.0,1894.78,1995.2953,457342200.0
TR-046781,2025-10-24,Cincinnati,Savannah,Dry Van,435.1,47500.0,1015.18,1064.6252,457342200.0
TR-046782,2025-10-24,Amarillo,Shreveport,Reefer,836.0,30314.0,2059.56,2014.6921,457342200.0
TR-046783,2025-10-24,Tulsa,Little Rock,Dry Van,201.7,25694.0,526.96,551.32153,457342200.0
TR-046784,2025-10-24,Providence,Charleston,Reefer,726.1,37856.0,1841.3,1784.3019,457342200.0
TR-046785,2025-10-24,Baton Rouge,Jacksonville,Dry Van,572.4,37655.0,1316.74,1276.0305,457342200.0
TR-046786,2025-10-24,Toledo,Charleston,Reefer,721.5,20638.0,1620.85,1599.393,457342200.0
TR-046787,2025-10-24,Cincinnati,Baton Rouge,Reefer,654.4,29811.0,1602.69,1539.1008,457342200.0
TR-046788,2025-10-24,Charleston,Toledo,Dry Van,725.4,34685.0,1542.94,1487.3868,457342200.0
TR-046789,2025-10-24,El Paso,Bakersfield,Dry Van,444.8,35706.0,1030.9,1069.974,457342200.0
TR-046790,2025-10-24,Baton Rouge,Mobile,Dry Van,334.9,33639.0,848.27,822.67065,457342200.0
TR-046791,2025-10-24,Raleigh,St. Louis,Reefer,859.7,28988.0,1942.11,1963.2518,457342200.0
TR-046792,2025-10-24,Baton Rouge,Tampa,Dry Van,449.4,31371.0,1080.16,1071.0266,457342200.0
TR-046793,2025-10-24,Cincinnati,Atlanta,Dry Van,201.1,37704.0,539.01,543.2297,457342200.0
TR-046794,2025-10-24,Green Bay,Greensboro,Dry Van,732.2,47500.0,1612.83,1521.698,457342200.0
TR-046795,2025-10-24,Reno,Las Vegas,Dry Van,580.7,44186.0,1313.54,1267.3936,457342200.0
TR-046796,2025-10-24,Savannah,San Antonio,Dry Van,1148.2,24208.0,2270.13,2327.3853,457342200.0
TR-046797,2025-10-24,Philadelphia,San Francisco,Dry Van,3071.2,38400.0,5919.08,5621.2637,457342200.0
TR-046798,2025-10-24,Greensboro,Kansas City,Flatbed,611.9,35023.0,1522.89,1444.4232,457342200.0
TR-046799,2025-10-24,Milwaukee,San Francisco,Dry Van,2097.2,42878.0,4063.42,3993.6995,457342200.0
TR-046800,2025-10-24,Tulsa,Greensboro,Reefer,811.1,30994.0,2003.53,1894.2365,457342200.0
TR-046801,2025-10-24,Green Bay,Houston,Dry Van,1204.1,34695.0,2485.6,2739.5596,457342200.0
TR-046802,2025-10-24,Reno,Hartford,Dry Van,2800.4,12307.0,4817.06,4778.255,457342200.0
TR-046803,2025-10-24,Fresno,Syracuse,Reefer,2776.7,26962.0,5560.64,5902.3496,457342200.0
TR-046804,2025-10-24,El Paso,Las Vegas,Dry Van,341.2,18475.0,786.95,807.333,457342200.0
TR-046805,2025-10-24,Mobile,Memphis,Dry Van,334.7,46941.0,831.97,880.66516,457342200.0
TR-046806,2025-10-24,Amarillo,Madison,Dry Van,1158.2,35564.0,2488.38,2417.6572,457342200.0
TR-046807,2025-10-24,Cincinnati,El Paso,Reefer,1579.0,26361.0,3544.56,3349.5276,457342200.0
TR-046808,2025-10-24,Los Angeles,Albuquerque,Dry Van,744.7,30339.0,1578.16,1590.4642,457342200.0
TR-046809,2025-10-24,Hartford,Phoenix,Reefer,2946.0,15637.0,6105.86,5602.2495,457342200.0
TR-046810,2025-10-24,Richmond,El Paso,Dry Van,2235.7,33116.0,4422.7,4286.6025,457342200.0
TR-046811,2025-10-24,Hartford,Fort Wayne,Reefer,820.2,39313.0,2020.54,1889.2017,457342200.0
TR-046812,2025-10-24,Fresno,Charleston,Reefer,2713.3,31434.0,5842.97,5615.0894,457342200.0
TR-046813,2025-10-24,Fresno,Oklahoma City,Dry Van,1455.9,25788.0,2829.31,2825.2424,457342200.0
TR-046814,2025-10-24,Providence,Oklahoma City,Dry Van,1994.1,44086.0,4112.14,3931.4734,457342200.0
TR-046815,2025-10-24,Tampa,Albuquerque,Dry Van,1650.7,36003.0,3326.87,3249.4565,457342200.0
TR-046816,2025-10-24,Syracuse,Mobile,Flatbed,1143.1,19245.0,2364.43,2347.5886,457342200.0
TR-046817,2025-10-24,Lexington,Cincinnati,Reefer,132.4,32197.0,410.84,465.63568,457342200.0
TR-046818,2025-10-24,Detroit,Cincinnati,Dry Van,567.9,32737.0,1273.33,1199.5652,457342200.0
TR-046819,2025-10-24,Fort Wayne,Baton Rouge,Reefer,1019.9,,2496.4,2293.169,457342200.0
TR-046820,2025-10-24,Philadelphia,Indianapolis,Dry Van,977.6,27897.0,1930.19,1947.906,457342200.0
TR-046821,2025-10-24,Lubbock,Phoenix,Dry Van,1166.0,26246.0,2322.58,2384.0854,457342200.0
TR-046822,2025-10-24,Los Angeles,San Antonio,Reefer,1295.4,29772.0,2919.45,2843.0034,457342200.0
TR-046823,2025-10-24,Atlanta,Dayton,Reefer,405.6,15446.0,1032.25,998.71716,457342200.0
TR-046824,2025-10-24,Memphis,Kansas City,Dry Van,331.8,14249.0,781.04,725.6215,457342200.0
TR-046825,2025-10-24,Baltimore,Raleigh,Dry Van,387.9,17683.0,856.78,850.7289,457342200.0
TR-046826,2025-10-24,Hartford,Atlanta,Flatbed,976.0,35669.0,2152.48,2107.858,457342200.0
TR-046827,2025-10-24,Hartford,Harrisburg,Reefer,371.7,19591.0,914.61,901.6921,457342200.0
TR-046828,2025-10-24,El Paso,Grand Rapids,Dry Van,1717.1,31125.0,3218.52,3349.016,457342200.0
TR-046829,2025-10-24,Buffalo,Baltimore,Dry Van,481.2,38220.0,1056.33,1057.2004,457342200.0
TR-046830,2025-10-24,Toledo,Fort Wayne,Dry Van,94.1,25856.0,247.16,295.8551,457342200.0
TR-046831,2025-10-24,Oklahoma City,Amarillo,Reefer,445.6,34284.0,1241.29,1172.8807,457342200.0
TR-046832,2025-10-24,Washington,Lubbock,Dry Van,1666.9,32823.0,3273.81,4789.048,457342200.0
TR-046833,2025-10-24,Montgomery,Philadelphia,Dry Van,1057.7,14271.0,2064.72,2075.8674,457342200.0
TR-046834,2025-10-24,Montgomery,Indianapolis,Dry Van,623.0,29725.0,1351.0,1346.082,457342200.0
TR-046835,2025-10-24,Albuquerque,New Orleans,Dry Van,1169.9,29297.0,2366.54,2411.2666,457342200.0
TR-046836,2025-10-24,Lexington,Tulsa,Dry Van,721.5,24830.0,1549.05,1490.1537,457342200.0
TR-046837,2025-10-24,Baton Rouge,Dayton,Dry Van,901.2,38746.0,1963.48,1878.5706,457342200.0
TR-046838,2025-10-24,Shreveport,Green Bay,Reefer,981.1,18224.0,2183.37,2127.1265,457342200.0
TR-046839,2025-10-24,Montgomery,Fresno,Dry Van,2328.4,27884.0,4612.68,4298.861,457342200.0
TR-046840,2025-10-24,Kansas City,Grand Rapids,Reefer,446.8,34757.0,1146.4,1101.0171,457342200.0
TR-046841,2025-10-24,New York,Bakersfield,Dry Van,2873.6,24415.0,5041.36,4961.067,457342200.0
TR-046842,2025-10-24,Richmond,Tucson,Dry Van,2481.8,27859.0,4460.36,4503.717,457342200.0
TR-046843,2025-10-24,Fort Wayne,Shreveport,Flatbed,875.0,33322.0,2027.34,1927.2552,457342200.0
TR-046844,2025-10-24,Grand Rapids,Milwaukee,Reefer,347.0,26674.0,906.44,869.17004,457342200.0
TR-046845,2025-10-24,Savannah,Phoenix,Reefer,2333.7,43478.0,5016.76,5003.36,457342200.0
TR-046846,2025-10-24,Atlanta,Tucson,Reefer,1801.3,30872.0,3947.41,3834.4788,457342200.0
TR-046847,2025-10-24,Indianapolis,Milwaukee,Reefer,105.2,36498.0,347.45,365.40216,457342200.0
TR-046848,2025-10-24,Kansas City,Montgomery,Dry Van,722.9,22520.0,1544.49,1447.3728,457342200.0
TR-046849,2025-10-24,Oklahoma City,Bakersfield,Reefer,1295.1,16586.0,2957.02,2719.6548,457342200.0
TR-046850,2025-10-24,Fort Wayne,Boston,Dry Van,1021.1,25521.0,2004.06,2005.4343,457342200.0
TR-046851,2025-10-24,Las Vegas,Hartford,Dry Van,2770.4,36762.0,5197.41,5214.919,457342200.0
TR-046852,2025-10-24,Raleigh,New York,Dry Van,484.7,20469.0,1037.31,1021.7153,457342200.0
TR-046853,2025-10-24,Richmond,Bakersfield,Dry Van,2573.2,15781.0,4484.15,4572.7646,457342200.0
TR-046854,2025-10-24,San Antonio,Lexington,Dry Van,1093.0,25513.0,2182.45,2196.609,457342200.0
TR-046855,2025-10-24,Corpus Christi,Chattanooga,Flatbed,810.9,37487.0,1961.82,1949.8613,457342200.0
TR-046856,2025-10-24,Oklahoma City,St. Louis,Dry Van,792.9,47500.0,1764.57,1734.2848,457342200.0
TR-046857,2025-10-24,Bakersfield,Dayton,Dry Van,2091.6,15911.0,3778.16,3766.5068,457342200.0
TR-046858,2025-10-24,Atlanta,Phoenix,Reefer,2048.7,47500.0,4545.43,4400.6943,457342200.0
TR-046859,2025-10-24,Baton Rouge,Syracuse,Dry Van,1429.4,37274.0,2828.93,2820.9897,457342200.0
TR-046860,2025-10-24,San Antonio,Greensboro,Dry Van,1186.7,30780.0,2500.76,2449.9658,457342200.0
TR-046861,2025-10-24,Fresno,Baton Rouge,Dry Van,1831.3,27199.0,3571.42,3672.9167,457342200.0
TR-046862,2025-10-24,Indianapolis,Columbia,Flatbed,472.6,45541.0,1177.33,1204.2954,457342200.0
TR-046863,2025-10-24,Montgomery,Toledo,Flatbed,874.8,45890.0,2040.47,1975.1315,457342200.0
TR-046864,2025-10-24,Oklahoma City,Madison,Dry Van,973.0,33836.0,2075.72,1961.2733,457342200.0
TR-046865,2025-10-24,Harrisburg,San Antonio,Reefer,1554.5,28649.0,3351.21,3286.6846,457342200.0
TR-046866,2025-10-24,Oklahoma City,Baltimore,Dry Van,1746.4,35220.0,3446.99,4846.9033,457342200.0
TR-046867,2025-10-24,Los Angeles,Fresno,Dry Van,444.2,41408.0,1019.9,1081.5645,457342200.0
TR-046868,2025-10-24,Greensboro,Atlanta,Flatbed,271.9,17292.0,691.24,698.83344,457342200.0
TR-046869,2025-10-24,Indianapolis,Lexington,Dry Van,293.7,31614.0,721.17,723.47125,457342200.0
TR-046870,2025-10-24,Bakersfield,Dayton,Flatbed,2060.1,40796.0,4280.56,4184.9346,457342200.0
TR-046871,2025-10-24,Phoenix,Lexington,Dry Van,2184.0,37729.0,4269.87,4160.8115,457342200.0
TR-046872,2025-10-24,Fresno,Los Angeles,Reefer,428.0,34539.0,1132.72,1137.752,457342200.0
TR-046873,2025-10-24,Hartford,Madison,Reefer,1127.2,27059.0,2543.19,2414.2144,457342200.0
TR-046874,2025-10-24,Reno,Raleigh,Dry Van,2709.4,32931.0,5106.94,5109.0137,457342200.0
TR-046875,2025-10-24,Shreveport,Oklahoma City,Flatbed,440.5,40985.0,1206.29,1174.1663,457342200.0
TR-046876,2025-10-24,San Francisco,Fresno,Dry Van,238.1,41664.0,611.2,624.08203,457342200.0
TR-046877,2025-10-24,Columbia,Baton Rouge,Flatbed,751.4,39440.0,1821.59,1805.9747,457342200.0
TR-046878,2025-10-24,Greensboro,Buffalo,Reefer,547.1,25479.0,1352.69,1356.566,457342200.0
TR-046879,2025-10-24,Kansas City,Corpus Christi,Dry Van,918.9,14293.0,1817.19,1776.251,457342200.0
TR-046880,2025-10-24,Lubbock,Los Angeles,Dry Van,1189.4,27149.0,2391.6,2388.7678,457342200.0
TR-046881,2025-10-24,Baltimore,Columbia,Dry Van,747.3,20057.0,1508.97,1484.2358,457342200.0
TR-046882,2025-10-24,Raleigh,Houston,Reefer,1230.5,14674.0,2706.87,2616.621,457342200.0
TR-046883,2025-10-24,Baltimore,Jacksonville,Dry Van,930.8,31537.0,1930.36,1958.0095,457342200.0
TR-046884,2025-10-24,Greensboro,Jacksonville,Dry Van,366.9,31814.0,877.06,852.32574,457342200.0
TR-046885,2025-10-24,Bakersfield,Amarillo,Dry Van,863.1,22277.0,1760.68,1764.5094,457342200.0
TR-046886,2025-10-24,Corpus Christi,Nashville,Dry Van,767.1,25508.0,1657.13,1575.031,457342200.0
TR-046887,2025-10-24,Baton Rouge,Reno,Dry Van,1829.7,34794.0,3536.49,3551.8647,457342200.0
TR-046888,2025-10-24,Richmond,Memphis,Dry Van,848.8,33393.0,1843.39,1795.8539,457342200.0
TR-046889,2025-10-24,Houston,Raleigh,Reefer,1176.1,34449.0,2850.6,2704.5422,457342200.0
TR-046890,2025-10-24,Atlanta,Syracuse,Dry Van,914.2,25309.0,1834.67,1754.4163,457342200.0
TR-046891,2025-10-24,Memphis,Albany,Dry Van,1340.7,38430.0,2720.09,2648.1296,457342200.0
TR-046892,2025-10-24,Detroit,Tucson,Flatbed,2109.7,26613.0,4049.7,4068.0767,457342200.0
TR-046893,2025-10-25,Salt Lake City,Lubbock,Flatbed,992.6,17991.0,2168.46,2123.0486,457342200.0
TR-046894,2025-10-25,Greensboro,Birmingham,Dry Van,335.1,47500.0,824.89,818.5908,457342200.0
TR-046895,2025-10-25,Fresno,Kansas City,Dry Van,1935.0,18501.0,3542.49,3653.331,457342200.0
TR-046896,2025-10-25,Syracuse,Mobile,Flatbed,1164.2,28384.0,2423.51,2517.7773,457342200.0
TR-046897,2025-10-25,Amarillo,Oklahoma City,Dry Van,421.8,40596.0,1054.99,1014.9575,457342200.0
TR-046898,2025-10-25,Little Rock,Tampa,Flatbed,588.4,40184.0,1499.88,1494.5988,457342200.0
TR-046899,2025-10-25,Syracuse,Louisville,Dry Van,817.9,35471.0,1700.4,1721.2054,457342200.0
TR-046900,2025-10-25,Nashville,Atlanta,Dry Van,140.3,30385.0,394.21,403.1575,457342200.0
TR-046901,2025-10-25,Toledo,Columbia,Dry Van,628.7,30878.0,1338.77,1306.6215,457342200.0
TR-046902,2025-10-25,Baton Rouge,Dallas,Dry Van,180.4,42854.0,519.46,543.0619,457342200.0
TR-046903,2025-10-25,Toledo,Dayton,Flatbed,196.8,19740.0,506.74,570.23254,457342200.0
TR-046904,2025-10-25,Richmond,Los Angeles,Dry Van,2817.6,42686.0,5194.25,5177.606,457342200.0
TR-046905,2025-10-25,Louisville,Tucson,Dry Van,1752.8,33672.0,3421.33,3418.682,457342200.0
TR-046906,2025-10-25,Detroit,Montgomery,Reefer,1042.0,24125.0,2192.85,2267.337,457342200.0
TR-046907,2025-10-25,Boston,Tampa,Dry Van,1476.1,17757.0,2772.67,2713.534,457342200.0
TR-046908,2025-10-25,Tulsa,Oklahoma City,Flatbed,298.7,35362.0,858.95,911.3772,457342200.0
TR-046909,2025-10-25,Baton Rouge,Phoenix,Flatbed,1651.4,25885.0,3442.24,3340.2952,457342200.0
TR-046910,2025-10-25,Phoenix,Dayton,Dry Van,2176.1,30597.0,4007.86,4020.3892,457342200.0
TR-046911,2025-10-25,Montgomery,Tucson,Dry Van,1861.0,27375.0,3533.47,3588.8074,457342200.0
TR-046912,2025-10-25,Baltimore,Las Vegas,Dry Van,2803.2,37938.0,5124.21,5163.384,457342200.0
TR-046913,2025-10-25,Phoenix,Montgomery,Dry Van,2175.5,22604.0,4082.26,3983.7415,457342200.0
TR-046914,2025-10-25,Hartford,Baltimore,Dry Van,135.0,39228.0,361.46,414.2874,457342200.0
TR-046915,2025-10-25,Charleston,Shreveport,Dry Van,864.4,22458.0,1753.15,1762.3511,457342200.0
TR-046916,2025-10-25,Bakersfield,Salt Lake City,Flatbed,274.4,16602.0,193.34,717.7321,457342200.0
TR-046917,2025-10-25,Cincinnati,Baton Rouge,Dry Van,664.1,42153.0,1519.81,1419.9161,457342200.0
TR-046918,2025-10-25,Baton Rouge,Buffalo,Dry Van,1259.0,41032.0,2580.8,2546.4824,457342200.0
TR-046919,2025-10-25,Green Bay,Los Angeles,Dry Van,2206.8,42884.0,4092.76,4268.7544,457342200.0
TR-046920,2025-10-25,Lubbock,Atlanta,Dry Van,997.6,38650.0,2131.5,2118.382,457342200.0
TR-046921,2025-10-25,Los Angeles,Lexington,Dry Van,2233.8,17870.0,3939.01,4037.0146,457342200.0
TR-046922,2025-10-25,Kansas City,Lubbock,Reefer,962.3,23991.0,2286.05,2114.8196,457342200.0
TR-046923,2025-10-25,Providence,Raleigh,Dry Van,566.4,26340.0,1223.1,1188.3276,457342200.0
TR-046924,2025-10-25,Philadelphia,Nashville,Dry Van,1054.3,18716.0,2033.55,2049.1455,457342200.0
TR-046925,2025-10-25,Savannah,New York,Dry Van,762.6,28751.0,1547.7,1492.6038,457342200.0
TR-046926,2025-10-25,Providence,Tampa,Flatbed,1334.9,26592.0,2775.97,2769.883,457342200.0
TR-046927,2025-10-25,Hartford,Nashville,Flatbed,1090.4,27641.0,2267.05,2320.346,457342200.0
TR-046928,2025-10-25,Green Bay,Providence,Dry Van,1239.7,26525.0,2285.95,2384.3455,457342200.0
TR-046929,2025-10-25,New Orleans,Fort Wayne,Flatbed,832.9,-32790.0,1934.56,1812.9713,457342200.0
TR-046930,2025-10-25,Buffalo,Hartford,Dry Van,437.4,34797.0,960.9,974.7213,457342200.0
TR-046931,2025-10-25,Shreveport,Albany,Reefer,1603.0,14734.0,3321.85,3287.9011,457342200.0
TR-046932,2025-10-25,Richmond,Little Rock,Dry Van,1041.5,30855.0,2138.88,2104.8713,457342200.0
TR-046933,2025-10-25,Columbia,Providence,Reefer,950.2,16807.0,2064.59,2059.0247,457342200.0
TR-046934,2025-10-25,Los Angeles,Harrisburg,Flatbed,2677.0,23539.0,5088.39,4997.5396,457342200.0
TR-046935,2025-10-25,Grand Rapids,Buffalo,Reefer,490.7,25632.0,1120.58,1110.5394,457342200.0
TR-046936,2025-10-25,Mobile,Phoenix,Dry Van,1906.2,38913.0,3792.49,4081.7712,457342200.0
TR-046937,2025-10-25,San Antonio,Tucson,Dry Van,1071.4,46869.0,2333.64,2328.308,457342200.0
TR-046938,2025-10-25,New York,Detroit,Reefer,701.2,20951.0,1505.32,1517.1255,457342200.0
TR-046939,2025-10-25,Corpus Christi,Green Bay,Flatbed,1390.1,28485.0,2956.38,2912.4058,457342200.0
TR-046940,2025-10-25,Tampa,San Antonio,Dry Van,802.6,29205.0,1714.9,1689.1056,457342200.0
TR-046941,2025-10-25,Tucson,Dayton,Flatbed,1980.9,36403.0,4096.18,4006.3684,457342200.0
TR-046942,2025-10-25,St. Louis,Corpus Christi,Dry Van,905.0,44767.0,1983.74,1888.5376,457342200.0
TR-046943,2025-10-25,Madison,Albuquerque,Flatbed,1371.7,47500.0,3072.03,3033.511,457342200.0
TR-046944,2025-10-25,Grand Rapids,Green Bay,Reefer,116.1,31632.0,353.74,396.1153,457342200.0
TR-046945,2025-10-25,Fresno,Atlanta,Dry Van,2179.5,-25999.0,4059.09,4337.443,457342200.0
TR-046946,2025-10-25,Atlanta,Jacksonville,Dry Van,265.5,42657.0,680.55,684.0985,457342200.0
TR-046947,2025-10-25,Mobile,Little Rock,Dry Van,333.4,35918.0,887.53,842.45874,457342200.0
TR-046948,2025-10-25,Shreveport,Houston,Reefer,232.3,47325.0,714.42,790.2401,457342200.0
TR-046949,2025-10-25,Madison,Shreveport,Dry Van,776.1,40601.0,1673.57,1656.7511,457342200.0
TR-046950,2025-10-25,Baton Rouge,Tulsa,Dry Van,303.0,21412.0,751.87,745.2176,457342200.0
TR-046951,2025-10-25,Shreveport,Columbia,Dry Van,652.4,35651.0,1492.31,1413.285,457342200.0
TR-046952,2025-10-25,Atlanta,Charleston,Dry Van,466.5,31471.0,1059.77,1047.232,457342200.0
TR-046953,2025-10-25,Boston,Raleigh,Dry Van,626.3,33217.0,1370.51,1329.8121,457342200.0
TR-046954,2025-10-25,Atlanta,San Antonio,Reefer,949.5,31112.0,2252.81,2174.5117,457342200.0
TR-046955,2025-10-25,Mobile,New York,Dry Van,1148.7,18756.0,2196.46,2260.4324,457342200.0
TR-046956,2025-10-25,Phoenix,Albany,Reefer,3117.1,40188.0,6393.87,6238.3027,457342200.0
TR-046957,2025-10-25,Richmond,Fort Wayne,Dry Van,612.6,35698.0,1279.85,1277.8949,457342200.0
TR-046958,2025-10-25,Albuquerque,Greensboro,Dry Van,1738.1,24371.0,3198.68,3294.8103,457342200.0
TR-046959,2025-10-25,Albany,Mobile,Dry Van,1509.1,28445.0,2844.94,2789.6028,457342200.0
TR-046960,2025-10-25,Mobile,Baltimore,Reefer,1152.9,14658.0,2515.87,2557.75,457342200.0
TR-046961,2025-10-25,Hartford,Kansas City,Reefer,1179.4,33227.0,2616.17,2604.7363,457342200.0
TR-046962,2025-10-25,Madison,Baton Rouge,Reefer,947.3,29536.0,2227.13,2121.7156,457342200.0
TR-046963,2025-10-25,Harrisburg,Fresno,Flatbed,2786.4,27867.0,5362.45,5197.6167,457342200.0
TR-046964,2025-10-25,Philadelphia,Greensboro,Dry Van,689.3,25362.0,1397.89,1404.616,457342200.0
TR-046965,2025-10-25,Greensboro,Raleigh,Flatbed,356.6,-26533.0,876.75,908.6545,457342200.0
TR-046966,2025-10-25,Buffalo,Baton Rouge,Reefer,1282.4,26276.0,2865.13,2751.5942,457342200.0
TR-046967,2025-10-25,Columbia,Albuquerque,Dry Van,1747.6,20985.0,3264.18,3272.006,457342200.0
TR-046968,2025-10-25,Greensboro,Tucson,Dry Van,2118.9,22620.0,3843.33,3808.9824,457342200.0
TR-046969,2025-10-25,Mobile,Raleigh,Flatbed,807.3,33547.0,1834.44,1860.944,457342200.0
TR-046970,2025-10-25,Oklahoma City,Mobile,Dry Van,741.1,31591.0,1668.77,1565.6843,457342200.0
TR-046971,2025-10-25,Albuquerque,San Antonio,Dry Van,916.0,24795.0,1873.64,1824.4082,457342200.0
TR-046972,2025-10-25,Fort Wayne,Hartford,Reefer,855.9,25289.0,1896.67,1835.1853,457342200.0
TR-046973,2025-10-25,New Orleans,Hartford,Dry Van,1427.0,36817.0,2854.8,2850.0994,457342200.0
TR-046974,2025-10-25,Oklahoma City,Lexington,Reefer,984.2,30168.0,2317.04,2261.1887,457342200.0
TR-046975,2025-10-25,Little Rock,Madison,Dry Van,623.2,17164.0,1347.61,1281.3877,457342200.0
TR-046976,2025-10-25,Green Bay,Shreveport,Dry Van,976.5,31186.0,2020.36,2223.5366,457342200.0
TR-046977,2025-10-25,El Paso,Albany,Reefer,2618.5,38411.0,5504.73,5289.752,457342200.0
TR-046978,2025-10-25,Nashville,Mobile,Dry Van,294.5,33921.0,729.69,735.99896,457342200.0
TR-046979,2025-10-25,Chattanooga,Nashville,Reefer,85.5,38757.0,287.65,344.09665,457342200.0
TR-046980,2025-10-25,San Francisco,Green Bay,Reefer,2242.7,20592.0,1955.15,4370.8535,457342200.0
TR-046981,2025-10-25,Louisville,Lubbock,Dry Van,1045.6,41308.0,2232.83,2189.0015,457342200.0
TR-046982,2025-10-25,Tampa,Reno,Reefer,2308.4,28484.0,4704.57,4524.829,457342200.0
TR-046983,2025-10-25,Greensboro,Nashville,Dry Van,373.0,33799.0,882.19,853.23444,457342200.0
TR-046984,2025-10-25,Albany,Boston,Dry Van,418.2,32478.0,927.8,901.77875,457342200.0
TR-046985,2025-10-25,Harrisburg,Albany,Dry Van,572.2,33840.0,1228.72,1187.5309,457342200.0
TR-046986,2025-10-25,Fort Wayne,Amarillo,Reefer,1379.7,24354.0,2975.48,2930.8599,457342200.0
TR-046987,2025-10-25,Fresno,San Antonio,Dry Van,1496.1,45898.0,3145.82,3045.1458,457342200.0
TR-046988,2025-10-25,Syracuse,Memphis,Dry Van,1008.6,37648.0,2111.77,2061.7239,457342200.0
TR-046989,2025-10-25,Houston,Little Rock,Reefer,364.9,24809.0,999.58,972.6301,457342200.0
TR-046990,2025-10-25,Richmond,Tucson,Dry Van,2396.6,44352.0,4468.02,4574.6123,457342200.0
TR-046991,2025-10-25,Toledo,Oklahoma City,Reefer,1226.0,35692.0,2834.71,2751.51,457342200.0
TR-046992,2025-10-25,Milwaukee,Bakersfield,Flatbed,1863.3,22469.0,3645.57,3737.1675,457342200.0
TR-046993,2025-10-25,San Antonio,Milwaukee,Dry Van,1054.6,29944.0,2165.8,2084.4722,457342200.0
TR-046994,2025-10-25,Lubbock,Jacksonville,Dry Van,1074.2,26281.0,2232.43,2189.812,457342200.0
TR-046995,2025-10-25,Baton Rouge,El Paso,Dry Van,1262.3,30670.0,2607.9,2549.28,457342200.0
TR-046996,2025-10-25,Grand Rapids,Lexington,Dry Van,558.8,22853.0,1177.69,1131.9307,457342200.0
TR-046997,2025-10-25,Buffalo,Philadelphia,Dry Van,397.4,44337.0,908.07,910.4331,457342200.0
TR-046998,2025-10-25,Philadelphia,Atlanta,Reefer,947.8,32544.0,2156.17,2143.5212,457342200.0
TR-046999,2025-10-25,Memphis,Milwaukee,Dry Van,337.0,20502.0,768.23,761.5086,457342200.0
TR-047000,2025-10-25,Detroit,Milwaukee,Dry Van,444.1,35492.0,1000.2,1011.7215,457342200.0
TR-047001,2025-10-25,Lubbock,Nashville,Dry Van,907.2,47500.0,2022.55,1923.8188,457342200.0
TR-047002,2025-10-25,Cincinnati,Memphis,Dry Van,223.4,26230.0,232.16,568.3995,457342200.0
TR-047003,2025-10-25,Memphis,Charleston,Reefer,676.9,34913.0,1712.44,1593.46,457342200.0
TR-047004,2025-10-25,Houston,Amarillo,Dry Van,691.7,44929.0,1638.62,1556.1152,457342200.0
TR-047005,2025-10-25,Tucson,Albany,Flatbed,2789.2,42904.0,5783.94,5571.8423,457342200.0
TR-047006,2025-10-25,Bakersfield,Montgomery,Reefer,2065.3,26323.0,4325.87,4129.443,457342200.0
TR-047007,2025-10-25,Birmingham,Reno,Flatbed,2147.4,14076.0,4102.43,4078.7715,457342200.0
TR-047008,2025-10-25,Shreveport,Grand Rapids,Flatbed,964.5,30324.0,2084.15,2044.0583,457342200.0
TR-047009,2025-10-25,Toledo,Providence,Dry Van,1017.3,35466.0,2062.62,2058.328,457342200.0
TR-047010,2025-10-25,Mobile,Kansas City,Flatbed,648.9,30001.0,1514.16,1499.349,457342200.0
TR-047011,2025-10-25,Tucson,Harrisburg,Dry Van,2426.3,32409.0,4488.55,4493.056,457342200.0
TR-047012,2025-10-25,Montgomery,Phoenix,Flatbed,2084.1,35022.0,4502.22,4159.9414,457342200.0
TR-047013,2025-10-25,Dayton,Harrisburg,Reefer,493.4,28788.0,1148.13,1322.5498,457342200.0
TR-047014,2025-10-25,Lubbock,New Orleans,Reefer,557.8,43391.0,1550.93,1482.8446,457342200.0
TR-047015,2025-10-25,Milwaukee,Cincinnati,Dry Van,242.0,39235.0,621.03,608.3765,457342200.0
TR-047016,2025-10-25,Harrisburg,Chattanooga,Reefer,704.1,25198.0,1630.48,1641.9105,457342200.0
TR-047017,2025-10-25,Greensboro,Lexington,Dry Van,194.9,28675.0,503.56,522.2938,457342200.0
TR-047018,2025-10-25,Corpus Christi,Hartford,Flatbed,1798.4,45251.0,3910.78,3729.7283,457342200.0
TR-047019,2025-10-25,Bakersfield,Kansas City,Dry Van,1758.7,33508.0,3313.8,3406.3547,457342200.0
TR-047020,2025-10-25,Atlanta,Mobile,Dry Van,301.8,16447.0,705.41,700.7608,457342200.0
TR-047021,2025-10-25,Nashville,Phoenix,Dry Van,1965.1,33226.0,3831.16,3696.5852,457342200.0
TR-047022,2025-10-25,Tucson,Fort Wayne,Dry Van,1945.9,30024.0,3677.44,3710.3484,457342200.0
TR-047023,2025-10-25,Phoenix,Baton Rouge,Dry Van,1611.8,36990.0,3306.69,3173.9387,457342200.0
TR-047024,2025-10-25,New York,Raleigh,Flatbed,462.7,31920.0,1086.2,1117.8102,457342200.0
TR-047025,2025-10-25,Memphis,Lexington,Dry Van,337.2,35506.0,809.72,815.0632,457342200.0
TR-047026,2025-10-25,Baton Rouge,Amarillo,Dry Van,825.7,47318.0,1850.22,1836.1619,457342200.0
TR-047027,2025-10-25,Albuquerque,Greensboro,Flatbed,1735.7,41692.0,3629.01,3683.2444,457342200.0
TR-047028,2025-10-25,Buffalo,Memphis,Dry Van,850.3,35054.0,1753.44,1775.6127,457342200.0
TR-047029,2025-10-25,Amarillo,New York,Reefer,2076.0,26676.0,4322.72,4146.069,457342200.0
TR-047030,2025-10-25,Cincinnati,Austin,Reefer,1090.2,28489.0,2545.72,2453.1858,457342200.0
TR-047031,2025-10-25,Grand Rapids,Savannah,Flatbed,851.3,20028.0,1831.3,1779.489,457342200.0
TR-047032,2025-10-25,Charleston,Oklahoma City,Dry Van,1296.4,19332.0,2527.94,2459.1155,457342200.0
TR-047033,2025-10-25,Shreveport,El Paso,Flatbed,1241.6,31876.0,2811.06,2690.883,457342200.0
TR-047034,2025-10-25,Madison,New York,Dry Van,1013.5,37677.0,2014.89,2038.5889,457342200.0
TR-047035,2025-10-25,Shreveport,El Paso,Reefer,1218.5,17087.0,2753.01,2579.4382,457342200.0
TR-047036,2025-10-25,Philadelphia,Boston,Reefer,233.1,30253.0,638.47,673.79846,457342200.0
TR-047037,2025-10-25,Toledo,Hartford,Dry Van,778.2,36528.0,1552.97,1597.9445,457342200.0
TR-047038,2025-10-25,Kansas City,El Paso,Flatbed,1362.5,20559.0,2860.54,2792.383,457342200.0
TR-047039,2025-10-25,Little Rock,Atlanta,Dry Van,405.0,34886.0,1000.42,969.2367,457342200.0
TR-047040,2025-10-25,Los Angeles,Salt Lake City,Reefer,591.9,31721.0,1423.75,1487.7949,457342200.0
TR-047041,2025-10-25,Birmingham,Montgomery,Flatbed,204.0,,550.15,770.4421,457342200.0
TR-047042,2025-10-25,Birmingham,Tucson,Dry Van,1856.4,32475.0,3613.02,3608.3728,457342200.0
TR-047043,2025-10-25,Lubbock,Hartford,Dry Van,2010.2,44987.0,3992.29,3826.067,457342200.0
TR-047044,2025-10-25,Milwaukee,Grand Rapids,Dry Van,352.5,31232.0,820.69,795.43713,457342200.0
TR-047045,2025-10-25,Toledo,Washington,Dry Van,542.6,35128.0,1142.57,1159.0441,457342200.0
TR-047046,2025-10-25,Oklahoma City,Mobile,Dry Van,708.9,29100.0,1583.21,1511.8677,457342200.0
TR-047047,2025-10-25,Jacksonville,Nashville,Dry Van,368.1,34687.0,904.35,874.768,457342200.0
TR-047048,2025-10-25,Columbia,Montgomery,Dry Van,354.2,29504.0,856.49,836.07544,457342200.0
TR-047049,2025-10-25,Amarillo,Syracuse,Dry Van,1878.6,29883.0,3438.35,3558.754,457342200.0
TR-047050,2025-10-25,Hartford,Syracuse,Reefer,394.7,39161.0,999.99,967.15155,457342200.0
TR-047051,2025-10-25,Buffalo,Salt Lake City,Reefer,2191.9,25195.0,4391.4,4322.843,457342200.0
TR-047052,2025-10-25,Mobile,Fort Wayne,Dry Van,779.2,38495.0,1713.46,1654.4313,457342200.0
TR-047053,2025-10-25,Reno,Harrisburg,Reefer,2490.5,29256.0,4830.23,4796.986,457342200.0
TR-047054,2025-10-25,Milwaukee,Phoenix,Dry Van,2047.0,22221.0,3839.87,3632.8552,457342200.0
TR-047055,2025-10-25,Philadelphia,Boston,Dry Van,242.7,14704.0,562.6,584.75867,457342200.0
TR-047056,2025-10-25,Hartford,Cincinnati,Dry Van,983.1,21936.0,1876.18,1947.1211,457342200.0
TR-047057,2025-10-26,Harrisburg,Dayton,Dry Van,489.2,47392.0,1075.78,1127.7406,457342200.0
TR-047058,2025-10-26,Fort Wayne,Grand Rapids,Flatbed,196.8,14951.0,467.14,541.7698,457342200.0
TR-047059,2025-10-26,Jacksonville,Amarillo,Dry Van,1359.3,21833.0,2669.92,2638.3826,457342200.0
TR-047060,2025-10-26,Richmond,Baton Rouge,Reefer,1188.2,31947.0,2629.73,2662.733,457342200.0
TR-047061,2025-10-26,Corpus Christi,Phoenix,Dry Van,1414.2,28062.0,2729.68,2768.2957,457342200.0
TR-047062,2025-10-26,Oklahoma City,Phoenix,Reefer,1218.8,30377.0,2785.11,2694.615,457342200.0
TR-047063,2025-10-26,Grand Rapids,Hartford,Reefer,914.5,15751.0,1877.18,1897.744,457342200.0
TR-047064,2025-10-26,Charleston,Baltimore,Dry Van,576.1,23771.0,1208.17,1208.468,457342200.0
TR-047065,2025-10-26,Shreveport,New York,Dry Van,1320.9,22988.0,2493.38,2504.858,457342200.0
TR-047066,2025-10-26,Atlanta,San Antonio,Flatbed,958.0,30138.0,2134.04,2093.809,457342200.0
TR-047067,2025-10-26,San Francisco,Albany,Reefer,3190.3,23124.0,5961.73,5934.297,457342200.0
TR-047068,2025-10-26,Lexington,Kansas City,Dry Van,449.8,34861.0,1043.04,1000.5563,457342200.0
TR-047069,2025-10-26,Cincinnati,Syracuse,Dry Van,785.3,32719.0,1604.57,1602.7223,457342200.0
TR-047070,2025-10-26,Shreveport,Richmond,Dry Van,1117.5,17903.0,2177.93,2190.1853,457342200.0
TR-047071,2025-10-26,Amarillo,Dayton,Dry Van,1337.6,34318.0,2723.05,2595.4976,457342200.0
TR-047072,2025-10-26,Richmond,New Orleans,Dry Van,1142.7,42354.0,2322.67,2360.3123,457342200.0
TR-047073,2025-10-26,Baltimore,Philadelphia,Reefer,99.6,38997.0,316.19,415.2271,457342200.0
TR-047074,2025-10-26,Columbia,Syracuse,Dry Van,782.5,26508.0,1538.13,1527.4182,457342200.0
TR-047075,2025-10-26,Boston,Columbia,Reefer,959.3,32888.0,2218.04,2171.258,457342200.0
TR-047076,2025-10-26,Toledo,Providence,Flatbed,989.1,30808.0,2165.46,2118.5266,457342200.0
TR-047077,2025-10-26,Lexington,Fort Wayne,Dry Van,363.0,17917.0,796.48,784.2394,457342200.0
TR-047078,2025-10-26,Nashville,Kansas City,Flatbed,407.8,47500.0,1035.14,1024.6449,457342200.0
TR-047079,2025-10-26,Charleston,Albuquerque,Reefer,1934.6,39785.0,4339.62,4089.4124,457342200.0
TR-047080,2025-10-26,Harrisburg,Dayton,Reefer,475.5,38423.0,1204.52,1177.418,457342200.0
TR-047081,2025-10-26,Fort Wayne,Syracuse,Dry Van,569.8,47500.0,1202.43,1204.6134,457342200.0
TR-047082,2025-10-26,Las Vegas,Jacksonville,Reefer,2121.7,31233.0,4601.72,4271.4077,457342200.0
TR-047083,2025-10-26,Albuquerque,Memphis,Reefer,1355.5,32632.0,3094.01,3104.6902,457342200.0
TR-047084,2025-10-26,St. Louis,Phoenix,Dry Van,1865.1,28423.0,3508.16,3552.644,457342200.0
TR-047085,2025-10-26,Baton Rouge,Nashville,Dry Van,497.2,32962.0,1173.87,1158.6917,457342200.0
TR-047086,2025-10-26,Mobile,Albany,Flatbed,1470.0,31593.0,2992.98,3014.4924,457342200.0
TR-047087,2025-10-26,Baltimore,Albany,Reefer,489.3,36718.0,1221.18,1184.0845,457342200.0
TR-047088,2025-10-26,Indianapolis,Bakersfield,Dry Van,1814.6,29733.0,3365.79,3502.5078,457342200.0
TR-047089,2025-10-26,Dallas,Austin,Dry Van,423.9,29065.0,999.35,1025.3314,457342200.0
TR-047090,2025-10-26,Columbia,Chattanooga,Dry Van,297.2,34046.0,716.5,726.15094,457342200.0
TR-047091,2025-10-26,Greensboro,El Paso,Dry Van,1824.0,25051.0,3386.88,3488.785,457342200.0
TR-047092,2025-10-26,Charleston,Salt Lake City,Reefer,2211.8,26227.0,4523.93,4433.617,457342200.0
TR-047093,2025-10-26,Toledo,Little Rock,Dry Van,770.8,30953.0,1609.02,1606.659,457342200.0
TR-047094,2025-10-26,Grand Rapids,Richmond,Flatbed,736.1,37986.0,1624.53,1634.1039,457342200.0
TR-047095,2025-10-26,Louisville,Montgomery,Flatbed,514.8,33575.0,1310.28,1271.0417,457342200.0
TR-047096,2025-10-26,Philadelphia,Boston,Dry Van,242.6,29777.0,576.36,600.24445,457342200.0
TR-047097,2025-10-26,Fort Wayne,Reno,Dry Van,2007.8,32392.0,3738.72,3789.794,457342200.0
TR-047098,2025-10-26,Memphis,Houston,Dry Van,538.0,23571.0,1184.51,1161.5947,457342200.0
TR-047099,2025-10-26,Dayton,Greensboro,Dry Van,387.2,38908.0,903.88,863.28845,457342200.0
TR-047100,2025-10-26,Oklahoma City,Memphis,Dry Van,689.2,21714.0,1480.21,1468.3215,457342200.0
TR-047101,2025-10-26,Charleston,Baton Rouge,Dry Van,925.0,25908.0,1939.16,1928.7911,457342200.0
TR-047102,2025-10-26,Jacksonville,Tulsa,Dry Van,746.3,28808.0,1586.46,1546.5745,457342200.0
TR-047103,2025-10-26,Boston,Hartford,Flatbed,192.4,28504.0,525.86,563.3081,457342200.0
TR-047104,2025-10-26,Savannah,Richmond,Dry Van,522.2,27970.0,1096.6,1118.2793,457342200.0
TR-047105,2025-10-26,Milwaukee,Atlanta,Dry Van,416.9,13811.0,897.24,890.4759,457342200.0
TR-047106,2025-10-26,Grand Rapids,Bakersfield,Flatbed,2052.8,15767.0,3777.14,3903.921,457342200.0
TR-047107,2025-10-26,New York,Cincinnati,Dry Van,862.2,32147.0,1747.26,1769.1279,457342200.0
TR-047108,2025-10-26,Bakersfield,Fort Wayne,Dry Van,2058.0,23851.0,3631.71,3705.3623,457342200.0
TR-047109,2025-10-26,Mobile,Chattanooga,Dry Van,302.6,,750.84,836.5979,457342200.0
TR-047110,2025-10-26,Jacksonville,Madison,Flatbed,886.7,34169.0,1947.04,1936.3062,457342200.0
TR-047111,2025-10-26,Albany,Tampa,Dry Van,1641.5,40892.0,3150.87,3118.9846,457342200.0
TR-047112,2025-10-26,Detroit,Tulsa,Flatbed,1086.0,36212.0,2372.96,2398.4292,457342200.0
TR-047113,2025-10-26,Mobile,Kansas City,Reefer,641.7,32221.0,1601.61,1540.7941,457342200.0
TR-047114,2025-10-26,Albany,Tulsa,Dry Van,1692.9,30475.0,3251.97,3178.5977,457342200.0
TR-047115,2025-10-26,Lexington,Syracuse,Dry Van,681.0,23120.0,1375.7,1357.6726,457342200.0
TR-047116,2025-10-26,Los Angeles,Columbia,Dry Van,2358.6,37791.0,4391.77,4433.0825,457342200.0
TR-047117,2025-10-26,Bakersfield,Fresno,Reefer,219.8,25819.0,610.81,790.7325,457342200.0
TR-047118,2025-10-26,Dayton,Boston,Dry Van,995.3,27640.0,1954.43,1981.3524,457342200.0
TR-047119,2025-10-26,Columbia,Greensboro,Dry Van,138.4,23156.0,363.75,393.3504,457342200.0
TR-047120,2025-10-26,Detroit,Atlanta,Dry Van,750.5,32930.0,1581.12,1530.0698,457342200.0
TR-047121,2025-10-26,Atlanta,Albuquerque,Dry Van,1534.4,18449.0,2855.03,2853.7935,457342200.0
TR-047122,2025-10-26,Memphis,Hartford,Dry Van,1178.1,29115.0,2315.97,2355.411,457342200.0
TR-047123,2025-10-26,Lubbock,Amarillo,Flatbed,417.7,14732.0,1039.88,1030.0913,457342200.0
TR-047124,2025-10-26,Hartford,Columbia,Flatbed,832.9,23707.0,1768.74,1777.6238,457342200.0
TR-047125,2025-10-26,Providence,San Antonio,Dry Van,2005.5,42581.0,4009.09,3845.9202,457342200.0
TR-047126,2025-10-26,Dallas,Chattanooga,Reefer,572.7,29358.0,1435.58,1472.1925,457342200.0
TR-047127,2025-10-26,Fresno,Amarillo,Flatbed,1071.8,33286.0,2449.02,2431.1653,457342200.0
TR-047128,2025-10-26,Harrisburg,Lubbock,Dry Van,1631.1,33258.0,3162.5,3178.6047,457342200.0
TR-047129,2025-10-26,Raleigh,Jacksonville,Reefer,552.4,31932.0,1419.17,1412.3888,457342200.0
TR-047130,2025-10-26,Fort Wayne,Charleston,Dry Van,696.2,44347.0,1514.44,1446.2253,457342200.0
TR-047131,2025-10-26,Jacksonville,Corpus Christi,Dry Van,873.9,28015.0,1809.27,1949.2659,457342200.0
TR-047132,2025-10-26,Fresno,Atlanta,Flatbed,2264.7,37700.0,4673.35,4437.498,457342200.0
TR-047133,2025-10-26,Toledo,Fort Wayne,Dry Van,76.2,16939.0,204.65,293.67975,457342200.0
TR-047134,2025-10-26,Fresno,Kansas City,Flatbed,1929.8,29785.0,3786.22,3890.3376,457342200.0
TR-047135,2025-10-26,Oklahoma City,Fresno,Dry Van,1451.2,47500.0,2924.77,3051.873,457342200.0
TR-047136,2025-10-26,Syracuse,El Paso,Flatbed,2232.7,38419.0,4470.57,4394.365,457342200.0
TR-047137,2025-10-26,Detroit,Jacksonville,Reefer,941.7,41907.0,2093.28,2166.572,457342200.0
TR-047138,2025-10-26,Tulsa,Oklahoma City,Dry Van,312.5,31533.0,804.46,776.80164,457342200.0
TR-047139,2025-10-26,Montgomery,Indianapolis,Dry Van,612.6,22012.0,1283.69,1271.0099,457342200.0
TR-047140,2025-10-26,Lubbock,Nashville,Reefer,940.6,34796.0,2333.08,2179.6309,457342200.0
TR-047141,2025-10-26,Boston,Montgomery,Flatbed,1253.5,34141.0,2746.68,2712.7356,457342200.0
TR-047142,2025-10-26,Harrisburg,Philadelphia,Reefer,338.0,32041.0,832.66,883.75226,457342200.0
TR-047143,2025-10-26,Los Angeles,Philadelphia,Dry Van,2913.9,42536.0,5189.37,5280.954,457342200.0
TR-047144,2025-10-26,Atlanta,Philadelphia,Reefer,919.2,41764.0,2265.6,2112.1118,457342200.0
TR-047145,2025-10-26,Baton Rouge,Nashville,Dry Van,515.2,22397.0,1134.75,1112.3655,457342200.0
TR-047146,2025-10-26,Raleigh,Tulsa,Flatbed,1155.4,28193.0,2539.5,2525.534,457342200.0
TR-047147,2025-10-26,Atlanta,Fort Wayne,Dry Van,559.8,41005.0,1265.17,1203.6476,457342200.0
TR-047148,2025-10-26,Philadelphia,Little Rock,Dry Van,1299.9,17145.0,2443.52,2428.8613,457342200.0
TR-047149,2025-10-26,Syracuse,Toledo,Dry Van,450.5,26103.0,936.09,945.11584,457342200.0
TR-047150,2025-10-26,Albany,Albuquerque,Reefer,2451.0,29123.0,4903.27,4791.0728,457342200.0
TR-047151,2025-10-26,Syracuse,Bakersfield,Dry Van,2618.1,43396.0,4915.66,4816.9224,457342200.0
TR-047152,2025-10-26,Providence,Hartford,Dry Van,294.7,36603.0,690.82,711.7884,457342200.0
TR-047153,2025-10-26,Boston,Dallas,Dry Van,1699.5,35776.0,3352.24,3255.8906,457342200.0
TR-047154,2025-10-26,Mobile,Bakersfield,Reefer,1949.9,28266.0,4219.08,4476.504,457342200.0
TR-047155,2025-10-26,Philadelphia,Columbia,Dry Van,766.1,16275.0,1518.42,1515.3011,457342200.0
TR-047156,2025-10-26,Houston,Charleston,Dry Van,1063.3,25772.0,2197.26,2144.0894,457342200.0
TR-047157,2025-10-26,Corpus Christi,Columbia,Reefer,1022.1,32744.0,2318.07,2315.256,457342200.0
TR-047158,2025-10-26,Boston,Louisville,Flatbed,1120.6,24820.0,2344.86,2389.309,457342200.0
TR-047159,2025-10-26,Oklahoma City,El Paso,Flatbed,827.8,10464.0,1832.09,1809.0807,457342200.0
TR-047160,2025-10-26,St. Louis,New York,Flatbed,1040.5,23903.0,2110.46,2168.0103,457342200.0
TR-047161,2025-10-26,Columbia,Amarillo,Dry Van,1447.0,41340.0,2966.79,2932.8987,457342200.0
TR-047162,2025-10-26,Boston,Syracuse,Dry Van,567.5,31034.0,1199.79,1183.2501,457342200.0
TR-047163,2025-10-26,Philadelphia,Atlanta,Dry Van,946.9,15557.0,1790.95,1869.0592,457342200.0
TR-047164,2025-10-26,Boston,San Antonio,Dry Van,2126.6,47500.0,4273.4,4139.9424,457342200.0
TR-047165,2025-10-26,Fort Wayne,Shreveport,Reefer,853.9,32460.0,1994.42,1959.1227,457342200.0
TR-047166,2025-10-26,Oklahoma City,Salt Lake City,Reefer,1007.7,22659.0,2375.65,2247.0518,457342200.0
TR-047167,2025-10-26,Washington,Richmond,Dry Van,85.2,27559.0,229.4,321.97156,457342200.0
TR-047168,2025-10-26,Buffalo,Montgomery,Dry Van,975.7,15283.0,1825.29,1876.5491,457342200.0
TR-047169,2025-10-26,Fort Wayne,Greensboro,Flatbed,456.1,46049.0,1150.95,1131.138,457342200.0
TR-047170,2025-10-26,New York,Memphis,Dry Van,1071.8,35072.0,2146.33,2222.6191,457342200.0
TR-047171,2025-10-26,Hartford,Richmond,Dry Van,316.4,35651.0,754.81,751.3437,457342200.0
TR-047172,2025-10-26,Grand Rapids,Fort Wayne,Dry Van,202.3,34198.0,490.24,500.35266,457342200.0
TR-047173,2025-10-26,El Paso,Albany,Flatbed,2580.8,47500.0,5270.27,4952.541,457342200.0
TR-047174,2025-10-26,Grand Rapids,Chattanooga,Dry Van,660.3,36478.0,1464.49,1364.7844,457342200.0
TR-047175,2025-10-26,Boston,Dayton,Dry Van,1012.0,38676.0,2065.37,2081.95,457342200.0
TR-047176,2025-10-26,Montgomery,Fort Wayne,Flatbed,797.4,32803.0,1798.36,1782.6116,457342200.0
TR-047177,2025-10-26,Houston,Shreveport,Dry Van,238.2,27308.0,628.05,679.36285,457342200.0
TR-047178,2025-10-26,Corpus Christi,Milwaukee,Dry Van,1026.0,39402.0,2205.02,2088.8574,457342200.0
TR-047179,2025-10-26,Tucson,Reno,Reefer,791.0,31134.0,1831.61,1788.5593,457342200.0
TR-047180,2025-10-26,Cincinnati,San Antonio,Flatbed,1026.1,34304.0,2346.99,2257.7449,457342200.0
TR-047181,2025-10-26,Amarillo,Cincinnati,Reefer,1236.2,43212.0,2915.38,2812.8228,457342200.0
TR-047182,2025-10-26,Richmond,New York,Reefer,260.2,24815.0,658.0,673.4041,457342200.0
TR-047183,2025-10-26,Syracuse,Bakersfield,Dry Van,2607.7,20532.0,4472.38,4558.5996,457342200.0
TR-047184,2025-10-26,Atlanta,Philadelphia,Reefer,942.9,36776.0,2212.41,2141.5774,457342200.0
TR-047185,2025-10-26,New York,Raleigh,Dry Van,459.3,30850.0,1003.07,1006.62885,457342200.0
TR-047186,2025-10-26,Kansas City,Hartford,Flatbed,1203.8,29041.0,2525.13,2552.4436,457342200.0
TR-047187,2025-10-26,Hartford,Buffalo,Flatbed,459.7,36572.0,1105.06,1098.3517,457342200.0
TR-047188,2025-10-26,Richmond,Albany,Flatbed,612.1,22822.0,1316.35,1347.7023,457342200.0
TR-047189,2025-10-26,Phoenix,Raleigh,Flatbed,2603.8,40985.0,5248.45,5108.1396,457342200.0
TR-047190,2025-10-26,Raleigh,Hartford,Dry Van,480.8,35746.0,1069.29,1052.3489,457342200.0
TR-047191,2025-10-26,Amarillo,Milwaukee,Dry Van,1171.6,27531.0,2366.62,2315.6475,457342200.0
TR-047192,2025-10-26,Atlanta,San Antonio,Dry Van,930.1,34565.0,1946.38,1960.2206,457342200.0
TR-047193,2025-10-26,Amarillo,Montgomery,Reefer,1232.7,35998.0,2925.5,2780.2888,457342200.0
TR-047194,2025-10-26,Albany,Madison,Dry Van,1151.0,34309.0,2284.63,2328.6277,457342200.0
TR-047195,2025-10-26,Grand Rapids,Greensboro,Dry Van,663.2,47500.0,1422.5,1376.3413,457342200.0
TR-047196,2025-10-26,Albany,Atlanta,Flatbed,1190.9,24105.0,2401.67,2494.4924,457342200.0
TR-047197,2025-10-26,Columbia,Greensboro,Dry Van,124.9,17724.0,327.17,352.22388,457342200.0
TR-047198,2025-10-26,Jacksonville,Dayton,Dry Van,655.1,18221.0,1329.96,1298.2827,457342200.0
TR-047199,2025-10-26,Little Rock,Chattanooga,Reefer,352.7,47500.0,1020.81,1033.6254,457342200.0
TR-047200,2025-10-26,Salt Lake City,Chattanooga,Flatbed,1693.1,46861.0,3684.06,3558.2769,457342200.0
TR-047201,2025-10-26,Philadelphia,Charleston,Reefer,626.5,22752.0,1470.86,1453.238,457342200.0
TR-047202,2025-10-26,Hartford,Baton Rouge,Dry Van,1569.2,24454.0,2831.48,2936.8767,457342200.0
TR-047203,2025-10-26,Reno,Jacksonville,Dry Van,2255.2,38848.0,4296.46,4245.2607,457342200.0
TR-047204,2025-10-26,El Paso,Birmingham,Flatbed,1653.3,38953.0,3567.75,3483.5396,457342200.0
TR-047205,2025-10-27,Cincinnati,San Antonio,Dry Van,991.5,38179.0,2119.21,2093.3027,457342200.0
TR-047206,2025-10-27,Tulsa,Lexington,Flatbed,714.6,20128.0,1584.08,1735.9102,457342200.0
TR-047207,2025-10-27,El Paso,Birmingham,Dry Van,1580.8,30147.0,3084.43,3016.0051,457342200.0
TR-047208,2025-10-27,Albuquerque,Green Bay,Dry Van,1555.6,42922.0,3030.94,3073.1155,457342200.0
TR-047209,2025-10-27,Atlanta,Tulsa,Reefer,592.1,41404.0,1576.31,1583.8496,457342200.0
TR-047210,2025-10-27,Las Vegas,Chattanooga,Dry Van,1873.0,36109.0,3628.01,3624.955,457342200.0
TR-047211,2025-10-27,Cincinnati,Amarillo,Dry Van,1179.1,21928.0,2322.3,2336.396,457342200.0
TR-047212,2025-10-27,San Antonio,Los Angeles,Dry Van,1285.2,22147.0,2454.04,2477.2727,457342200.0
TR-047213,2025-10-27,Albuquerque,New York,Dry Van,2265.4,27979.0,4056.14,4141.955,457342200.0
TR-047214,2025-10-27,Mobile,Madison,Flatbed,799.2,30421.0,1807.01,1754.4816,457342200.0
TR-047215,2025-10-27,Reno,Shreveport,Flatbed,1789.6,39463.0,3782.13,3667.629,457342200.0
TR-047216,2025-10-27,Albany,Toledo,Flatbed,809.3,19312.0,1723.55,1643.8422,457342200.0
TR-047217,2025-10-27,Reno,Toledo,Reefer,2065.1,18746.0,3953.78,4020.7478,457342200.0
TR-047218,2025-10-27,Madison,Columbia,Flatbed,712.2,46995.0,1711.52,1676.1514,457342200.0
TR-047219,2025-10-27,Nashville,Atlanta,Flatbed,145.2,28460.0,420.2,505.99716,457342200.0
TR-047220,2025-10-27,Toledo,Green Bay,Dry Van,275.6,22227.0,610.07,605.1359,457342200.0
TR-047221,2025-10-27,Indianapolis,Baltimore,Reefer,1034.6,21967.0,2265.35,2264.283,457342200.0
TR-047222,2025-10-27,Richmond,Mobile,Reefer,903.0,22236.0,2055.67,1976.8281,457342200.0
TR-047223,2025-10-27,Lexington,Memphis,Flatbed,323.2,33371.0,841.61,870.7813,457342200.0
TR-047224,2025-10-27,Fort Wayne,El Paso,Dry Van,1729.8,25465.0,3190.69,3183.5725,457342200.0
TR-047225,2025-10-27,Syracuse,New Orleans,Dry Van,1296.4,31832.0,2582.43,2510.1638,457342200.0
TR-047226,2025-10-27,Charleston,Reno,Dry Van,2542.2,29221.0,4550.45,4563.1772,457342200.0
TR-047227,2025-10-27,Grand Rapids,Louisville,Dry Van,514.6,20878.0,1076.88,1052.9939,457342200.0
TR-047228,2025-10-27,Harrisburg,Buffalo,Dry Van,166.4,43134.0,422.77,417.3111,457342200.0
TR-047229,2025-10-27,San Antonio,Chattanooga,Flatbed,900.0,30949.0,2037.77,2006.4362,457342200.0
TR-047230,2025-10-27,Greensboro,Washington,Reefer,455.2,28171.0,1126.61,1093.199,457342200.0
TR-047231,2025-10-27,Shreveport,Lexington,Dry Van,612.6,30063.0,1358.41,1326.395,457342200.0
TR-047232,2025-10-27,Houston,Montgomery,Dry Van,620.0,44979.0,1427.86,1397.0022,457342200.0
TR-047233,2025-10-27,Nashville,Milwaukee,Dry Van,367.4,23234.0,812.38,795.70605,457342200.0
TR-047234,2025-10-27,Milwaukee,Grand Rapids,Dry Van,336.8,41637.0,788.83,790.72626,457342200.0
TR-047235,2025-10-27,Bakersfield,Houston,Dry Van,1529.9,30486.0,3078.27,2896.4304,457342200.0
TR-047236,2025-10-27,Hartford,New York,Reefer,117.3,24062.0,344.85,436.5863,457342200.0
TR-047237,2025-10-27,Oklahoma City,Buffalo,Dry Van,1515.8,32972.0,2930.32,2901.2537,457342200.0
TR-047238,2025-10-27,Corpus Christi,Lubbock,Dry Van,314.3,17062.0,777.61,749.0544,457342200.0
TR-047239,2025-10-27,Raleigh,Milwaukee,Dry Van,764.4,19635.0,1493.29,1481.3096,457342200.0
TR-047240,2025-10-27,Houston,Richmond,Reefer,1341.3,24114.0,2918.22,2802.992,457342200.0
TR-047241,2025-10-27,Grand Rapids,Boston,Flatbed,1058.9,27839.0,2144.64,3167.6724,457342200.0
TR-047242,2025-10-27,Richmond,Charleston,Dry Van,392.7,30549.0,892.17,857.5047,457342200.0
TR-047243,2025-10-27,Tulsa,Richmond,Reefer,1252.9,23995.0,2709.66,2703.2314,457342200.0
TR-047244,2025-10-27,Syracuse,Mobile,Dry Van,1138.2,41113.0,2232.87,2311.1106,457342200.0
TR-047245,2025-10-27,Nashville,Cincinnati,Reefer,180.5,47321.0,570.97,632.94653,457342200.0
TR-047246,2025-10-27,Lexington,Kansas City,Dry Van,438.9,21795.0,956.7,952.6582,457342200.0
TR-047247,2025-10-27,Buffalo,Tampa,Dry Van,1186.4,44531.0,2367.47,2450.737,457342200.0
TR-047248,2025-10-27,Toledo,Boston,Flatbed,929.3,24613.0,1881.5,1960.0255,457342200.0
TR-047249,2025-10-27,Dayton,Memphis,Reefer,446.3,28646.0,1101.36,1080.7831,457342200.0
TR-047250,2025-10-27,Richmond,Lubbock,Dry Van,1655.3,34514.0,3281.87,3262.4468,457342200.0
TR-047251,2025-10-27,Phoenix,Baton Rouge,Dry Van,1598.9,37996.0,3285.09,3089.2688,457342200.0
TR-047252,2025-10-27,Columbia,Philadelphia,Dry Van,763.4,16350.0,1487.21,1471.5144,457342200.0
TR-047253,2025-10-27,Lubbock,El Paso,Reefer,788.0,36917.0,1979.85,1905.3597,457342200.0
TR-047254,2025-10-27,Albany,Jacksonville,Dry Van,1317.4,22056.0,2463.55,2500.6016,457342200.0
TR-047255,2025-10-27,Boston,Montgomery,Reefer,1275.0,43067.0,2865.84,3022.1365,457342200.0
TR-047256,2025-10-27,Baton Rouge,Charleston,Reefer,927.8,37062.0,2200.08,2200.7544,457342200.0
TR-047257,2025-10-27,Lubbock,Albany,Dry Van,2144.5,33515.0,4098.55,4064.3865,457342200.0
TR-047258,2025-10-27,Phoenix,Tucson,Dry Van,276.9,45911.0,713.13,715.05817,457342200.0
TR-047259,2025-10-27,Charleston,Mobile,Reefer,615.6,29994.0,1493.65,1509.7764,457342200.0
TR-047260,2025-10-27,Phoenix,Green Bay,Flatbed,2191.0,27979.0,4291.12,4210.1357,457342200.0
TR-047261,2025-10-27,Tucson,Baltimore,Reefer,2616.0,31204.0,5450.63,5168.8643,457342200.0
TR-047262,2025-10-27,Tucson,Memphis,Flatbed,1636.0,37601.0,3452.83,3435.8574,457342200.0
TR-047263,2025-10-27,Toledo,Shreveport,Dry Van,922.8,43858.0,1992.41,1982.9811,457342200.0
TR-047264,2025-10-27,Bakersfield,Tucson,Dry Van,319.7,32290.0,781.27,775.1875,457342200.0
TR-047265,2025-10-27,Corpus Christi,Amarillo,Dry Van,710.8,29491.0,1559.38,1511.4803,457342200.0
TR-047266,2025-10-27,Hartford,Baton Rouge,Dry Van,1535.2,40922.0,3012.34,2982.811,457342200.0
TR-047267,2025-10-27,Grand Rapids,Mobile,Dry Van,969.4,35790.0,2001.79,1948.5292,457342200.0
TR-047268,2025-10-27,Amarillo,Albany,Dry Van,2213.4,33149.0,4180.37,4168.172,457342200.0
TR-047269,2025-10-27,Madison,Cincinnati,Flatbed,430.4,26979.0,1008.7,991.1833,457342200.0
TR-047270,2025-10-27,Fort Wayne,Greensboro,Dry Van,477.1,38946.0,1119.83,1059.3691,457342200.0
TR-047271,2025-10-27,Phoenix,Buffalo,Flatbed,2621.1,29588.0,5029.22,4945.8955,457342200.0
TR-047272,2025-10-27,Cincinnati,Atlanta,Dry Van,193.6,21790.0,485.95,494.61642,457342200.0
TR-047273,2025-10-27,Oklahoma City,Baton Rouge,Dry Van,463.4,47500.0,1165.7,1158.8905,457342200.0
TR-047274,2025-10-27,Mobile,Buffalo,Dry Van,1039.1,15111.0,2037.11,2008.5195,457342200.0
TR-047275,2025-10-27,Columbia,San Francisco,Reefer,2520.1,28258.0,5264.57,4931.1816,457342200.0
TR-047276,2025-10-27,San Antonio,Mobile,Reefer,768.7,47500.0,1992.37,1897.2462,457342200.0
TR-047277,2025-10-27,Lubbock,Oklahoma City,Dry Van,219.4,38277.0,614.66,629.38464,457342200.0
TR-047278,2025-10-27,Atlanta,Bakersfield,Reefer,1987.7,19241.0,4113.53,3998.8862,457342200.0
TR-047279,2025-10-27,Reno,Montgomery,Reefer,2196.7,29916.0,4347.35,4347.513,457342200.0
TR-047280,2025-10-27,Chattanooga,Philadelphia,Dry Van,957.4,35775.0,1962.23,1939.4713,457342200.0
TR-047281,2025-10-27,Lexington,Buffalo,Dry Van,570.4,30246.0,1179.2,1181.6144,457342200.0
TR-047282,2025-10-27,Milwaukee,Madison,Dry Van,207.2,23716.0,517.3,482.9188,457342200.0
TR-047283,2025-10-27,Chattanooga,Fresno,Dry Van,2175.4,19483.0,3901.87,3910.341,457342200.0
TR-047284,2025-10-27,Lexington,Memphis,Flatbed,310.9,21452.0,783.99,818.6495,457342200.0
TR-047285,2025-10-27,Birmingham,Washington,Dry Van,772.6,47500.0,1658.47,1673.6389,457342200.0
TR-047286,2025-10-27,Albuquerque,Grand Rapids,Dry Van,1588.3,23704.0,2984.09,2945.9902,457342200.0
TR-047287,2025-10-27,New York,Philadelphia,Dry Van,103.8,39981.0,292.09,352.51047,457342200.0
TR-047288,2025-10-27,Detroit,Baton Rouge,Dry Van,1211.3,38283.0,2375.88,2438.5771,457342200.0
TR-047289,2025-10-27,Grand Rapids,San Francisco,Flatbed,2256.6,22592.0,4115.51,4268.288,457342200.0
TR-047290,2025-10-27,New Orleans,New York,Dry Van,1334.2,23773.0,2571.32,2514.6985,457342200.0
TR-047291,2025-10-27,Corpus Christi,Shreveport,Flatbed,425.5,33323.0,1138.74,1151.1967,457342200.0
TR-047292,2025-10-27,Albuquerque,Cincinnati,Flatbed,1477.0,17206.0,2899.76,3037.0894,457342200.0
TR-047293,2025-10-27,Reno,Albany,Reefer,2801.9,24909.0,5327.47,5547.6504,457342200.0
TR-047294,2025-10-27,Savannah,Syracuse,Flatbed,807.2,21670.0,1662.74,1678.0068,457342200.0
TR-047295,2025-10-27,Greensboro,Hartford,Dry Van,750.2,36636.0,1535.64,1559.1099,457342200.0
TR-047296,2025-10-27,San Antonio,Phoenix,Flatbed,1225.5,32090.0,2740.37,2668.643,457342200.0
TR-047297,2025-10-27,Nashville,El Paso,Reefer,1467.2,20512.0,3171.33,3055.8796,457342200.0
TR-047298,2025-10-27,Philadelphia,Columbia,Flatbed,776.1,23780.0,1657.15,1655.132,457342200.0
TR-047299,2025-10-27,Boston,Bakersfield,Reefer,2979.1,30585.0,19110.3,6008.6733,457342200.0
TR-047300,2025-10-27,San Antonio,Baton Rouge,Dry Van,411.7,36505.0,1042.31,1009.18933,457342200.0
TR-047301,2025-10-27,Fort Wayne,Los Angeles,Flatbed,2312.6,31825.0,4466.18,4455.8755,457342200.0
TR-047302,2025-10-27,Syracuse,San Antonio,Flatbed,1715.6,23704.0,3304.3,3403.169,457342200.0
TR-047303,2025-10-27,Phoenix,Philadelphia,Dry Van,2936.3,29004.0,5149.54,5103.0415,457342200.0
TR-047304,2025-10-27,Mobile,Bakersfield,Reefer,1953.2,42958.0,4210.91,4607.4424,457342200.0
TR-047305,2025-10-27,Philadelphia,Albuquerque,Dry Van,2365.4,46610.0,4473.29,4466.4097,457342200.0
TR-047306,2025-10-27,New York,Chattanooga,Dry Van,930.0,30866.0,1837.59,1911.282,457342200.0
TR-047307,2025-10-27,Fort Wayne,Oklahoma City,Dry Van,1167.3,45705.0,2456.79,2818.2268,457342200.0
TR-047308,2025-10-27,Toledo,Oklahoma City,Reefer,1257.1,35875.0,2818.51,2816.7,457342200.0
TR-047309,2025-10-27,El Paso,Charleston,Flatbed,2019.7,17412.0,3911.92,4530.1953,457342200.0
TR-047310,2025-10-27,Washington,El Paso,Flatbed,2139.9,26634.0,4311.77,4093.9954,457342200.0
TR-047311,2025-10-27,Hartford,Greensboro,Flatbed,728.4,32029.0,1608.17,1615.1212,457342200.0
TR-047312,2025-10-27,Bakersfield,Philadelphia,Reefer,2786.7,29628.0,5637.98,6012.826,457342200.0
TR-047313,2025-10-27,Fort Wayne,Albany,Dry Van,879.9,32153.0,1728.39,1745.9287,457342200.0
TR-047314,2025-10-27,Birmingham,Buffalo,Reefer,835.3,40380.0,2008.6,1956.1482,457342200.0
TR-047315,2025-10-27,Green Bay,Memphis,Dry Van,719.1,33285.0,1564.16,1502.999,457342200.0
TR-047316,2025-10-27,Fort Wayne,Richmond,Dry Van,614.9,38028.0,1320.45,1306.3484,457342200.0
TR-047317,2025-10-27,Reno,Madison,Flatbed,1741.4,34467.0,3409.07,3594.3,457342200.0
TR-047318,2025-10-27,Los Angeles,Baton Rouge,Dry Van,1693.3,15380.0,3084.87,3144.7527,457342200.0
TR-047319,2025-10-27,Little Rock,Hartford,Flatbed,1356.1,47500.0,2904.7,3025.3477,457342200.0
TR-047320,2025-10-27,Milwaukee,Buffalo,Dry Van,658.3,34551.0,1355.05,1341.5265,457342200.0
TR-047321,2025-10-27,Lexington,Charleston,Dry Van,417.0,44784.0,968.23,973.7296,457342200.0
TR-047322,2025-10-27,Toledo,Oklahoma City,Dry Van,1258.0,23797.0,2451.68,2452.6543,457342200.0
TR-047323,2025-10-27,Harrisburg,Charleston,Dry Van,485.4,31116.0,1040.5,1050.4745,457342200.0
TR-047324,2025-10-27,Hartford,Toledo,Reefer,784.5,30482.0,1729.69,1695.4552,457342200.0
TR-047325,2025-10-27,Columbia,Austin,Dry Van,1209.6,34476.0,2546.21,2455.9155,457342200.0
TR-047326,2025-10-27,Fort Wayne,Syracuse,Dry Van,544.3,34764.0,1149.91,1148.8395,457342200.0
TR-047327,2025-10-27,Richmond,Boston,Dry Van,493.2,47384.0,1124.24,1083.4546,457342200.0
TR-047328,2025-10-27,Montgomery,Baton Rouge,Dry Van,457.1,33892.0,1078.91,1069.852,457342200.0
TR-047329,2025-10-27,Salt Lake City,Fresno,Flatbed,470.1,27938.0,1082.86,1129.4454,457342200.0
TR-047330,2025-10-27,Baton Rouge,Tulsa,Dry Van,288.3,34139.0,754.18,791.62695,457342200.0
TR-047331,2025-10-27,Chattanooga,Tampa,Dry Van,586.4,29794.0,1260.1,1264.5848,457342200.0
TR-047332,2025-10-27,San Antonio,Phoenix,Reefer,1219.1,43994.0,2947.21,2775.4954,457342200.0
TR-047333,2025-10-27,Little Rock,Shreveport,Dry Van,169.0,29287.0,467.71,528.7185,457342200.0
TR-047334,2025-10-27,Green Bay,New York,Flatbed,886.2,42196.0,1963.72,1921.4789,457342200.0
TR-047335,2025-10-27,Greensboro,Fresno,Dry Van,2440.9,25872.0,4254.89,4373.984,457342200.0
TR-047336,2025-10-27,Houston,Greensboro,Flatbed,926.2,39295.0,2173.71,2135.5308,457342200.0
TR-047337,2025-10-27,Albany,Phoenix,Flatbed,3097.3,39370.0,5916.65,5937.1587,457342200.0
TR-047338,2025-10-27,Charleston,Tulsa,Dry Van,1032.8,36069.0,2248.82,2124.9893,457342200.0
TR-047339,2025-10-27,Richmond,Montgomery,Reefer,820.9,25760.0,1837.42,1826.7795,457342200.0
TR-047340,2025-10-27,Oklahoma City,Cincinnati,Dry Van,922.8,29257.0,1909.42,1941.482,457342200.0
TR-047341,2025-10-27,Houston,Lubbock,Dry Van,382.9,37064.0,969.54,930.3253,457342200.0
TR-047342,2025-10-27,Birmingham,Tampa,Flatbed,437.1,28884.0,1081.86,1094.3673,457342200.0
TR-047343,2025-10-27,Little Rock,Houston,Dry Van,355.7,12485.0,880.2,816.8817,457342200.0
TR-047344,2025-10-27,Nashville,Greensboro,Flatbed,366.4,24537.0,910.03,911.4665,457342200.0
TR-047345,2025-10-27,Charleston,Los Angeles,Dry Van,2596.2,33707.0,4879.54,4747.1284,457342200.0
TR-047346,2025-10-27,Reno,Providence,Dry Van,3173.4,28715.0,5653.31,5418.0327,457342200.0
TR-047347,2025-10-27,Atlanta,Richmond,Dry Van,699.3,36134.0,1481.77,1467.3547,457342200.0
TR-047348,2025-10-27,Oklahoma City,San Antonio,Reefer,202.9,21691.0,600.37,683.4349,457342200.0
TR-047349,2025-10-27,Shreveport,Cincinnati,Dry Van,552.6,18262.0,1181.66,1165.5499,457342200.0
TR-047350,2025-10-27,Amarillo,Lexington,Reefer,1320.9,38441.0,3020.37,3126.9075,457342200.0
TR-047351,2025-10-27,Albany,Columbia,Dry Van,1067.6,20685.0,1953.54,2143.121,457342200.0
TR-047352,2025-10-27,Richmond,Baton Rouge,Dry Van,1262.8,32967.0,2506.68,2530.4517,457342200.0
TR-047353,2025-10-28,Fort Wayne,New York,Flatbed,715.7,33051.0,1575.97,1605.3257,457342200.0
TR-047354,2025-10-28,New York,Syracuse,Dry Van,324.2,30509.0,696.47,723.0712,457342200.0
TR-047355,2025-10-28,Mobile,Austin,Reefer,831.6,32988.0,2128.96,2021.4755,457342200.0
TR-047356,2025-10-28,Dayton,Milwaukee,Dry Van,198.6,22963.0,504.28,489.827,457342200.0
TR-047357,2025-10-28,Phoenix,Nashville,Dry Van,1954.9,28677.0,3847.37,4033.4045,457342200.0
TR-047358,2025-10-28,Columbia,Fresno,Flatbed,2384.7,41518.0,5009.28,4779.338,457342200.0
TR-047359,2025-10-28,Corpus Christi,Charleston,Reefer,1233.6,26135.0,2709.64,2696.8545,457342200.0
TR-047360,2025-10-28,Baltimore,Corpus Christi,Dry Van,1743.9,47500.0,3458.39,3406.6794,457342200.0
TR-047361,2025-10-28,Savannah,Baton Rouge,Dry Van,770.4,38510.0,1718.9,1662.3013,457342200.0
TR-047362,2025-10-28,Greensboro,Shreveport,Dry Van,705.6,20948.0,1468.62,1475.6716,457342200.0
TR-047363,2025-10-28,Oklahoma City,San Antonio,Flatbed,225.6,19664.0,618.21,667.3723,457342200.0
TR-047364,2025-10-28,Birmingham,Baton Rouge,Flatbed,487.6,47500.0,1285.55,1303.4846,457342200.0
TR-047365,2025-10-28,Corpus Christi,Little Rock,Reefer,529.9,32059.0,1391.52,1423.8881,457342200.0
TR-047366,2025-10-28,Oklahoma City,St. Louis,Flatbed,818.8,12484.0,1832.71,1793.7242,457342200.0
TR-047367,2025-10-28,Montgomery,Austin,Dry Van,967.4,34589.0,2095.3,1990.3943,457342200.0
TR-047368,2025-10-28,Grand Rapids,Indianapolis,Flatbed,442.0,22604.0,1044.28,1013.06757,457342200.0
TR-047369,2025-10-28,Toledo,Tulsa,Dry Van,975.4,39729.0,2093.14,2009.6113,457342200.0
TR-047370,2025-10-28,Shreveport,Memphis,Reefer,314.8,40591.0,888.73,923.161,457342200.0
TR-047371,2025-10-28,Las Vegas,Greensboro,Dry Van,2183.5,12741.0,3924.86,3994.7258,457342200.0
TR-047372,2025-10-28,Milwaukee,Providence,Reefer,1198.9,14598.0,2569.09,2505.6006,457342200.0
TR-047373,2025-10-28,Bakersfield,Amarillo,Reefer,848.6,31157.0,1998.58,2028.33,457342200.0
TR-047374,2025-10-28,Memphis,Savannah,Dry Van,533.8,31056.0,1234.58,1193.4519,457342200.0
TR-047375,2025-10-28,Oklahoma City,Indianapolis,Reefer,863.3,27148.0,2035.9,1963.7543,457342200.0
TR-047376,2025-10-28,Tucson,Birmingham,Dry Van,1886.6,23552.0,3597.23,3564.939,457342200.0
TR-047377,2025-10-28,Austin,Phoenix,Dry Van,1139.4,24802.0,2321.27,2262.4504,457342200.0
TR-047378,2025-10-28,Cincinnati,Salt Lake City,Dry Van,1672.1,27259.0,3163.93,3131.3098,457342200.0
TR-047379,2025-10-28,Reno,Phoenix,Flatbed,884.5,30835.0,1939.15,1907.7107,457342200.0
TR-047380,2025-10-28,Louisville,Fort Wayne,Dry Van,361.0,38758.0,856.65,843.9705,457342200.0
TR-047381,2025-10-28,Montgomery,Bakersfield,Reefer,2035.1,35254.0,4463.62,4267.4907,457342200.0
TR-047382,2025-10-28,Chattanooga,Phoenix,Flatbed,2040.7,42407.0,4338.95,4255.652,457342200.0
TR-047383,2025-10-28,Louisville,Baton Rouge,Dry Van,685.8,30472.0,1498.89,1437.7448,457342200.0
TR-047384,2025-10-28,Richmond,Cincinnati,Reefer,634.2,31869.0,1571.22,1520.1132,457342200.0
TR-047385,2025-10-28,Los Angeles,Jacksonville,Dry Van,2338.2,36888.0,4355.11,4375.018,457342200.0
TR-047386,2025-10-28,Montgomery,Philadelphia,Flatbed,1049.3,31257.0,2270.1,2262.7212,457342200.0
TR-047387,2025-10-28,Baltimore,Syracuse,Flatbed,458.9,21554.0,1042.46,1053.4937,457342200.0
TR-047388,2025-10-28,San Francisco,Madison,Dry Van,2095.1,11567.0,3678.26,3659.1133,457342200.0
TR-047389,2025-10-28,Atlanta,Richmond,Dry Van,679.8,23834.0,1425.24,1385.9308,457342200.0
TR-047390,2025-10-28,Philadelphia,Salt Lake City,Dry Van,2531.1,26104.0,4745.33,4516.439,457342200.0
TR-047391,2025-10-28,Buffalo,Boston,Reefer,598.2,34650.0,1405.42,1728.2206,457342200.0
TR-047392,2025-10-28,Los Angeles,Fresno,Reefer,435.0,30124.0,1120.77,1142.8251,457342200.0
TR-047393,2025-10-28,Reno,San Francisco,Dry Van,428.0,22868.0,941.6,904.8464,457342200.0
TR-047394,2025-10-28,Columbia,Reno,Flatbed,2306.4,42742.0,4749.79,4519.8174,457342200.0
TR-047395,2025-10-28,Montgomery,El Paso,Dry Van,1652.5,25397.0,3187.5,3135.9797,457342200.0
TR-047396,2025-10-28,Amarillo,Columbia,Flatbed,1413.1,37957.0,3189.23,3189.438,457342200.0
TR-047397,2025-10-28,Oklahoma City,Austin,Dry Van,248.3,32860.0,656.46,668.0332,457342200.0
TR-047398,2025-10-28,Mobile,Philadelphia,Reefer,1151.6,21445.0,2465.88,2516.7715,457342200.0
TR-047399,2025-10-28,Syracuse,Nashville,Reefer,909.5,34680.0,2112.89,2034.3704,457342200.0
TR-047400,2025-10-28,Savannah,Milwaukee,Dry Van,637.7,29753.0,1354.66,1326.9459,457342200.0
TR-047401,2025-10-28,New Orleans,Nashville,Reefer,356.8,29848.0,1019.77,990.9125,457342200.0
TR-047402,2025-10-28,Detroit,San Antonio,Dry Van,1442.5,33530.0,2754.21,2817.4556,457342200.0
TR-047403,2025-10-28,Washington,Fresno,Flatbed,2829.3,38958.0,5681.27,5525.3237,457342200.0
TR-047404,2025-10-28,Toledo,Fresno,Reefer,2355.5,5000.0,4655.6,4531.6367,457342200.0
TR-047405,2025-10-28,Baton Rouge,Memphis,Dry Van,468.7,-24142.0,1077.64,1065.3895,457342200.0
TR-047406,2025-10-28,Baton Rouge,El Paso,Dry Van,1249.0,38948.0,2642.51,2620.7888,457342200.0
TR-047407,2025-10-28,Albuquerque,Lexington,Dry Van,1611.3,26715.0,3069.81,3068.9438,457342200.0
TR-047408,2025-10-28,Amarillo,New York,Dry Van,2026.7,32846.0,3993.34,3776.8215,457342200.0
TR-047409,2025-10-28,Milwaukee,Charleston,Dry Van,723.9,38911.0,1605.8,1524.091,457342200.0
TR-047410,2025-10-28,Corpus Christi,Bakersfield,Dry Van,1500.2,33273.0,3021.1,2953.12,457342200.0
TR-047411,2025-10-28,Bakersfield,Lubbock,Flatbed,1197.4,25020.0,2578.04,2566.4866,457342200.0
TR-047412,2025-10-28,Syracuse,Austin,Dry Van,1852.0,38503.0,3556.61,3621.3147,457342200.0
TR-047413,2025-10-28,Richmond,Fort Wayne,Dry Van,596.6,19140.0,1183.25,1213.5459,457342200.0
TR-047414,2025-10-28,Albuquerque,Amarillo,Reefer,428.5,33693.0,1176.14,1138.5422,457342200.0
TR-047415,2025-10-28,Syracuse,Bakersfield,Flatbed,2587.3,34587.0,5096.63,4917.2476,457342200.0
TR-047416,2025-10-28,Fort Wayne,Philadelphia,Dry Van,769.0,38917.0,1591.65,1572.3813,457342200.0
TR-047417,2025-10-28,Albany,Cincinnati,Dry Van,1149.8,35518.0,2284.94,2382.8745,457342200.0
TR-047418,2025-10-28,Columbia,Phoenix,Dry Van,2187.1,24535.0,4063.92,3995.2498,457342200.0
TR-047419,2025-10-28,Cincinnati,Toledo,Reefer,421.9,47500.0,1091.27,1070.9965,457342200.0
TR-047420,2025-10-28,Mobile,Salt Lake City,Dry Van,1650.6,25994.0,3212.28,3148.9011,457342200.0
TR-047421,2025-10-28,Lexington,Bakersfield,Dry Van,2190.8,34697.0,4325.34,4122.7563,457342200.0
TR-047422,2025-10-28,Atlanta,Little Rock,Flatbed,404.4,32724.0,1022.33,1034.7864,457342200.0
TR-047423,2025-10-28,Savannah,Little Rock,Flatbed,658.0,44825.0,1600.71,1586.4258,457342200.0
TR-047424,2025-10-28,Tucson,Albany,Reefer,2896.1,30027.0,5972.82,5894.696,457342200.0
TR-047425,2025-10-28,Los Angeles,Charleston,Dry Van,2544.0,35756.0,4709.46,4640.8403,457342200.0
TR-047426,2025-10-28,Salt Lake City,Milwaukee,Flatbed,1639.3,29787.0,3365.06,3361.0266,457342200.0
TR-047427,2025-10-28,Montgomery,Hartford,Reefer,1148.9,32324.0,2540.54,2612.2644,457342200.0
TR-047428,2025-10-28,Richmond,Greensboro,Dry Van,419.1,42095.0,993.52,973.9708,457342200.0
TR-047429,2025-10-28,Birmingham,Memphis,Dry Van,272.6,41173.0,692.88,708.7922,457342200.0
TR-047430,2025-10-28,Indianapolis,Raleigh,Reefer,783.7,32467.0,1841.61,1801.0482,457342200.0
TR-047431,2025-10-28,Hartford,Grand Rapids,Dry Van,926.5,24736.0,1806.26,1844.6951,457342200.0
TR-047432,2025-10-28,Phoenix,Chattanooga,Flatbed,1978.6,-35617.0,4295.45,4279.492,457342200.0
TR-047433,2025-10-28,St. Louis,Baton Rouge,Reefer,664.6,30807.0,1613.18,1548.9454,457342200.0
TR-047434,2025-10-28,Greensboro,Corpus Christi,Dry Van,1096.5,31159.0,2271.94,2258.8115,457342200.0
TR-047435,2025-10-28,Baton Rouge,Charleston,Dry Van,928.7,40240.0,2060.68,2032.5427,457342200.0
TR-047436,2025-10-28,Raleigh,Dayton,Flatbed,650.4,25304.0,1447.73,1419.5048,457342200.0
TR-047437,2025-10-28,Nashville,Dallas,Reefer,527.7,33803.0,1373.08,1375.8315,457342200.0
TR-047438,2025-10-28,Albany,Houston,Flatbed,1867.0,45203.0,3974.95,3892.2776,457342200.0
TR-047439,2025-10-28,Lubbock,Madison,Reefer,1186.8,30994.0,2686.94,2659.9543,457342200.0
TR-047440,2025-10-28,Fort Wayne,Corpus Christi,Dry Van,1242.8,35688.0,2579.09,2508.857,457342200.0
TR-047441,2025-10-28,Greensboro,Amarillo,Flatbed,1458.4,32658.0,3125.81,3096.62,457342200.0
TR-047442,2025-10-28,Montgomery,Kansas City,Reefer,738.3,27723.0,1760.31,1735.905,457342200.0
TR-047443,2025-10-28,Dallas,Buffalo,Flatbed,1287.2,39893.0,2912.71,2872.9868,457342200.0
TR-047444,2025-10-28,Boston,Reno,Dry Van,3024.7,20006.0,5224.85,5141.0767,457342200.0
TR-047445,2025-10-28,Harrisburg,Greensboro,Dry Van,443.2,26610.0,985.67,981.31433,457342200.0
TR-047446,2025-10-28,Syracuse,Columbia,Dry Van,735.8,21805.0,1465.33,1425.6335,457342200.0
TR-047447,2025-10-28,Lubbock,Baltimore,Dry Van,1882.9,24357.0,3575.15,3574.7986,457342200.0
TR-047448,2025-10-28,Corpus Christi,Richmond,Dry Van,1495.0,38199.0,3023.55,2943.1328,457342200.0
TR-047449,2025-10-28,Dayton,New York,Dry Van,737.2,19145.0,1474.64,1421.4275,457342200.0
TR-047450,2025-10-28,San Antonio,Atlanta,Reefer,920.4,26586.0,2197.71,2094.8152,457342200.0
TR-047451,2025-10-28,Raleigh,Grand Rapids,Dry Van,850.0,25363.0,1698.45,1679.1648,457342200.0
TR-047452,2025-10-28,Milwaukee,Mobile,Reefer,623.3,,1540.06,1532.8,457342200.0
TR-047453,2025-10-28,Reno,Fort Wayne,Dry Van,2091.9,27897.0,3650.16,3720.734,457342200.0
TR-047454,2025-10-28,Salt Lake City,Richmond,Dry Van,2376.2,29835.0,4413.94,4424.7734,457342200.0
TR-047455,2025-10-28,Montgomery,Austin,Dry Van,932.1,11608.0,1871.9,1910.5812,457342200.0
TR-047456,2025-10-28,El Paso,Grand Rapids,Flatbed,1708.0,18694.0,3295.02,3384.8472,457342200.0
TR-047457,2025-10-28,Cincinnati,Hartford,Reefer,958.0,30461.0,2174.2,2112.2908,457342200.0
TR-047458,2025-10-28,Los Angeles,Lexington,Dry Van,2267.2,38622.0,4308.62,4295.387,457342200.0
TR-047459,2025-10-28,Mobile,Lexington,Reefer,490.2,30597.0,1258.82,1248.2612,457342200.0
TR-047460,2025-10-28,Fort Wayne,Atlanta,Dry Van,549.0,29011.0,1200.85,1159.7461,457342200.0
TR-047461,2025-10-28,Toledo,Providence,Reefer,987.4,42333.0,2207.48,2232.3323,457342200.0
TR-047462,2025-10-28,Mobile,Reno,Flatbed,2069.7,25238.0,3936.26,4018.4834,457342200.0
TR-047463,2025-10-28,Bakersfield,Little Rock,Reefer,1640.8,33270.0,3628.24,3580.9263,457342200.0
TR-047464,2025-10-28,Harrisburg,Phoenix,Flatbed,2642.2,36603.0,5167.12,5125.6396,457342200.0
TR-047465,2025-10-28,Fort Wayne,Hartford,Dry Van,807.5,34497.0,1696.9,1656.1155,457342200.0
TR-047466,2025-10-28,Nashville,Fort Wayne,Dry Van,541.3,31941.0,1179.5,1179.2787,457342200.0
TR-047467,2025-10-28,Green Bay,St. Louis,Dry Van,507.6,24538.0,1083.36,1059.8418,457342200.0
TR-047468,2025-10-28,Kansas City,Jacksonville,Dry Van,746.6,36843.0,1641.29,1578.3856,457342200.0
TR-047469,2025-10-28,Houston,Montgomery,Dry Van,624.4,42676.0,1458.78,1406.9686,457342200.0
TR-047470,2025-10-28,Lexington,Detroit,Reefer,534.0,36779.0,1330.5,1333.0969,457342200.0
TR-047471,2025-10-28,Oklahoma City,Baltimore,Flatbed,1766.6,26098.0,3611.22,5112.6245,457342200.0
TR-047472,2025-10-28,Houston,Tulsa,Dry Van,235.1,11373.0,595.09,607.98346,457342200.0
TR-047473,2025-10-28,Charleston,Bakersfield,Dry Van,2465.2,17461.0,4372.61,4351.181,457342200.0
TR-047474,2025-10-28,Philadelphia,Columbia,Flatbed,774.0,,1745.58,1777.747,457342200.0
TR-047475,2025-10-28,El Paso,Phoenix,Reefer,548.7,15161.0,1307.46,1370.9368,457342200.0
TR-047476,2025-10-28,Atlanta,Jacksonville,Reefer,282.3,26934.0,751.16,779.0447,457342200.0
TR-047477,2025-10-28,Las Vegas,Phoenix,Dry Van,383.6,40270.0,916.19,891.2789,457342200.0
TR-047478,2025-10-28,Milwaukee,Albuquerque,Flatbed,1408.6,28956.0,2860.24,3016.7302,457342200.0
TR-047479,2025-10-28,Montgomery,Phoenix,Dry Van,2101.8,,4115.49,3751.3955,457342200.0
TR-047480,2025-10-28,Bakersfield,Dallas,Dry Van,1473.1,28258.0,2873.82,2844.3496,457342200.0
TR-047481,2025-10-28,Philadelphia,New York,Dry Van,108.5,17386.0,283.17,298.33728,457342200.0
TR-047482,2025-10-28,Syracuse,Montgomery,Dry Van,1040.7,40192.0,2125.82,2163.8867,457342200.0
TR-047483,2025-10-28,Louisville,Hartford,Dry Van,975.2,25034.0,1976.8,1912.725,457342200.0
TR-047484,2025-10-29,Oklahoma City,Buffalo,Reefer,1518.9,31139.0,3370.38,3223.2173,457342200.0
TR-047485,2025-10-29,Oklahoma City,El Paso,Dry Van,823.5,32767.0,1870.23,1799.0934,457342200.0
TR-047486,2025-10-29,Milwaukee,St. Louis,Reefer,152.1,46766.0,484.6,515.9113,457342200.0
TR-047487,2025-10-29,Cincinnati,Montgomery,Dry Van,490.5,24317.0,1121.9,1057.765,457342200.0
TR-047488,2025-10-29,Milwaukee,Hartford,Reefer,1014.5,25210.0,2270.61,2210.5598,457342200.0
TR-047489,2025-10-29,Albany,Tampa,Dry Van,1602.4,16921.0,2892.34,2873.891,457342200.0
TR-047490,2025-10-29,Buffalo,Baton Rouge,Flatbed,1283.9,26878.0,2747.48,2684.8777,457342200.0
TR-047491,2025-10-29,Richmond,Lexington,Reefer,556.8,31630.0,1363.85,1388.9839,457342200.0
TR-047492,2025-10-29,Los Angeles,Shreveport,Dry Van,1737.9,37106.0,3559.43,3411.9736,457342200.0
TR-047493,2025-10-29,Fresno,Amarillo,Dry Van,1066.8,27245.0,2250.61,2214.4194,457342200.0
TR-047494,2025-10-29,Washington,Syracuse,Dry Van,327.0,27504.0,731.72,730.4072,457342200.0
TR-047495,2025-10-29,Lexington,Memphis,Flatbed,341.3,33053.0,888.94,925.06494,457342200.0
TR-047496,2025-10-29,Tucson,Milwaukee,Dry Van,1743.6,30681.0,3390.51,3377.1343,457342200.0
TR-047497,2025-10-29,Chattanooga,Birmingham,Flatbed,169.4,34018.0,500.4,544.878,457342200.0
TR-047498,2025-10-29,Reno,El Paso,Dry Van,731.6,41246.0,1606.79,1538.2948,457342200.0
TR-047499,2025-10-29,Salt Lake City,Birmingham,Dry Van,1796.7,44035.0,3778.61,3600.27,457342200.0
TR-047500,2025-10-29,Grand Rapids,San Francisco,Dry Van,2319.7,31836.0,4190.67,4369.8984,457342200.0
TR-047501,2025-10-29,Philadelphia,Fort Wayne,Reefer,790.2,21719.0,1783.42,1644.3027,457342200.0
TR-047502,2025-10-29,Mobile,Nashville,Flatbed,299.5,36304.0,846.81,867.8653,457342200.0
TR-047503,2025-10-29,Las Vegas,Kansas City,Reefer,1674.0,31441.0,3685.43,3639.4934,457342200.0
TR-047504,2025-10-29,Bakersfield,Montgomery,Reefer,2063.5,18258.0,880.04,4183.8755,457342200.0
TR-047505,2025-10-29,Phoenix,Little Rock,Reefer,1691.5,20077.0,3606.92,3453.1223,457342200.0
TR-047506,2025-10-29,Philadelphia,Memphis,Dry Van,1112.3,35127.0,2312.14,2325.5857,457342200.0
TR-047507,2025-10-29,Charleston,Bakersfield,Reefer,2454.6,29122.0,5152.2,4957.8975,457342200.0
TR-047508,2025-10-29,Tulsa,Baton Rouge,Dry Van,290.9,37967.0,766.56,768.41156,457342200.0
TR-047509,2025-10-29,St. Louis,Milwaukee,Dry Van,160.3,33699.0,446.16,431.88507,457342200.0
TR-047510,2025-10-29,Oklahoma City,Jacksonville,Flatbed,959.7,36743.0,2272.15,2158.9097,457342200.0
TR-047511,2025-10-29,El Paso,St. Louis,Dry Van,1398.3,19147.0,2651.73,2697.9944,457342200.0
TR-047512,2025-10-29,Tucson,Jacksonville,Dry Van,2002.3,20891.0,3767.08,3804.124,457342200.0
TR-047513,2025-10-29,Greensboro,Los Angeles,Flatbed,2399.3,34837.0,4946.8,4749.7817,457342200.0
TR-047514,2025-10-29,Kansas City,Lexington,Dry Van,450.4,16250.0,994.65,979.00574,457342200.0
TR-047515,2025-10-29,Kansas City,Tampa,Flatbed,944.0,32172.0,2144.48,2079.795,457342200.0
TR-047516,2025-10-29,Albuquerque,Austin,Dry Van,856.3,45390.0,1957.2,1872.0782,457342200.0
TR-047517,2025-10-29,Lubbock,Shreveport,Dry Van,564.1,36162.0,1357.67,1313.4136,457342200.0
TR-047518,2025-10-29,Columbia,New York,Reefer,749.1,32262.0,1760.13,1748.3328,457342200.0
TR-047519,2025-10-29,Montgomery,Raleigh,Dry Van,689.0,44983.0,1602.83,1551.3959,457342200.0
TR-047520,2025-10-29,Tulsa,Nashville,Reefer,484.8,25178.0,1269.47,1238.8004,457342200.0
TR-047521,2025-10-29,Milwaukee,Jacksonville,Dry Van,697.9,31908.0,1527.82,1443.2826,457342200.0
TR-047522,2025-10-29,Mobile,Shreveport,Dry Van,286.4,35233.0,757.91,737.5818,457342200.0
TR-047523,2025-10-29,Memphis,Montgomery,Reefer,433.5,36422.0,1174.09,1116.3767,457342200.0
TR-047524,2025-10-29,Richmond,Louisville,Flatbed,675.2,30153.0,1547.03,1496.6237,457342200.0
TR-047525,2025-10-29,San Francisco,Lexington,Dry Van,2321.5,15373.0,4199.93,4174.2666,457342200.0
TR-047526,2025-10-29,Columbia,Madison,Dry Van,692.5,25205.0,1434.93,1409.3689,457342200.0
TR-047527,2025-10-29,New Orleans,Tucson,Dry Van,1469.7,20103.0,2909.37,2789.474,457342200.0
TR-047528,2025-10-29,Indianapolis,St. Louis,Flatbed,93.0,46100.0,299.74,315.01352,457342200.0
TR-047529,2025-10-29,Bakersfield,El Paso,Dry Van,453.6,15896.0,996.52,1027.0737,457342200.0
TR-047530,2025-10-29,Chattanooga,Shreveport,Dry Van,424.6,35104.0,1043.66,1010.78107,457342200.0
TR-047531,2025-10-29,Greensboro,Salt Lake City,Dry Van,2037.1,41204.0,3939.96,3931.6165,457342200.0
TR-047532,2025-10-29,Shreveport,Providence,Dry Van,1562.2,32688.0,3087.48,3084.2837,457342200.0
TR-047533,2025-10-29,Bakersfield,Amarillo,Reefer,831.6,45078.0,2012.77,2072.1597,457342200.0
TR-047534,2025-10-29,Green Bay,Harrisburg,Flatbed,686.7,34120.0,1537.05,1527.5802,457342200.0
TR-047535,2025-10-29,Shreveport,Philadelphia,Dry Van,1357.2,47500.0,2731.05,2846.1514,457342200.0
TR-047536,2025-10-29,Savannah,Kansas City,Dry Van,734.7,24152.0,1532.23,1453.8782,457342200.0
TR-047537,2025-10-29,Los Angeles,Richmond,Dry Van,2782.4,25730.0,15003.55,5114.337,457342200.0
TR-047538,2025-10-29,Tucson,Albany,Dry Van,2847.6,40966.0,5253.36,5218.574,457342200.0
TR-047539,2025-10-29,St. Louis,New York,Dry Van,1041.1,20785.0,472.91,2035.6124,457342200.0
TR-047540,2025-10-29,Green Bay,Cincinnati,Dry Van,596.3,33319.0,1301.4,1274.964,457342200.0
TR-047541,2025-10-29,Raleigh,Baltimore,Flatbed,405.4,37350.0,1028.05,1066.0796,457342200.0
TR-047542,2025-10-29,Washington,Shreveport,Dry Van,1129.3,19834.0,2245.8,2218.4812,457342200.0
TR-047543,2025-10-29,Richmond,San Antonio,Dry Van,1579.2,37858.0,3160.91,3094.5708,457342200.0
TR-047544,2025-10-29,Salt Lake City,Houston,Dry Van,1291.1,33177.0,2737.09,2571.0835,457342200.0
TR-047545,2025-10-29,Salt Lake City,Montgomery,Flatbed,1881.2,35663.0,4073.56,4003.763,457342200.0
TR-047546,2025-10-29,Shreveport,Baltimore,Dry Van,1367.0,25028.0,2729.05,2680.0754,457342200.0
TR-047547,2025-10-29,Shreveport,Harrisburg,Dry Van,1091.3,18760.0,2164.35,2125.9849,457342200.0
TR-047548,2025-10-29,Toledo,Charleston,Dry Van,716.4,25671.0,1457.56,1433.037,457342200.0
TR-047549,2025-10-29,Syracuse,Oklahoma City,Reefer,1650.7,44881.0,3814.07,3782.062,457342200.0
TR-047550,2025-10-29,Chattanooga,Dayton,Dry Van,406.9,27885.0,934.1,915.0209,457342200.0
TR-047551,2025-10-29,Atlanta,Kansas City,Dry Van,491.2,40038.0,1173.54,1117.4655,457342200.0
TR-047552,2025-10-29,San Francisco,Birmingham,Flatbed,2283.8,41327.0,4781.72,4662.5723,457342200.0
TR-047553,2025-10-29,Savannah,New Orleans,Dry Van,672.2,42084.0,1576.9,1511.3972,457342200.0
TR-047554,2025-10-29,El Paso,Milwaukee,Reefer,1471.7,26938.0,3164.95,3272.6338,457342200.0
TR-047555,2025-10-29,Baltimore,Albany,Dry Van,513.7,35181.0,1121.82,1122.9148,457342200.0
TR-047556,2025-10-29,Tucson,Lubbock,Dry Van,937.4,27511.0,2021.99,1983.641,457342200.0
TR-047557,2025-10-29,Indianapolis,Tampa,Dry Van,844.9,32986.0,1802.15,1795.1465,457342200.0
TR-047558,2025-10-29,Cincinnati,San Antonio,Dry Van,1054.5,26974.0,2256.25,2150.9248,457342200.0
TR-047559,2025-10-29,Tucson,Phoenix,Reefer,276.0,27164.0,751.56,816.6222,457342200.0
TR-047560,2025-10-29,Atlanta,Phoenix,Reefer,2107.5,22074.0,4370.07,4171.546,457342200.0
TR-047561,2025-10-29,Tulsa,Lexington,Dry Van,737.8,36664.0,1661.68,1695.0645,457342200.0
TR-047562,2025-10-29,Kansas City,Hartford,Dry Van,1173.4,24524.0,2324.37,2301.6575,457342200.0
TR-047563,2025-10-29,Lexington,Phoenix,Reefer,2159.5,24807.0,4417.81,4305.2,457342200.0
TR-047564,2025-10-29,Nashville,Baltimore,Reefer,1023.1,19129.0,2238.49,2226.169,457342200.0
TR-047565,2025-10-29,Providence,Columbia,Dry Van,910.8,28249.0,1859.53,1840.4434,457342200.0
TR-047566,2025-10-29,Tulsa,Greensboro,Reefer,841.8,37687.0,2168.55,2025.8452,457342200.0
TR-047567,2025-10-29,Columbia,Lexington,Dry Van,225.5,13578.0,555.65,562.6072,457342200.0
TR-047568,2025-10-29,Austin,San Antonio,Flatbed,105.9,31460.0,327.27,402.09808,457342200.0
TR-047569,2025-10-29,Raleigh,Montgomery,Flatbed,693.1,38474.0,1633.65,1650.9581,457342200.0
TR-047570,2025-10-29,Fresno,Phoenix,Dry Van,467.2,32566.0,1086.62,1105.7018,457342200.0
TR-047571,2025-10-29,Lexington,Nashville,Flatbed,263.2,47500.0,748.27,752.87476,457342200.0
TR-047572,2025-10-29,Tulsa,Indianapolis,Dry Van,594.9,23406.0,1375.77,1312.0817,457342200.0
TR-047573,2025-10-29,Oklahoma City,Kansas City,Dry Van,805.6,31329.0,1783.98,1708.3296,457342200.0
TR-047574,2025-10-29,Kansas City,Toledo,Flatbed,467.7,44047.0,1187.99,1150.353,457342200.0
TR-047575,2025-10-29,Memphis,Richmond,Dry Van,842.9,24405.0,1710.9,1705.9282,457342200.0
TR-047576,2025-10-29,Chattanooga,New York,Dry Van,944.2,29691.0,1943.9,1912.0596,457342200.0
TR-047577,2025-10-29,Oklahoma City,Corpus Christi,Reefer,337.2,32348.0,966.33,956.8963,457342200.0
TR-047578,2025-10-29,Oklahoma City,Baton Rouge,Dry Van,431.4,24603.0,1018.54,1052.4651,457342200.0
TR-047579,2025-10-29,Bakersfield,Phoenix,Flatbed,387.8,34540.0,980.92,993.05756,457342200.0
TR-047580,2025-10-29,Shreveport,Philadelphia,Dry Van,1374.0,21955.0,2600.37,2614.8813,457342200.0
TR-047581,2025-10-29,Philadelphia,Albuquerque,Reefer,2337.1,22733.0,4798.37,4564.4253,457342200.0
TR-047582,2025-10-29,Albany,Hartford,Dry Van,371.2,23779.0,820.66,779.20734,457342200.0
TR-047583,2025-10-29,Reno,Milwaukee,Flatbed,1852.6,,3789.3,3881.12,457342200.0
TR-047584,2025-10-29,Birmingham,Jacksonville,Dry Van,214.0,24774.0,558.82,598.06165,457342200.0
TR-047585,2025-10-29,St. Louis,El Paso,Dry Van,1394.4,31252.0,2854.93,2793.5242,457342200.0
TR-047586,2025-10-29,Houston,Grand Rapids,Dry Van,1140.7,25182.0,2215.0,2215.894,457342200.0
TR-047587,2025-10-29,Corpus Christi,Las Vegas,Flatbed,1383.3,18645.0,11596.28,2852.0051,457342200.0
TR-047588,2025-10-29,Tulsa,Montgomery,Dry Van,631.7,23325.0,1390.99,1358.8655,457342200.0
TR-047589,2025-10-29,Syracuse,Charleston,Reefer,746.7,36455.0,1834.12,1763.0891,457342200.0
TR-047590,2025-10-29,Tucson,Hartford,Dry Van,2719.2,17427.0,4873.36,4689.0874,457342200.0
TR-047591,2025-10-29,Montgomery,Richmond,Dry Van,832.3,31390.0,1774.21,1775.1361,457342200.0
TR-047592,2025-10-29,Richmond,Hartford,Dry Van,325.4,32580.0,754.97,761.7621,457342200.0
TR-047593,2025-10-29,Bakersfield,Austin,Reefer,1197.4,37057.0,2991.48,2762.2625,457342200.0
TR-047594,2025-10-29,Memphis,Fort Wayne,Dry Van,518.3,33010.0,1191.82,1144.8942,457342200.0
TR-047595,2025-10-29,Oklahoma City,Tulsa,Reefer,308.4,36353.0,927.59,975.596,457342200.0
TR-047596,2025-10-29,Oklahoma City,Amarillo,Reefer,416.2,40987.0,1161.51,1125.9015,457342200.0
TR-047597,2025-10-29,Tulsa,Toledo,Dry Van,979.8,40413.0,2108.62,2050.451,457342200.0
TR-047598,2025-10-29,Baton Rouge,Chattanooga,Reefer,535.7,30350.0,1375.06,1404.5138,457342200.0
TR-047599,2025-10-29,Mobile,Baltimore,Reefer,1151.6,34556.0,2611.37,2652.7505,457342200.0
TR-047600,2025-10-29,Syracuse,Memphis,Dry Van,1006.7,34472.0,1993.97,2074.5786,457342200.0
TR-047601,2025-10-29,Cincinnati,Corpus Christi,Dry Van,940.9,25013.0,1948.36,2445.0332,457342200.0
TR-047602,2025-10-29,San Antonio,Columbia,Flatbed,1145.7,22671.0,2421.4,2572.5183,457342200.0
TR-047603,2025-10-29,Baltimore,Richmond,Flatbed,270.6,29305.0,699.65,719.3773,457342200.0
TR-047604,2025-10-29,Tucson,Green Bay,Flatbed,1922.3,36102.0,3920.05,3930.8213,457342200.0
TR-047605,2025-10-29,Raleigh,Fresno,Dry Van,2815.5,18246.0,5026.75,4902.0024,457342200.0
TR-047606,2025-10-29,Salt Lake City,Little Rock,Reefer,1395.2,23013.0,3122.21,3030.8518,457342200.0
TR-047607,2025-10-29,Tucson,Detroit,Flatbed,2132.7,37126.0,4301.42,4234.9795,457342200.0
TR-047608,2025-10-29,Fresno,Jacksonville,Dry Van,2339.5,39200.0,4614.73,4448.1895,457342200.0
TR-047609,2025-10-29,Salt Lake City,Memphis,Reefer,1557.7,24807.0,3294.52,3288.7651,457342200.0
TR-047610,2025-10-29,Charleston,Houston,Flatbed,1080.6,45895.0,2559.98,2503.193,457342200.0
TR-047611,2025-10-29,Memphis,Cincinnati,Reefer,233.7,16837.0,660.61,697.75024,457342200.0
TR-047612,2025-10-29,Phoenix,Mobile,Reefer,1911.1,31478.0,4203.68,4069.147,457342200.0
TR-047613,2025-10-29,Dallas,Tulsa,Dry Van,144.8,22516.0,403.88,449.76077,457342200.0
TR-047614,2025-10-29,Dallas,Syracuse,Reefer,1396.3,43599.0,3243.76,3561.5996,457342200.0
TR-047615,2025-10-29,Cincinnati,Jacksonville,Dry Van,463.8,32610.0,1073.46,1071.0245,457342200.0
TR-047616,2025-10-29,Tucson,Lexington,Flatbed,1912.3,34292.0,4092.42,3988.0657,457342200.0
TR-047617,2025-10-29,Raleigh,Reno,Dry Van,2609.2,36635.0,4874.2,4837.683,457342200.0
TR-047618,2025-10-29,Boston,Shreveport,Reefer,1569.1,26326.0,3464.06,3369.8472,457342200.0
TR-047619,2025-10-29,Tulsa,Albany,Dry Van,1723.4,36532.0,3399.68,3337.4956,457342200.0
TR-047620,2025-10-29,Nashville,Cincinnati,Flatbed,182.8,33719.0,539.46,559.0802,457342200.0
TR-047621,2025-10-29,Little Rock,Boston,Dry Van,1527.8,38145.0,3160.75,3003.268,457342200.0
TR-047622,2025-10-29,St. Louis,Charleston,Reefer,758.8,41892.0,1856.54,1825.7327,457342200.0
TR-047623,2025-10-29,San Antonio,Albuquerque,Dry Van,910.4,33072.0,2012.18,1901.1072,457342200.0
TR-047624,2025-10-29,Bakersfield,Lubbock,Dry Van,1225.8,31941.0,2564.63,2510.564,457342200.0
TR-047625,2025-10-29,Bakersfield,Fort Wayne,Reefer,2070.0,29668.0,4277.21,4292.3076,457342200.0
TR-047626,2025-10-29,Cincinnati,Lexington,Dry Van,138.3,42548.0,385.1,399.16675,457342200.0
TR-047627,2025-10-29,Phoenix,Oklahoma City,Dry Van,1238.6,18860.0,2471.08,2424.3574,457342200.0
TR-047628,2025-10-29,New York,Syracuse,Dry Van,310.5,27687.0,688.18,729.57367,457342200.0
TR-047629,2025-10-29,Baton Rouge,Boston,Dry Van,1667.7,35694.0,3398.73,3267.6072,457342200.0
TR-047630,2025-10-29,Kansas City,Albuquerque,Reefer,1248.2,41865.0,2907.44,2959.592,457342200.0
TR-047631,2025-10-29,San Francisco,Hartford,Flatbed,3092.4,17157.0,5797.06,5760.381,457342200.0
TR-047632,2025-10-29,Nashville,Detroit,Dry Van,707.8,13482.0,1385.22,1398.3866,457342200.0
TR-047633,2025-10-29,Grand Rapids,Phoenix,Dry Van,2260.1,26159.0,4146.93,4162.594,457342200.0
TR-047634,2025-10-29,Shreveport,Green Bay,Dry Van,997.8,38452.0,2093.42,2107.5327,457342200.0
TR-047635,2025-10-29,Buffalo,Tucson,Dry Van,2424.6,26501.0,4355.51,4386.4263,457342200.0
TR-047636,2025-10-29,Hartford,Grand Rapids,Dry Van,925.1,19007.0,1774.25,1830.5063,457342200.0
TR-047637,2025-10-29,Milwaukee,New Orleans,Flatbed,657.5,33005.0,1606.38,1503.2539,457342200.0
TR-047638,2025-10-29,Lubbock,Birmingham,Dry Van,968.5,37051.0,2087.61,2050.6912,457342200.0
TR-047639,2025-10-29,San Antonio,Indianapolis,Dry Van,961.3,27884.0,2068.13,1950.6866,457342200.0
TR-047640,2025-10-29,Toledo,Savannah,Dry Van,697.8,26872.0,1393.76,1389.7078,457342200.0
TR-047641,2025-10-29,Phoenix,San Antonio,Dry Van,1202.4,40330.0,2581.13,2530.016,457342200.0
TR-047642,2025-10-29,Fort Wayne,Columbia,Flatbed,592.5,28825.0,1378.94,1373.2262,457342200.0
TR-047643,2025-10-29,Providence,El Paso,Dry Van,2671.6,38605.0,5279.51,5027.2114,457342200.0
TR-047644,2025-10-29,Fort Wayne,Salt Lake City,Dry Van,1836.2,28776.0,3453.76,3641.3774,457342200.0
TR-047645,2025-10-29,Syracuse,Tucson,Dry Van,2512.9,29295.0,4502.62,4534.8047,457342200.0
TR-047646,2025-10-29,Fresno,New Orleans,Flatbed,1835.1,47500.0,4087.37,3969.5527,457342200.0
TR-047647,2025-10-29,New York,Toledo,Reefer,668.5,23123.0,1532.92,1463.9658,457342200.0
TR-047648,2025-10-30,Corpus Christi,Memphis,Dry Van,724.1,34625.0,1647.93,1706.431,457342200.0
TR-047649,2025-10-30,Bakersfield,Charleston,Dry Van,2500.5,40896.0,4892.67,5101.767,457342200.0
TR-047650,2025-10-30,Corpus Christi,San Antonio,Flatbed,206.5,26944.0,601.03,637.7783,457342200.0
TR-047651,2025-10-30,Bakersfield,Kansas City,Dry Van,1738.4,26574.0,3349.82,3275.073,457342200.0
TR-047652,2025-10-30,Dallas,Lexington,Reefer,768.6,29399.0,1898.3,1854.4862,457342200.0
TR-047653,2025-10-30,Memphis,Buffalo,Dry Van,868.7,40351.0,1840.18,1815.622,457342200.0
TR-047654,2025-10-30,Jacksonville,Fort Wayne,Dry Van,765.2,29579.0,1635.87,1562.3951,457342200.0
TR-047655,2025-10-30,Syracuse,Louisville,Dry Van,794.9,42577.0,1709.94,1696.7422,457342200.0
TR-047656,2025-10-30,Syracuse,Little Rock,Reefer,1178.2,27231.0,2658.31,2593.7922,457342200.0
TR-047657,2025-10-30,Memphis,Philadelphia,Reefer,1125.7,28166.0,552.14,2453.3801,457342200.0
TR-047658,2025-10-30,Fort Wayne,Milwaukee,Dry Van,246.5,28719.0,602.47,602.9469,457342200.0
TR-047659,2025-10-30,Milwaukee,Los Angeles,Dry Van,2087.6,29602.0,4068.07,3871.9768,457342200.0
TR-047660,2025-10-30,Richmond,San Antonio,Dry Van,1580.2,35633.0,3247.49,3109.194,457342200.0
TR-047661,2025-10-30,Little Rock,Baton Rouge,Dry Van,328.1,35579.0,864.68,811.91144,457342200.0
TR-047662,2025-10-30,Phoenix,Oklahoma City,Dry Van,1261.3,35825.0,8276.0,2591.1445,457342200.0
TR-047663,2025-10-30,Amarillo,Nashville,Reefer,1107.4,25699.0,2573.87,2490.5845,457342200.0
TR-047664,2025-10-30,Los Angeles,Philadelphia,Dry Van,3104.8,24437.0,5530.61,5966.835,457342200.0
TR-047665,2025-10-30,Richmond,New Orleans,Dry Van,1113.4,31098.0,2292.7,2304.4934,457342200.0
TR-047666,2025-10-30,Harrisburg,Greensboro,Reefer,446.9,29350.0,1110.85,1104.7068,457342200.0
TR-047667,2025-10-30,Greensboro,Madison,Dry Van,646.4,21578.0,1352.21,1308.9498,457342200.0
TR-047668,2025-10-30,Charleston,Little Rock,Dry Van,824.9,47500.0,1856.57,1832.6232,457342200.0
TR-047669,2025-10-30,Tampa,Savannah,Flatbed,551.2,34328.0,1369.62,1380.6389,457342200.0
TR-047670,2025-10-30,Columbia,Tulsa,Dry Van,776.6,47500.0,1781.06,1733.02,457342200.0
TR-047671,2025-10-30,Lexington,Philadelphia,Flatbed,793.5,36718.0,1756.84,1835.5055,457342200.0
TR-047672,2025-10-30,Hartford,Boston,Reefer,183.4,47500.0,535.76,573.4919,457342200.0
TR-047673,2025-10-30,Savannah,Hartford,Dry Van,822.7,47500.0,1799.38,1785.4208,457342200.0
TR-047674,2025-10-30,San Antonio,Houston,Reefer,284.2,28639.0,822.11,843.73114,457342200.0
TR-047675,2025-10-30,Reno,Charleston,Flatbed,2592.4,31447.0,5216.72,5244.7407,457342200.0
TR-047676,2025-10-30,Nashville,Bakersfield,Reefer,1935.7,35320.0,4313.84,4132.969,457342200.0
TR-047677,2025-10-30,Greensboro,Indianapolis,Dry Van,447.5,40089.0,1055.51,1057.9148,457342200.0
TR-047678,2025-10-30,Fresno,Louisville,Reefer,2151.8,35056.0,4646.88,4527.1646,457342200.0
TR-047679,2025-10-30,Las Vegas,Corpus Christi,Dry Van,1417.6,41583.0,2993.39,2866.6177,457342200.0
TR-047680,2025-10-30,Greensboro,San Antonio,Dry Van,1175.7,27886.0,2374.26,2380.5989,457342200.0
TR-047681,2025-10-30,Syracuse,Columbia,Dry Van,778.2,38968.0,1670.64,1639.5198,457342200.0
TR-047682,2025-10-30,Richmond,Oklahoma City,Flatbed,1530.9,21005.0,3188.2,3088.0999,457342200.0
TR-047683,2025-10-30,Cincinnati,Salt Lake City,Dry Van,1696.3,42350.0,3388.71,3404.833,457342200.0
TR-047684,2025-10-30,San Antonio,Bakersfield,Dry Van,1311.1,26966.0,2595.54,2580.6611,457342200.0
TR-047685,2025-10-30,Buffalo,Grand Rapids,Reefer,497.4,20855.0,1173.21,1116.08,457342200.0
TR-047686,2025-10-30,Jacksonville,San Francisco,Reefer,2523.5,39323.0,5443.58,5409.8345,457342200.0
TR-047687,2025-10-30,Grand Rapids,Charleston,Dry Van,842.1,23130.0,1735.58,1687.0751,457342200.0
TR-047688,2025-10-30,San Antonio,Greensboro,Reefer,1184.3,31164.0,2720.24,2679.8948,457342200.0
TR-047689,2025-10-30,Memphis,Greensboro,Dry Van,461.9,36596.0,1102.45,1101.9019,457342200.0
TR-047690,2025-10-30,Atlanta,Mobile,Reefer,288.2,32365.0,811.26,830.68475,457342200.0
TR-047691,2025-10-30,Reno,Hartford,Dry Van,2851.8,33125.0,5264.69,5284.28,457342200.0
TR-047692,2025-10-30,Kansas City,Washington,Dry Van,900.4,33254.0,1822.65,1814.0355,457342200.0
TR-047693,2025-10-30,Hartford,Charleston,Flatbed,672.6,31286.0,1566.62,1492.2704,457342200.0
TR-047694,2025-10-30,San Francisco,Mobile,Dry Van,2240.8,34728.0,4492.79,4304.733,457342200.0
TR-047695,2025-10-30,Tulsa,Cincinnati,Dry Van,619.3,24007.0,1375.3,1351.3505,457342200.0
TR-047696,2025-10-30,Indianapolis,Salt Lake City,Dry Van,1582.9,37194.0,3265.76,3181.2651,457342200.0
TR-047697,2025-10-30,Corpus Christi,Tucson,Flatbed,1210.4,42311.0,2802.67,2711.425,457342200.0
TR-047698,2025-10-30,Oklahoma City,St. Louis,Dry Van,789.8,33652.0,1773.38,1687.5273,457342200.0
TR-047699,2025-10-30,Tulsa,Lubbock,Dry Van,464.1,20587.0,1114.11,1091.45,457342200.0
TR-047700,2025-10-30,Shreveport,Corpus Christi,Flatbed,409.2,39893.0,1134.89,1104.2502,457342200.0
TR-047701,2025-10-30,Kansas City,Shreveport,Dry Van,570.8,,1262.99,1276.2773,457342200.0
TR-047702,2025-10-30,Atlanta,Richmond,Flatbed,670.3,22559.0,370.24,1469.2649,457342200.0
TR-047703,2025-10-30,Hartford,Philadelphia,Flatbed,78.2,38298.0,246.59,307.96735,457342200.0
TR-047704,2025-10-30,New York,Little Rock,Reefer,1307.3,37486.0,3005.3,2983.4194,457342200.0
TR-047705,2025-10-30,Amarillo,Oklahoma City,Flatbed,418.8,47500.0,1154.41,1163.2197,457342200.0
TR-047706,2025-10-30,Washington,Greensboro,Dry Van,432.2,33407.0,1009.87,995.4143,457342200.0
TR-047707,2025-10-30,Atlanta,Baton Rouge,Dry Van,579.2,23858.0,1327.71,1244.8733,457342200.0
TR-047708,2025-10-30,Nashville,Greensboro,Reefer,369.6,30312.0,1000.75,985.30365,457342200.0
TR-047709,2025-10-30,Baltimore,Phoenix,Dry Van,2979.0,33344.0,5532.34,5415.3193,457342200.0
TR-047710,2025-10-30,Atlanta,Albany,Dry Van,1190.3,30316.0,2247.46,2411.7888,457342200.0
TR-047711,2025-10-30,Columbia,Albuquerque,Dry Van,1728.6,30370.0,3451.23,3384.5122,457342200.0
TR-047712,2025-10-30,Washington,Memphis,Dry Van,862.6,34440.0,1851.58,1809.9539,457342200.0
TR-047713,2025-10-30,Lexington,Mobile,Dry Van,500.7,45844.0,1212.03,1181.0833,457342200.0
TR-047714,2025-10-30,Greensboro,Buffalo,Dry Van,542.9,44126.0,1197.57,1218.5875,457342200.0
TR-047715,2025-10-30,Albany,New York,Reefer,363.5,37078.0,958.18,931.7912,457342200.0
TR-047716,2025-10-30,Oklahoma City,Richmond,Reefer,1500.1,32076.0,3469.99,3446.6838,457342200.0
TR-047717,2025-10-30,Phoenix,Milwaukee,Reefer,1994.0,46171.0,4434.45,4703.4263,457342200.0
TR-047718,2025-10-30,Fresno,Albuquerque,Dry Van,699.6,41434.0,1591.71,1550.9482,457342200.0
TR-047719,2025-10-30,Mobile,Shreveport,Reefer,306.2,29886.0,859.86,903.94574,457342200.0
TR-047720,2025-10-30,Lexington,Lubbock,Dry Van,1142.3,31437.0,2463.27,2347.2407,457342200.0
TR-047721,2025-10-30,Toledo,Syracuse,Dry Van,465.5,37265.0,1022.08,1031.822,457342200.0
TR-047722,2025-10-30,Hartford,Baton Rouge,Dry Van,1524.9,42077.0,3134.03,3054.3376,457342200.0
TR-047723,2025-10-30,Lexington,Fort Wayne,Dry Van,370.3,26358.0,864.61,822.3748,457342200.0
TR-047724,2025-10-30,Baton Rouge,Richmond,Reefer,1183.7,21309.0,2620.82,2682.5269,457342200.0
TR-047725,2025-10-30,Lexington,Phoenix,Dry Van,2129.3,40220.0,4171.25,3945.9695,457342200.0
TR-047726,2025-10-30,Albany,Indianapolis,Dry Van,1194.3,33353.0,2395.25,2402.6787,457342200.0
TR-047727,2025-10-30,Richmond,Shreveport,Dry Van,1148.3,45251.0,2551.54,2525.9604,457342200.0
TR-047728,2025-10-30,New York,El Paso,Dry Van,2456.1,30926.0,4757.71,4490.9097,457342200.0
TR-047729,2025-10-30,Lexington,Columbia,Dry Van,226.1,39462.0,598.72,600.9443,457342200.0
TR-047730,2025-10-30,Hartford,Baton Rouge,Dry Van,1514.9,33477.0,3021.06,2999.1887,457342200.0
TR-047731,2025-10-30,San Francisco,Phoenix,Dry Van,658.0,29496.0,1477.27,1380.6307,457342200.0
TR-047732,2025-10-30,Birmingham,Mobile,Dry Van,201.6,25759.0,541.2,561.4347,457342200.0
TR-047733,2025-10-30,Baltimore,Harrisburg,Reefer,392.2,22042.0,987.59,954.88464,457342200.0
TR-047734,2025-10-30,Los Angeles,Mobile,Flatbed,2008.7,32040.0,4243.72,4689.908,457342200.0
TR-047735,2025-10-30,Albany,St. Louis,Reefer,1221.1,29039.0,2664.27,2662.34,457342200.0
TR-047736,2025-10-30,Houston,Reno,Reefer,1689.1,-43951.0,3933.12,3512.7026,457342200.0
TR-047737,2025-10-30,Columbia,Hartford,Reefer,839.9,16112.0,1857.61,1852.1028,457342200.0
TR-047738,2025-10-30,El Paso,Green Bay,Dry Van,1633.8,21371.0,3134.32,3057.2065,457342200.0
TR-047739,2025-10-30,Baton Rouge,Green Bay,Dry Van,1149.2,27524.0,2388.37,2317.0007,457342200.0
TR-047740,2025-10-30,Fresno,Mobile,Flatbed,2116.3,35041.0,4577.61,4317.6157,457342200.0
TR-047741,2025-10-30,Jacksonville,Memphis,Dry Van,446.0,36518.0,1091.78,1101.8076,457342200.0
TR-047742,2025-10-30,Bakersfield,Toledo,Reefer,2161.5,34727.0,4815.8,4491.364,457342200.0
TR-047743,2025-10-30,Atlanta,Nashville,Reefer,136.8,35204.0,104.38,488.51703,457342200.0
TR-047744,2025-10-30,Hartford,Grand Rapids,Dry Van,915.4,27664.0,1834.95,1784.1431,457342200.0
TR-047745,2025-10-30,Hartford,Salt Lake City,Dry Van,2619.5,22469.0,4610.22,4639.0513,457342200.0
TR-047746,2025-10-30,Los Angeles,Columbia,Reefer,2408.8,31529.0,5077.85,5125.948,457342200.0
TR-047747,2025-10-30,Baltimore,Grand Rapids,Dry Van,946.8,31008.0,1871.61,1906.7015,457342200.0
TR-047748,2025-10-30,Syracuse,Greensboro,Dry Van,651.2,19373.0,1281.55,1314.5156,457342200.0
TR-047749,2025-10-30,Green Bay,Kansas City,Dry Van,467.6,25802.0,998.55,1000.9786,457342200.0
TR-047750,2025-10-30,Bakersfield,Atlanta,Dry Van,2058.6,31354.0,4007.09,4045.1348,457342200.0
TR-047751,2025-10-30,Madison,Tucson,Reefer,1752.5,37366.0,3863.28,3760.1956,457342200.0
TR-047752,2025-10-30,Lubbock,Tulsa,Reefer,471.5,40731.0,1317.88,1281.2048,457342200.0
TR-047753,2025-10-30,Grand Rapids,Raleigh,Dry Van,878.1,32912.0,1839.63,1792.9795,457342200.0
TR-047754,2025-10-30,Boston,Atlanta,Flatbed,1131.3,19029.0,2338.56,2369.7808,457342200.0
TR-047755,2025-10-30,San Antonio,Jacksonville,Reefer,982.4,21333.0,2331.19,2224.5857,457342200.0
TR-047756,2025-10-30,Los Angeles,Savannah,Reefer,2449.0,45308.0,5356.55,5375.339,457342200.0
TR-047757,2025-10-30,Buffalo,San Francisco,Reefer,2735.6,19144.0,5369.38,5293.869,457342200.0
TR-047758,2025-10-30,Little Rock,Harrisburg,Reefer,1012.2,30805.0,2288.61,2265.4639,457342200.0
TR-047759,2025-10-30,Corpus Christi,Oklahoma City,Dry Van,347.5,12786.0,858.63,819.99615,457342200.0
TR-047760,2025-10-30,Cincinnati,New York,Reefer,858.1,30597.0,2020.71,1948.6216,457342200.0
TR-047761,2025-10-30,Bakersfield,Oklahoma City,Reefer,1230.4,38028.0,2982.91,2813.6943,457342200.0
TR-047762,2025-10-30,Philadelphia,Bakersfield,Dry Van,2768.3,45860.0,5281.62,5272.946,457342200.0
TR-047763,2025-10-30,Chattanooga,Philadelphia,Reefer,986.6,32218.0,2309.11,2218.9592,457342200.0
TR-047764,2025-10-30,Little Rock,Charleston,Reefer,856.0,42623.0,2099.94,2048.3145,457342200.0
TR-047765,2025-10-30,Phoenix,Memphis,Dry Van,1900.7,39559.0,3771.54,3762.4456,457342200.0
TR-047766,2025-10-30,Richmond,El Paso,Dry Van,2190.0,24374.0,4121.98,4312.211,457342200.0
TR-047767,2025-10-30,Milwaukee,Indianapolis,Reefer,113.4,41000.0,371.98,372.81262,457342200.0
TR-047768,2025-10-30,Kansas City,Philadelphia,Flatbed,1151.3,30517.0,2543.77,2546.476,457342200.0
TR-047769,2025-10-30,Green Bay,Richmond,Dry Van,839.3,27776.0,1651.48,1965.9904,457342200.0
TR-047770,2025-10-30,Bakersfield,Los Angeles,Flatbed,397.6,22666.0,947.08,1016.2599,457342200.0
TR-047771,2025-10-30,Los Angeles,St. Louis,Flatbed,1986.6,36133.0,4036.76,4086.0845,457342200.0
TR-047772,2025-10-30,Atlanta,Fort Wayne,Reefer,530.2,40147.0,1362.09,1357.0364,457342200.0
TR-047773,2025-10-30,Buffalo,Grand Rapids,Reefer,480.5,25665.0,1137.26,1127.5168,457342200.0
TR-047774,2025-10-30,Shreveport,Los Angeles,Dry Van,1704.6,24852.0,3282.64,3294.4653,457342200.0
TR-047775,2025-10-30,Lexington,Syracuse,Dry Van,692.5,27799.0,1449.52,1397.8156,457342200.0
TR-047776,2025-10-30,Hartford,Mobile,Dry Van,1196.3,20944.0,2360.09,2350.4795,457342200.0
TR-047777,2025-10-30,Fresno,Albany,Flatbed,3094.9,41313.0,6393.83,6411.816,457342200.0
TR-047778,2025-10-30,Oklahoma City,Shreveport,Dry Van,457.0,26119.0,1120.44,1098.1443,457342200.0
TR-047779,2025-10-30,Baltimore,Grand Rapids,Flatbed,919.6,26915.0,1973.74,1932.5873,457342200.0
TR-047780,2025-10-30,Birmingham,Shreveport,Flatbed,396.9,26367.0,1009.07,1050.7007,457342200.0
TR-047781,2025-10-30,Lubbock,Phoenix,Dry Van,1122.2,39818.0,2420.89,2387.361,457342200.0
TR-047782,2025-10-30,Bakersfield,Syracuse,Dry Van,2558.4,33558.0,4697.23,5117.7295,457342200.0
TR-047783,2025-10-30,Cincinnati,Amarillo,Dry Van,1225.6,35406.0,2639.31,2510.9468,457342200.0
TR-047784,2025-10-30,Lexington,Montgomery,Flatbed,479.5,34883.0,1199.51,1220.9948,457342200.0
TR-047785,2025-10-30,Columbia,Louisville,Reefer,363.1,33180.0,975.31,964.31165,457342200.0
TR-047786,2025-10-30,Tucson,Jacksonville,Dry Van,2007.6,43844.0,4067.77,3993.5942,457342200.0
TR-047787,2025-10-30,Savannah,Memphis,Reefer,511.7,27190.0,1296.79,1322.5824,457342200.0
TR-047788,2025-10-30,Hartford,El Paso,Dry Van,2464.2,37178.0,4760.41,4558.436,457342200.0
TR-047789,2025-10-30,Charleston,Memphis,Dry Van,672.1,46542.0,1544.73,1470.0604,457342200.0
TR-047790,2025-10-30,Baltimore,Toledo,Reefer,786.1,33051.0,1814.99,1784.4282,457342200.0
TR-047791,2025-10-30,Montgomery,Atlanta,Dry Van,305.8,25399.0,734.35,777.62286,457342200.0
TR-047792,2025-10-30,Tampa,Lexington,Dry Van,717.5,39504.0,1613.34,1551.9117,457342200.0
TR-047793,2025-10-30,Little Rock,Raleigh,Flatbed,970.7,46862.0,2255.27,2173.943,457342200.0
TR-047794,2025-10-30,Tampa,Tucson,Dry Van,1881.6,16866.0,3558.09,3595.712,457342200.0
TR-047795,2025-10-30,Hartford,Greensboro,Reefer,741.1,29335.0,1782.82,1672.2509,457342200.0
TR-047796,2025-10-30,Memphis,Atlanta,Flatbed,239.2,37701.0,227.15,691.4409,457342200.0
TR-047797,2025-10-30,Mobile,Oklahoma City,Dry Van,711.6,39046.0,1677.55,1624.0994,457342200.0
TR-047798,2025-10-30,Baton Rouge,Richmond,Dry Van,1240.0,35373.0,2600.14,2528.5022,457342200.0
TR-047799,2025-10-30,Lexington,Shreveport,Dry Van,631.4,31583.0,1440.59,1527.7585,457342200.0
TR-047800,2025-10-30,El Paso,Raleigh,Flatbed,2145.7,39084.0,4466.72,4749.8413,457342200.0
TR-047801,2025-10-30,Louisville,Raleigh,Dry Van,675.7,47267.0,1518.01,1470.9581,457342200.0
TR-047802,2025-10-30,Richmond,Memphis,Dry Van,849.4,23760.0,1753.32,1726.4131,457342200.0
TR-047803,2025-10-30,Mobile,Cincinnati,Flatbed,459.3,43087.0,1163.6,1216.3944,457342200.0
TR-047804,2025-10-30,Reno,Lexington,Reefer,2139.6,28425.0,4403.34,4290.452,457342200.0
TR-047805,2025-10-30,Memphis,Buffalo,Reefer,855.8,40166.0,2043.4,1988.4177,457342200.0
TR-047806,2025-10-30,Fort Wayne,Phoenix,Dry Van,2250.4,29644.0,4158.35,4171.233,457342200.0
TR-047807,2025-10-30,Lubbock,Fort Wayne,Dry Van,1311.1,14250.0,2463.2,2448.6145,457342200.0
TR-047808,2025-10-30,Dayton,Oklahoma City,Reefer,1084.1,18453.0,2390.13,2382.4705,457342200.0
TR-047809,2025-10-30,Cincinnati,Baltimore,Dry Van,908.7,,1819.36,1841.3632,457342200.0
TR-047810,2025-10-30,Atlanta,Bakersfield,Dry Van,2041.1,31613.0,3985.1,3893.7014,457342200.0
TR-047811,2025-10-30,Kansas City,Harrisburg,Dry Van,811.8,27008.0,1612.1,1611.6693,457342200.0
TR-047812,2025-10-30,Jacksonville,Chattanooga,Dry Van,323.5,12702.0,766.77,764.0777,457342200.0
TR-047813,2025-10-30,Madison,Grand Rapids,Dry Van,278.0,34089.0,673.77,652.88464,457342200.0
TR-047814,2025-10-30,Chattanooga,Syracuse,Reefer,890.4,26510.0,1927.01,1923.5688,457342200.0
TR-047815,2025-10-30,Nashville,Birmingham,Reefer,196.7,34603.0,611.85,653.0181,457342200.0
TR-047816,2025-10-30,Houston,Reno,Dry Van,1732.4,17331.0,3137.04,3208.5312,457342200.0
TR-047817,2025-10-30,Oklahoma City,Washington,Reefer,1481.0,40715.0,3474.52,3553.6465,457342200.0
TR-047818,2025-10-30,Phoenix,San Francisco,Dry Van,668.3,34170.0,1465.84,1447.1155,457342200.0
TR-047819,2025-10-30,Oklahoma City,New York,Dry Van,1730.4,15104.0,3234.9,3274.919,457342200.0
TR-047820,2025-10-30,Nashville,Savannah,Flatbed,409.9,34905.0,1037.63,1076.3047,457342200.0
TR-047821,2025-10-30,Los Angeles,Little Rock,Reefer,1722.4,41796.0,9939.89,3826.654,457342200.0
TR-047822,2025-10-30,Oklahoma City,Columbia,Flatbed,1046.0,47500.0,2533.96,2400.0625,457342200.0
TR-047823,2025-10-30,Bakersfield,Harrisburg,Reefer,2536.4,18765.0,5043.29,5112.8906,457342200.0
TR-047824,2025-10-30,Columbia,Memphis,Dry Van,451.6,26478.0,1019.9,1026.1017,457342200.0
TR-047825,2025-10-31,Jacksonville,San Antonio,Dry Van,992.1,47500.0,2182.09,2136.384,457342200.0
TR-047826,2025-10-31,Columbia,Toledo,Dry Van,594.5,31486.0,1312.38,1266.1118,457342200.0
TR-047827,2025-10-31,Syracuse,Richmond,Dry Van,386.6,33568.0,863.6,840.31714,457342200.0
TR-047828,2025-10-31,Amarillo,Indianapolis,Dry Van,1088.0,31320.0,2233.22,2231.6655,457342200.0
TR-047829,2025-10-31,Fort Wayne,Albany,Flatbed,894.5,39520.0,1987.95,1908.3208,457342200.0
TR-047830,2025-10-31,Lubbock,Charleston,Flatbed,1405.0,17093.0,2865.04,2950.2283,457342200.0
TR-047831,2025-10-31,Phoenix,Baltimore,Dry Van,2958.8,23005.0,5261.3,6205.8096,457342200.0
TR-047832,2025-10-31,Raleigh,Green Bay,Dry Van,969.9,33176.0,1956.59,1928.8875,457342200.0
TR-047833,2025-10-31,Cincinnati,Greensboro,Flatbed,281.0,25980.0,718.63,725.35266,457342200.0
TR-047834,2025-10-31,Savannah,San Francisco,Dry Van,2639.4,36585.0,5079.05,4998.19,457342200.0
TR-047835,2025-10-31,Greensboro,Lexington,Dry Van,185.1,32266.0,477.89,490.81415,457342200.0
TR-047836,2025-10-31,Lubbock,Bakersfield,Dry Van,1220.6,30947.0,2529.12,2490.631,457342200.0
TR-047837,2025-10-31,Houston,Albany,Flatbed,1829.0,37159.0,3755.65,3798.5815,457342200.0
TR-047838,2025-10-31,Madison,Austin,Reefer,1188.3,37684.0,2813.02,2721.5413,457342200.0
TR-047839,2025-10-31,Tucson,Bakersfield,Flatbed,316.5,22439.0,798.38,845.6111,457342200.0
TR-047840,2025-10-31,Corpus Christi,Madison,Dry Van,1139.5,35584.0,772.61,2301.553,457342200.0
TR-047841,2025-10-31,Memphis,Oklahoma City,Dry Van,706.5,40427.0,1628.64,1572.9056,457342200.0
TR-047842,2025-10-31,Kansas City,Green Bay,Dry Van,451.6,35037.0,1037.85,999.7337,457342200.0
TR-047843,2025-10-31,Atlanta,Amarillo,Reefer,1232.0,29264.0,3006.47,2738.4702,457342200.0
TR-047844,2025-10-31,Atlanta,Shreveport,Dry Van,470.7,33586.0,1162.01,1096.7329,457342200.0
TR-047845,2025-10-31,Syracuse,Savannah,Dry Van,855.0,23762.0,1648.06,1680.3127,457342200.0
TR-047846,2025-10-31,Nashville,Mobile,Dry Van,284.4,33697.0,734.99,694.10266,457342200.0
TR-047847,2025-10-31,Little Rock,Oklahoma City,Dry Van,488.1,39999.0,1236.93,1140.8049,457342200.0
TR-047848,2025-10-31,Greensboro,Salt Lake City,Dry Van,2013.7,20807.0,3562.85,3728.2012,457342200.0
TR-047849,2025-10-31,Atlanta,Madison,Flatbed,614.2,35000.0,1502.63,1468.6172,457342200.0
TR-047850,2025-10-31,Montgomery,Los Angeles,Dry Van,2139.5,22972.0,3933.98,3865.0024,457342200.0
TR-047851,2025-10-31,Shreveport,Cincinnati,Dry Van,538.3,-28144.0,1191.61,1182.3644,457342200.0
TR-047852,2025-10-31,Boston,Jacksonville,Reefer,1150.4,27740.0,2620.28,3475.4668,457342200.0
TR-047853,2025-10-31,Buffalo,Hartford,Dry Van,451.4,35159.0,997.09,987.9735,457342200.0
TR-047854,2025-10-31,New Orleans,Houston,Flatbed,257.2,33818.0,739.26,752.77856,457342200.0
TR-047855,2025-10-31,Phoenix,El Paso,Dry Van,546.6,17966.0,1152.24,1182.2858,457342200.0
TR-047856,2025-10-31,Hartford,Madison,Dry Van,1115.4,12809.0,2145.81,2149.1433,457342200.0
TR-047857,2025-10-31,Green Bay,Houston,Dry Van,1215.3,31358.0,2506.8,2733.0085,457342200.0
TR-047858,2025-10-31,Syracuse,New York,Dry Van,308.7,29382.0,703.44,716.3363,457342200.0
TR-047859,2025-10-31,Lexington,Providence,Reefer,1035.4,25857.0,2371.11,2300.7297,457342200.0
TR-047860,2025-10-31,New York,Milwaukee,Dry Van,904.6,28415.0,1782.08,1772.7334,457342200.0
TR-047861,2025-10-31,Grand Rapids,Richmond,Flatbed,759.7,45449.0,1711.56,1696.2827,457342200.0
TR-047862,2025-10-31,Hartford,New York,Dry Van,131.1,31971.0,355.88,360.86307,457342200.0
TR-047863,2025-10-31,Raleigh,Richmond,Dry Van,242.2,20641.0,577.77,591.3212,457342200.0
TR-047864,2025-10-31,Milwaukee,El Paso,Flatbed,1533.1,26021.0,3135.27,3109.5146,457342200.0
TR-047865,2025-10-31,Raleigh,Albuquerque,Dry Van,2085.8,28686.0,3874.49,3879.207,457342200.0
TR-047866,2025-10-31,Dayton,Grand Rapids,Flatbed,298.3,31272.0,746.12,765.4538,457342200.0
TR-047867,2025-10-31,Las Vegas,Amarillo,Flatbed,744.3,23268.0,1646.65,1675.1056,457342200.0
TR-047868,2025-10-31,El Paso,Nashville,Reefer,1547.4,29540.0,3529.14,3394.5154,457342200.0
TR-047869,2025-10-31,Hartford,Dayton,Flatbed,835.6,-36262.0,1892.15,1787.5801,457342200.0
TR-047870,2025-10-31,Mobile,Detroit,Dry Van,989.7,42493.0,2033.55,2101.9353,457342200.0
TR-047871,2025-10-31,Nashville,Columbia,Flatbed,329.6,31196.0,854.46,864.2951,457342200.0
TR-047872,2025-10-31,Harrisburg,Baton Rouge,Dry Van,1204.2,34292.0,2493.55,2439.2178,457342200.0
TR-047873,2025-10-31,Buffalo,Shreveport,Reefer,1181.8,39793.0,2766.59,3160.4172,457342200.0
TR-047874,2025-10-31,Corpus Christi,Fort Wayne,Reefer,1264.6,13893.0,2787.97,2669.5435,457342200.0
TR-047875,2025-10-31,Hartford,Greensboro,Dry Van,749.0,30833.0,1565.76,1526.2362,457342200.0
TR-047876,2025-10-31,Memphis,Philadelphia,Dry Van,1083.1,43328.0,2282.64,2267.5461,457342200.0
TR-047877,2025-10-31,Mobile,Atlanta,Dry Van,305.4,30594.0,788.83,757.0414,457342200.0
TR-047878,2025-10-31,Los Angeles,Reno,Dry Van,887.6,9262.0,1716.52,1717.1652,457342200.0
TR-047879,2025-10-31,Philadelphia,Albany,Dry Van,413.0,26093.0,888.23,906.5755,457342200.0
TR-047880,2025-10-31,Raleigh,Providence,Dry Van,565.4,33106.0,1264.64,1210.3539,457342200.0
TR-047881,2025-10-31,Richmond,Tucson,Reefer,2548.0,41685.0,5507.65,5301.54,457342200.0
TR-047882,2025-10-31,Cincinnati,Phoenix,Dry Van,2093.9,34414.0,4049.65,3935.0178,457342200.0
TR-047883,2025-10-31,Reno,Phoenix,Flatbed,853.9,24713.0,1756.24,1893.9347,457342200.0
TR-047884,2025-10-31,Philadelphia,Lexington,Dry Van,764.9,33198.0,1596.37,1594.1567,457342200.0
TR-047885,2025-10-31,Green Bay,Syracuse,Reefer,656.8,19655.0,1454.79,1415.2146,457342200.0
TR-047886,2025-10-31,Charleston,Columbia,Flatbed,271.0,42154.0,760.7,763.0355,457342200.0
TR-047887,2025-10-31,Montgomery,New Orleans,Dry Van,450.0,34391.0,1078.09,1077.4221,457342200.0
TR-047888,2025-10-31,Albuquerque,El Paso,Flatbed,184.1,24680.0,525.91,562.58704,457342200.0
TR-047889,2025-10-31,Dayton,Jacksonville,Flatbed,635.4,37673.0,1536.02,1496.3147,457342200.0
TR-047890,2025-10-31,Lubbock,Oklahoma City,Dry Van,196.3,37303.0,561.02,567.8949,457342200.0
TR-047891,2025-10-31,Atlanta,Cincinnati,Dry Van,199.4,45033.0,552.6,546.1473,457342200.0
TR-047892,2025-10-31,Montgomery,Lexington,Reefer,477.0,34623.0,1254.05,1248.9233,457342200.0
TR-047893,2025-10-31,Boston,Bakersfield,Dry Van,3090.5,34910.0,5877.77,5648.3154,457342200.0
TR-047894,2025-10-31,Montgomery,Jacksonville,Dry Van,142.6,44418.0,406.71,418.8035,457342200.0
TR-047895,2025-10-31,Albany,Fort Wayne,Flatbed,878.9,25642.0,1803.86,1820.3247,457342200.0
TR-047896,2025-10-31,Charleston,Fort Wayne,Flatbed,677.9,13375.0,1484.36,1412.7361,457342200.0
TR-047897,2025-10-31,Greensboro,Albany,Dry Van,967.2,40861.0,1920.32,1987.7189,457342200.0
TR-047898,2025-10-31,Buffalo,Montgomery,Dry Van,965.5,32329.0,1935.63,1945.2275,457342200.0
TR-047899,2025-10-31,Syracuse,Grand Rapids,Dry Van,559.2,45220.0,389.18,1200.6672,457342200.0
TR-047900,2025-10-31,Richmond,Green Bay,Reefer,864.1,25597.0,1936.26,1894.516,457342200.0
TR-047901,2025-10-31,Milwaukee,Kansas City,Dry Van,183.2,44526.0,498.57,481.94986,457342200.0
TR-047902,2025-10-31,Kansas City,Shreveport,Dry Van,566.3,28873.0,1298.84,1211.5999,457342200.0
TR-047903,2025-10-31,Bakersfield,Houston,Reefer,1517.0,47500.0,3544.7,3599.8997,457342200.0
TR-047904,2025-10-31,San Antonio,Buffalo,Dry Van,1584.9,23974.0,3014.39,2927.1804,457342200.0
TR-047905,2025-10-31,Atlanta,Shreveport,Flatbed,443.1,38303.0,1193.87,1137.7251,457342200.0
TR-047906,2025-10-31,Houston,Los Angeles,Dry Van,1529.9,14101.0,2972.61,2847.1252,457342200.0
TR-047907,2025-10-31,Madison,Louisville,Dry Van,386.0,27657.0,889.76,839.4471,457342200.0
TR-047908,2025-10-31,Oklahoma City,Lexington,Reefer,999.7,12507.0,2196.67,2211.2356,457342200.0
TR-047909,2025-10-31,Tucson,Cincinnati,Dry Van,1831.9,30121.0,3726.44,3676.7913,457342200.0
TR-047910,2025-10-31,Mobile,Phoenix,Dry Van,1904.2,31119.0,3806.72,4089.3967,457342200.0
TR-047911,2025-10-31,Charleston,Salt Lake City,Dry Van,2182.6,26735.0,4081.47,4083.7341,457342200.0
TR-047912,2025-10-31,Hartford,Columbia,Dry Van,844.4,45167.0,1776.62,1799.1804,457342200.0
TR-047913,2025-10-31,Louisville,Cincinnati,Flatbed,72.8,33190.0,225.89,315.03378,457342200.0
TR-047914,2025-10-31,Mobile,Milwaukee,Dry Van,638.3,36710.0,1428.79,1380.7657,457342200.0
TR-047915,2025-10-31,Reno,Albuquerque,Dry Van,700.0,30725.0,1520.95,1416.5485,457342200.0
TR-047916,2025-10-31,Atlanta,Oklahoma City,Dry Van,889.2,31136.0,1964.56,1854.0709,457342200.0
TR-047917,2025-10-31,Amarillo,Baltimore,Reefer,2147.8,33227.0,4747.86,4570.997,457342200.0
TR-047918,2025-10-31,Tucson,Amarillo,Dry Van,626.4,33090.0,1423.65,1414.498,457342200.0
TR-047919,2025-10-31,Detroit,Tucson,Dry Van,2115.8,47500.0,4047.69,4052.0247,457342200.0
TR-047920,2025-10-31,Grand Rapids,Las Vegas,Dry Van,1986.1,37300.0,3750.58,3745.737,457342200.0
TR-047921,2025-10-31,Corpus Christi,Lexington,Dry Van,1005.3,47500.0,2241.06,2156.7024,457342200.0
TR-047922,2025-10-31,Austin,Albuquerque,Flatbed,831.9,25842.0,1862.13,1933.61,457342200.0
TR-047923,2025-10-31,Milwaukee,Shreveport,Flatbed,615.7,28954.0,1487.72,1500.6829,457342200.0
TR-047924,2025-10-31,Baltimore,Shreveport,Dry Van,1334.7,33532.0,2781.65,2650.53,457342200.0
TR-047925,2025-10-31,Tulsa,New York,Dry Van,1501.7,31042.0,3013.52,2852.222,457342200.0
TR-047926,2025-10-31,Savannah,New Orleans,Dry Van,705.2,42328.0,1624.99,1571.0796,457342200.0
TR-047927,2025-10-31,Greensboro,Jacksonville,Flatbed,367.0,24672.0,928.29,906.04724,457342200.0
TR-047928,2025-10-31,Montgomery,Mobile,Dry Van,177.0,20233.0,464.45,511.39722,457342200.0
TR-047929,2025-10-31,Syracuse,Mobile,Dry Van,1139.1,45469.0,2419.63,2349.7424,457342200.0
TR-047930,2025-10-31,Charleston,Nashville,Dry Van,564.5,30728.0,1245.87,1226.8284,457342200.0
TR-047931,2025-10-31,Fort Wayne,Baton Rouge,Dry Van,1008.1,38899.0,2083.49,2117.9993,457342200.0
TR-047932,2025-10-31,San Antonio,Albuquerque,Dry Van,916.6,38793.0,2105.01,1943.3905,457342200.0
TR-047933,2025-10-31,Los Angeles,Greensboro,Dry Van,2412.3,33626.0,4779.53,4954.3706,457342200.0
TR-047934,2025-10-31,Hartford,Detroit,Flatbed,798.8,30839.0,1694.68,1713.8651,457342200.0
TR-047935,2025-10-31,Milwaukee,Toledo,Dry Van,330.2,28396.0,757.39,734.5137,457342200.0
TR-047936,2025-10-31,San Francisco,Madison,Dry Van,2016.8,38439.0,4018.5,4086.5796,457342200.0
TR-047937,2025-10-31,Albany,New York,Flatbed,388.8,25875.0,914.89,904.4092,457342200.0
TR-047938,2025-10-31,Oklahoma City,Baton Rouge,Dry Van,451.9,47500.0,1148.08,1123.093,457342200.0
TR-047939,2025-10-31,Phoenix,Hartford,Dry Van,3003.7,25844.0,5543.53,5278.5635,457342200.0
TR-047940,2025-10-31,Washington,Memphis,Dry Van,863.3,47500.0,1865.96,1844.93,457342200.0
TR-047941,2025-10-31,Memphis,Tulsa,Dry Van,399.1,26374.0,920.97,924.14996,457342200.0
TR-047942,2025-10-31,Providence,Columbia,Reefer,939.9,38954.0,2285.41,2192.8467,457342200.0
TR-047943,2025-10-31,Phoenix,Memphis,Dry Van,1857.4,10504.0,3381.99,3521.7278,457342200.0
TR-047944,2025-10-31,New York,New Orleans,Reefer,1350.6,41890.0,3118.76,3283.7659,457342200.0
TR-047945,2025-10-31,Salt Lake City,Charleston,Reefer,2261.2,42932.0,5091.54,4951.7505,457342200.0
TR-047946,2025-10-31,Grand Rapids,Greensboro,Flatbed,646.1,35894.0,1509.1,1442.4785,457342200.0
TR-047947,2025-10-31,Mobile,Buffalo,Flatbed,1014.4,37574.0,2269.05,2269.8518,457342200.0
TR-047948,2025-10-31,Phoenix,Buffalo,Dry Van,2641.9,28019.0,4788.74,4762.575,457342200.0
TR-047949,2025-10-31,Memphis,Nashville,Dry Van,121.8,19117.0,337.43,366.246,457342200.0
TR-047950,2025-10-31,Tampa,Phoenix,Dry Van,2075.2,35768.0,4091.21,4116.4004,457342200.0
TR-047951,2025-10-31,Lubbock,Mobile,Dry Van,830.8,29622.0,1803.63,1801.6873,457342200.0
TR-047952,2025-10-31,Corpus Christi,Kansas City,Dry Van,908.1,19128.0,1832.95,1757.8912,457342200.0
TR-047953,2025-10-31,Hartford,Fort Wayne,Dry Van,873.0,36458.0,1872.97,1756.929,457342200.0
TR-047954,2025-10-31,Albuquerque,New Orleans,Dry Van,1173.6,33567.0,2435.84,2444.4773,457342200.0
TR-047955,2025-10-31,Charleston,Albuquerque,Dry Van,1953.3,44569.0,4018.16,3896.132,457342200.0
TR-047956,2025-10-31,Philadelphia,Jacksonville,Reefer,964.6,33738.0,2252.0,2164.834,457342200.0
TR-047957,2025-10-31,Baton Rouge,Hartford,Dry Van,1569.9,38779.0,3142.24,3086.7861,457342200.0
TR-047958,2025-10-31,Columbia,Reno,Dry Van,2314.4,31903.0,4321.21,4265.5938,457342200.0
TR-047959,2025-10-31,Milwaukee,Kansas City,Dry Van,184.3,35896.0,486.72,478.59283,457342200.0
TR-047960,2025-10-31,Raleigh,Lubbock,Dry Van,1574.5,34018.0,3166.71,3135.807,457342200.0
TR-047961,2025-10-31,Hartford,Corpus Christi,Dry Van,1788.8,28493.0,3440.82,3462.414,457342200.0
TR-047962,2025-10-31,Chattanooga,Nashville,Reefer,70.0,33010.0,241.41,355.07297,457342200.0
TR-047963,2025-10-31,Fort Wayne,El Paso,Reefer,1731.7,38479.0,3897.49,3712.5117,457342200.0
TR-047964,2025-10-31,Charleston,St. Louis,Reefer,750.6,24859.0,1730.14,1694.8818,457342200.0
TR-047965,2025-10-31,Baton Rouge,Albuquerque,Dry Van,1232.6,37475.0,2612.25,2518.0227,457342200.0
TR-047966,2025-10-31,Buffalo,Mobile,Dry Van,1031.2,33509.0,2131.84,2085.3394,457342200.0
TR-047967,2025-10-31,Savannah,El Paso,Reefer,1868.5,47500.0,4242.21,4158.6753,457342200.0
TR-047968,2025-10-31,El Paso,Charleston,Dry Van,2029.5,35288.0,4143.03,4397.0386,457342200.0
TR-047969,2025-10-31,Providence,Madison,Flatbed,1320.8,15582.0,2756.18,2713.912,457342200.0
TR-047970,2025-10-31,Austin,Phoenix,Flatbed,1160.2,24927.0,2578.62,2591.3335,457342200.0
TR-047971,2025-10-31,Tulsa,Corpus Christi,Reefer,414.4,33267.0,1140.1,1086.605,457342200.0
TR-047972,2025-10-31,Albany,Toledo,Reefer,816.3,27605.0,1856.36,1733.8688,457342200.0
TR-047973,2025-10-31,Richmond,Philadelphia,Reefer,283.3,34899.0,780.73,767.69025,457342200.0
TR-047974,2025-10-31,Raleigh,Richmond,Dry Van,238.9,20651.0,575.35,568.44244,457342200.0
TR-047975,2025-10-31,Hartford,Houston,Dry Van,1605.1,39701.0,3168.5,3173.9893,457342200.0
TR-047976,2025-10-31,New York,New Orleans,Dry Van,1306.0,19171.0,2373.86,2503.0894,457342200.0
TR-047977,2025-10-31,Cincinnati,Lexington,Dry Van,132.4,32697.0,361.79,395.24,457342200.0
TR-047978,2025-10-31,Hartford,Lexington,Flatbed,858.6,23090.0,1861.13,1810.9172,457342200.0
TR-047979,2025-10-31,Washington,Richmond,Dry Van,80.1,22819.0,210.91,268.9752,457342200.0
TR-047980,2025-10-31,Bakersfield,New York,Reefer,2784.4,27940.0,5609.53,5471.863,457342200.0
TR-047981,2025-10-31,Boston,Shreveport,Dry Van,1588.9,47500.0,3381.74,3198.1296,457342200.0
TR-047982,2025-10-31,Mobile,Fresno,Dry Van,2144.0,19169.0,3993.28,3887.6018,457342200.0
TR-047983,2025-10-31,Baton Rouge,Mobile,Dry Van,337.5,47500.0,890.41,859.1366,457342200.0
TR-047984,2025-10-31,Fresno,Baton Rouge,Reefer,1890.3,43064.0,4368.15,4145.174,457342200.0
TR-047985,2025-10-31,San Francisco,Providence,Dry Van,3396.6,43205.0,6482.04,5675.2993,457342200.0
TR-047986,2025-10-31,Harrisburg,Shreveport,Dry Van,1101.8,31155.0,2257.13,2229.1965,457342200.0
TR-047987,2025-10-31,Mobile,Shreveport,Reefer,303.4,31864.0,863.24,889.8143,457342200.0
TR-047988,2025-10-31,Lexington,Milwaukee,Dry Van,325.2,47500.0,809.92,781.8812,457342200.0
TR-047989,2025-10-31,Mobile,Phoenix,Dry Van,1951.5,27973.0,3792.58,4216.1104,457342200.0
TR-047990,2025-10-31,Dayton,Madison,Reefer,314.9,38185.0,855.05,847.26086,457342200.0
TR-047991,2025-10-31,Atlanta,Washington,Reefer,681.1,42982.0,1703.72,1663.7366,457342200.0
TR-047992,2025-10-31,Tucson,Chattanooga,Flatbed,1788.3,34602.0,3804.9,3720.2478,457342200.0
TR-047993,2025-10-31,Cincinnati,Mobile,Reefer,457.0,34524.0,5561.19,1188.5966,457342200.0
TR-047994,2025-10-31,Phoenix,Dayton,Dry Van,2295.2,32358.0,4371.59,4357.0483,457342200.0
TR-047995,2025-10-31,Little Rock,New York,Dry Van,1297.5,33915.0,2682.29,2534.4514,457342200.0
TR-047996,2025-10-31,Reno,Baton Rouge,Flatbed,1830.9,31786.0,3787.32,3773.9268,457342200.0
TR-047997,2025-10-31,Greensboro,Memphis,Reefer,445.8,37465.0,1171.93,1158.3685,457342200.0
TR-047998,2025-10-31,Greensboro,Cincinnati,Flatbed,267.9,24528.0,713.36,791.91235,457342200.0
TR-047999,2025-10-31,Memphis,Reno,Flatbed,1901.3,37581.0,3987.46,3979.36,457342200.0
TR-048000,2025-10-31,Bakersfield,Baltimore,Dry Van,2860.4,28359.0,5264.84,5698.999,457342200.0
