load_id,predicted_rate
TE-000001,829.39
TE-000002,5046.94
TE-000003,5408.71
TE-000004,4048.77
TE-000005,1850.07
TE-000006,4440.58
TE-000007,5295.31
TE-000008,3275.41
TE-000009,1078.5
TE-000010,1194.71
TE-000011,5897.73
TE-000012,2027.84
TE-000013,961.92
TE-000014,1276.97
TE-000015,629.78
TE-000016,1469.54
TE-000017,1905.45
TE-000018,2537.98
TE-000019,985.64
TE-000020,1371.56
TE-000021,4665.75
TE-000022,1432.43
TE-000023,4329.63
TE-000024,3158.2
TE-000025,1062.08
TE-000026,1999.06
TE-000027,763.24
TE-000028,1253.38
TE-000029,1482.45
TE-000030,5020.27
TE-000031,4473.3
TE-000032,1573.12
TE-000033,623.28
TE-000034,599.07
TE-000035,2359.19
TE-000036,1965.15
TE-000037,1569.91
TE-000038,3529.67
TE-000039,2222.99
TE-000040,4008.45
TE-000041,1242.9
TE-000042,3596.89
TE-000043,918.67
TE-000044,1627.73
TE-000045,1520.11
TE-000046,2292.46
TE-000047,1804.46
TE-000048,462.61
TE-000049,3468.1
TE-000050,5192.22
TE-000051,1113.11
TE-000052,3111.61
TE-000053,3838.06
TE-000054,2523.58
TE-000055,728.03
TE-000056,1949.18
TE-000057,1230.2
TE-000058,5261.35
TE-000059,1898.85
TE-000060,2531.56
TE-000061,1667.97
TE-000062,1598.54
TE-000063,844.01
TE-000064,1557.27
TE-000065,2448.59
TE-000066,1857.11
TE-000067,2414.09
TE-000068,2755.15
TE-000069,2534.92
TE-000070,2896.16
TE-000071,2812.89
TE-000072,4974.62
TE-000073,1244.5
TE-000074,2101.41
TE-000075,3226.36
TE-000076,3553.79
TE-000077,2357.58
TE-000078,2020.69
TE-000079,2137.12
TE-000080,2673.32
TE-000081,2406.15
TE-000082,3456.8
TE-000083,3124.37
TE-000084,3898.79
TE-000085,1060.53
TE-000086,3677.06
TE-000087,4361.52
TE-000088,2518.31
TE-000089,3947.66
TE-000090,957.48
TE-000091,1267.41
TE-000092,3579.37
TE-000093,1625.97
TE-000094,1985.73
TE-000095,3971.79
TE-000096,1450.62
TE-000097,2278.82
TE-000098,3679.17
TE-000099,2049.5
TE-000100,4316.7
TE-000101,820.52
TE-000102,205.97
TE-000103,1383.44
TE-000104,3444.53
TE-000105,804.92
TE-000106,1021.52
TE-000107,3893.51
TE-000108,2280.43
TE-000109,2487.6
TE-000110,2429.35
TE-000111,1189.89
TE-000112,1596.0
TE-000113,2930.43
TE-000114,2308.78
TE-000115,1505.31
TE-000116,3082.55
TE-000117,896.32
TE-000118,2474.76
TE-000119,1906.93
TE-000120,1085.25
TE-000121,1409.32
TE-000122,3985.11
TE-000123,1562.98
TE-000124,1529.98
TE-000125,1241.0
TE-000126,2464.78
TE-000127,899.14
TE-000128,1370.06
TE-000129,5241.51
TE-000130,5478.79
TE-000131,1217.79
TE-000132,3039.76
TE-000133,984.42
TE-000134,5789.43
TE-000135,346.54
TE-000136,1321.83
TE-000137,4438.19
TE-000138,1757.29
TE-000139,4173.72
TE-000140,1230.34
TE-000141,3435.26
TE-000142,2106.94
TE-000143,3427.56
TE-000144,4905.1
TE-000145,2388.73
TE-000146,2033.93
TE-000147,2379.45
TE-000148,1754.51
TE-000149,1509.62
TE-000150,3457.77
TE-000151,2069.26
TE-000152,5448.6
TE-000153,3135.01
TE-000154,5526.04
TE-000155,2138.38
TE-000156,2495.76
TE-000157,723.91
TE-000158,974.56
TE-000159,2839.2
TE-000160,1465.38
TE-000161,2028.5
TE-000162,1437.41
TE-000163,3125.48
TE-000164,1197.29
TE-000165,4009.39
TE-000166,2034.98
TE-000167,3303.51
TE-000168,1765.34
TE-000169,2068.38
TE-000170,948.19
TE-000171,435.96
TE-000172,3475.42
TE-000173,2419.59
TE-000174,1645.42
TE-000175,1202.01
TE-000176,368.98
TE-000177,2629.46
TE-000178,1885.8
TE-000179,1108.52
TE-000180,971.17
TE-000181,2101.42
TE-000182,4454.1
TE-000183,1837.9
TE-000184,635.34
TE-000185,3582.58
TE-000186,523.3
TE-000187,2506.36
TE-000188,330.03
TE-000189,2493.21
TE-000190,1360.13
TE-000191,1804.78
TE-000192,2109.54
TE-000193,1683.97
TE-000194,1479.67
TE-000195,3636.37
TE-000196,2246.21
TE-000197,745.29
TE-000198,1576.88
TE-000199,1376.21
TE-000200,524.53
TE-000201,3214.74
TE-000202,1763.32
TE-000203,1509.74
TE-000204,3231.23
TE-000205,4844.23
TE-000206,1023.09
TE-000207,1244.51
TE-000208,4670.33
TE-000209,1817.37
TE-000210,1289.81
TE-000211,1855.42
TE-000212,1276.58
TE-000213,1995.87
TE-000214,2205.23
TE-000215,656.65
TE-000216,3207.33
TE-000217,838.21
TE-000218,4128.72
TE-000219,4995.15
TE-000220,1305.98
TE-000221,1303.17
TE-000222,3463.75
TE-000223,1254.04
TE-000224,1944.17
TE-000225,3596.82
TE-000226,910.07
TE-000227,1186.8
TE-000228,1531.75
TE-000229,2496.35
TE-000230,1540.65
TE-000231,2893.34
TE-000232,3234.29
TE-000233,607.07
TE-000234,1732.3
TE-000235,1093.59
TE-000236,1035.3
TE-000237,1767.28
TE-000238,2491.18
TE-000239,322.28
TE-000240,1072.88
TE-000241,1323.63
TE-000242,3167.76
TE-000243,2979.19
TE-000244,3446.94
TE-000245,1765.89
TE-000246,1501.43
TE-000247,3681.2
TE-000248,2789.35
TE-000249,2176.65
TE-000250,2803.67
TE-000251,2354.61
TE-000252,1728.07
TE-000253,1575.52
TE-000254,3553.53
TE-000255,2316.0
TE-000256,371.63
TE-000257,3940.18
TE-000258,2039.5
TE-000259,1688.39
TE-000260,3673.9
TE-000261,1243.95
TE-000262,3373.57
TE-000263,1266.85
TE-000264,1754.83
TE-000265,2090.47
TE-000266,1945.34
TE-000267,1420.41
TE-000268,4219.74
TE-000269,2062.05
TE-000270,1104.88
TE-000271,2981.68
TE-000272,3650.47
TE-000273,1278.68
TE-000274,2786.51
TE-000275,1938.19
TE-000276,4637.06
TE-000277,3031.2
TE-000278,1796.21
TE-000279,1924.82
TE-000280,4046.1
TE-000281,3329.22
TE-000282,935.78
TE-000283,1147.39
TE-000284,1803.43
TE-000285,2947.88
TE-000286,1341.45
TE-000287,1495.84
TE-000288,2201.02
TE-000289,1567.2
TE-000290,1074.2
TE-000291,3781.41
TE-000292,1715.77
TE-000293,4330.41
TE-000294,1913.97
TE-000295,2483.69
TE-000296,1932.85
TE-000297,1191.78
TE-000298,4088.04
TE-000299,3391.68
TE-000300,2247.19
TE-000301,1677.1
TE-000302,3181.45
TE-000303,3375.11
TE-000304,3772.17
TE-000305,3717.8
TE-000306,2484.12
TE-000307,1249.32
TE-000308,1162.18
TE-000309,3590.1
TE-000310,4505.23
TE-000311,6286.53
TE-000312,3399.49
TE-000313,3627.21
TE-000314,4779.89
TE-000315,1318.75
TE-000316,5236.86
TE-000317,3466.05
TE-000318,4327.97
TE-000319,1082.65
TE-000320,2273.34
TE-000321,3665.8
TE-000322,4383.48
TE-000323,3241.42
TE-000324,3638.92
TE-000325,2895.63
TE-000326,2972.48
TE-000327,625.53
TE-000328,1990.94
TE-000329,1054.01
TE-000330,2041.8
TE-000331,1167.78
TE-000332,2530.17
TE-000333,868.46
TE-000334,996.65
TE-000335,1618.91
TE-000336,4462.08
TE-000337,3123.72
TE-000338,2117.33
TE-000339,1793.43
TE-000340,4980.96
TE-000341,2956.88
TE-000342,1548.2
TE-000343,2357.12
TE-000344,2043.56
TE-000345,5689.59
TE-000346,2847.07
TE-000347,1240.9
TE-000348,1806.8
TE-000349,4201.94
TE-000350,3174.96
TE-000351,4291.55
TE-000352,2177.41
TE-000353,3330.73
TE-000354,1593.78
TE-000355,1346.59
TE-000356,3815.35
TE-000357,1177.22
TE-000358,5064.57
TE-000359,4985.25
TE-000360,4451.7
TE-000361,3600.83
TE-000362,2010.3
TE-000363,2966.71
TE-000364,4096.97
TE-000365,2438.55
TE-000366,4076.57
TE-000367,2260.61
TE-000368,757.29
TE-000369,1607.3
TE-000370,5378.66
TE-000371,3708.55
TE-000372,1575.32
TE-000373,2886.61
TE-000374,1684.98
TE-000375,3015.04
TE-000376,1577.75
TE-000377,806.19
TE-000378,1144.24
TE-000379,2077.65
TE-000380,795.2
TE-000381,5974.59
TE-000382,557.67
TE-000383,3377.34
TE-000384,783.9
TE-000385,3873.34
TE-000386,846.86
TE-000387,2000.27
TE-000388,1566.88
TE-000389,1278.81
TE-000390,2634.05
TE-000391,3663.95
TE-000392,1474.11
TE-000393,3618.45
TE-000394,3615.06
TE-000395,2315.27
TE-000396,1373.89
TE-000397,2762.75
TE-000398,2094.5
TE-000399,2928.31
TE-000400,3934.56
TE-000401,2289.74
TE-000402,2166.09
TE-000403,1243.21
TE-000404,1360.48
TE-000405,2118.62
TE-000406,4469.55
TE-000407,1770.14
TE-000408,992.55
TE-000409,995.53
TE-000410,2160.86
TE-000411,5167.35
TE-000412,1936.55
TE-000413,2457.99
TE-000414,3605.01
TE-000415,2279.96
TE-000416,572.39
TE-000417,1102.73
TE-000418,1601.33
TE-000419,748.23
TE-000420,3957.85
TE-000421,1129.14
TE-000422,4446.99
TE-000423,832.66
TE-000424,2977.16
TE-000425,4933.32
TE-000426,1522.91
TE-000427,1038.9
TE-000428,4200.48
TE-000429,1450.84
TE-000430,2272.15
TE-000431,390.66
TE-000432,3653.09
TE-000433,2754.33
TE-000434,2605.77
TE-000435,1235.45
TE-000436,665.26
TE-000437,3602.83
TE-000438,2032.47
TE-000439,1106.6
TE-000440,4899.27
TE-000441,1099.14
TE-000442,1919.04
TE-000443,1482.53
TE-000444,5177.28
TE-000445,1320.09
TE-000446,1606.26
TE-000447,2326.11
TE-000448,2671.63
TE-000449,2622.25
TE-000450,409.38
TE-000451,1928.73
TE-000452,3071.24
TE-000453,2545.34
TE-000454,3369.02
TE-000455,4449.86
TE-000456,1805.72
TE-000457,4712.11
TE-000458,955.11
TE-000459,1581.73
TE-000460,5150.08
TE-000461,474.24
TE-000462,1140.58
TE-000463,817.19
TE-000464,3926.31
TE-000465,4016.12
TE-000466,3197.59
TE-000467,4807.63
TE-000468,1911.58
TE-000469,1277.73
TE-000470,522.93
TE-000471,882.22
TE-000472,493.07
TE-000473,2597.65
TE-000474,1222.79
TE-000475,3207.57
TE-000476,1772.82
TE-000477,1524.76
TE-000478,3738.34
TE-000479,859.93
TE-000480,2623.51
TE-000481,5052.41
TE-000482,5576.99
TE-000483,4263.36
TE-000484,804.42
TE-000485,1362.59
TE-000486,836.13
TE-000487,2131.96
TE-000488,3239.53
TE-000489,3463.58
TE-000490,4266.57
TE-000491,1396.74
TE-000492,1483.98
TE-000493,3456.31
TE-000494,985.23
TE-000495,4091.31
TE-000496,883.11
TE-000497,480.58
TE-000498,2001.96
TE-000499,1897.56
TE-000500,2465.21
TE-000501,4735.47
TE-000502,1856.16
TE-000503,2061.85
TE-000504,6143.8
TE-000505,598.33
TE-000506,902.56
TE-000507,4272.1
TE-000508,1404.62
TE-000509,1911.86
TE-000510,1302.11
TE-000511,4635.39
TE-000512,916.03
TE-000513,581.21
TE-000514,1660.94
TE-000515,4909.22
TE-000516,3000.83
TE-000517,1270.09
TE-000518,3281.86
TE-000519,4491.96
TE-000520,4560.39
TE-000521,3777.77
TE-000522,3961.66
TE-000523,4839.23
TE-000524,2614.14
TE-000525,2524.71
TE-000526,1563.81
TE-000527,1176.83
TE-000528,948.5
TE-000529,1716.6
TE-000530,1262.02
TE-000531,1664.05
TE-000532,553.54
TE-000533,5691.93
TE-000534,1086.08
TE-000535,1743.71
TE-000536,1837.02
TE-000537,1440.34
TE-000538,609.18
TE-000539,2404.98
TE-000540,1412.9
TE-000541,1149.32
TE-000542,5423.95
TE-000543,1304.19
TE-000544,1367.95
TE-000545,1520.48
TE-000546,2595.41
TE-000547,1501.76
TE-000548,2469.77
TE-000549,1197.05
TE-000550,1674.26
TE-000551,1611.02
TE-000552,2995.64
TE-000553,989.88
TE-000554,462.41
TE-000555,3373.49
TE-000556,6025.73
TE-000557,3307.07
TE-000558,1156.76
TE-000559,2413.64
TE-000560,595.67
TE-000561,225.64
TE-000562,1118.09
TE-000563,2896.32
TE-000564,4351.73
TE-000565,3575.25
TE-000566,2074.37
TE-000567,3219.65
TE-000568,3485.51
TE-000569,882.53
TE-000570,2858.85
TE-000571,3474.12
TE-000572,3220.35
TE-000573,580.03
TE-000574,2312.81
TE-000575,1724.91
TE-000576,644.56
TE-000577,4141.89
TE-000578,2244.04
TE-000579,319.37
TE-000580,1515.63
TE-000581,3042.76
TE-000582,1079.97
TE-000583,1889.27
TE-000584,2717.26
TE-000585,4130.84
TE-000586,3545.05
TE-000587,2042.24
TE-000588,2097.75
TE-000589,856.98
TE-000590,4031.57
TE-000591,1089.53
TE-000592,3233.0
TE-000593,1138.3
TE-000594,877.87
TE-000595,1736.59
TE-000596,878.19
TE-000597,3170.68
TE-000598,4306.19
TE-000599,934.46
TE-000600,3942.58
TE-000601,5125.18
TE-000602,376.72
TE-000603,1923.66
TE-000604,1110.7
TE-000605,2478.8
TE-000606,2195.71
TE-000607,1372.89
TE-000608,1224.02
TE-000609,1455.22
TE-000610,5422.29
TE-000611,481.86
TE-000612,1882.71
TE-000613,3095.71
TE-000614,1026.5
TE-000615,1982.8
TE-000616,1234.86
TE-000617,846.18
TE-000618,5067.22
TE-000619,3193.02
TE-000620,1663.38
TE-000621,3400.1
TE-000622,1416.93
TE-000623,1175.66
TE-000624,4707.2
TE-000625,1330.57
TE-000626,4278.89
TE-000627,1670.06
TE-000628,3959.17
TE-000629,664.3
TE-000630,621.01
TE-000631,714.74
TE-000632,3937.81
TE-000633,2064.55
TE-000634,1188.86
TE-000635,2894.29
TE-000636,2364.02
TE-000637,4436.37
TE-000638,616.87
TE-000639,3615.27
TE-000640,1517.45
TE-000641,850.96
TE-000642,3467.47
TE-000643,2028.43
TE-000644,3188.37
TE-000645,948.73
TE-000646,912.35
TE-000647,2330.17
TE-000648,4240.64
TE-000649,754.3
TE-000650,2889.74
TE-000651,1746.9
TE-000652,1631.65
TE-000653,1362.22
TE-000654,2424.38
TE-000655,1815.84
TE-000656,313.06
TE-000657,1620.1
TE-000658,2428.78
TE-000659,801.44
TE-000660,6631.02
TE-000661,563.78
TE-000662,3674.35
TE-000663,1338.18
TE-000664,3630.24
TE-000665,3421.38
TE-000666,231.15
TE-000667,3055.37
TE-000668,843.27
TE-000669,2139.73
TE-000670,1207.17
TE-000671,3824.14
TE-000672,2332.78
TE-000673,2728.24
TE-000674,3326.57
TE-000675,4956.01
TE-000676,2545.13
TE-000677,956.87
TE-000678,4278.01
TE-000679,680.34
TE-000680,2401.26
TE-000681,3302.14
TE-000682,2981.92
TE-000683,2284.93
TE-000684,1258.51
TE-000685,4388.74
TE-000686,1663.45
TE-000687,1150.29
TE-000688,977.29
TE-000689,603.18
TE-000690,2295.7
TE-000691,3466.98
TE-000692,2430.67
TE-000693,3370.95
TE-000694,2973.79
TE-000695,930.2
TE-000696,1043.37
TE-000697,2976.18
TE-000698,2783.9
TE-000699,1327.61
TE-000700,2358.15
TE-000701,3442.21
TE-000702,1275.72
TE-000703,943.92
TE-000704,2657.34
TE-000705,1010.46
TE-000706,4861.66
TE-000707,470.06
TE-000708,2358.43
TE-000709,804.11
TE-000710,1299.7
TE-000711,1379.22
TE-000712,642.65
TE-000713,588.22
TE-000714,4060.56
TE-000715,431.07
TE-000716,2472.64
TE-000717,1692.9
TE-000718,4899.83
TE-000719,1394.86
TE-000720,291.23
TE-000721,1635.11
TE-000722,4105.59
TE-000723,2497.16
TE-000724,2542.46
TE-000725,3374.78
TE-000726,1891.73
TE-000727,829.24
TE-000728,2435.19
TE-000729,2001.99
TE-000730,3842.15
TE-000731,3523.37
TE-000732,4405.51
TE-000733,2505.17
TE-000734,5168.98
TE-000735,486.13
TE-000736,986.92
TE-000737,603.89
TE-000738,1928.43
TE-000739,4187.62
TE-000740,1653.75
TE-000741,5179.13
TE-000742,565.11
TE-000743,2262.79
TE-000744,3901.84
TE-000745,1207.82
TE-000746,3541.28
TE-000747,1204.77
TE-000748,879.07
TE-000749,4507.77
TE-000750,1862.28
TE-000751,2032.26
TE-000752,3770.04
TE-000753,1114.59
TE-000754,2601.49
TE-000755,3715.52
TE-000756,2074.62
TE-000757,3645.15
TE-000758,2390.28
TE-000759,1781.54
TE-000760,1195.32
TE-000761,2914.06
TE-000762,1636.69
TE-000763,1484.67
TE-000764,4198.18
TE-000765,3029.69
TE-000766,765.88
TE-000767,3251.04
TE-000768,4674.09
TE-000769,2715.32
TE-000770,3290.95
TE-000771,4155.09
TE-000772,310.07
TE-000773,1377.27
TE-000774,1478.22
TE-000775,1046.97
TE-000776,3303.51
TE-000777,2856.87
TE-000778,833.77
TE-000779,500.39
TE-000780,1515.61
TE-000781,2046.23
TE-000782,2519.49
TE-000783,1363.43
TE-000784,3867.91
TE-000785,5179.08
TE-000786,1310.01
TE-000787,5268.19
TE-000788,4494.3
TE-000789,1883.38
TE-000790,1863.94
TE-000791,1274.41
TE-000792,3129.24
TE-000793,3473.08
TE-000794,2872.92
TE-000795,1620.07
TE-000796,1586.42
TE-000797,1073.46
TE-000798,1926.14
TE-000799,4620.23
TE-000800,3937.33
TE-000801,2510.56
TE-000802,541.69
TE-000803,778.87
TE-000804,2510.17
TE-000805,3608.42
TE-000806,827.53
TE-000807,3008.92
TE-000808,2530.91
TE-000809,4217.63
TE-000810,2492.24
TE-000811,3948.59
TE-000812,1260.42
TE-000813,1074.54
TE-000814,1007.03
TE-000815,2351.02
TE-000816,1227.93
TE-000817,3234.38
TE-000818,888.26
TE-000819,1762.78
TE-000820,5839.37
TE-000821,5811.55
TE-000822,614.54
TE-000823,3131.23
TE-000824,1311.96
TE-000825,5718.47
TE-000826,568.29
TE-000827,565.94
TE-000828,899.59
TE-000829,4687.99
TE-000830,4340.11
TE-000831,1208.36
TE-000832,1301.1
TE-000833,967.0
TE-000834,2210.47
TE-000835,2189.35
TE-000836,1691.56
TE-000837,1131.94
TE-000838,3404.06
TE-000839,2186.15
TE-000840,778.93
TE-000841,1002.33
TE-000842,692.92
TE-000843,860.27
TE-000844,1856.97
TE-000845,1148.46
TE-000846,4801.26
TE-000847,548.98
TE-000848,1050.62
TE-000849,1777.91
TE-000850,463.81
TE-000851,4923.53
TE-000852,1205.98
TE-000853,1491.62
TE-000854,1717.11
TE-000855,2612.37
TE-000856,1358.83
TE-000857,4570.28
TE-000858,3499.46
TE-000859,850.81
TE-000860,1247.87
TE-000861,5392.55
TE-000862,1574.53
TE-000863,1405.37
TE-000864,778.6
TE-000865,3867.8
TE-000866,788.02
TE-000867,2045.12
TE-000868,2634.46
TE-000869,3023.69
TE-000870,1208.65
TE-000871,1089.89
TE-000872,901.56
TE-000873,452.91
TE-000874,4675.66
TE-000875,2118.65
TE-000876,1357.42
TE-000877,1633.86
TE-000878,1761.6
TE-000879,3847.72
TE-000880,280.81
TE-000881,1224.9
TE-000882,209.79
TE-000883,762.89
TE-000884,3860.46
TE-000885,2770.85
TE-000886,1932.6
TE-000887,4510.19
TE-000888,5704.54
TE-000889,974.25
TE-000890,528.72
TE-000891,2400.05
TE-000892,1183.15
TE-000893,4535.71
TE-000894,1675.13
TE-000895,1020.58
TE-000896,2165.72
TE-000897,1200.65
TE-000898,1126.85
TE-000899,2382.49
TE-000900,2042.83
TE-000901,1436.75
TE-000902,1799.9
TE-000903,3282.18
TE-000904,2347.8
TE-000905,3681.19
TE-000906,400.3
TE-000907,4579.68
TE-000908,3753.83
TE-000909,3869.85
TE-000910,1225.98
TE-000911,4353.54
TE-000912,4450.75
TE-000913,2083.48
TE-000914,3156.13
TE-000915,1273.44
TE-000916,1382.03
TE-000917,1614.07
TE-000918,712.11
TE-000919,2333.05
TE-000920,1699.35
TE-000921,3020.39
TE-000922,463.81
TE-000923,947.89
TE-000924,2364.38
TE-000925,3368.85
TE-000926,2308.38
TE-000927,1463.18
TE-000928,3663.04
TE-000929,2063.84
TE-000930,2097.93
TE-000931,4725.48
TE-000932,3917.49
TE-000933,3517.71
TE-000934,5328.59
TE-000935,2194.69
TE-000936,4692.03
TE-000937,4396.37
TE-000938,579.33
TE-000939,2235.02
TE-000940,2498.31
TE-000941,2075.62
TE-000942,1778.37
TE-000943,891.12
TE-000944,2266.43
TE-000945,1746.08
TE-000946,2409.17
TE-000947,4126.87
TE-000948,3601.58
TE-000949,1741.33
TE-000950,2230.5
TE-000951,1378.58
TE-000952,2246.78
TE-000953,4255.47
TE-000954,1092.68
TE-000955,2494.36
TE-000956,2111.47
TE-000957,4582.45
TE-000958,865.24
TE-000959,2205.82
TE-000960,2669.97
TE-000961,1901.74
TE-000962,466.29
TE-000963,4258.2
TE-000964,847.76
TE-000965,4140.65
TE-000966,2292.49
TE-000967,1038.14
TE-000968,3558.37
TE-000969,2747.8
TE-000970,1739.23
TE-000971,1268.55
TE-000972,2496.29
TE-000973,2208.17
TE-000974,650.93
TE-000975,1804.14
TE-000976,2501.66
TE-000977,5052.15
TE-000978,2140.77
TE-000979,2144.59
TE-000980,4101.35
TE-000981,2692.18
TE-000982,2331.96
TE-000983,785.02
TE-000984,1688.09
TE-000985,1793.22
TE-000986,2544.0
TE-000987,1355.87
TE-000988,3329.28
TE-000989,2253.38
TE-000990,3566.57
TE-000991,1983.38
TE-000992,1458.0
TE-000993,1659.59
TE-000994,2693.47
TE-000995,1642.79
TE-000996,2888.68
TE-000997,4140.48
TE-000998,4782.91
TE-000999,2623.89
TE-001000,991.44
TE-001001,1922.44
TE-001002,215.95
TE-001003,1774.85
TE-001004,5754.99
TE-001005,1199.91
TE-001006,2463.42
TE-001007,4536.27
TE-001008,2365.74
TE-001009,1882.09
TE-001010,2069.05
TE-001011,1856.81
TE-001012,2863.81
TE-001013,3352.33
TE-001014,1191.47
TE-001015,4825.31
TE-001016,2063.83
TE-001017,4529.67
TE-001018,2862.63
TE-001019,1556.78
TE-001020,2325.82
TE-001021,3424.7
TE-001022,2073.61
TE-001023,1945.02
TE-001024,1906.82
TE-001025,572.52
TE-001026,3488.71
TE-001027,524.65
TE-001028,1318.62
TE-001029,1842.79
TE-001030,1952.54
TE-001031,3270.15
TE-001032,1926.2
TE-001033,4669.83
TE-001034,3937.41
TE-001035,3502.95
TE-001036,1894.71
TE-001037,1845.98
TE-001038,5567.73
TE-001039,4676.04
TE-001040,262.93
TE-001041,4288.34
TE-001042,2907.11
TE-001043,1320.81
TE-001044,5220.51
TE-001045,4289.49
TE-001046,1944.27
TE-001047,1116.44
TE-001048,627.81
TE-001049,1445.54
TE-001050,1290.83
TE-001051,2151.14
TE-001052,2682.06
TE-001053,1335.92
TE-001054,1241.19
TE-001055,385.09
TE-001056,389.7
TE-001057,585.16
TE-001058,3701.57
TE-001059,1029.2
TE-001060,1322.59
TE-001061,1864.65
TE-001062,4024.2
TE-001063,2981.37
TE-001064,2932.84
TE-001065,1644.29
TE-001066,2250.56
TE-001067,2811.36
TE-001068,920.14
TE-001069,5030.69
TE-001070,1158.63
TE-001071,668.26
TE-001072,4158.9
TE-001073,1131.08
TE-001074,3269.15
TE-001075,1971.58
TE-001076,3222.25
TE-001077,782.18
TE-001078,1793.76
TE-001079,785.92
TE-001080,2428.02
TE-001081,1999.6
TE-001082,2135.29
TE-001083,1351.95
TE-001084,456.19
TE-001085,1738.28
TE-001086,3946.12
TE-001087,4912.37
TE-001088,1039.46
TE-001089,2547.2
TE-001090,3942.14
TE-001091,2504.41
TE-001092,1798.0
TE-001093,4401.11
TE-001094,3333.49
TE-001095,4056.24
TE-001096,3825.27
TE-001097,3618.0
TE-001098,2302.92
TE-001099,1160.51
TE-001100,2693.88
TE-001101,582.81
TE-001102,3917.94
TE-001103,2458.65
TE-001104,2408.46
TE-001105,1977.69
TE-001106,946.19
TE-001107,2654.35
TE-001108,760.43
TE-001109,1427.76
TE-001110,851.62
TE-001111,1945.53
TE-001112,1321.49
TE-001113,916.5
TE-001114,1127.69
TE-001115,4691.52
TE-001116,2023.04
TE-001117,2402.05
TE-001118,2436.56
TE-001119,2620.62
TE-001120,3757.18
TE-001121,3644.44
TE-001122,3521.94
TE-001123,1759.27
TE-001124,974.52
TE-001125,1172.67
TE-001126,3286.5
TE-001127,1819.9
TE-001128,3787.96
TE-001129,1404.42
TE-001130,4466.31
TE-001131,1598.55
TE-001132,3486.56
TE-001133,3344.22
TE-001134,1721.65
TE-001135,2927.47
TE-001136,1244.17
TE-001137,853.65
TE-001138,2185.84
TE-001139,2745.1
TE-001140,1128.74
TE-001141,471.64
TE-001142,1588.0
TE-001143,2900.43
TE-001144,977.2
TE-001145,1199.04
TE-001146,1983.77
TE-001147,2271.18
TE-001148,2324.29
TE-001149,4073.58
TE-001150,3748.27
TE-001151,3131.03
TE-001152,1160.94
TE-001153,3225.31
TE-001154,1566.27
TE-001155,1476.41
TE-001156,5682.66
TE-001157,945.35
TE-001158,2533.12
TE-001159,2466.69
TE-001160,4821.71
TE-001161,2054.64
TE-001162,1254.21
TE-001163,1165.66
TE-001164,964.77
TE-001165,436.99
TE-001166,2173.1
TE-001167,2892.78
TE-001168,1252.48
TE-001169,6599.37
TE-001170,840.75
TE-001171,2373.04
TE-001172,2532.89
TE-001173,1848.57
TE-001174,1200.96
TE-001175,4025.99
TE-001176,2078.89
TE-001177,850.7
TE-001178,720.1
TE-001179,2080.28
TE-001180,1807.27
TE-001181,3812.5
TE-001182,2451.36
TE-001183,923.98
TE-001184,1843.74
TE-001185,3987.38
TE-001186,2612.14
TE-001187,5053.65
TE-001188,2861.93
TE-001189,2151.92
TE-001190,979.37
TE-001191,4548.68
TE-001192,1033.77
TE-001193,917.04
TE-001194,1222.23
TE-001195,490.32
TE-001196,1908.14
TE-001197,1805.28
TE-001198,2571.57
TE-001199,2599.02
TE-001200,2158.92
TE-001201,1704.87
TE-001202,838.44
TE-001203,4791.34
TE-001204,1456.57
TE-001205,2451.24
TE-001206,2560.35
TE-001207,857.85
TE-001208,3239.17
TE-001209,944.93
TE-001210,5649.58
TE-001211,1699.72
TE-001212,1690.59
TE-001213,4002.91
TE-001214,787.9
TE-001215,474.12
TE-001216,5838.26
TE-001217,4145.58
TE-001218,3919.9
TE-001219,4010.02
TE-001220,1780.48
TE-001221,305.51
TE-001222,1113.06
TE-001223,2672.33
TE-001224,772.57
TE-001225,2599.04
TE-001226,1554.63
TE-001227,833.66
TE-001228,4939.8
TE-001229,5224.44
TE-001230,1043.53
TE-001231,3290.51
TE-001232,461.74
TE-001233,4318.56
TE-001234,4272.83
TE-001235,1711.01
TE-001236,1182.1
TE-001237,3815.99
TE-001238,2357.43
TE-001239,2662.49
TE-001240,2153.38
TE-001241,5551.57
TE-001242,1099.58
TE-001243,4816.54
TE-001244,2635.95
TE-001245,1380.5
TE-001246,2079.65
TE-001247,5661.82
TE-001248,1505.64
TE-001249,4673.14
TE-001250,1725.53
TE-001251,2625.62
TE-001252,2546.98
TE-001253,2557.27
TE-001254,1042.13
TE-001255,1969.51
TE-001256,1096.93
TE-001257,2443.19
TE-001258,3793.64
TE-001259,3335.0
TE-001260,2359.84
TE-001261,4043.54
TE-001262,3304.67
TE-001263,2147.69
TE-001264,4094.44
TE-001265,867.12
TE-001266,6078.87
TE-001267,2612.48
TE-001268,819.62
TE-001269,2628.92
TE-001270,1300.57
TE-001271,328.12
TE-001272,1342.46
TE-001273,1450.26
TE-001274,2137.92
TE-001275,1951.86
TE-001276,1447.47
TE-001277,3005.46
TE-001278,1795.56
TE-001279,1976.84
TE-001280,466.92
TE-001281,1762.62
TE-001282,5055.6
TE-001283,2783.23
TE-001284,945.66
TE-001285,1465.7
TE-001286,278.51
TE-001287,3147.82
TE-001288,2710.0
TE-001289,1967.2
TE-001290,3175.08
TE-001291,3607.71
TE-001292,5004.53
TE-001293,1569.69
TE-001294,634.86
TE-001295,1876.7
TE-001296,3631.09
TE-001297,3919.88
TE-001298,3425.6
TE-001299,2877.28
TE-001300,2529.24
TE-001301,1996.81
TE-001302,1362.55
TE-001303,2550.72
TE-001304,5473.61
TE-001305,605.08
TE-001306,1339.71
TE-001307,2041.15
TE-001308,3125.64
TE-001309,2681.58
TE-001310,1156.58
TE-001311,4759.96
TE-001312,2977.72
TE-001313,4904.25
TE-001314,1780.09
TE-001315,1241.34
TE-001316,4003.34
TE-001317,1742.29
TE-001318,3703.45
TE-001319,3290.34
TE-001320,2989.0
TE-001321,4517.07
TE-001322,2464.07
TE-001323,786.34
TE-001324,1583.62
TE-001325,2000.81
TE-001326,1117.4
TE-001327,1668.1
TE-001328,4177.97
TE-001329,3300.65
TE-001330,2334.82
TE-001331,3902.06
TE-001332,449.91
TE-001333,2915.15
TE-001334,1845.8
TE-001335,2040.55
TE-001336,4081.73
TE-001337,1748.74
TE-001338,1050.57
TE-001339,4000.38
TE-001340,1250.57
TE-001341,1325.32
TE-001342,4382.75
TE-001343,1962.0
TE-001344,5996.29
TE-001345,2905.41
TE-001346,1613.17
TE-001347,4420.06
TE-001348,4984.96
TE-001349,3431.48
TE-001350,2632.4
TE-001351,912.27
TE-001352,856.7
TE-001353,1499.96
TE-001354,847.42
TE-001355,1270.55
TE-001356,3707.49
TE-001357,3160.41
TE-001358,1473.89
TE-001359,1695.38
TE-001360,908.46
TE-001361,3352.22
TE-001362,4323.48
TE-001363,4973.49
TE-001364,990.29
TE-001365,1107.65
TE-001366,1663.24
TE-001367,867.22
TE-001368,2419.36
TE-001369,2095.54
TE-001370,2439.3
TE-001371,3114.69
TE-001372,4061.0
TE-001373,1610.97
TE-001374,2587.74
TE-001375,4135.67
TE-001376,775.53
TE-001377,2878.78
TE-001378,1766.53
TE-001379,2001.97
TE-001380,2010.35
TE-001381,647.23
TE-001382,469.83
TE-001383,1211.78
TE-001384,1761.2
TE-001385,3217.51
TE-001386,1587.34
TE-001387,3834.93
TE-001388,4456.75
TE-001389,1182.29
TE-001390,2245.48
TE-001391,916.99
TE-001392,753.04
TE-001393,1852.27
TE-001394,1318.91
TE-001395,3592.6
TE-001396,1839.74
TE-001397,4649.71
TE-001398,2399.73
TE-001399,4206.16
TE-001400,1891.43
TE-001401,4026.75
TE-001402,783.58
TE-001403,2452.4
TE-001404,518.89
TE-001405,4198.99
TE-001406,1474.97
TE-001407,2169.11
TE-001408,4529.87
TE-001409,481.44
TE-001410,856.55
TE-001411,2616.54
TE-001412,899.83
TE-001413,4265.21
TE-001414,2877.49
TE-001415,1911.77
TE-001416,1611.18
TE-001417,1349.41
TE-001418,3484.46
TE-001419,2643.18
TE-001420,2579.82
TE-001421,1533.85
TE-001422,1596.24
TE-001423,3856.46
TE-001424,4265.35
TE-001425,3022.89
TE-001426,2388.0
TE-001427,2034.78
TE-001428,3285.51
TE-001429,915.71
TE-001430,870.21
TE-001431,949.89
TE-001432,1098.09
TE-001433,2900.69
TE-001434,230.4
TE-001435,1520.18
TE-001436,3842.95
TE-001437,2356.56
TE-001438,3039.5
TE-001439,5606.34
TE-001440,5158.81
TE-001441,1651.85
TE-001442,1103.5
TE-001443,4225.31
TE-001444,4165.44
TE-001445,783.27
TE-001446,1002.31
TE-001447,4287.39
TE-001448,2804.21
TE-001449,1235.25
TE-001450,1878.09
TE-001451,1055.63
TE-001452,1975.13
TE-001453,1878.78
TE-001454,3816.68
TE-001455,2527.61
TE-001456,1407.57
TE-001457,340.74
TE-001458,2297.36
TE-001459,3232.6
TE-001460,3224.72
TE-001461,1279.35
TE-001462,3294.56
TE-001463,1811.38
TE-001464,2337.71
TE-001465,1462.33
TE-001466,3842.31
TE-001467,2574.07
TE-001468,2221.26
TE-001469,4635.41
TE-001470,3706.66
TE-001471,3925.89
TE-001472,793.96
TE-001473,2384.15
TE-001474,1381.0
TE-001475,3604.89
TE-001476,881.52
TE-001477,819.49
TE-001478,1979.16
TE-001479,1936.58
TE-001480,2395.91
TE-001481,1563.05
TE-001482,1393.58
TE-001483,1918.05
TE-001484,2394.23
TE-001485,1628.41
TE-001486,2541.36
TE-001487,4082.44
TE-001488,2137.83
TE-001489,1461.03
TE-001490,1356.2
TE-001491,2942.07
TE-001492,2289.85
TE-001493,4170.74
TE-001494,3096.8
TE-001495,2777.77
TE-001496,2013.2
TE-001497,1287.78
TE-001498,848.71
TE-001499,3481.5
TE-001500,699.11
TE-001501,3034.07
TE-001502,1782.34
TE-001503,988.82
TE-001504,976.0
TE-001505,1280.91
TE-001506,2870.03
TE-001507,4904.46
TE-001508,1916.8
TE-001509,1298.79
TE-001510,1822.07
TE-001511,3871.76
TE-001512,1651.68
TE-001513,2918.4
TE-001514,1503.1
TE-001515,2527.94
TE-001516,3382.98
TE-001517,1301.95
TE-001518,2600.98
TE-001519,2788.95
TE-001520,901.02
TE-001521,2957.65
TE-001522,3679.51
TE-001523,954.19
TE-001524,3745.89
TE-001525,613.01
TE-001526,3955.19
TE-001527,4159.04
TE-001528,1693.28
TE-001529,1741.83
TE-001530,794.0
TE-001531,2938.89
TE-001532,848.63
TE-001533,3484.78
TE-001534,4628.2
TE-001535,1340.24
TE-001536,881.54
TE-001537,2047.31
TE-001538,3227.14
TE-001539,2046.61
TE-001540,1484.99
TE-001541,1773.6
TE-001542,3706.92
TE-001543,2737.61
TE-001544,5639.97
TE-001545,1592.28
TE-001546,1817.56
TE-001547,2832.07
TE-001548,251.46
TE-001549,2859.54
TE-001550,4845.96
TE-001551,1329.26
TE-001552,4054.69
TE-001553,4303.5
TE-001554,1178.2
TE-001555,5713.96
TE-001556,2181.55
TE-001557,4647.99
TE-001558,2632.83
TE-001559,1102.23
TE-001560,1500.82
TE-001561,2603.32
TE-001562,796.32
TE-001563,3720.28
TE-001564,3300.67
TE-001565,2202.97
TE-001566,5072.39
TE-001567,2447.96
TE-001568,1186.16
TE-001569,1555.95
TE-001570,2216.46
TE-001571,734.68
TE-001572,2272.83
TE-001573,3439.74
TE-001574,726.7
TE-001575,3170.39
TE-001576,5284.61
TE-001577,1419.77
TE-001578,4096.32
TE-001579,3964.34
TE-001580,2909.25
TE-001581,1135.36
TE-001582,1510.41
TE-001583,3628.59
TE-001584,1698.68
TE-001585,1324.06
TE-001586,1002.24
TE-001587,2270.7
TE-001588,1899.6
TE-001589,3182.38
TE-001590,4591.41
TE-001591,756.88
TE-001592,882.46
TE-001593,3616.66
TE-001594,3646.3
TE-001595,1276.71
TE-001596,2909.67
TE-001597,2429.4
TE-001598,1788.75
TE-001599,1638.82
TE-001600,1687.08
TE-001601,5080.43
TE-001602,3199.52
TE-001603,4162.18
TE-001604,799.83
TE-001605,2200.93
TE-001606,260.62
TE-001607,1761.95
TE-001608,4086.89
TE-001609,4032.08
TE-001610,3205.25
TE-001611,3328.64
TE-001612,5308.13
TE-001613,2301.54
TE-001614,4310.64
TE-001615,1068.81
TE-001616,749.43
TE-001617,4484.76
TE-001618,780.84
TE-001619,1169.21
TE-001620,1611.29
TE-001621,1626.39
TE-001622,372.71
TE-001623,5716.61
TE-001624,1426.44
TE-001625,3600.62
TE-001626,2599.36
TE-001627,4338.25
TE-001628,351.58
TE-001629,1321.04
TE-001630,562.84
TE-001631,1287.68
TE-001632,1545.24
TE-001633,2369.12
TE-001634,4929.51
TE-001635,452.73
TE-001636,949.02
TE-001637,4761.18
TE-001638,579.55
TE-001639,732.73
TE-001640,1136.54
TE-001641,2344.42
TE-001642,1652.76
TE-001643,1642.42
TE-001644,5281.55
TE-001645,459.91
TE-001646,1672.92
TE-001647,742.54
TE-001648,607.83
TE-001649,3164.99
TE-001650,3252.61
TE-001651,1397.37
TE-001652,1047.89
TE-001653,1103.27
TE-001654,1535.05
TE-001655,1015.62
TE-001656,1915.26
TE-001657,1912.77
TE-001658,2043.79
TE-001659,647.97
TE-001660,1079.4
TE-001661,3214.0
TE-001662,567.09
TE-001663,1387.41
TE-001664,211.64
TE-001665,3817.3
TE-001666,952.94
TE-001667,628.08
TE-001668,1005.99
TE-001669,1575.57
TE-001670,1285.99
TE-001671,1247.16
TE-001672,2292.5
TE-001673,785.15
TE-001674,1330.06
TE-001675,326.43
TE-001676,3291.71
TE-001677,2043.51
TE-001678,2100.62
TE-001679,1694.95
TE-001680,2823.01
TE-001681,469.19
TE-001682,1800.88
TE-001683,2720.18
TE-001684,4384.59
TE-001685,635.64
TE-001686,3260.95
TE-001687,856.01
TE-001688,5029.63
TE-001689,1073.59
TE-001690,2432.67
TE-001691,2490.36
TE-001692,1632.37
TE-001693,4536.05
TE-001694,3681.65
TE-001695,2624.2
TE-001696,782.17
TE-001697,1600.39
TE-001698,1535.37
TE-001699,1430.64
TE-001700,1113.26
TE-001701,3149.22
TE-001702,4167.15
TE-001703,2633.21
TE-001704,4395.91
TE-001705,4072.41
TE-001706,2042.45
TE-001707,2284.68
TE-001708,3447.03
TE-001709,1078.51
TE-001710,855.8
TE-001711,3834.29
TE-001712,1434.42
TE-001713,1373.05
TE-001714,4228.62
TE-001715,1100.57
TE-001716,1004.47
TE-001717,3971.82
TE-001718,317.04
TE-001719,4114.01
TE-001720,4768.2
TE-001721,5190.31
TE-001722,3867.05
TE-001723,3781.21
TE-001724,1547.86
TE-001725,996.21
TE-001726,1376.39
TE-001727,1490.58
TE-001728,2635.28
TE-001729,2574.79
TE-001730,1029.69
TE-001731,4400.05
TE-001732,2417.75
TE-001733,1130.57
TE-001734,2232.5
TE-001735,583.73
TE-001736,2981.76
TE-001737,1007.2
TE-001738,3881.53
TE-001739,1051.74
TE-001740,1185.82
TE-001741,1146.3
TE-001742,2294.14
TE-001743,1174.35
TE-001744,1973.61
TE-001745,1203.37
TE-001746,1821.87
TE-001747,1370.68
TE-001748,1499.74
TE-001749,2402.8
TE-001750,2238.03
TE-001751,1444.12
TE-001752,4422.69
TE-001753,508.71
TE-001754,5988.0
TE-001755,2031.86
TE-001756,4214.52
TE-001757,5680.75
TE-001758,1347.28
TE-001759,867.9
TE-001760,1729.36
TE-001761,1428.05
TE-001762,1772.84
TE-001763,979.54
TE-001764,230.45
TE-001765,982.86
TE-001766,1470.26
TE-001767,1908.28
TE-001768,1833.14
TE-001769,4811.0
TE-001770,921.53
TE-001771,2199.99
TE-001772,2228.73
TE-001773,1446.96
TE-001774,2848.11
TE-001775,1691.42
TE-001776,2729.14
TE-001777,3434.2
TE-001778,1520.94
TE-001779,3090.22
TE-001780,525.65
TE-001781,5454.01
TE-001782,3978.53
TE-001783,1282.42
TE-001784,2614.29
TE-001785,2997.66
TE-001786,818.29
TE-001787,856.03
TE-001788,3279.11
TE-001789,3122.38
TE-001790,4056.84
TE-001791,1035.37
TE-001792,2422.69
TE-001793,1458.45
TE-001794,2859.45
TE-001795,1897.73
TE-001796,2742.54
TE-001797,1504.98
TE-001798,4941.45
TE-001799,2504.72
TE-001800,5340.95
TE-001801,2869.03
TE-001802,2412.61
TE-001803,1356.19
TE-001804,1077.24
TE-001805,1632.64
TE-001806,3113.05
TE-001807,4225.96
TE-001808,3794.93
TE-001809,463.55
TE-001810,2885.57
TE-001811,853.3
TE-001812,744.09
TE-001813,1061.14
TE-001814,3893.28
TE-001815,1734.19
TE-001816,3671.26
TE-001817,1785.1
TE-001818,5787.95
TE-001819,2484.0
TE-001820,1342.43
TE-001821,4155.5
TE-001822,5170.08
TE-001823,5747.69
TE-001824,3271.56
TE-001825,610.73
TE-001826,1129.29
TE-001827,349.14
TE-001828,4474.98
TE-001829,262.26
TE-001830,4375.76
TE-001831,748.59
TE-001832,669.38
TE-001833,5593.08
TE-001834,851.2
TE-001835,2995.13
TE-001836,1464.63
TE-001837,3761.7
TE-001838,3321.41
TE-001839,2125.19
TE-001840,1544.24
TE-001841,308.13
TE-001842,4711.88
TE-001843,2198.02
TE-001844,5244.12
TE-001845,2209.24
TE-001846,3121.82
TE-001847,1253.29
TE-001848,3973.55
TE-001849,3205.55
TE-001850,4507.07
TE-001851,4482.32
TE-001852,1668.25
TE-001853,5443.0
TE-001854,672.74
TE-001855,1485.73
TE-001856,5178.28
TE-001857,1281.33
TE-001858,966.86
TE-001859,3588.55
TE-001860,1411.45
TE-001861,1949.36
TE-001862,1113.72
TE-001863,453.01
TE-001864,4301.78
TE-001865,749.0
TE-001866,1895.92
TE-001867,1829.16
TE-001868,4732.31
TE-001869,1844.43
TE-001870,1258.15
TE-001871,1135.77
TE-001872,3957.37
TE-001873,5170.75
TE-001874,1330.4
TE-001875,2642.24
TE-001876,2276.42
TE-001877,1470.76
TE-001878,1345.44
TE-001879,4021.07
TE-001880,574.14
TE-001881,1144.74
TE-001882,2847.76
TE-001883,4801.02
TE-001884,359.2
TE-001885,1047.46
TE-001886,1370.92
TE-001887,455.8
TE-001888,4518.5
TE-001889,1617.87
TE-001890,1588.96
TE-001891,2087.31
TE-001892,2915.0
TE-001893,783.12
TE-001894,1405.53
TE-001895,3116.34
TE-001896,1560.23
TE-001897,2538.91
TE-001898,1734.65
TE-001899,2361.5
TE-001900,4115.39
TE-001901,1458.91
TE-001902,1376.6
TE-001903,2610.64
TE-001904,1695.09
TE-001905,3890.01
TE-001906,3854.54
TE-001907,2425.08
TE-001908,2196.45
TE-001909,964.33
TE-001910,1432.37
TE-001911,828.86
TE-001912,4139.19
TE-001913,1315.76
TE-001914,3517.59
TE-001915,546.32
TE-001916,1270.25
TE-001917,2901.76
TE-001918,1105.07
TE-001919,975.56
TE-001920,1365.11
TE-001921,4092.74
TE-001922,3915.51
TE-001923,1510.09
TE-001924,1706.28
TE-001925,875.62
TE-001926,2051.77
TE-001927,1988.26
TE-001928,3216.6
TE-001929,2013.8
TE-001930,771.96
TE-001931,1335.32
TE-001932,1204.46
TE-001933,2837.86
TE-001934,1638.95
TE-001935,561.67
TE-001936,4116.35
TE-001937,1852.35
TE-001938,3791.69
TE-001939,551.89
TE-001940,3963.37
TE-001941,3461.67
TE-001942,1077.15
TE-001943,563.62
TE-001944,4909.32
TE-001945,4098.52
TE-001946,1943.85
TE-001947,960.2
TE-001948,1260.91
TE-001949,2464.0
TE-001950,1655.06
TE-001951,1603.55
TE-001952,775.72
TE-001953,1665.68
TE-001954,5858.33
TE-001955,1045.95
TE-001956,2185.69
TE-001957,1995.93
TE-001958,4064.83
TE-001959,3539.31
TE-001960,1348.72
TE-001961,1146.62
TE-001962,2627.61
TE-001963,1743.88
TE-001964,2819.27
TE-001965,5123.67
TE-001966,775.43
TE-001967,3680.22
TE-001968,2381.98
TE-001969,800.78
TE-001970,788.33
TE-001971,1778.57
TE-001972,1119.02
TE-001973,4488.07
TE-001974,1107.91
TE-001975,885.02
TE-001976,1973.19
TE-001977,1293.69
TE-001978,1649.66
TE-001979,2712.95
TE-001980,1092.79
TE-001981,794.5
TE-001982,875.08
TE-001983,5988.91
TE-001984,4886.42
TE-001985,2983.74
TE-001986,401.47
TE-001987,806.82
TE-001988,2098.35
TE-001989,2483.89
TE-001990,490.92
TE-001991,2292.51
TE-001992,1753.69
TE-001993,552.65
TE-001994,4024.89
TE-001995,460.24
TE-001996,3679.04
TE-001997,1035.09
TE-001998,2537.11
TE-001999,5559.15
TE-002000,3410.69
TE-002001,4855.9
TE-002002,946.17
TE-002003,2355.39
TE-002004,3275.2
TE-002005,2369.14
TE-002006,1436.82
TE-002007,2097.89
TE-002008,2147.67
TE-002009,229.3
TE-002010,2102.52
TE-002011,2862.5
TE-002012,1742.71
TE-002013,2217.42
TE-002014,1439.42
TE-002015,4122.24
TE-002016,2139.76
TE-002017,2514.35
TE-002018,1035.75
TE-002019,771.52
TE-002020,1053.55
TE-002021,1353.63
TE-002022,521.27
TE-002023,2451.89
TE-002024,2008.37
TE-002025,2026.13
TE-002026,2065.27
TE-002027,1292.47
TE-002028,3164.6
TE-002029,984.04
TE-002030,4694.44
TE-002031,5198.13
TE-002032,1483.4
TE-002033,625.96
TE-002034,1199.49
TE-002035,1065.88
TE-002036,3174.17
TE-002037,1260.33
TE-002038,4255.43
TE-002039,2102.76
TE-002040,531.95
TE-002041,1777.09
TE-002042,4189.37
TE-002043,220.26
TE-002044,1953.98
TE-002045,3706.0
TE-002046,1373.92
TE-002047,2058.27
TE-002048,3127.69
TE-002049,1219.6
TE-002050,1276.23
TE-002051,2331.18
TE-002052,2003.36
TE-002053,3867.04
TE-002054,285.65
TE-002055,3724.04
TE-002056,3695.48
TE-002057,4049.31
TE-002058,2049.26
TE-002059,514.32
TE-002060,4166.41
TE-002061,4068.54
TE-002062,1649.05
TE-002063,3065.48
TE-002064,3970.32
TE-002065,1268.09
TE-002066,3403.47
TE-002067,4106.22
TE-002068,3358.2
TE-002069,5434.12
TE-002070,2494.05
TE-002071,2988.93
TE-002072,2264.76
TE-002073,3862.57
TE-002074,4916.58
TE-002075,3179.22
TE-002076,899.82
TE-002077,1895.53
TE-002078,3835.14
TE-002079,2355.4
TE-002080,1654.72
TE-002081,2376.65
TE-002082,2151.2
TE-002083,5181.12
TE-002084,3361.32
TE-002085,3259.16
TE-002086,3205.01
TE-002087,1176.91
TE-002088,2354.02
TE-002089,1147.16
TE-002090,1624.68
TE-002091,5165.5
TE-002092,2155.67
TE-002093,3540.68
TE-002094,2511.78
TE-002095,801.18
TE-002096,2167.97
TE-002097,2571.38
TE-002098,1654.45
TE-002099,4237.5
TE-002100,2685.17
TE-002101,4313.84
TE-002102,1536.48
TE-002103,1418.53
TE-002104,3504.71
TE-002105,1796.91
TE-002106,874.65
TE-002107,3004.1
TE-002108,1254.03
TE-002109,2362.71
TE-002110,1116.12
TE-002111,1680.99
TE-002112,1583.06
TE-002113,1268.56
TE-002114,4347.71
TE-002115,1301.73
TE-002116,2907.99
TE-002117,3880.68
TE-002118,678.23
TE-002119,612.69
TE-002120,2003.14
TE-002121,3664.81
TE-002122,1913.07
TE-002123,4201.3
TE-002124,4030.07
TE-002125,5696.02
TE-002126,698.93
TE-002127,1103.1
TE-002128,763.83
TE-002129,1678.73
TE-002130,3245.68
TE-002131,4385.01
TE-002132,754.19
TE-002133,5128.32
TE-002134,1121.07
TE-002135,1547.9
TE-002136,1870.53
TE-002137,2152.53
TE-002138,1822.02
TE-002139,4285.82
TE-002140,4724.84
TE-002141,828.7
TE-002142,2299.93
TE-002143,3445.96
TE-002144,1968.64
TE-002145,1497.99
TE-002146,1731.84
TE-002147,1518.04
TE-002148,1748.24
TE-002149,973.36
TE-002150,3061.15
TE-002151,1334.8
TE-002152,1351.4
TE-002153,3215.96
TE-002154,1586.55
TE-002155,603.57
TE-002156,497.5
TE-002157,3531.48
TE-002158,1055.74
TE-002159,4906.13
TE-002160,5175.83
TE-002161,4687.39
TE-002162,2440.93
TE-002163,3768.16
TE-002164,4310.23
TE-002165,2209.95
TE-002166,3363.06
TE-002167,2534.58
TE-002168,2002.23
TE-002169,2167.19
TE-002170,4139.06
TE-002171,2127.04
TE-002172,513.79
TE-002173,789.48
TE-002174,1461.33
TE-002175,1115.47
TE-002176,1903.7
TE-002177,2586.28
TE-002178,530.66
TE-002179,2090.32
TE-002180,4505.8
TE-002181,1901.88
TE-002182,1533.45
TE-002183,4707.87
TE-002184,1153.3
TE-002185,3517.15
TE-002186,5004.17
TE-002187,2644.79
TE-002188,936.59
TE-002189,2079.68
TE-002190,2071.57
TE-002191,3244.5
TE-002192,2569.5
TE-002193,1200.0
TE-002194,2100.7
TE-002195,1335.52
TE-002196,787.51
TE-002197,2902.74
TE-002198,6336.5
TE-002199,1557.59
TE-002200,1952.01
TE-002201,1091.14
TE-002202,2479.77
TE-002203,3348.28
TE-002204,2717.36
TE-002205,1564.93
TE-002206,955.73
TE-002207,1784.41
TE-002208,1376.26
TE-002209,724.95
TE-002210,948.78
TE-002211,1262.72
TE-002212,543.77
TE-002213,1165.42
TE-002214,1787.36
TE-002215,1969.9
TE-002216,1245.1
TE-002217,2724.46
TE-002218,4034.39
TE-002219,1745.58
TE-002220,4187.19
TE-002221,1183.3
TE-002222,3055.57
TE-002223,2027.05
TE-002224,2271.7
TE-002225,1411.83
TE-002226,2506.87
TE-002227,3637.12
TE-002228,1137.69
TE-002229,2595.88
TE-002230,3953.07
TE-002231,4034.35
TE-002232,2360.03
TE-002233,551.36
TE-002234,4514.01
TE-002235,2019.3
TE-002236,991.49
TE-002237,5954.2
TE-002238,4917.54
TE-002239,1950.94
TE-002240,3926.61
TE-002241,4285.09
TE-002242,2160.71
TE-002243,2852.89
TE-002244,2378.96
TE-002245,1832.05
TE-002246,2849.38
TE-002247,368.59
TE-002248,1295.0
TE-002249,1796.71
TE-002250,3762.21
TE-002251,1866.56
TE-002252,1113.62
TE-002253,2880.16
TE-002254,4777.5
TE-002255,2523.36
TE-002256,2133.35
TE-002257,3709.65
TE-002258,1360.42
TE-002259,4530.2
TE-002260,3436.14
TE-002261,1626.68
TE-002262,2404.36
TE-002263,2355.54
TE-002264,4332.03
TE-002265,1553.41
TE-002266,2120.21
TE-002267,3992.4
TE-002268,5551.42
TE-002269,2653.15
TE-002270,1965.56
TE-002271,732.49
TE-002272,1110.21
TE-002273,848.69
TE-002274,4716.23
TE-002275,2960.44
TE-002276,4886.54
TE-002277,1872.52
TE-002278,3297.39
TE-002279,1978.17
TE-002280,5255.48
TE-002281,1646.68
TE-002282,1512.18
TE-002283,6320.86
TE-002284,925.1
TE-002285,1545.23
TE-002286,4856.01
TE-002287,1839.48
TE-002288,3615.45
TE-002289,3372.14
TE-002290,2122.17
TE-002291,3535.5
TE-002292,1560.06
TE-002293,384.36
TE-002294,5237.34
TE-002295,2302.86
TE-002296,4134.79
TE-002297,955.91
TE-002298,3580.91
TE-002299,3760.44
TE-002300,2748.57
TE-002301,1849.96
TE-002302,2475.88
TE-002303,1655.51
TE-002304,3127.88
TE-002305,1547.89
TE-002306,1320.37
TE-002307,1738.03
TE-002308,2376.3
TE-002309,3406.48
TE-002310,1143.16
TE-002311,1925.74
TE-002312,1137.33
TE-002313,2671.59
TE-002314,2192.09
TE-002315,2192.34
TE-002316,5023.8
TE-002317,1611.32
TE-002318,1407.45
TE-002319,1611.46
TE-002320,1284.89
TE-002321,314.92
TE-002322,253.3
TE-002323,2560.71
TE-002324,1238.34
TE-002325,2257.7
TE-002326,5410.26
TE-002327,3804.88
TE-002328,2392.18
TE-002329,1357.15
TE-002330,2314.61
TE-002331,1248.61
TE-002332,1608.23
TE-002333,1439.32
TE-002334,2688.94
TE-002335,1159.63
TE-002336,2037.65
TE-002337,4608.8
TE-002338,3757.68
TE-002339,1969.48
TE-002340,1612.52
TE-002341,1013.43
TE-002342,1246.32
TE-002343,1109.4
TE-002344,1622.93
TE-002345,6558.92
TE-002346,3110.16
TE-002347,4031.69
TE-002348,724.05
TE-002349,738.1
TE-002350,2531.43
TE-002351,5291.87
TE-002352,1994.86
TE-002353,4239.69
TE-002354,1249.46
TE-002355,1788.98
TE-002356,4062.33
TE-002357,3899.17
TE-002358,3783.27
TE-002359,373.61
TE-002360,2822.21
TE-002361,633.99
TE-002362,1896.66
TE-002363,1036.8
TE-002364,2405.67
TE-002365,1003.37
TE-002366,3540.72
TE-002367,1721.42
TE-002368,2087.8
TE-002369,1402.34
TE-002370,1612.98
TE-002371,1377.96
TE-002372,1697.16
TE-002373,3266.48
TE-002374,3513.78
TE-002375,1759.87
TE-002376,1125.73
TE-002377,3594.23
TE-002378,5128.95
TE-002379,1261.33
TE-002380,1083.39
TE-002381,3162.33
TE-002382,1287.7
TE-002383,4623.12
TE-002384,1868.69
TE-002385,2363.43
TE-002386,4377.59
TE-002387,3744.89
TE-002388,2744.73
TE-002389,1253.9
TE-002390,2853.34
TE-002391,1168.46
TE-002392,3634.96
TE-002393,1851.85
TE-002394,1377.16
TE-002395,602.2
TE-002396,1993.03
TE-002397,2575.57
TE-002398,2012.06
TE-002399,3933.25
TE-002400,4200.98
TE-002401,831.17
TE-002402,972.06
TE-002403,1203.98
TE-002404,851.71
TE-002405,1221.34
TE-002406,1178.16
TE-002407,1304.35
TE-002408,1915.7
TE-002409,2332.13
TE-002410,1115.69
TE-002411,4336.33
TE-002412,5783.36
TE-002413,3165.61
TE-002414,1458.58
TE-002415,1826.08
TE-002416,953.11
TE-002417,5881.57
TE-002418,1595.47
TE-002419,3844.1
TE-002420,867.7
TE-002421,2725.17
TE-002422,5169.82
TE-002423,1739.05
TE-002424,716.39
TE-002425,1760.16
TE-002426,4585.42
TE-002427,976.6
TE-002428,2269.12
TE-002429,4135.19
TE-002430,2786.24
TE-002431,3159.18
TE-002432,943.1
TE-002433,968.05
TE-002434,1592.58
TE-002435,4499.22
TE-002436,4317.95
TE-002437,2112.04
TE-002438,2239.74
TE-002439,1151.6
TE-002440,646.3
TE-002441,1386.35
TE-002442,2358.85
TE-002443,2866.44
TE-002444,539.36
TE-002445,1545.7
TE-002446,3250.02
TE-002447,1529.79
TE-002448,2268.04
TE-002449,1430.71
TE-002450,857.78
TE-002451,5210.04
TE-002452,1706.57
TE-002453,4863.28
TE-002454,2070.45
TE-002455,5052.3
TE-002456,1200.69
TE-002457,5501.7
TE-002458,2169.99
TE-002459,4862.74
TE-002460,3327.33
TE-002461,965.16
TE-002462,4322.29
TE-002463,2229.96
TE-002464,4772.19
TE-002465,4152.87
TE-002466,5504.57
TE-002467,2918.99
TE-002468,1596.87
TE-002469,3990.61
TE-002470,2867.65
TE-002471,1669.54
TE-002472,1478.42
TE-002473,782.06
TE-002474,1045.92
TE-002475,1617.83
TE-002476,1171.61
TE-002477,1563.18
TE-002478,1118.94
TE-002479,2469.79
TE-002480,890.44
TE-002481,1252.89
TE-002482,1559.32
TE-002483,5453.29
TE-002484,1362.96
TE-002485,1366.26
TE-002486,1464.97
TE-002487,1389.22
TE-002488,1473.64
TE-002489,1812.48
TE-002490,4465.02
TE-002491,2253.42
TE-002492,1058.0
TE-002493,2651.66
TE-002494,3019.12
TE-002495,3879.19
TE-002496,1002.66
TE-002497,2586.23
TE-002498,2158.3
TE-002499,6037.01
TE-002500,3021.25
TE-002501,3672.81
TE-002502,973.49
TE-002503,2566.98
TE-002504,3341.09
TE-002505,694.42
TE-002506,1916.14
TE-002507,2392.18
TE-002508,2598.0
TE-002509,4734.07
TE-002510,1982.5
TE-002511,1624.9
TE-002512,869.52
TE-002513,3860.24
TE-002514,4047.08
TE-002515,3844.12
TE-002516,5323.24
TE-002517,4211.9
TE-002518,3058.39
TE-002519,4170.5
TE-002520,4119.04
TE-002521,3694.25
TE-002522,847.23
TE-002523,2530.6
TE-002524,1777.8
TE-002525,2041.15
TE-002526,835.87
TE-002527,1621.95
TE-002528,2643.57
TE-002529,587.29
TE-002530,1285.86
TE-002531,1253.89
TE-002532,1043.36
TE-002533,4101.99
TE-002534,1794.3
TE-002535,4483.2
TE-002536,1807.9
TE-002537,3863.21
TE-002538,4760.03
TE-002539,1497.76
TE-002540,3520.47
TE-002541,1344.92
TE-002542,1623.0
TE-002543,3364.49
TE-002544,2623.35
TE-002545,652.02
TE-002546,5315.83
TE-002547,5365.35
TE-002548,330.91
TE-002549,2432.81
TE-002550,520.65
TE-002551,1935.41
TE-002552,2246.68
TE-002553,1602.68
TE-002554,5265.68
TE-002555,1088.67
TE-002556,1066.24
TE-002557,1945.89
TE-002558,4187.54
TE-002559,3642.46
TE-002560,2740.02
TE-002561,855.58
TE-002562,2378.42
TE-002563,497.79
TE-002564,1355.97
TE-002565,2293.99
TE-002566,1814.96
TE-002567,1516.38
TE-002568,3854.42
TE-002569,2529.61
TE-002570,3154.25
TE-002571,4377.27
TE-002572,2683.25
TE-002573,651.76
TE-002574,4304.42
TE-002575,1477.98
TE-002576,3050.72
TE-002577,3064.62
TE-002578,1109.71
TE-002579,3643.7
TE-002580,5357.43
TE-002581,2899.99
TE-002582,1977.48
TE-002583,1939.94
TE-002584,2388.61
TE-002585,2909.26
TE-002586,4013.96
TE-002587,1217.21
TE-002588,452.51
TE-002589,932.81
TE-002590,3483.64
TE-002591,2317.54
TE-002592,861.26
TE-002593,608.59
TE-002594,1254.83
TE-002595,2056.24
TE-002596,3591.59
TE-002597,1045.6
TE-002598,2873.84
TE-002599,2307.24
TE-002600,3268.56
TE-002601,909.59
TE-002602,5079.81
TE-002603,2032.37
TE-002604,4801.11
TE-002605,763.51
TE-002606,1318.86
TE-002607,1663.63
TE-002608,4547.11
TE-002609,3241.05
TE-002610,1600.32
TE-002611,2554.35
TE-002612,2512.56
TE-002613,5966.53
TE-002614,775.73
TE-002615,1543.7
TE-002616,3259.0
TE-002617,2078.44
TE-002618,1220.7
TE-002619,1137.73
TE-002620,2531.15
TE-002621,1164.69
TE-002622,2097.94
TE-002623,918.02
TE-002624,1203.1
TE-002625,2795.37
TE-002626,427.12
TE-002627,1919.37
TE-002628,459.52
TE-002629,2937.7
TE-002630,4031.41
TE-002631,747.96
TE-002632,223.36
TE-002633,1455.98
TE-002634,2174.23
TE-002635,5220.92
TE-002636,2239.34
TE-002637,1477.68
TE-002638,528.48
TE-002639,1832.59
TE-002640,2738.76
TE-002641,5397.35
TE-002642,2686.12
TE-002643,3211.02
TE-002644,945.84
TE-002645,3079.96
TE-002646,1078.77
TE-002647,1396.87
TE-002648,1856.08
TE-002649,3952.26
TE-002650,1537.05
TE-002651,2735.15
TE-002652,1789.61
TE-002653,2907.61
TE-002654,1118.43
TE-002655,1729.65
TE-002656,1788.31
TE-002657,1966.82
TE-002658,4139.9
TE-002659,1482.28
TE-002660,3294.16
TE-002661,1604.25
TE-002662,1979.96
TE-002663,815.15
TE-002664,5383.58
TE-002665,2579.41
TE-002666,1903.69
TE-002667,249.05
TE-002668,2961.41
TE-002669,1624.11
TE-002670,1444.09
TE-002671,3550.07
TE-002672,511.03
TE-002673,3858.85
TE-002674,1675.99
TE-002675,3043.85
TE-002676,5815.56
TE-002677,1775.95
TE-002678,2412.77
TE-002679,3856.83
TE-002680,1672.96
TE-002681,536.85
TE-002682,5483.15
TE-002683,1160.8
TE-002684,6132.29
TE-002685,1250.2
TE-002686,2771.01
TE-002687,873.87
TE-002688,2527.95
TE-002689,1864.82
TE-002690,1505.47
TE-002691,5154.01
TE-002692,3951.36
TE-002693,2973.86
TE-002694,1954.01
TE-002695,1498.83
TE-002696,1645.7
TE-002697,1070.08
TE-002698,1824.9
TE-002699,4725.97
TE-002700,374.8
TE-002701,1862.85
TE-002702,4715.7
TE-002703,2046.07
TE-002704,540.75
TE-002705,1289.39
TE-002706,3660.72
TE-002707,922.94
TE-002708,1458.5
TE-002709,780.06
TE-002710,2966.27
TE-002711,1392.9
TE-002712,1951.56
TE-002713,1136.5
TE-002714,1364.96
TE-002715,620.48
TE-002716,1324.35
TE-002717,687.0
TE-002718,1031.61
TE-002719,2168.42
TE-002720,2283.27
TE-002721,4705.67
TE-002722,2470.85
TE-002723,1528.93
TE-002724,2423.87
TE-002725,2806.12
TE-002726,982.82
TE-002727,5165.69
TE-002728,4301.6
TE-002729,4591.55
TE-002730,3195.72
TE-002731,1499.11
TE-002732,2736.44
TE-002733,2124.94
TE-002734,3730.32
TE-002735,576.42
TE-002736,3393.79
TE-002737,3499.73
TE-002738,4146.28
TE-002739,1109.66
TE-002740,5219.32
TE-002741,641.3
TE-002742,629.61
TE-002743,639.97
TE-002744,1557.85
TE-002745,1561.52
TE-002746,4005.48
TE-002747,3354.92
TE-002748,843.33
TE-002749,599.68
TE-002750,4218.9
TE-002751,1616.87
TE-002752,1926.52
TE-002753,2015.41
TE-002754,591.79
TE-002755,2274.8
TE-002756,970.87
TE-002757,630.9
TE-002758,1024.61
TE-002759,2173.94
TE-002760,3468.42
TE-002761,635.87
TE-002762,2117.67
TE-002763,1511.7
TE-002764,2368.21
TE-002765,956.28
TE-002766,2116.55
TE-002767,2121.33
TE-002768,3040.29
TE-002769,619.48
TE-002770,3622.57
TE-002771,3922.05
TE-002772,2283.81
TE-002773,1028.19
TE-002774,1619.0
TE-002775,3731.72
TE-002776,4984.14
TE-002777,1706.28
TE-002778,2075.8
TE-002779,5598.17
TE-002780,2214.94
TE-002781,1605.99
TE-002782,2306.68
TE-002783,1069.58
TE-002784,1551.46
TE-002785,4036.21
TE-002786,4236.05
TE-002787,1795.86
TE-002788,941.92
TE-002789,3616.37
TE-002790,2386.31
TE-002791,3687.8
TE-002792,626.1
TE-002793,2481.85
TE-002794,802.54
TE-002795,1339.2
TE-002796,390.9
TE-002797,3663.07
TE-002798,4143.4
TE-002799,2377.26
TE-002800,3001.25
TE-002801,2514.71
TE-002802,1507.55
TE-002803,459.83
TE-002804,2168.02
TE-002805,2169.94
TE-002806,5366.69
TE-002807,780.02
TE-002808,1061.82
TE-002809,3864.67
TE-002810,5680.05
TE-002811,4386.07
TE-002812,1908.65
TE-002813,645.91
TE-002814,955.2
TE-002815,2927.87
TE-002816,1943.61
TE-002817,3924.46
TE-002818,1181.14
TE-002819,2269.4
TE-002820,5462.25
TE-002821,2169.1
TE-002822,906.13
TE-002823,2283.14
TE-002824,1787.36
TE-002825,2406.66
TE-002826,824.41
TE-002827,1675.08
TE-002828,2961.4
TE-002829,1426.76
TE-002830,1728.46
TE-002831,757.02
TE-002832,1697.85
TE-002833,2486.13
TE-002834,2547.38
TE-002835,2387.6
TE-002836,1310.87
TE-002837,1289.14
TE-002838,2020.61
TE-002839,4697.88
TE-002840,342.67
TE-002841,1172.92
TE-002842,4346.17
TE-002843,996.1
TE-002844,508.64
TE-002845,4346.06
TE-002846,639.6
TE-002847,2516.08
TE-002848,3402.44
TE-002849,5264.34
TE-002850,3781.32
TE-002851,906.97
TE-002852,903.58
TE-002853,1457.73
TE-002854,4119.22
TE-002855,559.84
TE-002856,878.93
TE-002857,2615.92
TE-002858,3156.38
TE-002859,3216.06
TE-002860,3032.58
TE-002861,1154.75
TE-002862,2065.47
TE-002863,2298.18
TE-002864,2766.3
TE-002865,2401.16
TE-002866,549.34
TE-002867,3924.12
TE-002868,1921.09
TE-002869,2011.71
TE-002870,1454.63
TE-002871,2586.67
TE-002872,1709.16
TE-002873,1184.5
TE-002874,5551.63
TE-002875,1184.15
TE-002876,3953.17
TE-002877,3332.9
TE-002878,585.07
TE-002879,4181.72
TE-002880,3059.51
TE-002881,1086.13
TE-002882,1225.95
TE-002883,1515.59
TE-002884,2034.63
TE-002885,4335.59
TE-002886,4590.99
TE-002887,2185.2
TE-002888,1751.42
TE-002889,471.56
TE-002890,2311.97
TE-002891,2506.6
TE-002892,1358.15
TE-002893,1245.25
TE-002894,850.61
TE-002895,4387.89
TE-002896,2321.18
TE-002897,2140.24
TE-002898,546.09
TE-002899,4396.54
TE-002900,1800.84
TE-002901,2107.89
TE-002902,2541.98
TE-002903,2379.52
TE-002904,3292.93
TE-002905,767.05
TE-002906,1658.63
TE-002907,741.28
TE-002908,211.28
TE-002909,4648.97
TE-002910,6085.06
TE-002911,2370.82
TE-002912,4695.2
TE-002913,2669.76
TE-002914,1794.19
TE-002915,2416.22
TE-002916,1926.84
TE-002917,5074.02
TE-002918,1962.51
TE-002919,3274.3
TE-002920,1624.81
TE-002921,1288.44
TE-002922,1039.58
TE-002923,805.21
TE-002924,4084.52
TE-002925,5353.34
TE-002926,2368.85
TE-002927,1468.92
TE-002928,931.66
TE-002929,4718.9
TE-002930,755.83
TE-002931,5967.46
TE-002932,745.01
TE-002933,1232.66
TE-002934,1951.19
TE-002935,589.51
TE-002936,2538.0
TE-002937,1592.36
TE-002938,1782.62
TE-002939,1716.09
TE-002940,2228.87
TE-002941,3092.27
TE-002942,3790.36
TE-002943,3150.53
TE-002944,3713.26
TE-002945,3300.64
TE-002946,2904.81
TE-002947,2092.82
TE-002948,4037.16
TE-002949,1108.96
TE-002950,1017.24
TE-002951,1751.64
TE-002952,2254.39
TE-002953,1709.72
TE-002954,2690.5
TE-002955,1821.29
TE-002956,1764.25
TE-002957,2716.16
TE-002958,2398.37
TE-002959,2832.12
TE-002960,3713.69
TE-002961,1726.35
TE-002962,2280.9
TE-002963,1673.95
TE-002964,1638.6
TE-002965,970.19
TE-002966,1970.08
TE-002967,2077.63
TE-002968,1462.47
TE-002969,3045.16
TE-002970,3254.56
TE-002971,3142.52
TE-002972,5393.11
TE-002973,1047.11
TE-002974,1680.77
TE-002975,4655.27
TE-002976,2371.14
TE-002977,1051.03
TE-002978,1423.08
TE-002979,1591.39
TE-002980,991.42
TE-002981,1090.39
TE-002982,1466.42
TE-002983,2444.09
TE-002984,2450.97
TE-002985,2985.27
TE-002986,4730.98
TE-002987,5093.71
TE-002988,2534.88
TE-002989,5550.92
TE-002990,1551.51
TE-002991,1228.16
TE-002992,4833.71
TE-002993,576.8
TE-002994,867.01
TE-002995,4016.66
TE-002996,3811.74
TE-002997,1185.18
TE-002998,889.9
TE-002999,5492.29
TE-003000,442.79
TE-003001,2560.69
TE-003002,1526.27
TE-003003,2400.43
TE-003004,3317.03
TE-003005,2611.01
TE-003006,4887.47
TE-003007,211.34
TE-003008,2069.22
TE-003009,1716.2
TE-003010,2966.85
TE-003011,4512.24
TE-003012,2402.72
TE-003013,1895.4
TE-003014,3832.81
TE-003015,2112.11
TE-003016,1927.99
TE-003017,1756.89
TE-003018,1248.39
TE-003019,4750.85
TE-003020,2029.65
TE-003021,5003.46
TE-003022,4489.53
TE-003023,1234.14
TE-003024,1809.72
TE-003025,4412.51
TE-003026,1985.43
TE-003027,5175.33
TE-003028,2726.12
TE-003029,3715.02
TE-003030,758.06
TE-003031,2542.66
TE-003032,5873.4
TE-003033,389.84
TE-003034,3415.65
TE-003035,4956.88
TE-003036,3563.57
TE-003037,4704.64
TE-003038,1822.61
TE-003039,1593.42
TE-003040,730.81
TE-003041,3585.56
TE-003042,4392.56
TE-003043,2455.47
TE-003044,2959.14
TE-003045,3718.74
TE-003046,1384.51
TE-003047,978.74
TE-003048,4698.14
TE-003049,1356.83
TE-003050,1188.41
TE-003051,1963.64
TE-003052,454.64
TE-003053,1619.61
TE-003054,3235.22
TE-003055,970.14
TE-003056,2737.04
TE-003057,2290.54
TE-003058,1386.7
TE-003059,1373.45
TE-003060,3961.24
TE-003061,4192.88
TE-003062,1084.34
TE-003063,875.48
TE-003064,870.89
TE-003065,2181.82
TE-003066,1984.17
TE-003067,2548.7
TE-003068,4911.97
TE-003069,3087.97
TE-003070,2230.4
TE-003071,1243.83
TE-003072,1736.62
TE-003073,1919.16
TE-003074,510.17
TE-003075,3430.16
TE-003076,5984.68
TE-003077,901.23
TE-003078,1355.06
TE-003079,1067.25
TE-003080,2054.53
TE-003081,4996.39
TE-003082,1258.53
TE-003083,2032.1
TE-003084,959.71
TE-003085,4136.77
TE-003086,2469.35
TE-003087,1160.91
TE-003088,2132.65
TE-003089,3348.33
TE-003090,3090.55
TE-003091,2351.52
TE-003092,2077.66
TE-003093,4861.39
TE-003094,1493.32
TE-003095,1980.44
TE-003096,4063.12
TE-003097,5136.58
TE-003098,1413.77
TE-003099,1488.46
TE-003100,2942.4
TE-003101,4247.67
TE-003102,3607.32
TE-003103,2004.1
TE-003104,2215.92
TE-003105,2036.92
TE-003106,648.28
TE-003107,2220.61
TE-003108,2390.21
TE-003109,1670.75
TE-003110,1656.53
TE-003111,2145.55
TE-003112,4814.39
TE-003113,2379.75
TE-003114,4575.14
TE-003115,2485.1
TE-003116,1752.26
TE-003117,865.89
TE-003118,1400.23
TE-003119,2871.89
TE-003120,1319.9
TE-003121,1315.92
TE-003122,1137.34
TE-003123,4534.06
TE-003124,814.63
TE-003125,3649.12
TE-003126,1059.83
TE-003127,2850.49
TE-003128,2631.23
TE-003129,577.61
TE-003130,5179.4
TE-003131,3685.41
TE-003132,590.67
TE-003133,774.36
TE-003134,2637.75
TE-003135,613.62
TE-003136,3484.77
TE-003137,1584.67
TE-003138,1244.62
TE-003139,862.47
TE-003140,4281.62
TE-003141,4195.27
TE-003142,702.53
TE-003143,608.52
TE-003144,5341.92
TE-003145,2567.14
TE-003146,1959.03
TE-003147,3275.03
TE-003148,2012.93
TE-003149,1055.39
TE-003150,2249.47
TE-003151,1677.31
TE-003152,3725.98
TE-003153,853.35
TE-003154,3106.47
TE-003155,1014.23
TE-003156,1626.49
TE-003157,3360.74
TE-003158,4293.75
TE-003159,5432.93
TE-003160,1468.87
TE-003161,3045.28
TE-003162,2788.45
TE-003163,1118.82
TE-003164,1035.32
TE-003165,2074.59
TE-003166,3270.45
TE-003167,1772.51
TE-003168,6090.5
TE-003169,2551.28
TE-003170,1013.87
TE-003171,1916.0
TE-003172,1600.43
TE-003173,1742.73
TE-003174,837.65
TE-003175,2790.59
TE-003176,217.45
TE-003177,1759.87
TE-003178,1776.83
TE-003179,1060.82
TE-003180,794.8
TE-003181,1484.32
TE-003182,2898.7
TE-003183,1768.21
TE-003184,2588.82
TE-003185,1109.95
TE-003186,2000.51
TE-003187,1669.98
TE-003188,704.33
TE-003189,244.3
TE-003190,5678.38
TE-003191,1187.04
TE-003192,509.0
TE-003193,1925.52
TE-003194,4867.95
TE-003195,5052.84
TE-003196,2014.42
TE-003197,4985.58
TE-003198,3925.54
TE-003199,4639.82
TE-003200,3871.45
TE-003201,2826.84
TE-003202,430.42
TE-003203,1239.17
TE-003204,3985.71
TE-003205,2188.16
TE-003206,1254.05
TE-003207,1599.66
TE-003208,894.05
TE-003209,1469.15
TE-003210,5432.16
TE-003211,1502.35
TE-003212,3492.07
TE-003213,628.08
TE-003214,2811.11
TE-003215,3848.34
TE-003216,5146.95
TE-003217,1805.74
TE-003218,4317.66
TE-003219,667.44
TE-003220,2022.54
TE-003221,505.92
TE-003222,2579.33
TE-003223,2006.95
TE-003224,1163.82
TE-003225,4958.68
TE-003226,1165.17
TE-003227,2187.11
TE-003228,4157.42
TE-003229,1889.66
TE-003230,2370.33
TE-003231,3717.88
TE-003232,1618.69
TE-003233,1287.31
TE-003234,4011.35
TE-003235,5201.22
TE-003236,2883.31
TE-003237,4291.33
TE-003238,1361.88
TE-003239,686.8
TE-003240,2660.92
TE-003241,2934.89
TE-003242,3396.97
TE-003243,4116.0
TE-003244,1278.6
TE-003245,4501.86
TE-003246,1765.92
TE-003247,2283.55
TE-003248,1579.11
TE-003249,1283.61
TE-003250,361.56
TE-003251,2241.03
TE-003252,1879.67
TE-003253,3465.36
TE-003254,3190.22
TE-003255,3550.65
TE-003256,2723.45
TE-003257,995.33
TE-003258,352.37
TE-003259,1949.13
TE-003260,589.31
TE-003261,1961.38
TE-003262,2481.13
TE-003263,1533.91
TE-003264,1351.18
TE-003265,2793.45
TE-003266,797.43
TE-003267,1124.01
TE-003268,1113.29
TE-003269,1501.26
TE-003270,2367.84
TE-003271,916.37
TE-003272,2144.2
TE-003273,2168.93
TE-003274,554.95
TE-003275,1918.2
TE-003276,4941.33
TE-003277,1262.41
TE-003278,490.01
TE-003279,3731.89
TE-003280,1956.43
TE-003281,2537.79
TE-003282,3769.65
TE-003283,1149.46
TE-003284,1356.38
TE-003285,2283.84
TE-003286,2897.32
TE-003287,1465.73
TE-003288,947.09
TE-003289,1165.73
TE-003290,5056.51
TE-003291,1740.92
TE-003292,1679.79
TE-003293,2196.81
TE-003294,3605.86
TE-003295,2986.09
TE-003296,3174.5
TE-003297,2945.24
TE-003298,1040.41
TE-003299,1899.5
TE-003300,3305.33
TE-003301,1817.79
TE-003302,2266.56
TE-003303,2492.45
TE-003304,1137.93
TE-003305,4003.44
TE-003306,3736.83
TE-003307,1502.49
TE-003308,1925.15
TE-003309,878.14
TE-003310,2535.26
TE-003311,6062.39
TE-003312,3233.52
TE-003313,809.73
TE-003314,621.4
TE-003315,3285.34
TE-003316,2038.59
TE-003317,2556.83
TE-003318,1015.76
TE-003319,4924.75
TE-003320,3544.44
TE-003321,875.73
TE-003322,774.7
TE-003323,1571.7
TE-003324,1390.76
TE-003325,4264.18
TE-003326,669.17
TE-003327,1452.68
TE-003328,769.93
TE-003329,2177.06
TE-003330,559.47
TE-003331,4300.55
TE-003332,924.97
TE-003333,2809.04
TE-003334,1078.32
TE-003335,1562.63
TE-003336,2240.78
TE-003337,1273.1
TE-003338,2202.88
TE-003339,1134.46
TE-003340,2851.74
TE-003341,4299.17
TE-003342,5556.45
TE-003343,2918.07
TE-003344,1509.67
TE-003345,3977.4
TE-003346,2895.81
TE-003347,592.97
TE-003348,3333.28
TE-003349,4222.15
TE-003350,1202.78
TE-003351,4187.0
TE-003352,2347.66
TE-003353,1811.15
TE-003354,2355.4
TE-003355,4280.96
TE-003356,4145.78
TE-003357,4276.81
TE-003358,619.32
TE-003359,981.52
TE-003360,2473.73
TE-003361,1919.62
TE-003362,3594.22
TE-003363,1298.26
TE-003364,3956.65
TE-003365,2604.96
TE-003366,1720.13
TE-003367,1398.78
TE-003368,4077.14
TE-003369,419.89
TE-003370,2953.65
TE-003371,4311.09
TE-003372,3612.59
TE-003373,1814.63
TE-003374,6509.75
TE-003375,3327.03
TE-003376,1827.15
TE-003377,5013.53
TE-003378,4608.19
TE-003379,998.19
TE-003380,829.11
TE-003381,5503.32
TE-003382,1250.4
TE-003383,5457.16
TE-003384,2957.02
TE-003385,1514.11
TE-003386,2974.06
TE-003387,2102.96
TE-003388,1314.81
TE-003389,783.65
TE-003390,2239.89
TE-003391,2021.65
TE-003392,2213.45
TE-003393,1731.5
TE-003394,3898.38
TE-003395,1362.59
TE-003396,1816.74
TE-003397,4752.82
TE-003398,3655.87
TE-003399,1942.17
TE-003400,1712.8
TE-003401,1368.24
TE-003402,5714.67
TE-003403,4176.84
TE-003404,2549.29
TE-003405,1106.28
TE-003406,591.88
TE-003407,2264.55
TE-003408,2742.91
TE-003409,4156.68
TE-003410,1086.38
TE-003411,2454.65
TE-003412,2250.05
TE-003413,1693.09
TE-003414,1981.39
TE-003415,4639.92
TE-003416,1512.75
TE-003417,768.98
TE-003418,1273.54
TE-003419,1618.92
TE-003420,3826.99
TE-003421,1086.54
TE-003422,1778.47
TE-003423,5384.23
TE-003424,5472.7
TE-003425,1861.8
TE-003426,827.16
TE-003427,1366.73
TE-003428,3585.35
TE-003429,2076.53
TE-003430,534.73
TE-003431,1118.47
TE-003432,2338.67
TE-003433,850.86
TE-003434,1473.38
TE-003435,1900.88
TE-003436,1771.51
TE-003437,4380.72
TE-003438,1557.51
TE-003439,389.93
TE-003440,697.98
TE-003441,4481.9
TE-003442,2539.36
TE-003443,2900.1
TE-003444,1249.23
TE-003445,556.29
TE-003446,757.62
TE-003447,1874.8
TE-003448,5715.73
TE-003449,2506.53
TE-003450,612.08
TE-003451,5168.93
TE-003452,222.58
TE-003453,1271.85
TE-003454,535.7
TE-003455,2356.5
TE-003456,1175.04
TE-003457,1745.99
TE-003458,2415.29
TE-003459,3985.21
TE-003460,5601.61
TE-003461,1399.71
TE-003462,2988.03
TE-003463,2350.2
TE-003464,1011.31
TE-003465,1901.96
TE-003466,2066.98
TE-003467,4221.55
TE-003468,5187.02
TE-003469,3131.53
TE-003470,964.62
TE-003471,3675.01
TE-003472,4646.01
TE-003473,2402.01
TE-003474,1391.46
TE-003475,3554.72
TE-003476,4593.4
TE-003477,1486.9
TE-003478,3660.41
TE-003479,1737.8
TE-003480,2417.4
TE-003481,1145.63
TE-003482,784.74
TE-003483,1492.4
TE-003484,923.57
TE-003485,1422.52
TE-003486,3072.32
TE-003487,1098.68
TE-003488,678.47
TE-003489,915.8
TE-003490,1054.73
TE-003491,1816.65
TE-003492,3185.93
TE-003493,2114.08
TE-003494,996.05
TE-003495,3352.85
TE-003496,4543.13
TE-003497,1294.77
TE-003498,2967.49
TE-003499,2042.9
TE-003500,3792.82
TE-003501,4016.87
TE-003502,4317.57
TE-003503,473.97
TE-003504,4531.72
TE-003505,791.94
TE-003506,4382.96
TE-003507,3106.1
TE-003508,3765.32
TE-003509,3186.99
TE-003510,4293.58
TE-003511,3708.76
TE-003512,2417.54
TE-003513,2264.25
TE-003514,3715.14
TE-003515,2994.99
TE-003516,3061.09
TE-003517,3471.37
TE-003518,2636.4
TE-003519,1385.13
TE-003520,1416.15
TE-003521,1165.11
TE-003522,1501.2
TE-003523,850.96
TE-003524,2166.79
TE-003525,2072.23
TE-003526,3910.38
TE-003527,1236.65
TE-003528,3258.68
TE-003529,3663.16
TE-003530,346.89
TE-003531,1365.14
TE-003532,2516.03
TE-003533,3096.5
TE-003534,5673.02
TE-003535,673.15
TE-003536,4469.2
TE-003537,5125.57
TE-003538,960.78
TE-003539,1771.06
TE-003540,895.31
TE-003541,1421.0
TE-003542,380.28
TE-003543,1055.71
TE-003544,885.96
TE-003545,2406.98
TE-003546,1606.11
TE-003547,4294.49
TE-003548,4238.92
TE-003549,673.79
TE-003550,1224.74
TE-003551,1474.19
TE-003552,1411.6
TE-003553,4992.43
TE-003554,2088.7
TE-003555,2660.96
TE-003556,415.89
TE-003557,3094.94
TE-003558,3353.09
TE-003559,3848.5
TE-003560,4523.98
TE-003561,1577.64
TE-003562,5887.49
TE-003563,3256.02
TE-003564,3927.8
TE-003565,2216.12
TE-003566,2632.9
TE-003567,2959.46
TE-003568,2846.82
TE-003569,1630.56
TE-003570,3042.53
TE-003571,2867.61
TE-003572,801.24
TE-003573,5559.58
TE-003574,3649.56
TE-003575,3573.2
TE-003576,4293.46
TE-003577,861.85
TE-003578,1675.3
TE-003579,2004.05
TE-003580,540.01
TE-003581,1276.63
TE-003582,1617.06
TE-003583,480.66
TE-003584,803.5
TE-003585,2139.4
TE-003586,2504.0
TE-003587,1321.31
TE-003588,2702.68
TE-003589,2446.11
TE-003590,1327.01
TE-003591,4804.04
TE-003592,1782.57
TE-003593,284.52
TE-003594,618.32
TE-003595,2295.68
TE-003596,2057.22
TE-003597,2497.77
TE-003598,478.44
TE-003599,959.48
TE-003600,1093.33
TE-003601,2277.47
TE-003602,4311.92
TE-003603,3986.48
TE-003604,734.35
TE-003605,1016.84
TE-003606,1490.55
TE-003607,3858.46
TE-003608,5329.49
TE-003609,1122.21
TE-003610,3406.5
TE-003611,4052.55
TE-003612,1149.56
TE-003613,3193.31
TE-003614,5140.52
TE-003615,3710.33
TE-003616,2508.09
TE-003617,1526.36
TE-003618,4689.52
TE-003619,545.0
TE-003620,3336.27
TE-003621,1574.66
TE-003622,1999.96
TE-003623,2380.1
TE-003624,2464.11
TE-003625,792.67
TE-003626,4056.9
TE-003627,468.94
TE-003628,1967.78
TE-003629,2962.22
TE-003630,1614.13
TE-003631,4659.7
TE-003632,2189.83
TE-003633,1921.47
TE-003634,3999.5
TE-003635,1274.42
TE-003636,3291.09
TE-003637,3407.92
TE-003638,3096.73
TE-003639,1056.26
TE-003640,1499.06
TE-003641,376.11
TE-003642,1012.53
TE-003643,798.29
TE-003644,854.23
TE-003645,727.34
TE-003646,2338.39
TE-003647,2077.07
TE-003648,792.23
TE-003649,2381.1
TE-003650,1578.06
TE-003651,640.91
TE-003652,2993.63
TE-003653,2371.72
TE-003654,1316.06
TE-003655,1056.24
TE-003656,1444.32
TE-003657,3707.87
TE-003658,352.48
TE-003659,1554.11
TE-003660,2628.36
TE-003661,1448.18
TE-003662,1727.3
TE-003663,917.9
TE-003664,3349.98
TE-003665,2088.4
TE-003666,635.62
TE-003667,1755.96
TE-003668,634.38
TE-003669,3454.02
TE-003670,2182.03
TE-003671,1481.85
TE-003672,2267.19
TE-003673,710.56
TE-003674,4534.1
TE-003675,3306.74
TE-003676,645.14
TE-003677,2304.51
TE-003678,841.11
TE-003679,825.86
TE-003680,3815.37
TE-003681,1999.96
TE-003682,1471.78
TE-003683,2072.1
TE-003684,1370.83
TE-003685,2529.13
TE-003686,879.43
TE-003687,3793.79
TE-003688,1299.81
TE-003689,4860.0
TE-003690,840.06
TE-003691,1942.4
TE-003692,2365.51
TE-003693,3337.83
TE-003694,458.18
TE-003695,4058.55
TE-003696,714.66
TE-003697,501.85
TE-003698,4439.15
TE-003699,811.71
TE-003700,1953.23
TE-003701,2246.77
TE-003702,2115.07
TE-003703,3706.92
TE-003704,2878.02
TE-003705,2216.8
TE-003706,2870.14
TE-003707,4264.87
TE-003708,2498.43
TE-003709,1068.27
TE-003710,2254.46
TE-003711,2481.92
TE-003712,1650.89
TE-003713,3689.63
TE-003714,4653.82
TE-003715,3965.03
TE-003716,375.59
TE-003717,1126.96
TE-003718,1504.85
TE-003719,1558.77
TE-003720,3087.26
TE-003721,2425.93
TE-003722,788.48
TE-003723,674.62
TE-003724,2264.35
TE-003725,1286.03
TE-003726,2576.31
TE-003727,6193.24
TE-003728,1254.07
TE-003729,2317.28
TE-003730,1580.62
TE-003731,4739.6
TE-003732,3489.79
TE-003733,596.68
TE-003734,2245.97
TE-003735,3263.72
TE-003736,1989.27
TE-003737,623.37
TE-003738,774.84
TE-003739,1640.07
TE-003740,3405.55
TE-003741,646.87
TE-003742,2395.86
TE-003743,827.38
TE-003744,5053.4
TE-003745,1486.33
TE-003746,5263.52
TE-003747,2470.76
TE-003748,2050.97
TE-003749,1161.79
TE-003750,541.32
TE-003751,4597.71
TE-003752,1373.02
TE-003753,1239.59
TE-003754,1881.4
TE-003755,1375.79
TE-003756,3119.28
TE-003757,1488.79
TE-003758,1550.84
TE-003759,4597.33
TE-003760,3638.06
TE-003761,422.31
TE-003762,1141.19
TE-003763,792.94
TE-003764,5139.83
TE-003765,2246.89
TE-003766,552.64
TE-003767,3786.26
TE-003768,1041.36
TE-003769,2329.2
TE-003770,4142.76
TE-003771,2170.81
TE-003772,1656.54
TE-003773,3830.59
TE-003774,754.15
TE-003775,772.6
TE-003776,785.16
TE-003777,1075.25
TE-003778,893.75
TE-003779,771.58
TE-003780,1400.21
TE-003781,3691.76
TE-003782,3350.82
TE-003783,1316.53
TE-003784,1357.6
TE-003785,935.5
TE-003786,1713.44
TE-003787,1784.91
TE-003788,1210.44
TE-003789,3599.77
TE-003790,2153.38
TE-003791,1443.85
TE-003792,1741.61
TE-003793,363.7
TE-003794,3993.84
TE-003795,847.15
TE-003796,4537.92
TE-003797,3399.82
TE-003798,2469.87
TE-003799,3947.6
TE-003800,1997.95
TE-003801,536.52
TE-003802,1714.65
TE-003803,1732.09
TE-003804,1953.94
TE-003805,1811.22
TE-003806,1204.72
TE-003807,2890.2
TE-003808,1569.33
TE-003809,2555.47
TE-003810,1848.86
TE-003811,1817.14
TE-003812,3838.72
TE-003813,2054.03
TE-003814,3834.28
TE-003815,957.23
TE-003816,1517.52
TE-003817,2135.95
TE-003818,1342.64
TE-003819,2922.21
TE-003820,2048.41
TE-003821,2241.4
TE-003822,4283.5
TE-003823,3522.5
TE-003824,1967.96
TE-003825,3930.95
TE-003826,4183.37
TE-003827,965.13
TE-003828,1445.38
TE-003829,1545.44
TE-003830,1145.61
TE-003831,4534.98
TE-003832,4374.52
TE-003833,2254.18
TE-003834,2351.49
TE-003835,5410.81
TE-003836,1863.96
TE-003837,3412.23
TE-003838,1756.07
TE-003839,1854.13
TE-003840,3322.88
TE-003841,1527.33
TE-003842,483.65
TE-003843,2914.81
TE-003844,1664.19
TE-003845,1605.48
TE-003846,3369.61
TE-003847,1528.86
TE-003848,3456.65
TE-003849,3840.77
TE-003850,1844.04
TE-003851,812.38
TE-003852,2374.61
TE-003853,4127.91
TE-003854,2192.46
TE-003855,1607.51
TE-003856,1738.3
TE-003857,380.83
TE-003858,3997.0
TE-003859,4027.34
TE-003860,1637.63
TE-003861,2195.5
TE-003862,3829.19
TE-003863,6114.19
TE-003864,215.03
TE-003865,806.44
TE-003866,1224.8
TE-003867,1110.91
TE-003868,2147.56
TE-003869,3150.1
TE-003870,3124.81
TE-003871,4665.77
TE-003872,1806.54
TE-003873,3820.36
TE-003874,2192.48
TE-003875,3529.71
TE-003876,3624.62
TE-003877,1993.71
TE-003878,1586.18
TE-003879,3674.7
TE-003880,2304.45
TE-003881,2563.83
TE-003882,2357.95
TE-003883,600.18
TE-003884,3263.89
TE-003885,3746.99
TE-003886,1977.87
TE-003887,970.15
TE-003888,2716.44
TE-003889,468.5
TE-003890,1294.55
TE-003891,3376.25
TE-003892,1568.88
TE-003893,3800.65
TE-003894,6059.71
TE-003895,1482.37
TE-003896,3300.56
TE-003897,492.56
TE-003898,1162.89
TE-003899,1491.72
TE-003900,1154.17
TE-003901,1148.74
TE-003902,892.63
TE-003903,2877.7
TE-003904,847.06
TE-003905,3035.05
TE-003906,4676.43
TE-003907,5025.31
TE-003908,3951.48
TE-003909,1731.09
TE-003910,1462.91
TE-003911,827.45
TE-003912,877.67
TE-003913,246.7
TE-003914,4331.89
TE-003915,4176.99
TE-003916,969.5
TE-003917,899.5
TE-003918,1272.24
TE-003919,2348.02
TE-003920,2528.63
TE-003921,2091.76
TE-003922,3443.86
TE-003923,2211.38
TE-003924,4907.28
TE-003925,4398.02
TE-003926,4176.15
TE-003927,381.38
TE-003928,3587.02
TE-003929,3569.18
TE-003930,787.47
TE-003931,4412.09
TE-003932,583.49
TE-003933,1454.81
TE-003934,1130.09
TE-003935,1495.11
TE-003936,2262.94
TE-003937,1300.53
TE-003938,3474.45
TE-003939,2400.99
TE-003940,1848.34
TE-003941,1380.89
TE-003942,683.46
TE-003943,628.31
TE-003944,2487.05
TE-003945,1170.69
TE-003946,884.74
TE-003947,572.26
TE-003948,2395.99
TE-003949,2324.55
TE-003950,2050.83
TE-003951,1369.71
TE-003952,1542.33
TE-003953,560.42
TE-003954,1912.3
TE-003955,1014.91
TE-003956,628.93
TE-003957,648.48
TE-003958,1887.34
TE-003959,1999.91
TE-003960,2589.04
TE-003961,1741.91
TE-003962,1047.32
TE-003963,3131.98
TE-003964,2823.61
TE-003965,1021.77
TE-003966,2272.82
TE-003967,4070.87
TE-003968,2282.45
TE-003969,2889.83
TE-003970,3062.52
TE-003971,750.29
TE-003972,2541.28
TE-003973,2182.1
TE-003974,2199.79
TE-003975,1804.86
TE-003976,1616.83
TE-003977,3519.28
TE-003978,1547.91
TE-003979,475.26
TE-003980,2548.0
TE-003981,505.03
TE-003982,3340.1
TE-003983,1909.14
TE-003984,1761.98
TE-003985,2704.72
TE-003986,2431.99
TE-003987,1496.35
TE-003988,2031.34
TE-003989,3387.42
TE-003990,2490.47
TE-003991,4425.59
TE-003992,2722.79
TE-003993,5256.52
TE-003994,1915.87
TE-003995,2840.17
TE-003996,2950.44
TE-003997,3934.32
TE-003998,1219.08
TE-003999,1645.82
TE-004000,3612.26
TE-004001,919.46
TE-004002,2460.26
TE-004003,3600.07
TE-004004,3595.01
TE-004005,2279.63
TE-004006,2112.05
TE-004007,2001.93
TE-004008,3204.54
TE-004009,1310.11
TE-004010,460.83
TE-004011,1695.42
TE-004012,4770.24
TE-004013,2641.56
TE-004014,4449.96
TE-004015,951.66
TE-004016,1479.5
TE-004017,3083.8
TE-004018,3751.89
TE-004019,1373.36
TE-004020,491.78
TE-004021,1929.3
TE-004022,1664.6
TE-004023,2199.31
TE-004024,4805.62
TE-004025,1054.09
TE-004026,1153.14
TE-004027,2533.22
TE-004028,4617.18
TE-004029,1161.68
TE-004030,4319.28
TE-004031,3291.27
TE-004032,2921.5
TE-004033,665.24
TE-004034,1049.88
TE-004035,5959.03
TE-004036,3740.8
TE-004037,1305.63
TE-004038,1124.04
TE-004039,2085.69
TE-004040,1820.96
TE-004041,2129.43
TE-004042,1856.96
TE-004043,2833.36
TE-004044,4004.66
TE-004045,1551.6
TE-004046,4308.84
TE-004047,594.17
TE-004048,1275.35
TE-004049,2297.93
TE-004050,996.96
TE-004051,370.14
TE-004052,3239.25
TE-004053,3557.14
TE-004054,3602.45
TE-004055,2187.46
TE-004056,261.94
TE-004057,3794.67
TE-004058,3963.67
TE-004059,3949.19
TE-004060,502.92
TE-004061,1843.83
TE-004062,2296.4
TE-004063,1720.64
TE-004064,1791.38
TE-004065,2516.25
TE-004066,5225.6
TE-004067,1714.27
TE-004068,2488.03
TE-004069,3990.15
TE-004070,761.45
TE-004071,2313.63
TE-004072,1566.27
TE-004073,1744.74
TE-004074,2031.38
TE-004075,2161.08
TE-004076,1952.33
TE-004077,1050.78
TE-004078,2848.13
TE-004079,1805.82
TE-004080,324.54
TE-004081,1609.31
TE-004082,1817.92
TE-004083,436.21
TE-004084,1314.34
TE-004085,2696.02
TE-004086,3982.39
TE-004087,1686.31
TE-004088,1486.78
TE-004089,2391.64
TE-004090,1005.91
TE-004091,3071.87
TE-004092,3956.42
TE-004093,2533.71
TE-004094,3262.42
TE-004095,1121.49
TE-004096,2877.3
TE-004097,3060.45
TE-004098,2331.64
TE-004099,1396.48
TE-004100,655.61
TE-004101,2635.45
TE-004102,657.73
TE-004103,2786.16
TE-004104,5695.48
TE-004105,4182.51
TE-004106,902.61
TE-004107,4839.96
TE-004108,2498.22
TE-004109,3149.78
TE-004110,5446.53
TE-004111,485.74
TE-004112,223.47
TE-004113,1334.25
TE-004114,1277.82
TE-004115,606.59
TE-004116,4129.46
TE-004117,1366.84
TE-004118,1813.21
TE-004119,1129.21
TE-004120,3007.64
TE-004121,4278.16
TE-004122,808.49
TE-004123,4127.74
TE-004124,3861.77
TE-004125,1289.5
TE-004126,1885.28
TE-004127,587.56
TE-004128,3750.78
TE-004129,2688.65
TE-004130,3076.48
TE-004131,1290.44
TE-004132,1909.84
TE-004133,3971.15
TE-004134,5316.65
TE-004135,4179.54
TE-004136,2024.61
TE-004137,1230.9
TE-004138,2723.67
TE-004139,872.0
TE-004140,2179.18
TE-004141,4303.54
TE-004142,2102.62
TE-004143,886.17
TE-004144,3221.19
TE-004145,1090.98
TE-004146,2348.39
TE-004147,1948.59
TE-004148,1989.77
TE-004149,1781.33
TE-004150,2324.67
TE-004151,3723.13
TE-004152,465.73
TE-004153,996.36
TE-004154,1925.77
TE-004155,3568.27
TE-004156,1270.28
TE-004157,1271.73
TE-004158,2808.56
TE-004159,1152.96
TE-004160,4357.22
TE-004161,1088.71
TE-004162,1271.53
TE-004163,5176.02
TE-004164,6912.66
TE-004165,2475.95
TE-004166,951.71
TE-004167,1922.86
TE-004168,1038.55
TE-004169,3188.26
TE-004170,1962.04
TE-004171,4168.85
TE-004172,1425.02
TE-004173,2800.13
TE-004174,339.33
TE-004175,2457.79
TE-004176,3077.94
TE-004177,1227.92
TE-004178,2464.86
TE-004179,956.27
TE-004180,991.18
TE-004181,2032.64
TE-004182,2728.29
TE-004183,4481.96
TE-004184,847.45
TE-004185,1207.47
TE-004186,1620.77
TE-004187,2774.72
TE-004188,1531.74
TE-004189,3344.76
TE-004190,1879.84
TE-004191,3373.21
TE-004192,3234.85
TE-004193,3070.94
TE-004194,4155.37
TE-004195,2673.81
TE-004196,2592.04
TE-004197,4598.35
TE-004198,2237.19
TE-004199,6367.4
TE-004200,2852.54
TE-004201,3035.27
TE-004202,6436.32
TE-004203,1900.06
TE-004204,2979.11
TE-004205,3632.71
TE-004206,907.26
TE-004207,878.86
TE-004208,4996.67
TE-004209,1611.11
TE-004210,1648.79
TE-004211,1633.4
TE-004212,5497.19
TE-004213,3790.18
TE-004214,755.87
TE-004215,2681.67
TE-004216,4361.69
TE-004217,1108.53
TE-004218,1482.16
TE-004219,3219.23
TE-004220,3721.28
TE-004221,2828.45
TE-004222,1116.53
TE-004223,1364.77
TE-004224,3756.33
TE-004225,1997.59
TE-004226,2114.47
TE-004227,3195.34
TE-004228,1771.21
TE-004229,970.6
TE-004230,1984.8
TE-004231,1825.46
TE-004232,3621.81
TE-004233,1318.69
TE-004234,2002.42
TE-004235,368.21
TE-004236,4599.97
TE-004237,1012.36
TE-004238,1360.1
TE-004239,1421.77
TE-004240,1258.36
TE-004241,3587.49
TE-004242,3870.18
TE-004243,1489.54
TE-004244,1237.33
TE-004245,1576.35
TE-004246,1289.31
TE-004247,1679.75
TE-004248,1291.84
TE-004249,275.78
TE-004250,1992.96
TE-004251,3007.19
TE-004252,1244.07
TE-004253,1263.55
TE-004254,560.7
TE-004255,1870.04
TE-004256,1690.88
TE-004257,3650.71
TE-004258,2047.31
TE-004259,2158.33
TE-004260,2811.32
TE-004261,2356.16
TE-004262,911.9
TE-004263,4480.0
TE-004264,975.25
TE-004265,1073.02
TE-004266,4947.44
TE-004267,1042.23
TE-004268,3964.83
TE-004269,4657.4
TE-004270,2606.88
TE-004271,4995.51
TE-004272,2239.27
TE-004273,878.62
TE-004274,1442.65
TE-004275,1132.8
TE-004276,2605.26
TE-004277,3903.59
TE-004278,824.17
TE-004279,2588.74
TE-004280,3332.14
TE-004281,2271.34
TE-004282,2644.63
TE-004283,1092.83
TE-004284,2306.36
TE-004285,517.36
TE-004286,5760.11
TE-004287,2345.75
TE-004288,4590.96
TE-004289,3744.22
TE-004290,2216.95
TE-004291,5539.18
TE-004292,746.23
TE-004293,2590.59
TE-004294,4432.26
TE-004295,1584.04
TE-004296,1638.98
TE-004297,978.74
TE-004298,2603.53
TE-004299,3177.07
TE-004300,1898.59
TE-004301,734.92
TE-004302,756.8
TE-004303,3614.96
TE-004304,1134.48
TE-004305,927.96
TE-004306,4605.25
TE-004307,2253.7
TE-004308,2095.52
TE-004309,442.04
TE-004310,4467.21
TE-004311,1150.57
TE-004312,1865.85
TE-004313,1262.4
TE-004314,4765.94
TE-004315,1260.45
TE-004316,2734.2
TE-004317,1910.15
TE-004318,3366.33
TE-004319,2338.0
TE-004320,4061.23
TE-004321,6189.12
TE-004322,2799.4
TE-004323,2116.8
TE-004324,3285.26
TE-004325,4133.99
TE-004326,467.5
TE-004327,1957.09
TE-004328,3922.47
TE-004329,1842.14
TE-004330,2565.9
TE-004331,2801.15
TE-004332,1326.94
TE-004333,2750.16
TE-004334,2340.62
TE-004335,1221.88
TE-004336,1535.31
TE-004337,1585.02
TE-004338,1625.24
TE-004339,1238.73
TE-004340,1497.25
TE-004341,2923.22
TE-004342,779.37
TE-004343,3407.49
TE-004344,1174.13
TE-004345,2289.41
TE-004346,871.96
TE-004347,274.86
TE-004348,2387.23
TE-004349,3837.18
TE-004350,2294.63
TE-004351,2865.11
TE-004352,2758.89
TE-004353,1553.92
TE-004354,2420.0
TE-004355,5705.82
TE-004356,837.53
TE-004357,2749.63
TE-004358,2975.38
TE-004359,1283.61
TE-004360,1335.4
TE-004361,3295.01
TE-004362,3653.62
TE-004363,1308.48
TE-004364,1516.4
TE-004365,782.07
TE-004366,6000.54
TE-004367,1319.53
TE-004368,2042.57
TE-004369,2069.77
TE-004370,2590.91
TE-004371,1827.24
TE-004372,5255.06
TE-004373,710.72
TE-004374,2548.32
TE-004375,3708.66
TE-004376,1289.11
TE-004377,2340.88
TE-004378,1563.77
TE-004379,5373.48
TE-004380,1183.59
TE-004381,1669.41
TE-004382,2942.77
TE-004383,1045.21
TE-004384,1011.25
TE-004385,230.64
TE-004386,2390.93
TE-004387,387.49
TE-004388,2397.97
TE-004389,586.3
TE-004390,1149.27
TE-004391,1066.99
TE-004392,3942.17
TE-004393,1044.47
TE-004394,3658.63
TE-004395,5856.12
TE-004396,3285.62
TE-004397,1825.96
TE-004398,1793.88
TE-004399,1045.95
TE-004400,485.88
TE-004401,2682.85
TE-004402,1072.31
TE-004403,1143.6
TE-004404,3489.34
TE-004405,902.41
TE-004406,589.15
TE-004407,1206.9
TE-004408,2995.51
TE-004409,2297.85
TE-004410,1812.25
TE-004411,2668.45
TE-004412,990.33
TE-004413,1882.79
TE-004414,4454.17
TE-004415,1828.65
TE-004416,1668.56
TE-004417,858.62
TE-004418,4786.29
TE-004419,974.05
TE-004420,3621.14
TE-004421,2187.21
TE-004422,4107.2
TE-004423,1057.2
TE-004424,1707.75
TE-004425,4689.74
TE-004426,3723.19
TE-004427,1887.79
TE-004428,1113.26
TE-004429,2314.28
TE-004430,2500.95
TE-004431,364.13
TE-004432,628.49
TE-004433,2501.75
TE-004434,5491.47
TE-004435,3603.35
TE-004436,1881.98
TE-004437,2925.61
TE-004438,2282.27
TE-004439,4137.18
TE-004440,5120.15
TE-004441,2239.9
TE-004442,803.28
TE-004443,2456.27
TE-004444,3825.36
TE-004445,1192.7
TE-004446,2854.5
TE-004447,4222.9
TE-004448,2087.71
TE-004449,3399.6
TE-004450,2145.46
TE-004451,950.97
TE-004452,1578.29
TE-004453,2268.58
TE-004454,2140.87
TE-004455,3696.61
TE-004456,3696.43
TE-004457,1170.95
TE-004458,1991.34
TE-004459,1427.13
TE-004460,3452.68
TE-004461,2449.03
TE-004462,4552.71
TE-004463,3400.89
TE-004464,780.35
TE-004465,1244.11
TE-004466,2308.78
TE-004467,4119.4
TE-004468,2942.45
TE-004469,928.73
TE-004470,1013.14
TE-004471,783.99
TE-004472,1405.27
TE-004473,3978.98
TE-004474,2749.8
TE-004475,1218.18
TE-004476,517.73
TE-004477,4059.01
TE-004478,2121.71
TE-004479,4231.69
TE-004480,1859.98
TE-004481,5036.61
TE-004482,2507.49
TE-004483,4266.11
TE-004484,5974.27
TE-004485,4166.92
TE-004486,1878.89
TE-004487,3734.42
TE-004488,4620.97
TE-004489,1149.97
TE-004490,2402.64
TE-004491,3401.72
TE-004492,3021.57
TE-004493,1924.1
TE-004494,4274.87
TE-004495,4008.88
TE-004496,3657.4
TE-004497,1520.72
TE-004498,3620.55
TE-004499,4287.26
TE-004500,1245.66
TE-004501,4367.11
TE-004502,2838.1
TE-004503,542.28
TE-004504,662.41
TE-004505,3617.53
TE-004506,3291.35
TE-004507,2867.91
TE-004508,4633.14
TE-004509,2679.64
TE-004510,2813.18
TE-004511,2124.81
TE-004512,1498.62
TE-004513,2017.11
TE-004514,1457.0
TE-004515,4409.04
TE-004516,4174.08
TE-004517,1639.07
TE-004518,1391.44
TE-004519,3193.27
TE-004520,1307.41
TE-004521,2657.47
TE-004522,2356.21
TE-004523,5277.82
TE-004524,4181.41
TE-004525,2010.74
TE-004526,1011.07
TE-004527,1347.7
TE-004528,3986.84
TE-004529,890.73
TE-004530,1491.15
TE-004531,2724.22
TE-004532,1963.41
TE-004533,2250.74
TE-004534,838.47
TE-004535,4220.62
TE-004536,1963.12
TE-004537,600.72
TE-004538,3705.84
TE-004539,2623.28
TE-004540,523.15
TE-004541,1975.31
TE-004542,2018.2
TE-004543,1338.95
TE-004544,625.51
TE-004545,5284.12
TE-004546,5238.86
TE-004547,4516.69
TE-004548,4657.55
TE-004549,1691.12
TE-004550,5588.54
TE-004551,4449.33
TE-004552,1430.41
TE-004553,1839.02
TE-004554,1933.48
TE-004555,3866.4
TE-004556,3673.7
TE-004557,2415.46
TE-004558,483.72
TE-004559,856.1
TE-004560,1702.14
TE-004561,1075.82
TE-004562,4160.37
TE-004563,682.77
TE-004564,2996.9
TE-004565,1224.72
TE-004566,2840.94
TE-004567,288.86
TE-004568,541.71
TE-004569,607.64
TE-004570,4357.84
TE-004571,3361.3
TE-004572,1947.29
TE-004573,5320.08
TE-004574,664.19
TE-004575,2119.85
TE-004576,3073.84
TE-004577,4344.16
TE-004578,383.9
TE-004579,3053.48
TE-004580,2071.69
TE-004581,1468.41
TE-004582,4041.05
TE-004583,2759.65
TE-004584,1822.47
TE-004585,1537.2
TE-004586,3876.85
TE-004587,1529.31
TE-004588,1936.92
TE-004589,924.62
TE-004590,4492.61
TE-004591,1921.17
TE-004592,1209.8
TE-004593,1764.8
TE-004594,4174.38
TE-004595,2815.9
TE-004596,3691.19
TE-004597,5208.09
TE-004598,3153.33
TE-004599,3128.07
TE-004600,1292.96
TE-004601,3596.02
TE-004602,2086.98
TE-004603,1257.85
TE-004604,3481.27
TE-004605,1223.99
TE-004606,911.71
TE-004607,640.47
TE-004608,1941.06
TE-004609,3877.46
TE-004610,3303.2
TE-004611,2299.02
TE-004612,2197.74
TE-004613,4187.73
TE-004614,1692.94
TE-004615,2304.29
TE-004616,3633.97
TE-004617,1016.05
TE-004618,5134.11
TE-004619,1442.7
TE-004620,617.77
TE-004621,1719.72
TE-004622,2334.56
TE-004623,586.36
TE-004624,4038.69
TE-004625,2367.01
TE-004626,3545.51
TE-004627,596.87
TE-004628,1020.91
TE-004629,974.05
TE-004630,4129.48
TE-004631,4798.29
TE-004632,1678.56
TE-004633,1427.17
TE-004634,4122.03
TE-004635,4222.53
TE-004636,6010.84
TE-004637,4904.36
TE-004638,3088.31
TE-004639,1574.13
TE-004640,1689.41
TE-004641,2200.2
TE-004642,1303.15
TE-004643,720.84
TE-004644,3753.19
TE-004645,4081.44
TE-004646,1523.8
TE-004647,2212.67
TE-004648,359.08
TE-004649,1832.35
TE-004650,2094.05
TE-004651,1134.4
TE-004652,3995.74
TE-004653,2594.57
TE-004654,1982.02
TE-004655,1514.86
TE-004656,2609.34
TE-004657,2831.26
TE-004658,1760.71
TE-004659,2230.89
TE-004660,1789.52
TE-004661,1856.87
TE-004662,241.56
TE-004663,480.32
TE-004664,2998.77
TE-004665,3985.99
TE-004666,1911.23
TE-004667,1990.19
TE-004668,1223.31
TE-004669,2889.17
TE-004670,1373.96
TE-004671,4258.45
TE-004672,1462.77
TE-004673,1206.87
TE-004674,1040.88
TE-004675,3681.22
TE-004676,3500.03
TE-004677,3872.6
TE-004678,525.82
TE-004679,3386.9
TE-004680,3812.7
TE-004681,1114.53
TE-004682,1604.03
TE-004683,4949.08
TE-004684,4207.0
TE-004685,1716.13
TE-004686,1666.39
TE-004687,5390.22
TE-004688,3730.34
TE-004689,1484.75
TE-004690,3354.37
TE-004691,2708.05
TE-004692,1956.69
TE-004693,1417.43
TE-004694,3703.83
TE-004695,387.89
TE-004696,4468.83
TE-004697,4893.6
TE-004698,3385.96
TE-004699,2131.81
TE-004700,706.68
TE-004701,355.3
TE-004702,2260.69
TE-004703,1971.81
TE-004704,1657.42
TE-004705,461.1
TE-004706,1663.32
TE-004707,4500.64
TE-004708,1001.01
TE-004709,3139.46
TE-004710,355.15
TE-004711,3335.28
TE-004712,4119.83
TE-004713,1441.09
TE-004714,2794.21
TE-004715,1186.62
TE-004716,1074.5
TE-004717,4019.14
TE-004718,5333.76
TE-004719,1310.84
TE-004720,2791.4
TE-004721,5095.84
TE-004722,1610.17
TE-004723,4169.52
TE-004724,1338.23
TE-004725,4776.0
TE-004726,1443.65
TE-004727,848.52
TE-004728,880.67
TE-004729,1847.95
TE-004730,934.21
TE-004731,4466.91
TE-004732,1214.13
TE-004733,1488.17
TE-004734,4379.32
TE-004735,2348.25
TE-004736,1099.59
TE-004737,3851.35
TE-004738,4069.31
TE-004739,1600.47
TE-004740,5214.56
TE-004741,1329.5
TE-004742,805.89
TE-004743,1644.1
TE-004744,4009.74
TE-004745,4399.58
TE-004746,4050.7
TE-004747,607.1
TE-004748,2520.68
TE-004749,1985.99
TE-004750,949.93
TE-004751,4354.61
TE-004752,2251.45
TE-004753,2378.73
TE-004754,1111.37
TE-004755,503.47
TE-004756,1472.19
TE-004757,4505.88
TE-004758,1153.78
TE-004759,4577.67
TE-004760,4275.66
TE-004761,884.43
TE-004762,3698.1
TE-004763,1645.26
TE-004764,4808.13
TE-004765,724.19
TE-004766,4236.51
TE-004767,1282.04
TE-004768,1072.54
TE-004769,3362.11
TE-004770,1447.85
TE-004771,3705.35
TE-004772,1665.14
TE-004773,1097.91
TE-004774,4219.99
TE-004775,465.76
TE-004776,1337.76
TE-004777,376.09
TE-004778,1492.19
TE-004779,4492.57
TE-004780,2909.21
TE-004781,2627.48
TE-004782,802.53
TE-004783,1956.08
TE-004784,1659.87
TE-004785,1176.6
TE-004786,4211.86
TE-004787,2767.39
TE-004788,500.02
TE-004789,1673.52
TE-004790,1398.65
TE-004791,1621.5
TE-004792,729.74
TE-004793,4212.86
TE-004794,703.87
TE-004795,1474.39
TE-004796,1763.7
TE-004797,684.05
TE-004798,1940.43
TE-004799,779.97
TE-004800,2914.02
TE-004801,2604.06
TE-004802,1327.82
TE-004803,3581.44
TE-004804,1780.84
TE-004805,792.22
TE-004806,5785.42
TE-004807,2874.43
TE-004808,1334.78
TE-004809,3583.29
TE-004810,1758.58
TE-004811,1263.03
TE-004812,4035.19
TE-004813,3478.92
TE-004814,612.76
TE-004815,4925.64
TE-004816,3209.67
TE-004817,3395.83
TE-004818,2732.36
TE-004819,2155.69
TE-004820,2580.94
TE-004821,1121.21
TE-004822,2671.2
TE-004823,1383.18
TE-004824,3625.82
TE-004825,1218.91
TE-004826,2087.82
TE-004827,2308.59
TE-004828,637.39
TE-004829,2146.23
TE-004830,3266.3
TE-004831,2381.42
TE-004832,1758.99
TE-004833,2279.39
TE-004834,529.17
TE-004835,697.19
TE-004836,4503.19
TE-004837,222.67
TE-004838,2724.28
TE-004839,1745.79
TE-004840,2496.46
TE-004841,1035.87
TE-004842,2239.9
TE-004843,1993.31
TE-004844,1796.72
TE-004845,1304.46
TE-004846,753.94
TE-004847,4042.02
TE-004848,4178.93
TE-004849,4216.54
TE-004850,2332.82
TE-004851,1412.17
TE-004852,3988.62
TE-004853,2228.66
TE-004854,851.44
TE-004855,1127.96
TE-004856,2314.8
TE-004857,529.65
TE-004858,4854.77
TE-004859,1411.02
TE-004860,1030.87
TE-004861,1602.67
TE-004862,575.6
TE-004863,952.25
TE-004864,1526.21
TE-004865,2490.35
TE-004866,5769.41
TE-004867,2724.99
TE-004868,948.72
TE-004869,4662.62
TE-004870,4295.32
TE-004871,1135.53
TE-004872,2481.49
TE-004873,4004.93
TE-004874,2076.0
TE-004875,1081.77
TE-004876,517.32
TE-004877,864.17
TE-004878,993.02
TE-004879,3285.7
TE-004880,1728.0
TE-004881,819.03
TE-004882,1555.26
TE-004883,926.13
TE-004884,2587.13
TE-004885,737.48
TE-004886,1600.44
TE-004887,1643.0
TE-004888,1745.77
TE-004889,2890.09
TE-004890,2183.24
TE-004891,1797.9
TE-004892,3420.81
TE-004893,1911.4
TE-004894,1198.41
TE-004895,4266.09
TE-004896,2606.2
TE-004897,2524.85
TE-004898,1077.2
TE-004899,3576.44
TE-004900,4330.6
TE-004901,856.07
TE-004902,2109.08
TE-004903,823.04
TE-004904,480.13
TE-004905,1505.49
TE-004906,4681.69
TE-004907,1372.73
TE-004908,6593.74
TE-004909,4272.29
TE-004910,2840.65
TE-004911,1580.72
TE-004912,3008.96
TE-004913,1524.66
TE-004914,4149.44
TE-004915,2933.44
TE-004916,1004.78
TE-004917,4278.56
TE-004918,3504.45
TE-004919,3221.72
TE-004920,645.72
TE-004921,1540.71
TE-004922,1340.04
TE-004923,903.97
TE-004924,2632.5
TE-004925,3293.92
TE-004926,4244.67
TE-004927,1647.16
TE-004928,3550.67
TE-004929,3289.13
TE-004930,501.87
TE-004931,1413.19
TE-004932,760.5
TE-004933,2279.19
TE-004934,5600.38
TE-004935,2487.36
TE-004936,2768.94
TE-004937,1356.84
TE-004938,3446.98
TE-004939,4191.1
TE-004940,2111.48
TE-004941,5326.27
TE-004942,1123.88
TE-004943,3506.43
TE-004944,3724.88
TE-004945,2120.16
TE-004946,5598.82
TE-004947,1189.27
TE-004948,4106.97
TE-004949,545.6
TE-004950,1006.81
TE-004951,1247.47
TE-004952,1103.24
TE-004953,4114.82
TE-004954,1337.77
TE-004955,3839.87
TE-004956,1455.72
TE-004957,2247.04
TE-004958,675.12
TE-004959,1281.36
TE-004960,3051.28
TE-004961,1407.92
TE-004962,4262.44
TE-004963,2834.65
TE-004964,3859.25
TE-004965,3343.78
TE-004966,2404.16
TE-004967,3690.11
TE-004968,1493.38
TE-004969,577.71
TE-004970,800.54
TE-004971,4043.56
TE-004972,1611.14
TE-004973,2460.32
TE-004974,1741.43
TE-004975,1950.29
TE-004976,1310.56
TE-004977,2644.66
TE-004978,5610.6
TE-004979,1077.14
TE-004980,1437.85
TE-004981,1381.54
TE-004982,3434.42
TE-004983,5195.27
TE-004984,1259.13
TE-004985,941.34
TE-004986,3520.7
TE-004987,1457.16
TE-004988,3754.24
TE-004989,825.21
TE-004990,2035.08
TE-004991,2550.52
TE-004992,1743.35
TE-004993,402.14
TE-004994,1073.57
TE-004995,4305.71
TE-004996,5274.29
TE-004997,5080.9
TE-004998,4219.12
TE-004999,2191.24
TE-005000,1830.55
TE-005001,1144.41
TE-005002,1757.09
TE-005003,3656.84
TE-005004,2847.29
TE-005005,1891.06
TE-005006,1220.09
TE-005007,751.69
TE-005008,3533.94
TE-005009,3078.07
TE-005010,1949.33
TE-005011,921.36
TE-005012,1140.73
TE-005013,2319.81
TE-005014,1059.63
TE-005015,1587.76
TE-005016,1031.92
TE-005017,1118.48
TE-005018,3545.69
TE-005019,1562.61
TE-005020,1094.27
TE-005021,3027.33
TE-005022,1255.14
TE-005023,1017.21
TE-005024,1188.7
TE-005025,3945.1
TE-005026,307.44
TE-005027,1143.16
TE-005028,1500.6
TE-005029,2334.56
TE-005030,1170.03
TE-005031,871.24
TE-005032,972.66
TE-005033,911.4
TE-005034,1850.95
TE-005035,1401.99
TE-005036,1048.24
TE-005037,3462.66
TE-005038,703.91
TE-005039,2296.24
TE-005040,6393.08
TE-005041,2573.72
TE-005042,1138.41
TE-005043,2962.47
TE-005044,2078.23
TE-005045,1244.51
TE-005046,6061.82
TE-005047,4407.44
TE-005048,449.56
TE-005049,4015.16
TE-005050,2474.81
TE-005051,1114.85
TE-005052,4074.75
TE-005053,845.59
TE-005054,1558.02
TE-005055,1494.57
TE-005056,2572.66
TE-005057,1133.5
TE-005058,3605.32
TE-005059,4775.28
TE-005060,1448.74
TE-005061,4156.58
TE-005062,2299.95
TE-005063,3191.95
TE-005064,2720.68
TE-005065,510.07
TE-005066,2409.71
TE-005067,5435.2
TE-005068,990.27
TE-005069,2436.44
TE-005070,2409.99
TE-005071,2281.18
TE-005072,1875.21
TE-005073,3922.81
TE-005074,1404.22
TE-005075,2148.38
TE-005076,1052.97
TE-005077,989.45
TE-005078,1022.36
TE-005079,4561.18
TE-005080,1145.72
TE-005081,1060.19
TE-005082,4088.32
TE-005083,3576.67
TE-005084,5100.86
TE-005085,4246.54
TE-005086,1701.82
TE-005087,4340.97
TE-005088,3793.24
TE-005089,4339.97
TE-005090,3979.52
TE-005091,1704.59
TE-005092,4120.3
TE-005093,840.16
TE-005094,1957.22
TE-005095,878.62
TE-005096,2461.58
TE-005097,2773.61
TE-005098,4173.14
TE-005099,1202.53
TE-005100,5369.18
TE-005101,2810.39
TE-005102,1456.88
TE-005103,3687.78
TE-005104,3735.1
TE-005105,828.64
TE-005106,819.96
TE-005107,2075.18
TE-005108,6564.73
TE-005109,1984.5
TE-005110,2273.64
TE-005111,2971.86
TE-005112,859.43
TE-005113,1061.15
TE-005114,1171.49
TE-005115,822.7
TE-005116,502.51
TE-005117,2737.24
TE-005118,1572.69
TE-005119,5195.01
TE-005120,2624.48
TE-005121,1775.95
TE-005122,852.56
TE-005123,2525.29
TE-005124,1252.02
TE-005125,3603.25
TE-005126,395.55
TE-005127,1892.74
TE-005128,4002.65
TE-005129,1572.24
TE-005130,584.52
TE-005131,1894.27
TE-005132,1748.95
TE-005133,1351.12
TE-005134,1031.41
TE-005135,2189.2
TE-005136,2830.77
TE-005137,4334.98
TE-005138,1115.6
TE-005139,1360.28
TE-005140,1704.01
TE-005141,1195.94
TE-005142,4702.02
TE-005143,3677.96
TE-005144,3131.3
TE-005145,3507.15
TE-005146,5768.97
TE-005147,604.77
TE-005148,1860.07
TE-005149,2470.02
TE-005150,2973.48
TE-005151,4374.77
TE-005152,2092.62
TE-005153,2181.76
TE-005154,1605.34
TE-005155,2120.36
TE-005156,1602.72
TE-005157,4707.8
TE-005158,4618.99
TE-005159,3041.5
TE-005160,1933.3
TE-005161,2535.61
TE-005162,3891.9
TE-005163,218.49
TE-005164,2700.55
TE-005165,2180.1
TE-005166,473.14
TE-005167,578.64
TE-005168,3930.86
TE-005169,2206.83
TE-005170,3491.87
TE-005171,724.73
TE-005172,448.06
TE-005173,2422.39
TE-005174,4060.97
TE-005175,868.9
TE-005176,1926.09
TE-005177,928.22
TE-005178,2224.55
TE-005179,3328.42
TE-005180,3523.67
TE-005181,582.58
TE-005182,1756.8
TE-005183,4747.57
TE-005184,1881.44
TE-005185,1637.68
TE-005186,4501.56
TE-005187,2494.55
TE-005188,2696.55
TE-005189,2321.61
TE-005190,4525.41
TE-005191,6019.25
TE-005192,664.96
TE-005193,3950.28
TE-005194,3162.79
TE-005195,3579.01
TE-005196,4796.13
TE-005197,3565.78
TE-005198,749.8
TE-005199,1698.07
TE-005200,3438.16
TE-005201,967.83
TE-005202,2753.64
TE-005203,1112.86
TE-005204,889.39
TE-005205,2080.29
TE-005206,4839.47
TE-005207,4525.43
TE-005208,2951.53
TE-005209,2508.18
TE-005210,1389.13
TE-005211,4617.79
TE-005212,1950.21
TE-005213,1831.12
TE-005214,1617.64
TE-005215,2182.49
TE-005216,4132.06
TE-005217,1134.18
TE-005218,2783.56
TE-005219,1866.1
TE-005220,1186.01
TE-005221,1760.11
TE-005222,2085.28
TE-005223,539.43
TE-005224,2195.54
TE-005225,1285.85
TE-005226,4414.9
TE-005227,4574.26
TE-005228,1838.38
TE-005229,2067.14
TE-005230,3219.88
TE-005231,1443.03
TE-005232,764.11
TE-005233,2039.88
TE-005234,1783.52
TE-005235,3515.92
TE-005236,3355.05
TE-005237,2284.52
TE-005238,4346.5
TE-005239,3601.61
TE-005240,758.68
TE-005241,4752.35
TE-005242,3973.49
TE-005243,1138.26
TE-005244,3371.74
TE-005245,1882.33
TE-005246,2657.03
TE-005247,3133.26
TE-005248,1890.37
TE-005249,1396.45
TE-005250,286.93
TE-005251,1368.95
TE-005252,1541.64
TE-005253,1329.03
TE-005254,952.42
TE-005255,639.62
TE-005256,2424.63
TE-005257,4934.46
TE-005258,1552.66
TE-005259,1983.04
TE-005260,3028.18
TE-005261,1400.31
TE-005262,1326.76
TE-005263,3773.96
TE-005264,800.02
TE-005265,3916.68
TE-005266,2799.89
TE-005267,1028.03
TE-005268,1412.94
TE-005269,1329.65
TE-005270,4122.99
TE-005271,1375.67
TE-005272,2694.23
TE-005273,776.86
TE-005274,1604.06
TE-005275,1676.88
TE-005276,4482.56
TE-005277,3673.52
TE-005278,2351.19
TE-005279,2034.42
TE-005280,1498.69
TE-005281,4365.0
TE-005282,4074.73
TE-005283,2610.79
TE-005284,1453.14
TE-005285,4292.17
TE-005286,908.26
TE-005287,1839.57
TE-005288,2966.43
TE-005289,3460.22
TE-005290,862.93
TE-005291,982.33
TE-005292,1402.22
TE-005293,457.5
TE-005294,4263.26
TE-005295,1212.79
TE-005296,2446.1
TE-005297,1076.95
TE-005298,2821.41
TE-005299,2901.01
TE-005300,5839.19
TE-005301,1005.52
TE-005302,1082.18
TE-005303,2356.34
TE-005304,3911.47
TE-005305,571.3
TE-005306,1991.5
TE-005307,3374.87
TE-005308,1049.93
TE-005309,778.68
TE-005310,4884.96
TE-005311,1563.27
TE-005312,1365.86
TE-005313,2005.07
TE-005314,1266.1
TE-005315,872.4
TE-005316,578.45
TE-005317,3591.66
TE-005318,4620.8
TE-005319,397.39
TE-005320,1865.82
TE-005321,754.35
TE-005322,2219.84
TE-005323,371.55
TE-005324,2727.71
TE-005325,3766.46
TE-005326,3507.13
TE-005327,1796.04
TE-005328,1974.31
TE-005329,4149.43
TE-005330,1568.63
TE-005331,5423.6
TE-005332,4576.49
TE-005333,1811.89
TE-005334,699.71
TE-005335,1630.7
TE-005336,1752.14
TE-005337,3003.53
TE-005338,3904.49
TE-005339,1774.29
TE-005340,1200.51
TE-005341,4889.94
TE-005342,4256.4
TE-005343,4912.29
TE-005344,4515.08
TE-005345,1025.17
TE-005346,2014.89
TE-005347,4027.58
TE-005348,3720.15
TE-005349,1384.24
TE-005350,2924.08
TE-005351,1907.84
TE-005352,2827.08
TE-005353,4838.33
TE-005354,961.07
TE-005355,3560.0
TE-005356,3219.22
TE-005357,2043.78
TE-005358,1369.59
TE-005359,1336.35
TE-005360,1458.19
TE-005361,4018.86
TE-005362,864.06
TE-005363,361.67
TE-005364,1023.99
TE-005365,2651.13
TE-005366,344.1
TE-005367,4581.59
TE-005368,3836.65
TE-005369,1154.81
TE-005370,2506.55
TE-005371,1450.49
TE-005372,1817.51
TE-005373,1659.39
TE-005374,1354.89
TE-005375,889.66
TE-005376,1268.99
TE-005377,3262.55
TE-005378,683.26
TE-005379,3947.66
TE-005380,1360.49
TE-005381,4637.45
TE-005382,6691.25
TE-005383,1933.63
TE-005384,1211.28
TE-005385,4800.9
TE-005386,2199.29
TE-005387,2498.4
TE-005388,3179.41
TE-005389,1204.5
TE-005390,3899.13
TE-005391,4014.26
TE-005392,2413.5
TE-005393,4245.92
TE-005394,3312.94
TE-005395,1737.77
TE-005396,3962.65
TE-005397,1053.2
TE-005398,3379.88
TE-005399,3594.35
TE-005400,1769.11
TE-005401,4370.95
TE-005402,2572.02
TE-005403,1959.08
TE-005404,1957.71
TE-005405,2098.2
TE-005406,1746.93
TE-005407,4238.8
TE-005408,3809.65
TE-005409,4516.48
TE-005410,2341.56
TE-005411,3315.74
TE-005412,3948.46
TE-005413,1128.13
TE-005414,1213.78
TE-005415,4956.51
TE-005416,624.23
TE-005417,3650.66
TE-005418,4389.67
TE-005419,2762.28
TE-005420,735.79
TE-005421,252.07
TE-005422,635.12
TE-005423,4859.17
TE-005424,3966.9
TE-005425,1589.25
TE-005426,1480.48
TE-005427,4280.18
TE-005428,5181.65
TE-005429,633.23
TE-005430,1537.18
TE-005431,2053.6
TE-005432,2944.3
TE-005433,1487.21
TE-005434,2641.14
TE-005435,579.25
TE-005436,3956.55
TE-005437,3308.32
TE-005438,893.58
TE-005439,832.35
TE-005440,1155.71
TE-005441,2213.54
TE-005442,2180.93
TE-005443,2815.15
TE-005444,1812.18
TE-005445,1533.75
TE-005446,1135.52
TE-005447,2414.53
TE-005448,2299.6
TE-005449,3607.17
TE-005450,1270.65
TE-005451,2774.58
TE-005452,1535.74
TE-005453,1775.97
TE-005454,2822.18
TE-005455,1217.72
TE-005456,3628.25
TE-005457,520.43
TE-005458,3095.2
TE-005459,3976.81
TE-005460,611.16
TE-005461,1722.34
TE-005462,275.71
TE-005463,1658.09
TE-005464,3863.24
TE-005465,2379.82
TE-005466,1554.13
TE-005467,496.17
TE-005468,692.62
TE-005469,2384.37
TE-005470,1273.4
TE-005471,542.06
TE-005472,1524.59
TE-005473,1411.34
TE-005474,2527.9
TE-005475,3661.94
TE-005476,4154.76
TE-005477,3369.51
TE-005478,812.53
TE-005479,1173.26
TE-005480,3673.85
TE-005481,3780.85
TE-005482,6809.44
TE-005483,3016.69
TE-005484,3410.62
TE-005485,621.99
TE-005486,2857.58
TE-005487,3884.76
TE-005488,1956.59
TE-005489,4013.48
TE-005490,4212.1
TE-005491,4155.5
TE-005492,1438.81
TE-005493,660.07
TE-005494,2737.83
TE-005495,1941.79
TE-005496,1311.03
TE-005497,5113.65
TE-005498,1477.21
TE-005499,1406.5
TE-005500,3195.97
TE-005501,3314.86
TE-005502,5034.64
TE-005503,1014.73
TE-005504,1469.53
TE-005505,3466.06
TE-005506,1395.84
TE-005507,1671.54
TE-005508,1376.6
TE-005509,1481.15
TE-005510,1141.66
TE-005511,1813.14
TE-005512,1707.55
TE-005513,1119.23
TE-005514,1681.05
TE-005515,1982.62
TE-005516,866.55
TE-005517,2077.34
TE-005518,1087.26
TE-005519,1353.54
TE-005520,1543.31
TE-005521,3674.73
TE-005522,868.77
TE-005523,1949.93
TE-005524,2756.56
TE-005525,659.66
TE-005526,5357.53
TE-005527,1067.98
TE-005528,4816.53
TE-005529,1189.43
TE-005530,6206.66
TE-005531,2703.74
TE-005532,1025.11
TE-005533,3193.79
TE-005534,3422.14
TE-005535,2585.88
TE-005536,1348.53
TE-005537,3579.44
TE-005538,592.48
TE-005539,1917.67
TE-005540,4720.88
TE-005541,2173.24
TE-005542,5579.89
TE-005543,737.55
TE-005544,2047.74
TE-005545,1753.75
TE-005546,851.69
TE-005547,6149.37
TE-005548,1648.26
TE-005549,3908.21
TE-005550,4803.07
TE-005551,859.63
TE-005552,4181.57
TE-005553,4200.28
TE-005554,1417.64
TE-005555,2032.38
TE-005556,776.29
TE-005557,6104.88
TE-005558,3799.25
TE-005559,586.56
TE-005560,1173.45
TE-005561,2162.59
TE-005562,1436.72
TE-005563,3703.92
TE-005564,2244.35
TE-005565,1369.29
TE-005566,2116.68
TE-005567,3422.44
TE-005568,1364.88
TE-005569,839.33
TE-005570,2706.06
TE-005571,4152.29
TE-005572,476.34
TE-005573,1961.05
TE-005574,2579.84
TE-005575,1563.65
TE-005576,554.76
TE-005577,1794.76
TE-005578,1752.62
TE-005579,2124.48
TE-005580,383.57
TE-005581,774.81
TE-005582,1669.47
TE-005583,2502.22
TE-005584,2222.03
TE-005585,3489.82
TE-005586,4119.44
TE-005587,846.06
TE-005588,586.65
TE-005589,1918.93
TE-005590,928.82
TE-005591,1943.71
TE-005592,2950.21
TE-005593,4013.74
TE-005594,1423.09
TE-005595,3232.73
TE-005596,2439.92
TE-005597,3588.64
TE-005598,2175.78
TE-005599,4633.42
TE-005600,2064.36
TE-005601,1796.8
TE-005602,4913.69
TE-005603,2120.89
TE-005604,1412.85
TE-005605,2624.28
TE-005606,504.97
TE-005607,5184.36
TE-005608,1616.81
TE-005609,1495.09
TE-005610,1359.65
TE-005611,3136.4
TE-005612,2042.34
TE-005613,4666.13
TE-005614,2684.11
TE-005615,2545.27
TE-005616,2906.83
TE-005617,4632.39
TE-005618,1667.89
TE-005619,1021.66
TE-005620,4350.87
TE-005621,513.18
TE-005622,4625.78
TE-005623,2630.0
TE-005624,6808.4
TE-005625,3791.18
TE-005626,1789.64
TE-005627,1414.4
TE-005628,980.44
TE-005629,3070.93
TE-005630,2673.27
TE-005631,552.55
TE-005632,1034.05
TE-005633,605.49
TE-005634,5705.31
TE-005635,4833.13
TE-005636,1142.19
TE-005637,1172.76
TE-005638,345.35
TE-005639,1401.94
TE-005640,2661.13
TE-005641,4517.52
TE-005642,2075.26
TE-005643,512.8
TE-005644,2476.22
TE-005645,2300.08
TE-005646,5786.64
TE-005647,1877.23
TE-005648,444.28
TE-005649,1837.25
TE-005650,3529.65
TE-005651,848.37
TE-005652,1559.42
TE-005653,1369.2
TE-005654,4842.51
TE-005655,4029.43
TE-005656,1713.64
TE-005657,542.46
TE-005658,883.54
TE-005659,4628.71
TE-005660,3822.47
TE-005661,1343.75
TE-005662,2417.36
TE-005663,3454.1
TE-005664,1234.52
TE-005665,1161.16
TE-005666,1340.33
TE-005667,1996.16
TE-005668,2033.82
TE-005669,2433.05
TE-005670,778.57
TE-005671,1377.6
TE-005672,2135.32
TE-005673,419.51
TE-005674,4131.57
TE-005675,4377.88
TE-005676,1755.19
TE-005677,637.34
TE-005678,3074.98
TE-005679,4971.16
TE-005680,2838.37
TE-005681,4090.46
TE-005682,2370.48
TE-005683,2662.78
TE-005684,4501.05
TE-005685,3026.74
TE-005686,2913.96
TE-005687,5041.56
TE-005688,4166.03
TE-005689,1016.99
TE-005690,419.9
TE-005691,1481.5
TE-005692,3455.56
TE-005693,1734.64
TE-005694,5344.31
TE-005695,4559.54
TE-005696,2296.06
TE-005697,2694.41
TE-005698,737.95
TE-005699,1122.47
TE-005700,1599.78
TE-005701,1964.32
TE-005702,3111.47
TE-005703,4861.48
TE-005704,882.07
TE-005705,3637.61
TE-005706,869.89
TE-005707,1626.84
TE-005708,3389.04
TE-005709,1103.99
TE-005710,637.85
TE-005711,1439.54
TE-005712,1721.79
TE-005713,1666.59
TE-005714,1020.5
TE-005715,2599.45
TE-005716,5083.55
TE-005717,1126.69
TE-005718,1825.45
TE-005719,1108.96
TE-005720,3920.83
TE-005721,1126.5
TE-005722,1919.44
TE-005723,2201.82
TE-005724,4476.56
TE-005725,1207.37
TE-005726,1283.52
TE-005727,963.87
TE-005728,331.97
TE-005729,3358.92
TE-005730,4638.16
TE-005731,1917.05
TE-005732,4311.91
TE-005733,2336.0
TE-005734,1014.0
TE-005735,605.04
TE-005736,4369.54
TE-005737,3250.27
TE-005738,365.39
TE-005739,4778.44
TE-005740,2959.02
TE-005741,1358.11
TE-005742,3844.57
TE-005743,3017.11
TE-005744,3065.15
TE-005745,3723.41
TE-005746,1628.96
TE-005747,1041.79
TE-005748,4001.3
TE-005749,1510.82
TE-005750,2566.95
TE-005751,1812.89
TE-005752,1588.32
TE-005753,4594.14
TE-005754,3157.34
TE-005755,2828.48
TE-005756,3717.71
TE-005757,1303.64
TE-005758,4373.61
TE-005759,5368.82
TE-005760,1028.24
TE-005761,3152.92
TE-005762,1964.4
TE-005763,3355.5
TE-005764,2738.17
TE-005765,4192.33
TE-005766,387.09
TE-005767,1322.95
TE-005768,1395.65
TE-005769,3972.22
TE-005770,2514.31
TE-005771,2345.5
TE-005772,2853.18
TE-005773,3995.76
TE-005774,1729.16
TE-005775,4128.46
TE-005776,1527.82
TE-005777,766.26
TE-005778,3709.82
TE-005779,4107.78
TE-005780,3206.65
TE-005781,751.75
TE-005782,1140.07
TE-005783,1155.88
TE-005784,213.33
TE-005785,1716.8
TE-005786,823.24
TE-005787,2817.71
TE-005788,2388.22
TE-005789,1165.67
TE-005790,1814.95
TE-005791,1039.27
TE-005792,2971.92
TE-005793,5568.06
TE-005794,1461.01
TE-005795,941.08
TE-005796,1261.57
TE-005797,782.3
TE-005798,853.5
TE-005799,4794.86
TE-005800,1749.7
TE-005801,4412.41
TE-005802,3940.25
TE-005803,2700.41
TE-005804,3814.06
TE-005805,1448.75
TE-005806,1235.61
TE-005807,628.42
TE-005808,238.62
TE-005809,3300.35
TE-005810,1540.42
TE-005811,4249.21
TE-005812,4329.46
TE-005813,1224.88
TE-005814,3952.76
TE-005815,4847.61
TE-005816,1514.93
TE-005817,869.58
TE-005818,1383.45
TE-005819,851.44
TE-005820,1261.21
TE-005821,1457.25
TE-005822,1205.34
TE-005823,4669.09
TE-005824,2246.61
TE-005825,3190.67
TE-005826,4506.75
TE-005827,870.08
TE-005828,1226.43
TE-005829,605.96
TE-005830,5977.95
TE-005831,1209.54
TE-005832,2541.98
TE-005833,2305.49
TE-005834,1949.74
TE-005835,1330.63
TE-005836,696.83
TE-005837,3878.47
TE-005838,1965.5
TE-005839,1814.18
TE-005840,4969.0
TE-005841,3927.11
TE-005842,1942.63
TE-005843,977.87
TE-005844,1018.36
TE-005845,1195.13
TE-005846,3361.35
TE-005847,4355.96
TE-005848,4768.31
TE-005849,650.88
TE-005850,2863.16
TE-005851,1097.38
TE-005852,855.19
TE-005853,3072.43
TE-005854,1898.91
TE-005855,1354.57
TE-005856,2036.36
TE-005857,1533.0
TE-005858,1098.19
TE-005859,4560.94
TE-005860,3336.97
TE-005861,566.84
TE-005862,2101.22
TE-005863,550.79
TE-005864,2324.18
TE-005865,1012.56
TE-005866,1913.09
TE-005867,1813.62
TE-005868,3523.01
TE-005869,4272.62
TE-005870,1447.45
TE-005871,1350.69
TE-005872,3792.42
TE-005873,1643.61
TE-005874,1008.87
TE-005875,3733.33
TE-005876,1832.66
TE-005877,2224.61
TE-005878,2091.9
TE-005879,557.51
TE-005880,4159.95
TE-005881,4392.83
TE-005882,3693.52
TE-005883,1769.96
TE-005884,1137.56
TE-005885,491.21
TE-005886,2079.9
TE-005887,2478.55
TE-005888,2288.39
TE-005889,2424.3
TE-005890,832.05
TE-005891,1859.71
TE-005892,1500.81
TE-005893,1945.64
TE-005894,3251.08
TE-005895,4380.22
TE-005896,2135.01
TE-005897,839.74
TE-005898,629.57
TE-005899,2702.72
TE-005900,2599.49
TE-005901,1495.46
TE-005902,893.69
TE-005903,3243.92
TE-005904,1101.84
TE-005905,2802.62
TE-005906,925.96
TE-005907,907.49
TE-005908,2044.6
TE-005909,4501.65
TE-005910,2065.93
TE-005911,240.91
TE-005912,2958.44
TE-005913,3422.83
TE-005914,2796.11
TE-005915,1940.8
TE-005916,1971.58
TE-005917,3038.9
TE-005918,6041.58
TE-005919,1397.69
TE-005920,2786.41
TE-005921,1509.47
TE-005922,4190.47
TE-005923,3346.8
TE-005924,3214.22
TE-005925,1669.49
TE-005926,2886.1
TE-005927,3655.48
TE-005928,3521.87
TE-005929,1243.27
TE-005930,3071.29
TE-005931,348.13
TE-005932,5032.86
TE-005933,555.17
TE-005934,2632.74
TE-005935,1426.49
TE-005936,1407.1
TE-005937,1249.33
TE-005938,5614.54
TE-005939,1051.94
TE-005940,2482.28
TE-005941,1862.3
TE-005942,1078.82
TE-005943,534.09
TE-005944,2632.11
TE-005945,5503.62
TE-005946,3657.73
TE-005947,3173.81
TE-005948,4132.95
TE-005949,2349.2
TE-005950,2936.07
TE-005951,2624.87
TE-005952,1029.92
TE-005953,898.38
TE-005954,1672.77
TE-005955,1409.49
TE-005956,1320.87
TE-005957,3536.32
TE-005958,4136.04
TE-005959,823.88
TE-005960,3065.8
TE-005961,1578.71
TE-005962,1430.21
TE-005963,2861.65
TE-005964,2183.16
TE-005965,829.08
TE-005966,3979.64
TE-005967,3111.5
TE-005968,2162.25
TE-005969,2412.88
TE-005970,2020.15
TE-005971,3131.5
TE-005972,3387.83
TE-005973,3391.47
TE-005974,848.59
TE-005975,247.75
TE-005976,1884.31
TE-005977,1893.79
TE-005978,4218.13
TE-005979,997.93
TE-005980,1156.94
TE-005981,3743.55
TE-005982,2870.63
TE-005983,1950.8
TE-005984,3938.56
TE-005985,2328.44
TE-005986,2208.15
TE-005987,2409.17
TE-005988,3916.87
TE-005989,2477.28
TE-005990,684.22
TE-005991,3869.09
TE-005992,1523.04
TE-005993,4864.32
TE-005994,1708.75
TE-005995,2293.63
TE-005996,1930.16
TE-005997,3708.17
TE-005998,1035.21
TE-005999,1667.46
TE-006000,1356.45
TE-006001,2748.64
TE-006002,4546.35
TE-006003,799.54
TE-006004,915.65
TE-006005,1081.97
TE-006006,2964.27
TE-006007,2651.65
TE-006008,3377.49
TE-006009,1591.48
TE-006010,760.21
TE-006011,2498.27
TE-006012,3571.72
TE-006013,1472.49
TE-006014,5827.41
TE-006015,3344.54
TE-006016,1171.7
TE-006017,887.32
TE-006018,2958.45
TE-006019,1034.94
TE-006020,2239.7
TE-006021,2774.37
TE-006022,4993.78
TE-006023,2352.07
TE-006024,1603.55
TE-006025,3442.87
TE-006026,709.43
TE-006027,2928.43
TE-006028,2205.59
TE-006029,3346.34
TE-006030,964.73
TE-006031,5325.14
TE-006032,4535.71
TE-006033,679.51
TE-006034,4200.64
TE-006035,653.58
TE-006036,1938.23
TE-006037,2876.61
TE-006038,1507.76
TE-006039,1036.72
TE-006040,1914.87
TE-006041,3841.79
TE-006042,1024.83
TE-006043,528.14
TE-006044,1042.83
TE-006045,973.36
TE-006046,1920.15
TE-006047,4703.84
TE-006048,2066.71
TE-006049,2018.03
TE-006050,4322.92
TE-006051,462.12
TE-006052,2053.8
TE-006053,1504.71
TE-006054,2451.07
TE-006055,1120.39
TE-006056,2194.13
TE-006057,3940.13
TE-006058,1670.39
TE-006059,210.07
TE-006060,1959.99
TE-006061,394.58
TE-006062,3920.74
TE-006063,1364.88
TE-006064,3930.68
TE-006065,1719.08
TE-006066,3566.47
TE-006067,2048.82
TE-006068,3447.96
TE-006069,3523.01
TE-006070,2861.29
TE-006071,3787.34
TE-006072,1577.03
TE-006073,3756.54
TE-006074,2959.78
TE-006075,2943.16
TE-006076,2267.44
TE-006077,2370.69
TE-006078,1488.99
TE-006079,633.98
TE-006080,2442.08
TE-006081,883.27
TE-006082,3329.54
TE-006083,1418.83
TE-006084,1628.64
TE-006085,1543.57
TE-006086,3096.44
TE-006087,2086.45
TE-006088,3839.47
TE-006089,2180.82
TE-006090,3900.9
TE-006091,2328.33
TE-006092,3149.03
TE-006093,5650.85
TE-006094,1158.3
TE-006095,458.85
TE-006096,4105.4
TE-006097,1397.08
TE-006098,1623.14
TE-006099,2066.91
TE-006100,696.05
TE-006101,1524.4
TE-006102,4024.6
TE-006103,956.27
TE-006104,2790.35
TE-006105,2078.83
TE-006106,2487.75
TE-006107,811.22
TE-006108,1194.96
TE-006109,3939.38
TE-006110,956.57
TE-006111,3974.12
TE-006112,1348.91
TE-006113,2595.08
TE-006114,4391.56
TE-006115,3700.81
TE-006116,1194.13
TE-006117,488.45
TE-006118,820.35
TE-006119,3210.59
TE-006120,3654.72
TE-006121,1796.7
TE-006122,3062.5
TE-006123,1573.22
TE-006124,4593.18
TE-006125,4733.89
TE-006126,6091.06
TE-006127,1585.74
TE-006128,4030.56
TE-006129,1702.08
TE-006130,1205.44
TE-006131,1786.67
TE-006132,1044.65
TE-006133,1231.95
TE-006134,2543.57
TE-006135,945.98
TE-006136,1872.44
TE-006137,2122.34
TE-006138,1086.1
TE-006139,1465.09
TE-006140,1697.49
TE-006141,2136.8
TE-006142,2020.27
TE-006143,5023.16
TE-006144,2074.71
TE-006145,4095.45
TE-006146,3935.16
TE-006147,5028.67
TE-006148,2317.67
TE-006149,3806.99
TE-006150,3203.02
TE-006151,4984.37
TE-006152,1902.1
TE-006153,1530.01
TE-006154,2644.72
TE-006155,1708.72
TE-006156,2654.4
TE-006157,1150.16
TE-006158,365.61
TE-006159,1276.88
TE-006160,1864.36
TE-006161,1266.28
TE-006162,2762.56
TE-006163,2573.62
TE-006164,2812.31
TE-006165,3130.8
TE-006166,2141.14
TE-006167,1623.47
TE-006168,1755.02
TE-006169,1635.86
TE-006170,1169.14
TE-006171,373.34
TE-006172,759.8
TE-006173,1285.11
TE-006174,4213.61
TE-006175,2508.49
TE-006176,1996.15
TE-006177,792.35
TE-006178,745.79
TE-006179,1785.7
TE-006180,2882.79
TE-006181,3778.93
TE-006182,3057.52
TE-006183,3241.4
TE-006184,2546.96
TE-006185,4666.04
TE-006186,3158.0
TE-006187,1025.05
TE-006188,5691.64
TE-006189,2290.0
TE-006190,4221.23
TE-006191,1162.72
TE-006192,653.0
TE-006193,2042.6
TE-006194,3140.09
TE-006195,765.29
TE-006196,2142.15
TE-006197,4085.92
TE-006198,1192.18
TE-006199,1186.61
TE-006200,634.67
TE-006201,1825.85
TE-006202,810.23
TE-006203,1125.27
TE-006204,4039.52
TE-006205,1152.01
TE-006206,1652.45
TE-006207,3947.66
TE-006208,736.04
TE-006209,853.8
TE-006210,2427.56
TE-006211,3872.98
TE-006212,1523.84
TE-006213,3914.1
TE-006214,970.07
TE-006215,1798.36
TE-006216,1720.02
TE-006217,2613.84
TE-006218,780.51
TE-006219,981.57
TE-006220,1056.46
TE-006221,1628.46
TE-006222,927.85
TE-006223,871.83
TE-006224,4498.43
TE-006225,1166.74
TE-006226,2230.24
TE-006227,1580.32
TE-006228,2231.94
TE-006229,722.29
TE-006230,888.71
TE-006231,4121.7
TE-006232,3831.17
TE-006233,3978.07
TE-006234,4762.86
TE-006235,5343.01
TE-006236,1766.63
TE-006237,1750.71
TE-006238,5041.67
TE-006239,4299.75
TE-006240,381.4
TE-006241,1660.92
TE-006242,2466.93
TE-006243,3140.76
TE-006244,323.3
TE-006245,2496.02
TE-006246,3620.78
TE-006247,2448.89
TE-006248,977.32
TE-006249,894.26
TE-006250,318.58
TE-006251,2007.78
TE-006252,3385.52
TE-006253,888.14
TE-006254,1354.91
TE-006255,2147.53
TE-006256,1375.24
TE-006257,1209.29
TE-006258,3128.46
TE-006259,2964.7
TE-006260,5416.24
TE-006261,4015.07
TE-006262,3326.61
TE-006263,3331.47
TE-006264,1355.22
TE-006265,2611.7
TE-006266,3116.37
TE-006267,3499.77
TE-006268,3964.25
TE-006269,685.18
TE-006270,389.54
TE-006271,5793.96
TE-006272,2451.61
TE-006273,4132.27
TE-006274,2078.49
TE-006275,5104.61
TE-006276,1802.69
TE-006277,1166.56
TE-006278,2747.48
TE-006279,2159.88
TE-006280,3846.85
TE-006281,1520.86
TE-006282,2218.37
TE-006283,2275.66
TE-006284,1573.72
TE-006285,3196.96
TE-006286,3941.0
TE-006287,1281.01
TE-006288,5651.04
TE-006289,5840.2
TE-006290,2746.77
TE-006291,2022.44
TE-006292,2081.19
TE-006293,3506.02
TE-006294,849.4
TE-006295,581.28
TE-006296,1204.34
TE-006297,4252.88
TE-006298,1744.34
TE-006299,1685.78
TE-006300,1938.46
TE-006301,3256.53
TE-006302,2506.89
TE-006303,3188.26
TE-006304,5293.1
TE-006305,1144.98
TE-006306,4080.31
TE-006307,3918.56
TE-006308,2412.4
TE-006309,1205.14
TE-006310,2692.73
TE-006311,3255.8
TE-006312,1629.62
TE-006313,3362.14
TE-006314,737.34
TE-006315,565.93
TE-006316,2569.54
TE-006317,3871.2
TE-006318,1483.45
TE-006319,3285.74
TE-006320,5036.39
TE-006321,4256.32
TE-006322,3068.51
TE-006323,2892.24
TE-006324,1533.56
TE-006325,3044.16
TE-006326,4270.48
TE-006327,1854.27
TE-006328,6653.3
TE-006329,2161.12
TE-006330,3036.42
TE-006331,3880.92
TE-006332,624.92
TE-006333,3426.62
TE-006334,3315.54
TE-006335,855.08
TE-006336,719.64
TE-006337,1064.63
TE-006338,2681.09
TE-006339,3724.41
TE-006340,1562.73
TE-006341,701.77
TE-006342,1573.9
TE-006343,1284.67
TE-006344,2073.07
TE-006345,6082.39
TE-006346,1132.82
TE-006347,1501.54
TE-006348,1787.86
TE-006349,2868.29
TE-006350,1671.62
TE-006351,2698.75
TE-006352,764.06
TE-006353,3510.37
TE-006354,1362.57
TE-006355,2324.93
TE-006356,1417.0
TE-006357,2207.66
TE-006358,1861.66
TE-006359,799.25
TE-006360,2374.74
TE-006361,2832.63
TE-006362,1604.88
TE-006363,779.55
TE-006364,1359.37
TE-006365,710.11
TE-006366,837.7
TE-006367,2882.11
TE-006368,1693.74
TE-006369,1174.74
TE-006370,5322.62
TE-006371,1209.9
TE-006372,1979.08
TE-006373,3385.53
TE-006374,2613.1
TE-006375,4194.13
TE-006376,1153.13
TE-006377,2636.34
TE-006378,1303.12
TE-006379,1632.87
TE-006380,883.29
TE-006381,2155.13
TE-006382,4094.58
TE-006383,4220.4
TE-006384,1257.06
TE-006385,4760.74
TE-006386,4186.84
TE-006387,1370.18
TE-006388,817.29
TE-006389,885.65
TE-006390,1534.99
TE-006391,2214.23
TE-006392,2156.09
TE-006393,3454.29
TE-006394,2498.26
TE-006395,2350.0
TE-006396,625.04
TE-006397,1789.3
TE-006398,1022.55
TE-006399,2418.12
TE-006400,4514.62
TE-006401,1053.62
TE-006402,1785.18
TE-006403,1184.4
TE-006404,5009.94
TE-006405,6151.11
TE-006406,2169.65
TE-006407,1122.89
TE-006408,836.28
TE-006409,1067.42
TE-006410,1977.22
TE-006411,661.29
TE-006412,1395.36
TE-006413,2800.73
TE-006414,4722.21
TE-006415,1413.66
TE-006416,1808.2
TE-006417,1541.24
TE-006418,3847.54
TE-006419,4475.55
TE-006420,1983.65
TE-006421,3349.97
TE-006422,5556.15
TE-006423,4942.92
TE-006424,1592.88
TE-006425,4826.01
TE-006426,1717.08
TE-006427,2773.85
TE-006428,1770.81
TE-006429,2302.85
TE-006430,3478.03
TE-006431,2792.61
TE-006432,767.98
TE-006433,1413.59
TE-006434,3641.3
TE-006435,951.13
TE-006436,4042.09
TE-006437,2714.68
TE-006438,3948.87
TE-006439,655.5
TE-006440,2192.77
TE-006441,4203.1
TE-006442,2241.67
TE-006443,3436.45
TE-006444,1305.13
TE-006445,2380.22
TE-006446,1903.03
TE-006447,2836.08
TE-006448,3600.57
TE-006449,4632.87
TE-006450,590.59
TE-006451,2557.49
TE-006452,2154.18
TE-006453,2193.8
TE-006454,2880.66
TE-006455,613.36
TE-006456,4019.63
TE-006457,4595.52
TE-006458,643.32
TE-006459,1537.21
TE-006460,1726.13
TE-006461,4184.32
TE-006462,506.79
TE-006463,4044.98
TE-006464,1136.51
TE-006465,1876.86
TE-006466,792.22
TE-006467,1710.01
TE-006468,3301.71
TE-006469,1542.3
TE-006470,2834.74
TE-006471,1275.32
TE-006472,1947.3
TE-006473,1125.45
TE-006474,4085.89
TE-006475,868.9
TE-006476,2541.81
TE-006477,1367.1
TE-006478,5011.83
TE-006479,3207.53
TE-006480,788.68
TE-006481,4636.85
TE-006482,3153.17
TE-006483,4941.96
TE-006484,652.83
TE-006485,2962.46
TE-006486,3960.17
TE-006487,3971.79
TE-006488,3698.7
TE-006489,2318.8
TE-006490,2313.28
TE-006491,1963.17
TE-006492,2703.93
TE-006493,555.09
TE-006494,3747.1
TE-006495,2516.36
TE-006496,1113.31
TE-006497,1469.89
TE-006498,1016.73
TE-006499,1757.13
TE-006500,1332.03
TE-006501,3943.49
TE-006502,4099.5
TE-006503,2407.29
TE-006504,2676.85
TE-006505,2845.98
TE-006506,209.21
TE-006507,491.37
TE-006508,529.37
TE-006509,1328.77
TE-006510,2193.97
TE-006511,4084.55
TE-006512,3881.14
TE-006513,2047.13
TE-006514,2535.15
TE-006515,5922.57
TE-006516,1076.41
TE-006517,2848.57
TE-006518,4302.17
TE-006519,1280.34
TE-006520,996.7
TE-006521,1565.31
TE-006522,3093.14
TE-006523,4804.24
TE-006524,1042.69
TE-006525,405.42
TE-006526,2308.3
TE-006527,3162.36
TE-006528,1137.34
TE-006529,1516.13
TE-006530,4173.62
TE-006531,1539.24
TE-006532,3145.37
TE-006533,3934.16
TE-006534,1957.63
TE-006535,1102.48
TE-006536,1598.73
TE-006537,4113.57
TE-006538,831.56
TE-006539,2820.07
TE-006540,1992.55
TE-006541,506.6
TE-006542,873.05
TE-006543,1816.15
TE-006544,1454.48
TE-006545,3999.24
TE-006546,368.97
TE-006547,461.41
TE-006548,4349.95
TE-006549,3866.03
TE-006550,2457.5
TE-006551,802.96
TE-006552,605.73
TE-006553,930.82
TE-006554,1530.84
TE-006555,764.0
TE-006556,3874.13
TE-006557,741.03
TE-006558,3154.57
TE-006559,1100.2
TE-006560,4264.79
TE-006561,625.09
TE-006562,941.19
TE-006563,1647.68
TE-006564,3884.13
TE-006565,734.57
TE-006566,1648.43
TE-006567,4306.55
TE-006568,1814.11
TE-006569,2139.77
TE-006570,2028.45
TE-006571,1923.9
TE-006572,3486.69
TE-006573,2192.46
TE-006574,785.83
TE-006575,2401.6
TE-006576,1411.39
TE-006577,2141.3
TE-006578,3970.43
TE-006579,759.67
TE-006580,4582.2
TE-006581,1400.0
TE-006582,1722.51
TE-006583,1745.05
TE-006584,5075.65
TE-006585,4429.94
TE-006586,1252.22
TE-006587,2220.43
TE-006588,5669.93
TE-006589,1554.86
TE-006590,2692.28
TE-006591,2970.92
TE-006592,1597.89
TE-006593,2302.92
TE-006594,941.43
TE-006595,2442.57
TE-006596,1406.74
TE-006597,3269.37
TE-006598,5517.65
TE-006599,1364.7
TE-006600,3871.67
TE-006601,2822.46
TE-006602,2506.46
TE-006603,3506.28
TE-006604,752.85
TE-006605,623.83
TE-006606,3018.57
TE-006607,1313.97
TE-006608,2198.35
TE-006609,1225.24
TE-006610,1186.41
TE-006611,4729.64
TE-006612,2405.04
TE-006613,1659.48
TE-006614,1164.6
TE-006615,5904.05
TE-006616,1760.25
TE-006617,875.27
TE-006618,2480.03
TE-006619,1398.39
TE-006620,1568.78
TE-006621,3561.85
TE-006622,1705.47
TE-006623,1796.96
TE-006624,3785.38
TE-006625,938.55
TE-006626,3847.72
TE-006627,3051.47
TE-006628,1090.89
TE-006629,2101.85
TE-006630,1385.76
TE-006631,3639.38
TE-006632,1893.74
TE-006633,3278.96
TE-006634,1821.67
TE-006635,4336.15
TE-006636,4588.94
TE-006637,5003.89
TE-006638,1675.04
TE-006639,3171.8
TE-006640,1714.79
TE-006641,1887.8
TE-006642,666.98
TE-006643,1033.72
TE-006644,1828.17
TE-006645,1345.88
TE-006646,2410.56
TE-006647,4567.31
TE-006648,1391.57
TE-006649,2351.04
TE-006650,949.14
TE-006651,1513.37
TE-006652,4037.63
TE-006653,3892.08
TE-006654,1642.73
TE-006655,1313.95
TE-006656,3211.6
TE-006657,1753.73
TE-006658,2960.85
TE-006659,3424.26
TE-006660,1403.21
TE-006661,3936.62
TE-006662,5442.6
TE-006663,3697.68
TE-006664,2529.34
TE-006665,629.88
TE-006666,1419.16
TE-006667,957.11
TE-006668,2662.63
TE-006669,627.98
TE-006670,858.45
TE-006671,4194.94
TE-006672,532.59
TE-006673,892.94
TE-006674,895.5
TE-006675,1668.97
TE-006676,2509.22
TE-006677,4517.69
TE-006678,1426.29
TE-006679,638.77
TE-006680,1194.99
TE-006681,2262.92
TE-006682,1498.71
TE-006683,3569.78
TE-006684,1564.74
TE-006685,5663.98
TE-006686,4659.19
TE-006687,2322.93
TE-006688,1304.93
TE-006689,779.04
TE-006690,4257.73
TE-006691,2229.76
TE-006692,2599.4
TE-006693,4182.55
TE-006694,2193.16
TE-006695,2764.32
TE-006696,463.19
TE-006697,1705.64
TE-006698,2383.44
TE-006699,3174.33
TE-006700,1544.27
TE-006701,1399.39
TE-006702,1402.3
TE-006703,3803.35
TE-006704,2549.93
TE-006705,831.2
TE-006706,4405.95
TE-006707,921.5
TE-006708,2886.8
TE-006709,897.29
TE-006710,897.46
TE-006711,459.54
TE-006712,1500.43
TE-006713,1599.4
TE-006714,196.33
TE-006715,3722.54
TE-006716,3899.39
TE-006717,2398.47
TE-006718,1709.42
TE-006719,1583.81
TE-006720,4723.8
TE-006721,3753.66
TE-006722,2815.64
TE-006723,2577.57
TE-006724,1901.72
TE-006725,2007.03
TE-006726,2912.48
TE-006727,4729.78
TE-006728,1943.47
TE-006729,2188.48
TE-006730,1738.66
TE-006731,343.4
TE-006732,791.69
TE-006733,2556.46
TE-006734,2184.0
TE-006735,1937.82
TE-006736,3386.9
TE-006737,1175.35
TE-006738,1979.75
TE-006739,1419.06
TE-006740,633.02
TE-006741,940.09
TE-006742,2606.5
TE-006743,678.99
TE-006744,921.02
TE-006745,1425.79
TE-006746,643.92
TE-006747,3030.37
TE-006748,2962.7
TE-006749,3904.39
TE-006750,464.34
TE-006751,738.09
TE-006752,2402.31
TE-006753,3724.81
TE-006754,3963.55
TE-006755,2309.24
TE-006756,1508.43
TE-006757,1397.62
TE-006758,3962.17
TE-006759,879.98
TE-006760,4787.03
TE-006761,1768.65
TE-006762,868.95
TE-006763,4437.67
TE-006764,1747.64
TE-006765,4297.93
TE-006766,4715.47
TE-006767,2822.05
TE-006768,3232.37
TE-006769,1347.53
TE-006770,4258.54
TE-006771,1706.07
TE-006772,4656.77
TE-006773,3897.23
TE-006774,645.85
TE-006775,3834.79
TE-006776,1642.11
TE-006777,886.08
TE-006778,2595.63
TE-006779,1779.17
TE-006780,2350.52
TE-006781,2929.03
TE-006782,1672.91
TE-006783,4831.87
TE-006784,2263.27
TE-006785,1963.43
TE-006786,1199.59
TE-006787,3982.1
TE-006788,3275.7
TE-006789,2669.38
TE-006790,2437.06
TE-006791,3371.43
TE-006792,1529.82
TE-006793,2412.09
TE-006794,2238.99
TE-006795,779.61
TE-006796,2496.56
TE-006797,1760.56
TE-006798,3831.41
TE-006799,1455.03
TE-006800,989.49
TE-006801,1679.66
TE-006802,2069.69
TE-006803,4655.41
TE-006804,1779.83
TE-006805,1408.62
TE-006806,5962.82
TE-006807,2280.02
TE-006808,1398.93
TE-006809,2272.81
TE-006810,536.49
TE-006811,2390.94
TE-006812,1148.62
TE-006813,4803.45
TE-006814,1936.43
TE-006815,2136.75
TE-006816,935.91
TE-006817,1820.2
TE-006818,1984.69
TE-006819,4656.05
TE-006820,1805.59
TE-006821,1960.41
TE-006822,2166.27
TE-006823,1973.52
TE-006824,2715.82
TE-006825,3455.0
TE-006826,452.4
TE-006827,4043.8
TE-006828,3657.16
TE-006829,915.18
TE-006830,5609.55
TE-006831,1788.04
TE-006832,5355.76
TE-006833,1971.89
TE-006834,1535.39
TE-006835,1720.09
TE-006836,2276.62
TE-006837,2023.83
TE-006838,2282.08
TE-006839,404.45
TE-006840,1965.49
TE-006841,2286.79
TE-006842,2875.87
TE-006843,2000.88
TE-006844,961.91
TE-006845,1519.07
TE-006846,3276.35
TE-006847,2613.1
TE-006848,2317.09
TE-006849,725.71
TE-006850,2054.28
TE-006851,2085.41
TE-006852,1072.51
TE-006853,1569.79
TE-006854,788.22
TE-006855,2542.76
TE-006856,3765.5
TE-006857,893.12
TE-006858,322.62
TE-006859,5947.75
TE-006860,2465.7
TE-006861,5589.43
TE-006862,704.03
TE-006863,879.36
TE-006864,1269.2
TE-006865,2111.4
TE-006866,4484.13
TE-006867,2063.25
TE-006868,2631.53
TE-006869,464.43
TE-006870,782.75
TE-006871,2587.4
TE-006872,535.5
TE-006873,1946.13
TE-006874,3991.69
TE-006875,2545.93
TE-006876,2089.36
TE-006877,2721.52
TE-006878,4849.52
TE-006879,1235.18
TE-006880,1793.82
TE-006881,4360.64
TE-006882,2056.42
TE-006883,869.22
TE-006884,3372.07
TE-006885,1638.04
TE-006886,2781.52
TE-006887,1048.35
TE-006888,1031.78
TE-006889,1638.68
TE-006890,5524.52
TE-006891,1963.42
TE-006892,962.23
TE-006893,571.37
TE-006894,1110.35
TE-006895,4274.56
TE-006896,1085.53
TE-006897,829.86
TE-006898,2461.67
TE-006899,2444.17
TE-006900,2432.79
TE-006901,1626.2
TE-006902,1771.07
TE-006903,3809.35
TE-006904,536.38
TE-006905,544.52
TE-006906,2238.79
TE-006907,2225.92
TE-006908,1057.58
TE-006909,2080.01
TE-006910,997.53
TE-006911,495.55
TE-006912,3730.8
TE-006913,5708.51
TE-006914,3419.84
TE-006915,4133.73
TE-006916,1054.3
TE-006917,4298.08
TE-006918,4238.78
TE-006919,2765.5
TE-006920,1994.53
TE-006921,1728.5
TE-006922,1170.63
TE-006923,1841.97
TE-006924,2064.76
TE-006925,1022.59
TE-006926,5070.24
TE-006927,3977.65
TE-006928,1582.29
TE-006929,4986.41
TE-006930,1398.41
TE-006931,1120.31
TE-006932,596.33
TE-006933,4319.43
TE-006934,1989.32
TE-006935,3157.54
TE-006936,1504.07
TE-006937,1951.51
TE-006938,872.53
TE-006939,3567.56
TE-006940,1198.17
TE-006941,1501.08
TE-006942,1920.18
TE-006943,1223.27
TE-006944,5222.5
TE-006945,2850.51
TE-006946,2083.54
TE-006947,1030.8
TE-006948,2181.05
TE-006949,1644.68
TE-006950,2153.15
TE-006951,2826.1
TE-006952,3447.38
TE-006953,4362.44
TE-006954,4200.69
TE-006955,902.73
TE-006956,4112.75
TE-006957,1928.04
TE-006958,3270.85
TE-006959,3399.18
TE-006960,1228.12
TE-006961,1291.09
TE-006962,2452.22
TE-006963,1829.08
TE-006964,3971.76
TE-006965,1767.4
TE-006966,2664.47
TE-006967,3011.99
TE-006968,3746.08
TE-006969,1956.42
TE-006970,2215.24
TE-006971,4943.31
TE-006972,2350.93
TE-006973,2192.59
TE-006974,1405.32
TE-006975,1550.81
TE-006976,4866.87
TE-006977,708.17
TE-006978,3656.63
TE-006979,1324.43
TE-006980,868.68
TE-006981,3316.86
TE-006982,3209.25
TE-006983,4187.53
TE-006984,2281.07
TE-006985,3222.27
TE-006986,4369.27
TE-006987,814.88
TE-006988,1113.38
TE-006989,3311.01
TE-006990,3375.36
TE-006991,1340.94
TE-006992,2422.36
TE-006993,2423.32
TE-006994,1571.08
TE-006995,4819.32
TE-006996,970.12
TE-006997,3744.98
TE-006998,4286.49
TE-006999,594.55
TE-007000,980.77
TE-007001,583.5
TE-007002,4632.91
TE-007003,608.57
TE-007004,4592.56
TE-007005,2364.15
TE-007006,2059.08
TE-007007,4245.31
TE-007008,2846.35
TE-007009,1587.25
TE-007010,2326.12
TE-007011,1737.17
TE-007012,3354.59
TE-007013,1197.88
TE-007014,808.76
TE-007015,658.88
TE-007016,375.62
TE-007017,548.53
TE-007018,444.5
TE-007019,1778.38
TE-007020,1792.51
TE-007021,1525.69
TE-007022,1471.79
TE-007023,904.38
TE-007024,4511.54
TE-007025,2587.56
TE-007026,1279.06
TE-007027,503.37
TE-007028,1386.02
TE-007029,1700.42
TE-007030,5012.85
TE-007031,1749.83
TE-007032,2666.34
TE-007033,1838.87
TE-007034,2080.21
TE-007035,2094.68
TE-007036,1085.76
TE-007037,4979.98
TE-007038,1415.56
TE-007039,3088.6
TE-007040,531.68
TE-007041,3863.72
TE-007042,3901.46
TE-007043,1057.82
TE-007044,676.37
TE-007045,1436.61
TE-007046,2439.13
TE-007047,3635.65
TE-007048,2058.28
TE-007049,703.22
TE-007050,3626.2
TE-007051,4313.11
TE-007052,1029.45
TE-007053,1774.78
TE-007054,1990.0
TE-007055,1175.7
TE-007056,1598.01
TE-007057,3416.83
TE-007058,4423.62
TE-007059,2902.5
TE-007060,3190.67
TE-007061,2932.98
TE-007062,3153.58
TE-007063,799.6
TE-007064,1060.3
TE-007065,2417.68
TE-007066,3258.0
TE-007067,1357.9
TE-007068,4537.76
TE-007069,2066.19
TE-007070,5311.11
TE-007071,1126.87
TE-007072,1473.69
TE-007073,903.46
TE-007074,2969.47
TE-007075,1984.62
TE-007076,1375.55
TE-007077,2155.38
TE-007078,1339.16
TE-007079,3568.03
TE-007080,793.59
TE-007081,5277.74
TE-007082,3754.79
TE-007083,1269.68
TE-007084,1143.39
TE-007085,1483.15
TE-007086,942.3
TE-007087,1749.59
TE-007088,5079.82
TE-007089,2261.56
TE-007090,2900.43
TE-007091,2490.58
TE-007092,1604.74
TE-007093,1260.93
TE-007094,1551.26
TE-007095,3521.71
TE-007096,2398.79
TE-007097,1605.8
TE-007098,1871.51
TE-007099,1629.39
TE-007100,2085.13
TE-007101,552.89
TE-007102,1193.08
TE-007103,2795.78
TE-007104,1143.87
TE-007105,684.29
TE-007106,1079.37
TE-007107,4355.45
TE-007108,1193.4
TE-007109,1644.09
TE-007110,788.95
TE-007111,1039.4
TE-007112,4049.94
TE-007113,3361.74
TE-007114,2178.72
TE-007115,857.66
TE-007116,3361.97
TE-007117,1369.96
TE-007118,2687.62
TE-007119,798.87
TE-007120,1636.56
TE-007121,1585.5
TE-007122,3891.81
TE-007123,1465.28
TE-007124,1465.05
TE-007125,4671.58
TE-007126,4021.32
TE-007127,4150.32
TE-007128,1164.93
TE-007129,1218.02
TE-007130,574.32
TE-007131,1713.79
TE-007132,2404.28
TE-007133,1531.16
TE-007134,4803.96
TE-007135,3543.48
TE-007136,1474.91
TE-007137,2192.39
TE-007138,2073.4
TE-007139,1380.07
TE-007140,881.96
TE-007141,2905.05
TE-007142,1350.23
TE-007143,5179.12
TE-007144,1002.82
TE-007145,1194.69
TE-007146,1027.61
TE-007147,6693.02
TE-007148,2313.05
TE-007149,3416.12
TE-007150,3063.66
TE-007151,2280.67
TE-007152,513.88
TE-007153,2614.92
TE-007154,2441.71
TE-007155,4422.51
TE-007156,875.08
TE-007157,2125.6
TE-007158,2456.6
TE-007159,3504.21
TE-007160,1513.2
TE-007161,5541.96
TE-007162,3449.78
TE-007163,4003.69
TE-007164,3607.95
TE-007165,3762.09
TE-007166,1489.4
TE-007167,1706.71
TE-007168,1232.64
TE-007169,1743.97
TE-007170,4392.3
TE-007171,1171.48
TE-007172,1030.69
TE-007173,787.27
TE-007174,3167.35
TE-007175,3932.5
TE-007176,1045.91
TE-007177,1657.45
TE-007178,2097.27
TE-007179,2482.28
TE-007180,2038.86
TE-007181,4124.94
TE-007182,1397.29
TE-007183,1287.16
TE-007184,3359.58
TE-007185,1895.88
TE-007186,2757.46
TE-007187,1367.74
TE-007188,3388.29
TE-007189,4325.21
TE-007190,1112.1
TE-007191,1794.59
TE-007192,3795.88
TE-007193,1005.3
TE-007194,3391.39
TE-007195,1310.75
TE-007196,1909.12
TE-007197,3720.11
TE-007198,2794.84
TE-007199,2830.01
TE-007200,1573.24
TE-007201,2218.66
TE-007202,1970.56
TE-007203,946.24
TE-007204,1525.16
TE-007205,1795.51
TE-007206,3405.44
TE-007207,1827.48
TE-007208,595.77
TE-007209,1358.82
TE-007210,4397.96
TE-007211,1662.64
TE-007212,4223.97
TE-007213,4311.34
TE-007214,1458.14
TE-007215,1770.27
TE-007216,583.32
TE-007217,2287.18
TE-007218,2375.07
TE-007219,1492.45
TE-007220,3973.93
TE-007221,1120.8
TE-007222,1242.3
TE-007223,2697.35
TE-007224,1346.54
TE-007225,834.83
TE-007226,1562.5
TE-007227,5088.93
TE-007228,1755.97
TE-007229,1155.37
TE-007230,4252.81
TE-007231,5371.51
TE-007232,958.54
TE-007233,4286.62
TE-007234,3831.88
TE-007235,856.36
TE-007236,1770.09
TE-007237,3468.15
TE-007238,2163.24
TE-007239,1563.21
TE-007240,3440.75
TE-007241,2182.32
TE-007242,2848.21
TE-007243,1154.27
TE-007244,1870.85
TE-007245,4794.45
TE-007246,463.77
TE-007247,3109.48
TE-007248,464.96
TE-007249,1766.74
TE-007250,2226.54
TE-007251,1108.79
TE-007252,2818.88
TE-007253,2703.61
TE-007254,1091.97
TE-007255,2461.99
TE-007256,4887.2
TE-007257,4023.2
TE-007258,1740.44
TE-007259,1252.81
TE-007260,1510.43
TE-007261,2387.17
TE-007262,1872.6
TE-007263,740.27
TE-007264,1593.39
TE-007265,1990.04
TE-007266,358.2
TE-007267,1452.45
TE-007268,3178.79
TE-007269,2094.33
TE-007270,3713.77
TE-007271,1027.06
TE-007272,840.83
TE-007273,1272.47
TE-007274,2731.03
TE-007275,3481.9
TE-007276,2174.06
TE-007277,960.48
TE-007278,1903.65
TE-007279,5501.09
TE-007280,1779.1
TE-007281,1542.88
TE-007282,595.85
TE-007283,1106.44
TE-007284,2252.71
TE-007285,4925.03
TE-007286,862.65
TE-007287,4531.7
TE-007288,819.16
TE-007289,1070.93
TE-007290,4018.81
TE-007291,495.44
TE-007292,674.4
TE-007293,1674.82
TE-007294,1928.2
TE-007295,5116.42
TE-007296,4995.42
TE-007297,1996.66
TE-007298,4264.89
TE-007299,3449.75
TE-007300,3073.2
TE-007301,1743.58
TE-007302,1584.35
TE-007303,253.78
TE-007304,3002.84
TE-007305,3798.45
TE-007306,598.45
TE-007307,1343.02
TE-007308,4405.02
TE-007309,1780.08
TE-007310,3232.37
TE-007311,1559.14
TE-007312,1639.08
TE-007313,3499.67
TE-007314,1292.78
TE-007315,3091.04
TE-007316,1913.77
TE-007317,2305.42
TE-007318,1831.17
TE-007319,5756.18
TE-007320,533.53
TE-007321,3866.68
TE-007322,4612.94
TE-007323,3491.53
TE-007324,871.04
TE-007325,2172.96
TE-007326,5880.17
TE-007327,4314.92
TE-007328,4003.83
TE-007329,1735.03
TE-007330,942.3
TE-007331,1787.09
TE-007332,1465.27
TE-007333,3534.93
TE-007334,1411.66
TE-007335,4392.2
TE-007336,3451.44
TE-007337,794.67
TE-007338,3942.54
TE-007339,1804.73
TE-007340,2026.21
TE-007341,4618.7
TE-007342,1970.62
TE-007343,752.65
TE-007344,1535.69
TE-007345,1317.27
TE-007346,3649.77
TE-007347,1237.57
TE-007348,2516.69
TE-007349,4086.17
TE-007350,2235.46
TE-007351,3082.35
TE-007352,1488.6
TE-007353,623.34
TE-007354,2072.67
TE-007355,2009.65
TE-007356,2082.74
TE-007357,4105.68
TE-007358,3296.68
TE-007359,3726.34
TE-007360,3985.52
TE-007361,4274.52
TE-007362,1513.36
TE-007363,1318.65
TE-007364,4495.73
TE-007365,1016.86
TE-007366,2951.32
TE-007367,1012.04
TE-007368,1802.02
TE-007369,1505.99
TE-007370,1225.66
TE-007371,4545.6
TE-007372,2318.32
TE-007373,4416.63
TE-007374,622.28
TE-007375,1728.19
TE-007376,3275.86
TE-007377,1559.36
TE-007378,2174.66
TE-007379,1923.08
TE-007380,2883.81
TE-007381,3145.28
TE-007382,4201.51
TE-007383,5986.3
TE-007384,4537.8
TE-007385,2200.24
TE-007386,3820.39
TE-007387,793.75
TE-007388,1675.47
TE-007389,2337.01
TE-007390,1342.86
TE-007391,842.54
TE-007392,1268.08
TE-007393,2000.75
TE-007394,3834.99
TE-007395,4468.65
TE-007396,2506.46
TE-007397,5189.25
TE-007398,3458.57
TE-007399,1591.36
TE-007400,3394.6
TE-007401,1674.09
TE-007402,4182.04
TE-007403,1952.9
TE-007404,1986.85
TE-007405,2108.56
TE-007406,2293.41
TE-007407,3911.72
TE-007408,1754.22
TE-007409,1285.18
TE-007410,894.84
TE-007411,3493.59
TE-007412,2275.85
TE-007413,5765.3
TE-007414,5390.35
TE-007415,3883.63
TE-007416,1175.54
TE-007417,5861.0
TE-007418,2016.07
TE-007419,4680.44
TE-007420,2413.82
TE-007421,1235.86
TE-007422,1173.84
TE-007423,963.36
TE-007424,2340.99
TE-007425,960.75
TE-007426,397.63
TE-007427,1713.84
TE-007428,3614.11
TE-007429,3221.14
TE-007430,3865.68
TE-007431,2023.51
TE-007432,1999.65
TE-007433,3064.46
TE-007434,2358.62
TE-007435,1532.21
TE-007436,1750.59
TE-007437,596.94
TE-007438,1562.08
TE-007439,2483.8
TE-007440,2213.75
TE-007441,1049.51
TE-007442,1187.16
TE-007443,2824.44
TE-007444,235.94
TE-007445,4809.24
TE-007446,836.07
TE-007447,1131.75
TE-007448,1101.49
TE-007449,1895.67
TE-007450,1152.7
TE-007451,3040.44
TE-007452,1765.84
TE-007453,3126.49
TE-007454,2018.92
TE-007455,3171.2
TE-007456,3179.58
TE-007457,2816.99
TE-007458,1366.84
TE-007459,1452.05
TE-007460,1449.51
TE-007461,2534.52
TE-007462,4143.59
TE-007463,1829.49
TE-007464,6009.8
TE-007465,3470.29
TE-007466,1328.48
TE-007467,3855.76
TE-007468,490.94
TE-007469,1513.92
TE-007470,6445.47
TE-007471,3590.73
TE-007472,3928.94
TE-007473,1230.65
TE-007474,454.89
TE-007475,1182.92
TE-007476,1192.7
TE-007477,3432.02
TE-007478,1563.4
TE-007479,3877.87
TE-007480,599.88
TE-007481,4183.9
TE-007482,1046.72
TE-007483,1735.0
TE-007484,1099.98
TE-007485,363.05
TE-007486,2597.86
TE-007487,1147.72
TE-007488,1054.04
TE-007489,4128.08
TE-007490,3742.49
TE-007491,1219.45
TE-007492,1695.52
TE-007493,2003.97
TE-007494,1462.37
TE-007495,2386.73
TE-007496,1693.58
TE-007497,540.77
TE-007498,2996.69
TE-007499,2791.83
TE-007500,1948.89
TE-007501,1127.39
TE-007502,3200.42
TE-007503,5999.96
TE-007504,607.7
TE-007505,3620.45
TE-007506,2004.14
TE-007507,2465.18
TE-007508,646.24
TE-007509,573.95
TE-007510,243.51
TE-007511,1199.25
TE-007512,1894.47
TE-007513,2252.92
TE-007514,741.57
TE-007515,4014.76
TE-007516,1321.73
TE-007517,2384.85
TE-007518,1835.25
TE-007519,1424.6
TE-007520,2341.63
TE-007521,4340.25
TE-007522,3051.49
TE-007523,1350.31
TE-007524,1577.78
TE-007525,4651.08
TE-007526,2119.69
TE-007527,1189.96
TE-007528,3852.64
TE-007529,2367.65
TE-007530,3850.56
TE-007531,1077.81
TE-007532,215.3
TE-007533,3241.39
TE-007534,1823.39
TE-007535,1959.4
TE-007536,5173.45
TE-007537,788.69
TE-007538,612.95
TE-007539,2415.87
TE-007540,2468.86
TE-007541,2428.29
TE-007542,2071.64
TE-007543,4999.69
TE-007544,1742.86
TE-007545,3055.61
TE-007546,1183.24
TE-007547,5313.46
TE-007548,803.87
TE-007549,3845.25
TE-007550,1288.98
TE-007551,2006.99
TE-007552,1864.41
TE-007553,691.93
TE-007554,1351.58
TE-007555,3069.19
TE-007556,2058.34
TE-007557,3237.19
TE-007558,859.52
TE-007559,3879.28
TE-007560,1802.28
TE-007561,3990.05
TE-007562,818.44
TE-007563,2220.04
TE-007564,1095.99
TE-007565,3343.11
TE-007566,4187.12
TE-007567,3062.0
TE-007568,909.47
TE-007569,1120.36
TE-007570,1362.63
TE-007571,1151.78
TE-007572,3297.33
TE-007573,2142.14
TE-007574,1203.13
TE-007575,4019.24
TE-007576,2001.21
TE-007577,949.87
TE-007578,973.06
TE-007579,2097.36
TE-007580,785.12
TE-007581,1767.57
TE-007582,3182.6
TE-007583,2208.27
TE-007584,1828.16
TE-007585,1831.58
TE-007586,3076.72
TE-007587,853.28
TE-007588,2433.94
TE-007589,4545.15
TE-007590,6184.55
TE-007591,1343.67
TE-007592,6216.33
TE-007593,663.22
TE-007594,946.8
TE-007595,4320.2
TE-007596,977.93
TE-007597,3810.67
TE-007598,2029.67
TE-007599,891.07
TE-007600,3825.39
TE-007601,1098.55
TE-007602,1120.8
TE-007603,2807.79
TE-007604,1393.19
TE-007605,227.25
TE-007606,2383.13
TE-007607,1264.36
TE-007608,1430.19
TE-007609,2167.9
TE-007610,3749.11
TE-007611,729.99
TE-007612,3038.62
TE-007613,3121.08
TE-007614,683.87
TE-007615,837.66
TE-007616,1066.43
TE-007617,1582.26
TE-007618,4630.45
TE-007619,851.89
TE-007620,727.11
TE-007621,736.37
TE-007622,1399.93
TE-007623,3443.17
TE-007624,3056.48
TE-007625,1486.86
TE-007626,1530.02
TE-007627,1745.91
TE-007628,1414.75
TE-007629,837.13
TE-007630,4212.12
TE-007631,2331.78
TE-007632,3811.41
TE-007633,297.22
TE-007634,4451.21
TE-007635,1707.87
TE-007636,4790.54
TE-007637,1876.48
TE-007638,3776.09
TE-007639,1807.47
TE-007640,3321.81
TE-007641,1867.96
TE-007642,2260.04
TE-007643,1462.1
TE-007644,2865.07
TE-007645,2692.98
TE-007646,2473.3
TE-007647,634.16
TE-007648,2580.91
TE-007649,698.58
TE-007650,4057.07
TE-007651,2998.27
TE-007652,4009.19
TE-007653,2117.23
TE-007654,2205.08
TE-007655,1694.26
TE-007656,2233.2
TE-007657,743.68
TE-007658,2713.66
TE-007659,3886.97
TE-007660,1014.7
TE-007661,4062.83
TE-007662,4804.12
TE-007663,2452.31
TE-007664,2550.27
TE-007665,2371.4
TE-007666,1516.86
TE-007667,5884.12
TE-007668,2445.52
TE-007669,570.18
TE-007670,1539.64
TE-007671,3824.74
TE-007672,1170.33
TE-007673,2374.37
TE-007674,1285.12
TE-007675,3680.64
TE-007676,2646.27
TE-007677,4326.77
TE-007678,1727.09
TE-007679,2482.98
TE-007680,2964.11
TE-007681,1522.26
TE-007682,3541.87
TE-007683,2225.13
TE-007684,4327.2
TE-007685,375.59
TE-007686,2080.1
TE-007687,2463.31
TE-007688,2245.35
TE-007689,1033.25
TE-007690,2098.54
TE-007691,1937.24
TE-007692,1165.69
TE-007693,1706.61
TE-007694,1008.02
TE-007695,3050.45
TE-007696,2153.36
TE-007697,1008.2
TE-007698,4967.34
TE-007699,1905.17
TE-007700,3180.24
TE-007701,3210.08
TE-007702,5031.43
TE-007703,598.96
TE-007704,1055.38
TE-007705,870.07
TE-007706,2047.71
TE-007707,4309.54
TE-007708,603.51
TE-007709,3773.78
TE-007710,4527.97
TE-007711,4662.78
TE-007712,5348.38
TE-007713,2039.65
TE-007714,1505.38
TE-007715,809.26
TE-007716,901.98
TE-007717,3251.71
TE-007718,2663.85
TE-007719,4199.55
TE-007720,2037.86
TE-007721,1397.42
TE-007722,2229.74
TE-007723,678.39
TE-007724,3703.94
TE-007725,2212.51
TE-007726,3223.12
TE-007727,1629.83
TE-007728,5440.24
TE-007729,4796.12
TE-007730,2358.88
TE-007731,2055.86
TE-007732,2321.46
TE-007733,1368.6
TE-007734,1731.26
TE-007735,3942.98
TE-007736,3034.99
TE-007737,4698.16
TE-007738,2691.56
TE-007739,901.54
TE-007740,4264.2
TE-007741,5221.57
TE-007742,1093.36
TE-007743,1693.83
TE-007744,2485.29
TE-007745,1166.35
TE-007746,1569.37
TE-007747,781.85
TE-007748,1034.52
TE-007749,2286.14
TE-007750,2063.42
TE-007751,967.57
TE-007752,1572.98
TE-007753,992.61
TE-007754,3249.19
TE-007755,1481.06
TE-007756,1650.44
TE-007757,694.21
TE-007758,1424.33
TE-007759,1061.77
TE-007760,3163.4
TE-007761,5032.69
TE-007762,1256.8
TE-007763,766.65
TE-007764,811.35
TE-007765,640.77
TE-007766,3251.26
TE-007767,4220.26
TE-007768,2885.06
TE-007769,1022.89
TE-007770,1170.21
TE-007771,4425.3
TE-007772,2215.84
TE-007773,2210.86
TE-007774,1818.37
TE-007775,2269.82
TE-007776,2187.3
TE-007777,1337.77
TE-007778,2839.87
TE-007779,1567.43
TE-007780,789.31
TE-007781,1179.68
TE-007782,2531.57
TE-007783,2157.85
TE-007784,1597.13
TE-007785,2234.05
TE-007786,3153.87
TE-007787,2498.05
TE-007788,3200.62
TE-007789,2698.06
TE-007790,2049.12
TE-007791,3112.3
TE-007792,3679.47
TE-007793,3959.7
TE-007794,1558.36
TE-007795,3897.1
TE-007796,3158.44
TE-007797,2760.56
TE-007798,4627.35
TE-007799,1630.13
TE-007800,3313.26
TE-007801,372.77
TE-007802,1443.05
TE-007803,1608.31
TE-007804,2446.25
TE-007805,2699.01
TE-007806,4352.07
TE-007807,4017.19
TE-007808,2628.78
TE-007809,6450.22
TE-007810,2572.03
TE-007811,3676.17
TE-007812,1310.23
TE-007813,913.87
TE-007814,3019.88
TE-007815,3988.6
TE-007816,1501.67
TE-007817,3131.58
TE-007818,1957.5
TE-007819,1454.61
TE-007820,2431.67
TE-007821,2278.47
TE-007822,1270.49
TE-007823,993.66
TE-007824,4273.71
TE-007825,2259.24
TE-007826,952.0
TE-007827,845.03
TE-007828,1796.12
TE-007829,234.52
TE-007830,1403.79
TE-007831,1961.91
TE-007832,1030.67
TE-007833,2691.04
TE-007834,902.91
TE-007835,3884.46
TE-007836,1466.95
TE-007837,5099.91
TE-007838,2565.84
TE-007839,946.32
TE-007840,3746.18
TE-007841,5696.88
TE-007842,1113.1
TE-007843,1300.43
TE-007844,2455.12
TE-007845,951.01
TE-007846,3822.08
TE-007847,2664.98
TE-007848,802.14
TE-007849,3572.97
TE-007850,1009.53
TE-007851,2075.66
TE-007852,4489.02
TE-007853,724.26
TE-007854,4827.39
TE-007855,4210.71
TE-007856,6061.49
TE-007857,1109.55
TE-007858,1006.14
TE-007859,321.22
TE-007860,1908.66
TE-007861,2862.96
TE-007862,2536.7
TE-007863,2338.56
TE-007864,5731.05
TE-007865,373.9
TE-007866,2624.02
TE-007867,955.37
TE-007868,2813.26
TE-007869,2629.8
TE-007870,2235.59
TE-007871,901.24
TE-007872,1600.83
TE-007873,1998.76
TE-007874,629.17
TE-007875,918.97
TE-007876,1071.65
TE-007877,881.02
TE-007878,3623.86
TE-007879,2286.96
TE-007880,1339.05
TE-007881,4016.61
TE-007882,1858.03
TE-007883,1910.06
TE-007884,2417.72
TE-007885,1115.52
TE-007886,2882.89
TE-007887,1907.89
TE-007888,4028.63
TE-007889,5672.16
TE-007890,2409.7
TE-007891,2788.88
TE-007892,1428.91
TE-007893,2885.85
TE-007894,5323.15
TE-007895,3971.85
TE-007896,2328.5
TE-007897,834.93
TE-007898,885.92
TE-007899,1979.87
TE-007900,3408.3
TE-007901,1890.14
TE-007902,507.77
TE-007903,1576.38
TE-007904,1922.92
TE-007905,2275.25
TE-007906,3971.16
TE-007907,5432.83
TE-007908,1807.04
TE-007909,1514.56
TE-007910,1373.97
TE-007911,1534.08
TE-007912,4470.85
TE-007913,2437.76
TE-007914,1934.24
TE-007915,2452.71
TE-007916,4293.05
TE-007917,1039.32
TE-007918,3890.24
TE-007919,1189.81
TE-007920,2424.75
TE-007921,1086.19
TE-007922,611.34
TE-007923,1306.72
TE-007924,1496.32
TE-007925,3101.52
TE-007926,4166.74
TE-007927,1046.12
TE-007928,1604.39
TE-007929,2213.4
TE-007930,1211.26
TE-007931,2293.27
TE-007932,3821.74
TE-007933,2100.46
TE-007934,1256.93
TE-007935,1629.16
TE-007936,1077.74
TE-007937,3648.49
TE-007938,4978.62
TE-007939,374.32
TE-007940,1745.27
TE-007941,1378.8
TE-007942,3477.1
TE-007943,2182.11
TE-007944,4324.5
TE-007945,1073.03
TE-007946,1653.39
TE-007947,691.24
TE-007948,2465.17
TE-007949,4397.05
TE-007950,4068.66
TE-007951,931.33
TE-007952,1376.31
TE-007953,2155.15
TE-007954,4938.48
TE-007955,637.23
TE-007956,2109.88
TE-007957,2109.71
TE-007958,2409.54
TE-007959,4207.87
TE-007960,1828.16
TE-007961,374.14
TE-007962,4368.65
TE-007963,5604.82
TE-007964,3141.5
TE-007965,2590.03
TE-007966,2003.02
TE-007967,3343.81
TE-007968,4771.55
TE-007969,1031.12
TE-007970,1951.79
TE-007971,6105.63
TE-007972,1956.51
TE-007973,1619.69
TE-007974,4032.06
TE-007975,1804.56
TE-007976,3644.58
TE-007977,2581.94
TE-007978,934.45
TE-007979,1809.62
TE-007980,599.15
TE-007981,3379.87
TE-007982,3832.84
TE-007983,1411.0
TE-007984,3985.8
TE-007985,1448.29
TE-007986,1682.42
TE-007987,1958.13
TE-007988,2214.76
TE-007989,576.57
TE-007990,1798.43
TE-007991,3974.89
TE-007992,1380.18
TE-007993,2281.3
TE-007994,2186.23
TE-007995,5845.35
TE-007996,1580.82
TE-007997,3342.19
TE-007998,2359.78
TE-007999,1506.43
TE-008000,3802.08
TE-008001,3165.08
TE-008002,3232.73
TE-008003,1589.2
TE-008004,4538.73
TE-008005,3719.19
TE-008006,1217.34
TE-008007,5985.68
TE-008008,2847.54
TE-008009,663.61
TE-008010,2950.05
TE-008011,1379.68
TE-008012,3926.32
TE-008013,2299.99
TE-008014,3008.69
TE-008015,1048.76
TE-008016,1141.16
TE-008017,4442.0
TE-008018,1291.83
TE-008019,443.75
TE-008020,1844.31
TE-008021,638.87
TE-008022,1578.09
TE-008023,4832.02
TE-008024,1210.24
TE-008025,3004.0
TE-008026,1575.82
TE-008027,4960.55
TE-008028,2978.1
TE-008029,1761.18
TE-008030,4580.84
TE-008031,1846.47
TE-008032,3142.41
TE-008033,1204.85
TE-008034,1649.62
TE-008035,2099.26
TE-008036,4868.02
TE-008037,1707.84
TE-008038,1624.28
TE-008039,3444.07
TE-008040,3235.17
TE-008041,3771.79
TE-008042,1856.86
TE-008043,2039.43
TE-008044,2234.11
TE-008045,4973.03
TE-008046,2929.93
TE-008047,1714.56
TE-008048,3021.3
TE-008049,1931.5
TE-008050,1283.01
TE-008051,2352.57
TE-008052,2483.39
TE-008053,2999.01
TE-008054,2393.79
TE-008055,4453.89
TE-008056,609.29
TE-008057,4173.13
TE-008058,842.25
TE-008059,3015.85
TE-008060,891.3
TE-008061,4462.56
TE-008062,3168.9
TE-008063,3046.15
TE-008064,942.33
TE-008065,1741.09
TE-008066,1657.93
TE-008067,2094.85
TE-008068,5550.01
TE-008069,1869.36
TE-008070,2303.93
TE-008071,3742.26
TE-008072,3539.01
TE-008073,4527.65
TE-008074,570.95
TE-008075,3738.08
TE-008076,3990.08
TE-008077,3953.77
TE-008078,1758.15
TE-008079,2872.37
TE-008080,2842.33
TE-008081,487.9
TE-008082,1735.64
TE-008083,347.5
TE-008084,2068.08
TE-008085,1117.19
TE-008086,1247.26
TE-008087,1710.66
TE-008088,381.32
TE-008089,1210.18
TE-008090,1833.9
TE-008091,3419.46
TE-008092,2079.44
TE-008093,2455.91
TE-008094,1417.34
TE-008095,2191.75
TE-008096,1742.27
TE-008097,1825.7
TE-008098,1584.81
TE-008099,2885.61
TE-008100,473.22
TE-008101,856.62
TE-008102,780.5
TE-008103,1782.28
TE-008104,2409.53
TE-008105,3894.01
TE-008106,1964.69
TE-008107,2052.48
TE-008108,1116.27
TE-008109,5236.43
TE-008110,4866.79
TE-008111,1357.44
TE-008112,3127.91
TE-008113,1841.69
TE-008114,3569.6
TE-008115,3413.18
TE-008116,2165.13
TE-008117,1938.76
TE-008118,4184.75
TE-008119,1522.49
TE-008120,3412.84
TE-008121,861.04
TE-008122,2492.62
TE-008123,1341.9
TE-008124,1524.19
TE-008125,1017.0
TE-008126,1608.83
TE-008127,5408.02
TE-008128,1940.61
TE-008129,4707.63
TE-008130,5536.87
TE-008131,744.67
TE-008132,773.2
TE-008133,1777.81
TE-008134,1170.95
TE-008135,1543.78
TE-008136,4229.23
TE-008137,2014.9
TE-008138,2982.94
TE-008139,1289.9
TE-008140,5690.81
TE-008141,2263.46
TE-008142,380.52
TE-008143,1620.48
TE-008144,5844.96
TE-008145,3722.64
TE-008146,3074.89
TE-008147,1482.86
TE-008148,1836.21
TE-008149,4737.15
TE-008150,2822.3
TE-008151,4758.78
TE-008152,2731.38
TE-008153,1894.33
TE-008154,3731.04
TE-008155,4123.65
TE-008156,1329.05
TE-008157,545.42
TE-008158,934.67
TE-008159,3797.51
TE-008160,4272.77
TE-008161,3102.2
TE-008162,1204.75
TE-008163,5088.0
TE-008164,492.27
TE-008165,2038.48
TE-008166,2388.88
TE-008167,1931.01
TE-008168,1661.78
TE-008169,1468.51
TE-008170,769.61
TE-008171,4964.54
TE-008172,1081.04
TE-008173,2467.41
TE-008174,1140.35
TE-008175,997.09
TE-008176,3497.02
TE-008177,1344.08
TE-008178,1925.2
TE-008179,3982.62
TE-008180,1619.27
TE-008181,1919.88
TE-008182,3488.24
TE-008183,1251.54
TE-008184,2273.13
TE-008185,2156.96
TE-008186,3540.58
TE-008187,1081.14
TE-008188,3782.74
TE-008189,732.3
TE-008190,2372.91
TE-008191,2830.56
TE-008192,528.62
TE-008193,934.96
TE-008194,589.91
TE-008195,1696.43
TE-008196,3692.52
TE-008197,870.05
TE-008198,3933.36
TE-008199,1716.46
TE-008200,556.98
TE-008201,2915.93
TE-008202,1169.66
TE-008203,1851.86
TE-008204,1564.69
TE-008205,1089.65
TE-008206,1041.38
TE-008207,1316.48
TE-008208,2370.71
TE-008209,1797.5
TE-008210,5853.16
TE-008211,3932.42
TE-008212,1746.9
TE-008213,1618.84
TE-008214,3589.66
TE-008215,3877.15
TE-008216,1957.08
TE-008217,659.77
TE-008218,1753.43
TE-008219,2392.4
TE-008220,3473.32
TE-008221,3778.96
TE-008222,3419.08
TE-008223,1494.13
TE-008224,1543.18
TE-008225,4523.85
TE-008226,2396.27
TE-008227,2333.84
TE-008228,895.43
TE-008229,2609.87
TE-008230,541.39
TE-008231,3999.75
TE-008232,1969.83
TE-008233,853.86
TE-008234,2571.99
TE-008235,4588.42
TE-008236,647.69
TE-008237,2349.76
TE-008238,2990.18
TE-008239,392.73
TE-008240,2506.96
TE-008241,1915.76
TE-008242,1481.71
TE-008243,621.99
TE-008244,940.65
TE-008245,1517.29
TE-008246,1122.27
TE-008247,3634.62
TE-008248,1159.53
TE-008249,597.13
TE-008250,3271.34
TE-008251,3807.03
TE-008252,454.64
TE-008253,4975.65
TE-008254,1512.56
TE-008255,1057.15
TE-008256,2674.08
TE-008257,1244.31
TE-008258,1506.3
TE-008259,1976.01
TE-008260,2670.51
TE-008261,1489.63
TE-008262,5760.7
TE-008263,867.58
TE-008264,829.44
TE-008265,3903.12
TE-008266,1439.57
TE-008267,1703.36
TE-008268,1841.49
TE-008269,616.49
TE-008270,2279.89
TE-008271,1859.62
TE-008272,2165.19
TE-008273,3039.92
TE-008274,3775.97
TE-008275,1630.36
TE-008276,518.87
TE-008277,1108.64
TE-008278,1608.95
TE-008279,2161.28
TE-008280,1339.03
TE-008281,620.31
TE-008282,1212.28
TE-008283,2710.89
TE-008284,1955.09
TE-008285,1905.81
TE-008286,4115.26
TE-008287,1113.97
TE-008288,2492.98
TE-008289,4165.54
TE-008290,749.45
TE-008291,1580.07
TE-008292,1300.17
TE-008293,795.38
TE-008294,1756.19
TE-008295,2053.41
TE-008296,1773.73
TE-008297,1710.76
TE-008298,680.43
TE-008299,1817.99
TE-008300,3626.62
TE-008301,859.52
TE-008302,1559.73
TE-008303,3305.15
TE-008304,744.77
TE-008305,4131.48
TE-008306,609.06
TE-008307,1738.15
TE-008308,4929.73
TE-008309,1798.74
TE-008310,1536.32
TE-008311,1988.7
TE-008312,2196.95
TE-008313,1069.24
TE-008314,4022.63
TE-008315,973.58
TE-008316,1217.81
TE-008317,1150.21
TE-008318,2350.87
TE-008319,5025.89
TE-008320,4050.59
TE-008321,4437.55
TE-008322,1517.44
TE-008323,1759.95
TE-008324,1484.66
TE-008325,5644.92
TE-008326,2055.8
TE-008327,1971.99
TE-008328,2251.46
TE-008329,4483.35
TE-008330,1874.24
TE-008331,3032.99
TE-008332,4257.96
TE-008333,1645.0
TE-008334,2689.49
TE-008335,3536.81
TE-008336,2461.22
TE-008337,1559.08
TE-008338,1857.67
TE-008339,2809.75
TE-008340,1443.58
TE-008341,3004.32
TE-008342,1186.83
TE-008343,4155.43
TE-008344,2079.25
TE-008345,1523.42
TE-008346,3509.87
TE-008347,2541.28
TE-008348,5506.14
TE-008349,1542.08
TE-008350,1115.78
TE-008351,829.77
TE-008352,4285.53
TE-008353,1653.18
TE-008354,1001.82
TE-008355,478.19
TE-008356,2931.43
TE-008357,297.74
TE-008358,4297.58
TE-008359,3361.17
TE-008360,2758.31
TE-008361,4073.7
TE-008362,952.09
TE-008363,1912.37
TE-008364,4138.91
TE-008365,5341.71
TE-008366,3245.23
TE-008367,535.2
TE-008368,3861.45
TE-008369,6607.82
TE-008370,1995.89
TE-008371,3284.15
TE-008372,2543.27
TE-008373,2541.65
TE-008374,1180.31
TE-008375,442.09
TE-008376,1153.5
TE-008377,3987.63
TE-008378,250.87
TE-008379,3484.93
TE-008380,2020.25
TE-008381,3525.28
TE-008382,765.63
TE-008383,4799.91
TE-008384,1274.78
TE-008385,4657.6
TE-008386,703.38
TE-008387,4208.07
TE-008388,2564.85
TE-008389,1753.61
TE-008390,1690.46
TE-008391,689.51
TE-008392,631.12
TE-008393,4067.27
TE-008394,3052.2
TE-008395,2533.97
TE-008396,4625.66
TE-008397,2766.06
TE-008398,761.86
TE-008399,2715.19
TE-008400,3383.54
TE-008401,815.03
TE-008402,1126.47
TE-008403,662.99
TE-008404,1779.88
TE-008405,3692.92
TE-008406,609.32
TE-008407,1361.81
TE-008408,660.11
TE-008409,4152.74
TE-008410,791.38
TE-008411,2463.29
TE-008412,910.35
TE-008413,3546.42
TE-008414,810.1
TE-008415,3701.51
TE-008416,2245.91
TE-008417,3311.42
TE-008418,2146.87
TE-008419,3089.56
TE-008420,1241.9
TE-008421,3950.24
TE-008422,4027.36
TE-008423,858.59
TE-008424,2350.37
TE-008425,780.43
TE-008426,1042.55
TE-008427,3766.12
TE-008428,1507.24
TE-008429,891.19
TE-008430,4395.31
TE-008431,1549.37
TE-008432,2501.94
TE-008433,1763.27
TE-008434,2919.08
TE-008435,1208.47
TE-008436,1538.18
TE-008437,1865.72
TE-008438,766.29
TE-008439,945.27
TE-008440,887.83
TE-008441,4355.14
TE-008442,3578.51
TE-008443,1926.55
TE-008444,1146.91
TE-008445,1534.34
TE-008446,1959.56
TE-008447,4530.96
TE-008448,4451.61
TE-008449,4841.3
TE-008450,1370.6
TE-008451,733.2
TE-008452,3195.14
TE-008453,3748.71
TE-008454,2107.11
TE-008455,3802.95
TE-008456,1547.72
TE-008457,500.28
TE-008458,512.88
TE-008459,1480.5
TE-008460,3463.26
TE-008461,1104.7
TE-008462,1425.06
TE-008463,1472.73
TE-008464,4206.09
TE-008465,6017.66
TE-008466,2210.19
TE-008467,777.88
TE-008468,1189.08
TE-008469,1608.03
TE-008470,2010.89
TE-008471,4405.99
TE-008472,857.09
TE-008473,1375.96
TE-008474,5529.17
TE-008475,2495.06
TE-008476,1482.99
TE-008477,1369.27
TE-008478,1246.79
TE-008479,2247.44
TE-008480,2841.94
TE-008481,1539.97
TE-008482,953.67
TE-008483,5262.73
TE-008484,1165.68
TE-008485,2063.68
TE-008486,3937.34
TE-008487,1211.63
TE-008488,3688.85
TE-008489,1337.2
TE-008490,1089.79
TE-008491,2281.03
TE-008492,1722.83
TE-008493,2229.17
TE-008494,2584.55
TE-008495,2004.21
TE-008496,1901.73
TE-008497,3127.97
TE-008498,1591.37
TE-008499,982.42
TE-008500,2179.87
TE-008501,1930.96
TE-008502,1538.9
TE-008503,3039.36
TE-008504,2455.77
TE-008505,4333.99
TE-008506,833.22
TE-008507,544.97
TE-008508,4546.39
TE-008509,5050.46
TE-008510,3917.17
TE-008511,1088.6
TE-008512,1535.38
TE-008513,3448.46
TE-008514,1882.97
TE-008515,2375.36
TE-008516,1381.23
TE-008517,3985.73
TE-008518,1189.6
TE-008519,1448.38
TE-008520,819.2
TE-008521,749.97
TE-008522,1054.31
TE-008523,2013.64
TE-008524,1152.92
TE-008525,1122.06
TE-008526,4282.55
TE-008527,4455.18
TE-008528,2501.47
TE-008529,1226.67
TE-008530,2077.06
TE-008531,548.97
TE-008532,2255.79
TE-008533,1425.37
TE-008534,1825.22
TE-008535,1803.59
TE-008536,2295.14
TE-008537,3290.93
TE-008538,1134.34
TE-008539,3176.86
TE-008540,5319.16
TE-008541,1520.0
TE-008542,4253.06
TE-008543,4386.08
TE-008544,3249.63
TE-008545,879.83
TE-008546,1794.43
TE-008547,3300.61
TE-008548,1416.44
TE-008549,2751.66
TE-008550,3911.22
TE-008551,2433.95
TE-008552,4283.36
TE-008553,4993.14
TE-008554,961.13
TE-008555,3740.38
TE-008556,5836.07
TE-008557,1505.69
TE-008558,786.77
TE-008559,1243.82
TE-008560,2657.08
TE-008561,3190.97
TE-008562,1443.86
TE-008563,2065.34
TE-008564,4021.05
TE-008565,909.19
TE-008566,3117.83
TE-008567,1374.88
TE-008568,1567.47
TE-008569,3283.45
TE-008570,1552.92
TE-008571,553.67
TE-008572,1789.77
TE-008573,1280.68
TE-008574,889.73
TE-008575,2806.28
TE-008576,1310.42
TE-008577,706.84
TE-008578,2095.58
TE-008579,1460.58
TE-008580,1359.63
TE-008581,2370.97
TE-008582,4270.91
TE-008583,3922.07
TE-008584,2448.01
TE-008585,1546.33
TE-008586,3392.06
TE-008587,5313.54
TE-008588,1376.04
TE-008589,1346.94
TE-008590,680.22
TE-008591,3265.38
TE-008592,2432.39
TE-008593,1907.45
TE-008594,2522.97
TE-008595,3016.17
TE-008596,3991.44
TE-008597,1624.81
TE-008598,5233.0
TE-008599,1741.95
TE-008600,1935.05
TE-008601,3886.51
TE-008602,1401.16
TE-008603,1255.87
TE-008604,761.25
TE-008605,4077.67
TE-008606,1639.78
TE-008607,1908.32
TE-008608,3893.25
TE-008609,1660.09
TE-008610,1323.52
TE-008611,1086.82
TE-008612,1485.93
TE-008613,1952.35
TE-008614,2321.49
TE-008615,701.26
TE-008616,4260.15
TE-008617,1001.43
TE-008618,3924.03
TE-008619,3459.37
TE-008620,1970.05
TE-008621,2807.07
TE-008622,711.2
TE-008623,1751.56
TE-008624,1467.02
TE-008625,2960.44
TE-008626,355.56
TE-008627,938.25
TE-008628,1779.22
TE-008629,373.12
TE-008630,372.37
TE-008631,824.59
TE-008632,1016.96
TE-008633,1104.28
TE-008634,968.73
TE-008635,2149.57
TE-008636,1781.6
TE-008637,1559.63
TE-008638,499.5
TE-008639,781.01
TE-008640,2185.6
TE-008641,2395.58
TE-008642,4158.76
TE-008643,1510.42
TE-008644,2277.15
TE-008645,2027.65
TE-008646,1440.12
TE-008647,1886.12
TE-008648,3750.1
TE-008649,2176.71
TE-008650,1730.01
TE-008651,3988.39
TE-008652,807.17
TE-008653,2856.43
TE-008654,2039.24
TE-008655,4380.51
TE-008656,1828.59
TE-008657,1735.4
TE-008658,2060.21
TE-008659,1751.21
TE-008660,3486.71
TE-008661,3714.1
TE-008662,3812.91
TE-008663,780.49
TE-008664,3656.95
TE-008665,3497.78
TE-008666,4184.79
TE-008667,1714.97
TE-008668,1537.03
TE-008669,968.4
TE-008670,4312.76
TE-008671,2721.19
TE-008672,932.49
TE-008673,1306.3
TE-008674,1642.58
TE-008675,601.37
TE-008676,3160.26
TE-008677,4018.6
TE-008678,449.16
TE-008679,1023.84
TE-008680,1268.72
TE-008681,1370.64
TE-008682,4493.1
TE-008683,4181.89
TE-008684,605.63
TE-008685,801.77
TE-008686,5304.32
TE-008687,3299.59
TE-008688,1514.15
TE-008689,974.08
TE-008690,2099.15
TE-008691,1632.72
TE-008692,3796.72
TE-008693,1558.27
TE-008694,2346.72
TE-008695,1971.67
TE-008696,945.88
TE-008697,1540.48
TE-008698,2746.51
TE-008699,1619.06
TE-008700,2177.86
TE-008701,2030.85
TE-008702,2739.3
TE-008703,2090.83
TE-008704,1240.34
TE-008705,5328.03
TE-008706,3271.1
TE-008707,3155.86
TE-008708,1072.45
TE-008709,3897.16
TE-008710,1826.19
TE-008711,3241.35
TE-008712,5551.31
TE-008713,1304.24
TE-008714,2502.71
TE-008715,4385.23
TE-008716,5091.08
TE-008717,3024.27
TE-008718,1350.7
TE-008719,1088.26
TE-008720,4881.57
TE-008721,1461.33
TE-008722,5465.74
TE-008723,2018.76
TE-008724,5062.02
TE-008725,1069.74
TE-008726,951.34
TE-008727,600.88
TE-008728,2383.87
TE-008729,3733.19
TE-008730,4947.83
TE-008731,1108.35
TE-008732,1308.62
TE-008733,4388.36
TE-008734,1014.1
TE-008735,1751.37
TE-008736,1604.59
TE-008737,2584.57
TE-008738,1993.88
TE-008739,2397.34
TE-008740,544.12
TE-008741,258.47
TE-008742,4263.77
TE-008743,956.33
TE-008744,827.57
TE-008745,461.86
TE-008746,1114.96
TE-008747,1435.63
TE-008748,3464.78
TE-008749,4998.28
TE-008750,2234.73
TE-008751,1033.39
TE-008752,1666.81
TE-008753,3658.62
TE-008754,1618.94
TE-008755,1852.99
TE-008756,3622.0
TE-008757,1364.95
TE-008758,2143.29
TE-008759,3961.12
TE-008760,4244.07
TE-008761,1971.03
TE-008762,3788.84
TE-008763,696.08
TE-008764,2411.79
TE-008765,2520.05
TE-008766,942.66
TE-008767,1111.79
TE-008768,2851.52
TE-008769,4979.82
TE-008770,1465.57
TE-008771,1452.18
TE-008772,1032.25
TE-008773,4211.35
TE-008774,911.91
TE-008775,3184.28
TE-008776,1533.21
TE-008777,1270.87
TE-008778,4024.92
TE-008779,3713.17
TE-008780,3043.18
TE-008781,1568.66
TE-008782,1741.23
TE-008783,585.53
TE-008784,2047.99
TE-008785,1298.09
TE-008786,6565.22
TE-008787,3992.21
TE-008788,1937.38
TE-008789,3466.03
TE-008790,1704.58
TE-008791,2645.87
TE-008792,680.29
TE-008793,1038.35
TE-008794,1766.79
TE-008795,3931.81
TE-008796,5336.02
TE-008797,3431.78
TE-008798,917.27
TE-008799,1143.39
TE-008800,1551.01
TE-008801,2809.2
TE-008802,3474.21
TE-008803,1574.92
TE-008804,1626.46
TE-008805,5045.41
TE-008806,4281.41
TE-008807,1041.35
TE-008808,1135.88
TE-008809,3842.14
TE-008810,522.85
TE-008811,1316.76
TE-008812,1916.29
TE-008813,3613.65
TE-008814,4189.84
TE-008815,2002.88
TE-008816,1551.63
TE-008817,2517.02
TE-008818,1166.08
TE-008819,1466.54
TE-008820,3321.59
TE-008821,3394.75
TE-008822,3459.24
TE-008823,3023.91
TE-008824,4015.19
TE-008825,2749.05
TE-008826,2622.82
TE-008827,1984.18
TE-008828,1086.21
TE-008829,661.67
TE-008830,1590.72
TE-008831,2461.01
TE-008832,3085.3
TE-008833,1849.15
TE-008834,805.96
TE-008835,1102.15
TE-008836,3002.2
TE-008837,963.27
TE-008838,1262.55
TE-008839,651.07
TE-008840,2053.36
TE-008841,2458.98
TE-008842,548.62
TE-008843,4089.88
TE-008844,1453.82
TE-008845,1042.85
TE-008846,3906.72
TE-008847,3307.52
TE-008848,2082.56
TE-008849,4073.73
TE-008850,2941.13
TE-008851,1456.87
TE-008852,4327.51
TE-008853,2151.47
TE-008854,1968.25
TE-008855,4975.77
TE-008856,2955.18
TE-008857,1919.39
TE-008858,2668.45
TE-008859,1123.41
TE-008860,779.89
TE-008861,3824.55
TE-008862,3841.02
TE-008863,1980.25
TE-008864,3826.84
TE-008865,1285.32
TE-008866,2877.59
TE-008867,1039.83
TE-008868,1884.96
TE-008869,2713.26
TE-008870,5732.4
TE-008871,3363.9
TE-008872,2166.26
TE-008873,887.46
TE-008874,1639.77
TE-008875,1349.9
TE-008876,3672.25
TE-008877,2110.92
TE-008878,2160.96
TE-008879,1052.21
TE-008880,4075.82
TE-008881,3263.72
TE-008882,1228.2
TE-008883,552.58
TE-008884,2403.47
TE-008885,2042.82
TE-008886,1316.61
TE-008887,3103.95
TE-008888,1290.66
TE-008889,3365.77
TE-008890,1806.7
TE-008891,2120.9
TE-008892,2030.07
TE-008893,1537.16
TE-008894,2291.25
TE-008895,3707.59
TE-008896,538.41
TE-008897,4019.41
TE-008898,491.47
TE-008899,1811.41
TE-008900,4579.74
TE-008901,2656.77
TE-008902,1728.18
TE-008903,2649.74
TE-008904,1086.38
TE-008905,1998.06
TE-008906,829.0
TE-008907,3664.34
TE-008908,1788.36
TE-008909,2042.77
TE-008910,1087.3
TE-008911,2602.88
TE-008912,1398.62
TE-008913,4100.69
TE-008914,5774.84
TE-008915,3224.85
TE-008916,337.23
TE-008917,2913.7
TE-008918,4727.34
TE-008919,2312.77
TE-008920,1018.26
TE-008921,1096.37
TE-008922,1400.91
TE-008923,230.37
TE-008924,1423.08
TE-008925,2448.34
TE-008926,4433.87
TE-008927,4723.53
TE-008928,3863.05
TE-008929,856.78
TE-008930,1254.6
TE-008931,4247.34
TE-008932,4498.26
TE-008933,584.17
TE-008934,886.12
TE-008935,4165.04
TE-008936,986.39
TE-008937,4154.54
TE-008938,1522.82
TE-008939,1951.18
TE-008940,5497.49
TE-008941,1589.75
TE-008942,1577.27
TE-008943,1107.37
TE-008944,4882.92
TE-008945,760.67
TE-008946,3303.94
TE-008947,4379.58
TE-008948,955.71
TE-008949,848.07
TE-008950,1740.96
TE-008951,2138.2
TE-008952,1603.86
TE-008953,619.0
TE-008954,4008.93
TE-008955,3263.94
TE-008956,1399.68
TE-008957,2733.42
TE-008958,5299.38
TE-008959,4196.31
TE-008960,3042.3
TE-008961,613.53
TE-008962,6992.86
TE-008963,1412.05
TE-008964,2468.44
TE-008965,844.86
TE-008966,1627.94
TE-008967,4649.47
TE-008968,4145.2
TE-008969,2104.51
TE-008970,1201.4
TE-008971,5193.21
TE-008972,1712.78
TE-008973,1765.31
TE-008974,2479.31
TE-008975,3027.34
TE-008976,1208.22
TE-008977,2652.98
TE-008978,1947.17
TE-008979,2830.56
TE-008980,849.09
TE-008981,1828.7
TE-008982,2019.89
TE-008983,3466.7
TE-008984,2073.06
TE-008985,1464.04
TE-008986,1699.3
TE-008987,3040.22
TE-008988,591.67
TE-008989,4422.99
TE-008990,2526.36
TE-008991,1281.81
TE-008992,1187.29
TE-008993,2266.21
TE-008994,756.2
TE-008995,2801.6
TE-008996,914.08
TE-008997,2459.65
TE-008998,4644.38
TE-008999,3041.07
TE-009000,1006.06
TE-009001,3374.83
TE-009002,1600.15
TE-009003,4094.61
TE-009004,1375.34
TE-009005,1693.05
TE-009006,1354.37
TE-009007,3872.56
TE-009008,3774.38
TE-009009,4599.46
TE-009010,2380.23
TE-009011,1379.16
TE-009012,5276.51
TE-009013,852.03
TE-009014,2551.96
TE-009015,1187.36
TE-009016,2054.04
TE-009017,3316.38
TE-009018,3964.31
TE-009019,794.98
TE-009020,679.77
TE-009021,1346.85
TE-009022,4391.87
TE-009023,370.37
TE-009024,2042.66
TE-009025,1128.94
TE-009026,1949.52
TE-009027,1180.4
TE-009028,2919.73
TE-009029,2587.43
TE-009030,3449.91
TE-009031,2361.65
TE-009032,2473.92
TE-009033,1130.3
TE-009034,5195.94
TE-009035,1213.9
TE-009036,2291.36
TE-009037,3066.68
TE-009038,1120.75
TE-009039,2672.07
TE-009040,2993.96
TE-009041,5102.49
TE-009042,1641.55
TE-009043,2341.69
TE-009044,284.53
TE-009045,2303.65
TE-009046,3572.05
TE-009047,1173.22
TE-009048,280.52
TE-009049,1596.39
TE-009050,4058.63
TE-009051,908.63
TE-009052,1254.88
TE-009053,1108.48
TE-009054,1707.73
TE-009055,5401.48
TE-009056,2617.9
TE-009057,1511.28
TE-009058,2467.52
TE-009059,3062.1
TE-009060,2132.72
TE-009061,4011.89
TE-009062,3823.17
TE-009063,3839.1
TE-009064,1202.86
TE-009065,424.83
TE-009066,1828.45
TE-009067,602.8
TE-009068,1515.79
TE-009069,1268.08
TE-009070,2362.45
TE-009071,2347.96
TE-009072,4540.48
TE-009073,1177.46
TE-009074,919.02
TE-009075,226.78
TE-009076,3455.75
TE-009077,1743.76
TE-009078,3658.95
TE-009079,1147.0
TE-009080,3784.64
TE-009081,1053.35
TE-009082,3566.2
TE-009083,4965.4
TE-009084,1326.89
TE-009085,367.63
TE-009086,3933.44
TE-009087,1091.42
TE-009088,1240.36
TE-009089,707.36
TE-009090,383.33
TE-009091,3525.51
TE-009092,1950.99
TE-009093,1882.09
TE-009094,1519.52
TE-009095,1354.21
TE-009096,3630.15
TE-009097,1085.88
TE-009098,650.35
TE-009099,1690.25
TE-009100,2172.94
TE-009101,1342.01
TE-009102,4342.39
TE-009103,1667.1
TE-009104,1554.02
TE-009105,3290.28
TE-009106,2072.13
TE-009107,625.63
TE-009108,2305.02
TE-009109,2081.95
TE-009110,4665.43
TE-009111,3525.61
TE-009112,3934.92
TE-009113,4498.14
TE-009114,2699.28
TE-009115,1184.19
TE-009116,507.03
TE-009117,828.86
TE-009118,1744.11
TE-009119,3171.02
TE-009120,2079.76
TE-009121,3750.3
TE-009122,1559.97
TE-009123,2451.84
TE-009124,1185.22
TE-009125,1621.45
TE-009126,4913.32
TE-009127,780.28
TE-009128,4335.62
TE-009129,3904.8
TE-009130,1622.31
TE-009131,4010.03
TE-009132,743.72
TE-009133,4679.79
TE-009134,4989.13
TE-009135,859.8
TE-009136,3424.87
TE-009137,4936.52
TE-009138,1898.58
TE-009139,1157.4
TE-009140,5421.73
TE-009141,1507.41
TE-009142,2295.79
TE-009143,3011.63
TE-009144,3682.64
TE-009145,1977.5
TE-009146,2083.28
TE-009147,2098.22
TE-009148,2708.56
TE-009149,3832.61
TE-009150,5107.88
TE-009151,881.79
TE-009152,2844.71
TE-009153,1642.26
TE-009154,2613.32
TE-009155,4491.29
TE-009156,990.01
TE-009157,1781.14
TE-009158,1312.04
TE-009159,1253.3
TE-009160,2489.24
TE-009161,4983.58
TE-009162,1559.15
TE-009163,2471.89
TE-009164,2076.83
TE-009165,1175.43
TE-009166,1560.4
TE-009167,3507.39
TE-009168,1868.74
TE-009169,1927.38
TE-009170,616.58
TE-009171,1621.4
TE-009172,1472.71
TE-009173,2265.79
TE-009174,1812.51
TE-009175,797.41
TE-009176,1453.29
TE-009177,1360.23
TE-009178,1954.32
TE-009179,3988.24
TE-009180,700.22
TE-009181,3164.1
TE-009182,1395.44
TE-009183,847.15
TE-009184,3431.13
TE-009185,4569.53
TE-009186,1751.85
TE-009187,2434.96
TE-009188,4090.44
TE-009189,4217.93
TE-009190,385.53
TE-009191,573.95
TE-009192,1659.33
TE-009193,604.13
TE-009194,781.1
TE-009195,1412.1
TE-009196,3629.16
TE-009197,5487.41
TE-009198,2399.54
TE-009199,1398.58
TE-009200,6010.49
TE-009201,2088.48
TE-009202,5029.35
TE-009203,1314.61
TE-009204,1629.29
TE-009205,1950.9
TE-009206,1202.39
TE-009207,3677.88
TE-009208,1768.37
TE-009209,1351.68
TE-009210,4067.49
TE-009211,474.49
TE-009212,973.45
TE-009213,1546.37
TE-009214,866.08
TE-009215,2392.41
TE-009216,4540.31
TE-009217,1808.01
TE-009218,2815.3
TE-009219,2197.52
TE-009220,3954.4
TE-009221,991.31
TE-009222,1864.22
TE-009223,1013.49
TE-009224,2051.41
TE-009225,1905.43
TE-009226,2201.67
TE-009227,928.49
TE-009228,4449.54
TE-009229,793.49
TE-009230,1897.35
TE-009231,1210.63
TE-009232,1286.44
TE-009233,3241.81
TE-009234,2311.94
TE-009235,1101.76
TE-009236,1779.56
TE-009237,4869.13
TE-009238,4192.77
TE-009239,798.23
TE-009240,2197.11
TE-009241,2353.73
TE-009242,2588.09
TE-009243,1193.81
TE-009244,1346.83
TE-009245,1561.71
TE-009246,6109.22
TE-009247,4463.15
TE-009248,3992.23
TE-009249,2966.86
TE-009250,2015.49
TE-009251,1381.5
TE-009252,667.1
TE-009253,833.99
TE-009254,1958.17
TE-009255,496.11
TE-009256,2591.57
TE-009257,1329.4
TE-009258,1449.83
TE-009259,1937.71
TE-009260,1714.4
TE-009261,1737.63
TE-009262,5789.57
TE-009263,5602.71
TE-009264,4160.87
TE-009265,3759.03
TE-009266,3540.64
TE-009267,3038.36
TE-009268,3432.87
TE-009269,4330.86
TE-009270,5614.0
TE-009271,3968.09
TE-009272,1847.87
TE-009273,790.35
TE-009274,4327.58
TE-009275,2328.58
TE-009276,1508.57
TE-009277,1494.15
TE-009278,3494.3
TE-009279,398.36
TE-009280,779.18
TE-009281,1091.29
TE-009282,2100.82
TE-009283,989.03
TE-009284,2072.02
TE-009285,217.4
TE-009286,631.72
TE-009287,289.69
TE-009288,3213.48
TE-009289,3474.55
TE-009290,887.73
TE-009291,1474.37
TE-009292,2299.72
TE-009293,938.08
TE-009294,1612.71
TE-009295,3563.36
TE-009296,2758.54
TE-009297,1604.9
TE-009298,1194.71
TE-009299,878.65
TE-009300,710.64
TE-009301,2143.36
TE-009302,364.7
TE-009303,2401.57
TE-009304,5748.42
TE-009305,4367.3
TE-009306,2188.48
TE-009307,339.37
TE-009308,1121.21
TE-009309,3993.42
TE-009310,2440.29
TE-009311,2671.97
TE-009312,1458.4
TE-009313,2507.31
TE-009314,4273.57
TE-009315,1640.89
TE-009316,3213.78
TE-009317,4530.08
TE-009318,1535.54
TE-009319,1191.67
TE-009320,5084.17
TE-009321,1087.46
TE-009322,675.17
TE-009323,1072.85
TE-009324,2282.46
TE-009325,2815.82
TE-009326,3044.72
TE-009327,4112.13
TE-009328,4523.19
TE-009329,2723.13
TE-009330,4166.0
TE-009331,5057.28
TE-009332,3926.43
TE-009333,1693.5
TE-009334,753.16
TE-009335,1039.52
TE-009336,2263.96
TE-009337,1738.27
TE-009338,2530.37
TE-009339,1208.0
TE-009340,2954.34
TE-009341,745.66
TE-009342,1433.36
TE-009343,4118.62
TE-009344,2967.5
TE-009345,3946.43
TE-009346,2097.62
TE-009347,3001.73
TE-009348,645.41
TE-009349,1062.75
TE-009350,1490.34
TE-009351,2119.96
TE-009352,3547.59
TE-009353,1157.55
TE-009354,5046.08
TE-009355,2341.66
TE-009356,3229.11
TE-009357,2316.75
TE-009358,1383.56
TE-009359,1339.6
TE-009360,2428.6
TE-009361,2263.05
TE-009362,1326.27
TE-009363,4256.02
TE-009364,5130.88
TE-009365,1266.37
TE-009366,4095.41
TE-009367,2047.79
TE-009368,2709.48
TE-009369,2068.32
TE-009370,1681.39
TE-009371,5079.72
TE-009372,2072.53
TE-009373,4321.55
TE-009374,2635.59
TE-009375,1099.7
TE-009376,1481.48
TE-009377,2867.49
TE-009378,622.92
TE-009379,1760.78
TE-009380,1939.28
TE-009381,874.89
TE-009382,1796.54
TE-009383,1014.33
TE-009384,2511.05
TE-009385,2012.48
TE-009386,1278.14
TE-009387,2489.32
TE-009388,4144.39
TE-009389,1562.16
TE-009390,4413.57
TE-009391,5749.28
TE-009392,990.0
TE-009393,1644.85
TE-009394,1040.46
TE-009395,1597.79
TE-009396,2486.39
TE-009397,4968.37
TE-009398,669.09
TE-009399,4475.64
TE-009400,2520.44
TE-009401,2106.93
TE-009402,1952.96
TE-009403,5099.86
TE-009404,3560.34
TE-009405,4369.91
TE-009406,553.56
TE-009407,2276.08
TE-009408,1067.08
TE-009409,2694.61
TE-009410,872.92
TE-009411,1386.86
TE-009412,766.9
TE-009413,2421.49
TE-009414,1026.66
TE-009415,4144.84
TE-009416,368.91
TE-009417,3944.22
TE-009418,1269.33
TE-009419,1248.93
TE-009420,776.64
TE-009421,2100.28
TE-009422,4887.15
TE-009423,4593.46
TE-009424,1962.09
TE-009425,874.4
TE-009426,4434.24
TE-009427,2910.71
TE-009428,2783.49
TE-009429,5136.37
TE-009430,1324.72
TE-009431,1640.87
TE-009432,1185.54
TE-009433,4057.44
TE-009434,1612.42
TE-009435,1106.27
TE-009436,614.59
TE-009437,4974.36
TE-009438,1020.41
TE-009439,1475.77
TE-009440,397.93
TE-009441,3003.85
TE-009442,3377.56
TE-009443,2201.71
TE-009444,934.68
TE-009445,1800.9
TE-009446,1106.07
TE-009447,4953.99
TE-009448,4253.97
TE-009449,2813.75
TE-009450,1010.31
TE-009451,1707.23
TE-009452,1391.09
TE-009453,3492.81
TE-009454,881.72
TE-009455,1157.04
TE-009456,6689.23
TE-009457,754.09
TE-009458,4122.54
TE-009459,2254.99
TE-009460,2440.77
TE-009461,3975.33
TE-009462,6460.28
TE-009463,1455.78
TE-009464,750.89
TE-009465,2168.18
TE-009466,674.68
TE-009467,1456.52
TE-009468,489.82
TE-009469,2724.58
TE-009470,2134.81
TE-009471,312.96
TE-009472,1356.63
TE-009473,4484.74
TE-009474,2943.26
TE-009475,2331.41
TE-009476,1927.63
TE-009477,1519.6
TE-009478,4439.99
TE-009479,1595.29
TE-009480,1235.65
TE-009481,2595.0
TE-009482,2378.08
TE-009483,1439.62
TE-009484,1692.57
TE-009485,3583.45
TE-009486,1673.2
TE-009487,1487.4
TE-009488,1218.74
TE-009489,1949.06
TE-009490,4185.13
TE-009491,858.26
TE-009492,4294.5
TE-009493,243.67
TE-009494,1455.72
TE-009495,2909.82
TE-009496,5048.53
TE-009497,1270.28
TE-009498,2455.43
TE-009499,1284.76
TE-009500,1591.83
TE-009501,2730.86
TE-009502,3248.56
TE-009503,4343.48
TE-009504,1459.19
TE-009505,3730.94
TE-009506,714.02
TE-009507,4530.68
TE-009508,883.22
TE-009509,1340.55
TE-009510,3753.66
TE-009511,3352.64
TE-009512,2872.67
TE-009513,1236.16
TE-009514,2579.61
TE-009515,1354.25
TE-009516,793.26
TE-009517,3319.67
TE-009518,3250.31
TE-009519,1829.17
TE-009520,711.71
TE-009521,1465.26
TE-009522,3329.03
TE-009523,2471.15
TE-009524,1012.04
TE-009525,6377.59
TE-009526,2086.82
TE-009527,1378.28
TE-009528,2214.93
TE-009529,831.25
TE-009530,547.92
TE-009531,1240.69
TE-009532,4121.85
TE-009533,2066.47
TE-009534,813.25
TE-009535,2793.24
TE-009536,4150.53
TE-009537,2304.9
TE-009538,1413.9
TE-009539,829.25
TE-009540,2430.67
TE-009541,291.89
TE-009542,1933.32
TE-009543,4363.73
TE-009544,4350.44
TE-009545,2889.8
TE-009546,1876.8
TE-009547,2392.04
TE-009548,3532.17
TE-009549,3347.28
TE-009550,1461.81
TE-009551,2641.28
TE-009552,1460.21
TE-009553,4115.45
TE-009554,5680.64
TE-009555,1948.87
TE-009556,4651.84
TE-009557,223.43
TE-009558,4360.6
TE-009559,360.84
TE-009560,1758.16
TE-009561,2466.64
TE-009562,1330.48
TE-009563,912.49
TE-009564,2707.58
TE-009565,2214.89
TE-009566,1739.21
TE-009567,2427.33
TE-009568,4186.17
TE-009569,3645.47
TE-009570,624.57
TE-009571,923.49
TE-009572,1327.62
TE-009573,3838.82
TE-009574,1972.8
TE-009575,775.03
TE-009576,1092.88
TE-009577,1431.66
TE-009578,748.76
TE-009579,4587.79
TE-009580,1060.38
TE-009581,4651.78
TE-009582,1035.03
TE-009583,2385.8
TE-009584,263.52
TE-009585,1503.04
TE-009586,2156.88
TE-009587,712.16
TE-009588,1374.87
TE-009589,3110.24
TE-009590,4048.62
TE-009591,2788.67
TE-009592,926.12
TE-009593,1612.11
TE-009594,2207.55
TE-009595,1570.77
TE-009596,3730.98
TE-009597,2632.08
TE-009598,1750.33
TE-009599,3850.08
TE-009600,2016.9
TE-009601,2178.14
TE-009602,2773.58
TE-009603,502.83
TE-009604,4932.19
TE-009605,3978.62
TE-009606,4760.64
TE-009607,1181.45
TE-009608,3094.23
TE-009609,1811.88
TE-009610,3263.52
TE-009611,973.13
TE-009612,3600.22
TE-009613,3623.37
TE-009614,2328.48
TE-009615,3495.86
TE-009616,464.98
TE-009617,594.76
TE-009618,2337.13
TE-009619,1095.24
TE-009620,1954.23
TE-009621,1546.97
TE-009622,3442.78
TE-009623,2496.79
TE-009624,3447.0
TE-009625,1008.48
TE-009626,3534.05
TE-009627,2164.83
TE-009628,2054.4
TE-009629,4209.15
TE-009630,2718.68
TE-009631,2196.67
TE-009632,3116.83
TE-009633,1533.98
TE-009634,2122.38
TE-009635,2161.52
TE-009636,2010.01
TE-009637,2135.44
TE-009638,2771.03
TE-009639,1017.6
TE-009640,2013.02
TE-009641,4098.99
TE-009642,4920.21
TE-009643,1309.72
TE-009644,592.23
TE-009645,3480.87
TE-009646,1674.52
TE-009647,4988.78
TE-009648,324.3
TE-009649,3369.9
TE-009650,3210.75
TE-009651,1174.9
TE-009652,839.16
TE-009653,2054.77
TE-009654,1330.52
TE-009655,2537.37
TE-009656,1549.69
TE-009657,2010.1
TE-009658,3624.67
TE-009659,4575.43
TE-009660,2953.26
TE-009661,2002.22
TE-009662,1688.34
TE-009663,1349.83
TE-009664,3453.73
TE-009665,1597.06
TE-009666,5472.03
TE-009667,3958.4
TE-009668,3603.1
TE-009669,1402.48
TE-009670,531.4
TE-009671,1153.43
TE-009672,1702.05
TE-009673,549.05
TE-009674,1835.99
TE-009675,2164.45
TE-009676,2850.04
TE-009677,1112.95
TE-009678,2503.83
TE-009679,828.81
TE-009680,818.61
TE-009681,2478.17
TE-009682,5427.78
TE-009683,4429.48
TE-009684,2837.57
TE-009685,1764.52
TE-009686,2623.32
TE-009687,1257.89
TE-009688,1785.14
TE-009689,3055.85
TE-009690,710.84
TE-009691,1121.9
TE-009692,1044.92
TE-009693,3704.44
TE-009694,3748.1
TE-009695,2187.12
TE-009696,2193.96
TE-009697,2043.84
TE-009698,2364.85
TE-009699,507.86
TE-009700,3671.06
TE-009701,1975.92
TE-009702,4047.5
TE-009703,1367.43
TE-009704,3963.47
TE-009705,230.8
TE-009706,728.86
TE-009707,2182.77
TE-009708,2724.94
TE-009709,2729.22
TE-009710,1550.74
TE-009711,461.36
TE-009712,2098.0
TE-009713,2068.83
TE-009714,1512.61
TE-009715,4258.84
TE-009716,1519.85
TE-009717,2414.84
TE-009718,5997.54
TE-009719,1084.48
TE-009720,2454.57
TE-009721,3765.59
TE-009722,984.57
TE-009723,3912.78
TE-009724,2414.95
TE-009725,4071.13
TE-009726,1286.22
TE-009727,1125.06
TE-009728,817.05
TE-009729,2448.92
TE-009730,3100.37
TE-009731,3829.68
TE-009732,2814.44
TE-009733,2400.39
TE-009734,1535.36
TE-009735,3489.82
TE-009736,4745.95
TE-009737,2429.66
TE-009738,4069.59
TE-009739,894.36
TE-009740,5026.66
TE-009741,2045.01
TE-009742,1512.46
TE-009743,1007.67
TE-009744,242.01
TE-009745,819.25
TE-009746,1306.03
TE-009747,1216.47
TE-009748,1222.86
TE-009749,2617.83
TE-009750,2573.72
TE-009751,1456.74
TE-009752,1215.71
TE-009753,539.2
TE-009754,4230.62
TE-009755,772.84
TE-009756,2361.05
TE-009757,4172.34
TE-009758,2086.64
TE-009759,2083.14
TE-009760,1731.19
TE-009761,1792.22
TE-009762,2365.47
TE-009763,5317.29
TE-009764,2252.08
TE-009765,2418.77
TE-009766,1866.02
TE-009767,1742.15
TE-009768,1329.43
TE-009769,694.66
TE-009770,2651.81
TE-009771,846.43
TE-009772,4696.03
TE-009773,1530.83
TE-009774,2486.91
TE-009775,4922.36
TE-009776,4505.38
TE-009777,1334.25
TE-009778,1542.87
TE-009779,5750.6
TE-009780,829.9
TE-009781,3961.35
TE-009782,2403.0
TE-009783,900.61
TE-009784,4527.47
TE-009785,2132.96
TE-009786,3446.01
TE-009787,3263.98
TE-009788,2612.32
TE-009789,4328.22
TE-009790,613.3
TE-009791,1963.96
TE-009792,1974.01
TE-009793,446.04
TE-009794,1687.48
TE-009795,3939.0
TE-009796,1472.57
TE-009797,799.81
TE-009798,4440.0
TE-009799,2820.91
TE-009800,2179.54
TE-009801,1076.91
TE-009802,4920.42
TE-009803,640.25
TE-009804,1527.28
TE-009805,2357.68
TE-009806,1353.14
TE-009807,1788.46
TE-009808,1110.55
TE-009809,5799.39
TE-009810,2847.26
TE-009811,691.68
TE-009812,2231.38
TE-009813,3769.36
TE-009814,1356.77
TE-009815,2471.0
TE-009816,1303.82
TE-009817,1330.31
TE-009818,1761.19
TE-009819,1425.47
TE-009820,3449.34
TE-009821,359.9
TE-009822,1418.98
TE-009823,897.86
TE-009824,1294.81
TE-009825,2255.23
TE-009826,1540.92
TE-009827,316.97
TE-009828,2894.62
TE-009829,1512.32
TE-009830,2059.03
TE-009831,753.93
TE-009832,5436.88
TE-009833,1552.76
TE-009834,5927.43
TE-009835,1023.36
TE-009836,1634.6
TE-009837,3563.91
TE-009838,1345.29
TE-009839,759.8
TE-009840,4948.92
TE-009841,1335.71
TE-009842,3828.43
TE-009843,864.54
TE-009844,4433.8
TE-009845,1948.31
TE-009846,2182.56
TE-009847,1367.31
TE-009848,1627.14
TE-009849,4707.47
TE-009850,4159.78
TE-009851,795.78
TE-009852,2884.62
TE-009853,2564.0
TE-009854,3791.44
TE-009855,1972.3
TE-009856,2268.39
TE-009857,1249.4
TE-009858,4099.71
TE-009859,1032.88
TE-009860,4148.44
TE-009861,1082.54
TE-009862,3943.19
TE-009863,1098.33
TE-009864,1554.4
TE-009865,1480.62
TE-009866,3171.85
TE-009867,2021.49
TE-009868,2398.44
TE-009869,1616.04
TE-009870,2670.6
TE-009871,5366.12
TE-009872,5153.01
TE-009873,1776.88
TE-009874,752.73
TE-009875,1482.29
TE-009876,3588.49
TE-009877,3010.07
TE-009878,1349.6
TE-009879,5694.54
TE-009880,4390.42
TE-009881,956.53
TE-009882,1208.41
TE-009883,2458.5
TE-009884,2140.01
TE-009885,671.35
TE-009886,1640.12
TE-009887,996.33
TE-009888,3511.15
TE-009889,4082.96
TE-009890,1262.75
TE-009891,4266.53
TE-009892,1132.0
TE-009893,3909.24
TE-009894,2367.42
TE-009895,4262.13
TE-009896,1519.36
TE-009897,1651.66
TE-009898,4569.16
TE-009899,2984.08
TE-009900,844.36
TE-009901,1179.04
TE-009902,2529.07
TE-009903,1000.51
TE-009904,2723.39
TE-009905,1215.27
TE-009906,1681.25
TE-009907,1799.14
TE-009908,1916.74
TE-009909,3115.92
TE-009910,1358.89
TE-009911,3053.55
TE-009912,837.4
TE-009913,3022.71
TE-009914,2847.66
TE-009915,4053.77
TE-009916,319.57
TE-009917,2400.58
TE-009918,2524.23
TE-009919,1324.03
TE-009920,1880.88
TE-009921,1892.85
TE-009922,2995.4
TE-009923,4214.83
TE-009924,1149.98
TE-009925,1742.71
TE-009926,4179.13
TE-009927,1597.78
TE-009928,760.94
TE-009929,3268.3
TE-009930,1295.0
TE-009931,3078.86
TE-009932,1404.6
TE-009933,4636.53
TE-009934,5605.88
TE-009935,1207.94
TE-009936,845.63
TE-009937,1214.03
TE-009938,1546.05
TE-009939,761.2
TE-009940,2667.64
TE-009941,2811.62
TE-009942,1736.69
TE-009943,1600.4
TE-009944,467.86
TE-009945,1347.22
TE-009946,2189.83
TE-009947,1472.86
TE-009948,4229.56
TE-009949,5704.14
TE-009950,4153.1
TE-009951,3568.05
TE-009952,771.27
TE-009953,3610.76
TE-009954,983.86
TE-009955,1172.04
TE-009956,6152.4
TE-009957,1188.43
TE-009958,6621.06
TE-009959,5765.1
TE-009960,3711.22
TE-009961,4387.7
TE-009962,1641.88
TE-009963,1107.83
TE-009964,2602.87
TE-009965,1055.78
TE-009966,2914.46
TE-009967,2835.05
TE-009968,4644.53
TE-009969,1938.97
TE-009970,2103.77
TE-009971,1611.55
TE-009972,2745.68
TE-009973,3074.02
TE-009974,1005.85
TE-009975,3824.37
TE-009976,2115.69
TE-009977,1791.24
TE-009978,1570.85
TE-009979,559.6
TE-009980,2159.99
TE-009981,3239.24
TE-009982,1194.86
TE-009983,721.42
TE-009984,3906.95
TE-009985,2008.24
TE-009986,1719.86
TE-009987,1998.9
TE-009988,2819.48
TE-009989,3411.19
TE-009990,1023.54
TE-009991,3504.16
TE-009992,4395.74
TE-009993,1972.69
TE-009994,1037.92
TE-009995,2193.11
TE-009996,2577.15
TE-009997,1615.18
TE-009998,1538.16
TE-009999,1917.6
TE-010000,2189.95
TE-010001,1682.53
TE-010002,3200.36
TE-010003,4477.12
TE-010004,1744.75
TE-010005,2659.32
TE-010006,1004.58
TE-010007,2347.48
TE-010008,1413.32
TE-010009,3092.57
TE-010010,1591.2
TE-010011,3913.07
TE-010012,1646.27
TE-010013,2306.38
TE-010014,981.28
TE-010015,1721.51
TE-010016,3332.99
TE-010017,3461.0
TE-010018,1382.19
TE-010019,3470.3
TE-010020,2045.83
TE-010021,2322.56
TE-010022,3145.34
TE-010023,2006.86
TE-010024,1946.5
TE-010025,2894.19
TE-010026,4702.1
TE-010027,1338.1
TE-010028,621.3
TE-010029,4663.94
TE-010030,1967.78
TE-010031,914.05
TE-010032,1144.58
TE-010033,5133.32
TE-010034,853.46
TE-010035,3584.46
TE-010036,3435.12
TE-010037,3736.72
TE-010038,4961.28
TE-010039,2018.73
TE-010040,1099.28
TE-010041,1068.23
TE-010042,5987.42
TE-010043,2240.17
TE-010044,2170.27
TE-010045,2564.78
TE-010046,2655.42
TE-010047,3976.42
TE-010048,3619.87
TE-010049,895.3
TE-010050,243.14
TE-010051,3201.36
TE-010052,708.87
TE-010053,3560.66
TE-010054,1861.9
TE-010055,3800.74
TE-010056,520.71
TE-010057,4444.45
TE-010058,2428.14
TE-010059,3324.9
TE-010060,3372.68
TE-010061,963.74
TE-010062,1195.57
TE-010063,5441.15
TE-010064,5968.53
TE-010065,627.74
TE-010066,1443.84
TE-010067,1722.93
TE-010068,584.67
TE-010069,2183.79
TE-010070,875.33
TE-010071,1004.31
TE-010072,449.13
TE-010073,1094.1
TE-010074,1357.37
TE-010075,662.86
TE-010076,1154.79
TE-010077,1351.17
TE-010078,3774.15
TE-010079,2272.66
TE-010080,1287.04
TE-010081,3508.53
TE-010082,2292.49
TE-010083,1470.72
TE-010084,1842.3
TE-010085,1272.94
TE-010086,1577.38
TE-010087,5078.7
TE-010088,2088.53
TE-010089,5615.28
TE-010090,1255.66
TE-010091,6197.46
TE-010092,1236.49
TE-010093,3894.98
TE-010094,3870.51
TE-010095,1773.82
TE-010096,588.28
TE-010097,3814.88
TE-010098,5031.29
TE-010099,4513.44
TE-010100,807.51
TE-010101,3224.41
TE-010102,955.24
TE-010103,1856.26
TE-010104,4707.59
TE-010105,4134.65
TE-010106,365.59
TE-010107,3250.45
TE-010108,1076.74
TE-010109,838.78
TE-010110,5648.24
TE-010111,2617.86
TE-010112,6127.22
TE-010113,2984.92
TE-010114,2057.42
TE-010115,3666.9
TE-010116,1653.18
TE-010117,782.59
TE-010118,1149.91
TE-010119,2253.43
TE-010120,2833.01
TE-010121,1785.03
TE-010122,2940.61
TE-010123,1354.07
TE-010124,1153.24
TE-010125,1240.46
TE-010126,1048.43
TE-010127,622.23
TE-010128,2772.98
TE-010129,3324.65
TE-010130,3037.13
TE-010131,762.94
TE-010132,2185.76
TE-010133,3502.98
TE-010134,4699.4
TE-010135,3064.98
TE-010136,599.68
TE-010137,4616.8
TE-010138,1099.38
TE-010139,3844.08
TE-010140,1699.46
TE-010141,2507.02
TE-010142,2239.64
TE-010143,2102.27
TE-010144,3035.01
TE-010145,2192.68
TE-010146,2218.56
TE-010147,3647.07
TE-010148,2190.7
TE-010149,1568.94
TE-010150,1483.78
TE-010151,346.73
TE-010152,1310.45
TE-010153,582.08
TE-010154,2764.36
TE-010155,2921.01
TE-010156,1444.23
TE-010157,2120.52
TE-010158,2521.82
TE-010159,887.76
TE-010160,2247.21
TE-010161,4195.89
TE-010162,541.92
TE-010163,3152.5
TE-010164,1384.63
TE-010165,2022.88
TE-010166,3676.16
TE-010167,767.86
TE-010168,1135.78
TE-010169,1383.41
TE-010170,2587.73
TE-010171,1879.55
TE-010172,2849.22
TE-010173,1417.53
TE-010174,762.39
TE-010175,1038.27
TE-010176,2425.31
TE-010177,2743.55
TE-010178,1146.57
TE-010179,1207.45
TE-010180,4812.14
TE-010181,5099.97
TE-010182,3927.96
TE-010183,3281.82
TE-010184,1347.84
TE-010185,1392.01
TE-010186,2036.12
TE-010187,981.96
TE-010188,2921.24
TE-010189,1313.97
TE-010190,1145.86
TE-010191,3176.38
TE-010192,2132.96
TE-010193,1899.63
TE-010194,1045.12
TE-010195,4433.13
TE-010196,4703.87
TE-010197,4511.2
TE-010198,3031.52
TE-010199,2123.08
TE-010200,911.3
TE-010201,5370.03
TE-010202,2027.61
TE-010203,2341.44
TE-010204,799.54
TE-010205,1553.19
TE-010206,1686.11
TE-010207,1968.04
TE-010208,3395.41
TE-010209,2667.5
TE-010210,4808.57
TE-010211,932.64
TE-010212,1711.31
TE-010213,4906.52
TE-010214,3799.53
TE-010215,3175.99
TE-010216,2919.1
TE-010217,515.36
TE-010218,2305.78
TE-010219,5189.0
TE-010220,2546.4
TE-010221,573.31
TE-010222,1605.44
TE-010223,3761.45
TE-010224,893.86
TE-010225,1900.07
TE-010226,1590.89
TE-010227,1520.09
TE-010228,813.09
TE-010229,5402.49
TE-010230,4020.61
TE-010231,1264.24
TE-010232,2730.72
TE-010233,2929.64
TE-010234,3256.62
TE-010235,1916.2
TE-010236,1659.6
TE-010237,3847.29
TE-010238,3580.45
TE-010239,2117.06
TE-010240,2548.1
TE-010241,4498.1
TE-010242,1731.36
TE-010243,3398.73
TE-010244,2262.16
TE-010245,1413.47
TE-010246,2571.61
TE-010247,1792.53
TE-010248,4547.28
TE-010249,4370.39
TE-010250,1086.97
TE-010251,3844.25
TE-010252,3733.48
TE-010253,2636.97
TE-010254,302.42
TE-010255,3929.44
TE-010256,3283.34
TE-010257,3217.5
TE-010258,1826.85
TE-010259,2956.61
TE-010260,844.6
TE-010261,3478.91
TE-010262,2221.49
TE-010263,4713.73
TE-010264,2315.45
TE-010265,3875.68
TE-010266,4101.87
TE-010267,5196.32
TE-010268,1647.31
TE-010269,3913.16
TE-010270,870.97
TE-010271,1916.45
TE-010272,2497.63
TE-010273,2659.04
TE-010274,5155.15
TE-010275,4111.52
TE-010276,2473.99
TE-010277,3269.26
TE-010278,3908.15
TE-010279,4011.85
TE-010280,916.31
TE-010281,1390.88
TE-010282,1618.77
TE-010283,3382.26
TE-010284,4651.49
TE-010285,947.61
TE-010286,1983.22
TE-010287,648.31
TE-010288,1901.94
TE-010289,916.09
TE-010290,3778.89
TE-010291,1754.33
TE-010292,3250.04
TE-010293,2803.68
TE-010294,2767.07
TE-010295,794.34
TE-010296,579.95
TE-010297,1188.82
TE-010298,810.35
TE-010299,1889.31
TE-010300,1704.36
TE-010301,2035.42
TE-010302,1615.6
TE-010303,3128.89
TE-010304,1661.7
TE-010305,1166.12
TE-010306,1190.96
TE-010307,1068.33
TE-010308,4419.66
TE-010309,1683.58
TE-010310,2406.0
TE-010311,4106.47
TE-010312,3239.83
TE-010313,3689.7
TE-010314,1437.42
TE-010315,1362.6
TE-010316,2430.71
TE-010317,1368.51
TE-010318,1893.26
TE-010319,606.65
TE-010320,1614.45
TE-010321,1287.8
TE-010322,5124.4
TE-010323,1043.71
TE-010324,3966.65
TE-010325,584.25
TE-010326,1752.53
TE-010327,3190.07
TE-010328,2170.35
TE-010329,1591.26
TE-010330,3015.94
TE-010331,2643.59
TE-010332,473.62
TE-010333,4868.89
TE-010334,4136.3
TE-010335,714.66
TE-010336,4720.86
TE-010337,3628.46
TE-010338,3802.43
TE-010339,2405.48
TE-010340,5223.13
TE-010341,1806.68
TE-010342,2173.46
TE-010343,3698.1
TE-010344,1501.32
TE-010345,2382.02
TE-010346,1013.36
TE-010347,1119.82
TE-010348,2202.88
TE-010349,3847.75
TE-010350,1600.56
TE-010351,882.9
TE-010352,1640.09
TE-010353,1805.85
TE-010354,260.13
TE-010355,1004.61
TE-010356,1322.18
TE-010357,890.56
TE-010358,1288.6
TE-010359,1547.97
TE-010360,3796.76
TE-010361,5074.63
TE-010362,3455.13
TE-010363,519.93
TE-010364,2238.09
TE-010365,3591.81
TE-010366,2576.95
TE-010367,1860.76
TE-010368,1862.33
TE-010369,5364.45
TE-010370,3857.22
TE-010371,4672.49
TE-010372,2105.94
TE-010373,1879.78
TE-010374,1917.19
TE-010375,2137.74
TE-010376,1282.23
TE-010377,450.91
TE-010378,2178.12
TE-010379,627.37
TE-010380,4032.42
TE-010381,1776.8
TE-010382,2253.18
TE-010383,869.01
TE-010384,3160.02
TE-010385,1195.52
TE-010386,1481.09
TE-010387,1246.35
TE-010388,684.64
TE-010389,1160.33
TE-010390,963.3
TE-010391,1012.89
TE-010392,1448.6
TE-010393,4385.38
TE-010394,3393.7
TE-010395,2562.25
TE-010396,369.53
TE-010397,3436.11
TE-010398,726.32
TE-010399,634.49
TE-010400,2379.07
TE-010401,2249.85
TE-010402,1463.74
TE-010403,2567.44
TE-010404,938.47
TE-010405,1258.81
TE-010406,1092.1
TE-010407,1642.08
TE-010408,5392.71
TE-010409,4046.57
TE-010410,3588.8
TE-010411,2162.57
TE-010412,2043.38
TE-010413,1322.8
TE-010414,1447.34
TE-010415,2202.1
TE-010416,984.97
TE-010417,1770.75
TE-010418,1432.93
TE-010419,2549.68
TE-010420,992.79
TE-010421,1791.76
TE-010422,1063.31
TE-010423,841.17
TE-010424,978.25
TE-010425,1575.26
TE-010426,543.01
TE-010427,1079.16
TE-010428,3916.91
TE-010429,2033.01
TE-010430,5164.23
TE-010431,2690.18
TE-010432,3692.08
TE-010433,1835.11
TE-010434,1432.27
TE-010435,3542.63
TE-010436,3891.1
TE-010437,1060.41
TE-010438,621.35
TE-010439,3577.4
TE-010440,2490.93
TE-010441,845.71
TE-010442,1794.81
TE-010443,3122.8
TE-010444,3269.79
TE-010445,1976.66
TE-010446,1298.24
TE-010447,1696.08
TE-010448,1184.26
TE-010449,5318.95
TE-010450,1902.13
TE-010451,3466.21
TE-010452,1514.75
TE-010453,1754.7
TE-010454,2991.22
TE-010455,1640.65
TE-010456,970.59
TE-010457,2720.34
TE-010458,1587.31
TE-010459,1308.44
TE-010460,1971.61
TE-010461,3809.28
TE-010462,4419.88
TE-010463,2541.56
TE-010464,3651.28
TE-010465,1281.29
TE-010466,1690.16
TE-010467,1762.32
TE-010468,1536.97
TE-010469,2188.53
TE-010470,2335.82
TE-010471,995.74
TE-010472,1050.72
TE-010473,3752.45
TE-010474,1439.01
TE-010475,986.2
TE-010476,1473.14
TE-010477,2212.22
TE-010478,3834.94
TE-010479,5765.59
TE-010480,3651.18
TE-010481,4606.68
TE-010482,3902.05
TE-010483,3614.8
TE-010484,2703.96
TE-010485,1790.86
TE-010486,2339.71
TE-010487,1999.4
TE-010488,5162.88
TE-010489,5176.91
TE-010490,863.56
TE-010491,1108.58
TE-010492,3535.96
TE-010493,1787.02
TE-010494,2420.54
TE-010495,640.72
TE-010496,3639.0
TE-010497,922.34
TE-010498,226.84
TE-010499,3193.63
TE-010500,827.08
TE-010501,4786.23
TE-010502,4063.13
TE-010503,527.57
TE-010504,1090.66
TE-010505,3697.96
TE-010506,2066.67
TE-010507,2442.68
TE-010508,1676.77
TE-010509,1787.06
TE-010510,4157.7
TE-010511,1687.78
TE-010512,3895.49
TE-010513,1690.23
TE-010514,637.21
TE-010515,3646.25
TE-010516,3638.59
TE-010517,2153.28
TE-010518,2406.89
TE-010519,1570.54
TE-010520,1666.64
TE-010521,219.62
TE-010522,1206.24
TE-010523,3881.43
TE-010524,1323.49
TE-010525,2556.47
TE-010526,799.1
TE-010527,888.97
TE-010528,2102.15
TE-010529,1835.33
TE-010530,4415.2
TE-010531,1503.0
TE-010532,1176.34
TE-010533,821.44
TE-010534,3100.24
TE-010535,3652.7
TE-010536,1740.99
TE-010537,467.8
TE-010538,696.8
TE-010539,1965.72
TE-010540,4098.42
TE-010541,2614.14
TE-010542,3239.89
TE-010543,4096.01
TE-010544,2664.3
TE-010545,1922.6
TE-010546,979.69
TE-010547,1370.51
TE-010548,4210.17
TE-010549,2020.97
TE-010550,1951.2
TE-010551,1725.37
TE-010552,3888.43
TE-010553,3405.74
TE-010554,3098.66
TE-010555,1744.27
TE-010556,3767.32
TE-010557,1459.23
TE-010558,2064.67
TE-010559,3996.44
TE-010560,5696.8
TE-010561,5301.2
TE-010562,2576.52
TE-010563,3883.66
TE-010564,1394.57
TE-010565,752.34
TE-010566,1607.51
TE-010567,1823.48
TE-010568,2016.8
TE-010569,552.89
TE-010570,3724.37
TE-010571,1683.33
TE-010572,3834.26
TE-010573,2707.07
TE-010574,503.34
TE-010575,1928.5
TE-010576,4076.77
TE-010577,866.07
TE-010578,3391.02
TE-010579,4162.14
TE-010580,1170.81
TE-010581,1825.33
TE-010582,1311.57
TE-010583,3718.04
TE-010584,582.38
TE-010585,4523.05
TE-010586,757.95
TE-010587,680.0
TE-010588,2976.19
TE-010589,2356.56
TE-010590,1914.34
TE-010591,1723.89
TE-010592,1904.2
TE-010593,4822.94
TE-010594,4217.79
TE-010595,2958.55
TE-010596,6115.14
TE-010597,2322.27
TE-010598,4702.51
TE-010599,5154.12
TE-010600,2091.34
TE-010601,1407.12
TE-010602,4018.26
TE-010603,1227.6
TE-010604,1888.31
TE-010605,3183.4
TE-010606,1698.76
TE-010607,3230.27
TE-010608,3652.14
TE-010609,4268.8
TE-010610,2988.22
TE-010611,983.38
TE-010612,3597.79
TE-010613,1440.78
TE-010614,4675.31
TE-010615,1607.96
TE-010616,5526.62
TE-010617,3220.01
TE-010618,1986.06
TE-010619,1490.18
TE-010620,3508.21
TE-010621,2780.18
TE-010622,1809.09
TE-010623,1746.74
TE-010624,982.86
TE-010625,3770.99
TE-010626,2286.98
TE-010627,4270.87
TE-010628,3853.93
TE-010629,2992.49
TE-010630,1133.52
TE-010631,1049.68
TE-010632,1293.25
TE-010633,1807.25
TE-010634,1219.11
TE-010635,1159.49
TE-010636,4501.32
TE-010637,4409.05
TE-010638,2466.95
TE-010639,4212.3
TE-010640,2960.67
TE-010641,1352.7
TE-010642,746.25
TE-010643,4494.58
TE-010644,3387.48
TE-010645,1406.06
TE-010646,2308.88
TE-010647,1190.21
TE-010648,4561.92
TE-010649,2426.19
TE-010650,992.18
TE-010651,4242.67
TE-010652,973.46
TE-010653,1078.64
TE-010654,2425.98
TE-010655,1026.78
TE-010656,1424.8
TE-010657,1619.51
TE-010658,2869.39
TE-010659,1260.81
TE-010660,4107.51
TE-010661,3265.45
TE-010662,1133.98
TE-010663,4014.86
TE-010664,771.53
TE-010665,5557.75
TE-010666,3702.65
TE-010667,1669.91
TE-010668,1257.5
TE-010669,2648.59
TE-010670,5306.13
TE-010671,796.66
TE-010672,907.38
TE-010673,5614.14
TE-010674,1010.38
TE-010675,2494.58
TE-010676,315.3
TE-010677,308.33
TE-010678,517.19
TE-010679,1032.85
TE-010680,3739.02
TE-010681,1781.64
TE-010682,2964.11
TE-010683,557.49
TE-010684,519.02
TE-010685,3066.74
TE-010686,1807.61
TE-010687,840.17
TE-010688,2888.29
TE-010689,1333.05
TE-010690,1477.12
TE-010691,4551.82
TE-010692,4784.58
TE-010693,3220.68
TE-010694,2639.43
TE-010695,2064.32
TE-010696,1674.19
TE-010697,1397.03
TE-010698,2910.83
TE-010699,4024.08
TE-010700,5341.69
TE-010701,1128.18
TE-010702,4815.7
TE-010703,3311.06
TE-010704,1035.04
TE-010705,1659.09
TE-010706,2783.18
TE-010707,1397.52
TE-010708,5674.26
TE-010709,3790.8
TE-010710,2244.21
TE-010711,3202.95
TE-010712,4059.37
TE-010713,2516.07
TE-010714,1628.24
TE-010715,868.75
TE-010716,2610.35
TE-010717,3065.76
TE-010718,1288.46
TE-010719,933.54
TE-010720,3067.23
TE-010721,5301.17
TE-010722,4066.12
TE-010723,1801.41
TE-010724,1086.32
TE-010725,1144.33
TE-010726,1288.09
TE-010727,5081.34
TE-010728,3662.35
TE-010729,4672.01
TE-010730,656.6
TE-010731,1273.36
TE-010732,864.91
TE-010733,4993.56
TE-010734,3112.87
TE-010735,588.24
TE-010736,2032.05
TE-010737,3826.32
TE-010738,1171.66
TE-010739,2289.63
TE-010740,2399.21
TE-010741,1035.01
TE-010742,2527.74
TE-010743,2241.51
TE-010744,2881.52
TE-010745,1624.96
TE-010746,3747.09
TE-010747,1350.48
TE-010748,3229.84
TE-010749,6029.71
TE-010750,4486.15
TE-010751,1578.5
TE-010752,3685.3
TE-010753,4896.76
TE-010754,1568.71
TE-010755,2805.94
TE-010756,1566.01
TE-010757,4327.21
TE-010758,2143.48
TE-010759,2056.74
TE-010760,2828.84
TE-010761,1938.29
TE-010762,3878.23
TE-010763,5660.36
TE-010764,2799.67
TE-010765,1204.04
TE-010766,6480.91
TE-010767,3544.03
TE-010768,3148.97
TE-010769,1418.57
TE-010770,1034.32
TE-010771,3566.61
TE-010772,2136.4
TE-010773,4309.14
TE-010774,1582.69
TE-010775,3840.79
TE-010776,4027.48
TE-010777,2694.47
TE-010778,3924.17
TE-010779,2408.88
TE-010780,1802.81
TE-010781,1384.83
TE-010782,5528.58
TE-010783,356.3
TE-010784,1380.05
TE-010785,4397.09
TE-010786,971.42
TE-010787,3765.38
TE-010788,4173.75
TE-010789,970.99
TE-010790,883.5
TE-010791,1867.28
TE-010792,3317.59
TE-010793,2632.96
TE-010794,1497.48
TE-010795,4163.57
TE-010796,2724.07
TE-010797,1812.73
TE-010798,2028.78
TE-010799,2698.43
TE-010800,3863.2
TE-010801,3654.99
TE-010802,1801.68
TE-010803,2386.99
TE-010804,4332.73
TE-010805,5056.45
TE-010806,996.98
TE-010807,842.04
TE-010808,807.44
TE-010809,1126.19
TE-010810,408.42
TE-010811,3813.82
TE-010812,5268.39
TE-010813,1403.12
TE-010814,795.53
TE-010815,2503.6
TE-010816,1113.65
TE-010817,1175.17
TE-010818,1396.87
TE-010819,2047.03
TE-010820,3065.99
TE-010821,1521.41
TE-010822,3125.71
TE-010823,3261.61
TE-010824,5052.49
TE-010825,1615.32
TE-010826,3129.31
TE-010827,2303.58
TE-010828,1804.86
TE-010829,636.92
TE-010830,4088.4
TE-010831,1963.26
TE-010832,1326.77
TE-010833,3823.4
TE-010834,3041.96
TE-010835,2342.28
TE-010836,3265.95
TE-010837,2320.27
TE-010838,3172.8
TE-010839,536.76
TE-010840,1988.89
TE-010841,3946.89
TE-010842,2748.07
TE-010843,1739.2
TE-010844,5969.79
TE-010845,999.76
TE-010846,4695.04
TE-010847,1661.59
TE-010848,3889.02
TE-010849,2869.85
TE-010850,2763.25
TE-010851,1760.24
TE-010852,2311.67
TE-010853,2330.75
TE-010854,2352.54
TE-010855,601.05
TE-010856,2620.96
TE-010857,2049.94
TE-010858,1904.01
TE-010859,2151.82
TE-010860,2688.38
TE-010861,620.81
TE-010862,3854.91
TE-010863,1089.69
TE-010864,4070.08
TE-010865,937.14
TE-010866,2166.36
TE-010867,3938.87
TE-010868,1498.86
TE-010869,940.22
TE-010870,3048.15
TE-010871,3978.0
TE-010872,4374.32
TE-010873,4246.92
TE-010874,2835.2
TE-010875,1874.72
TE-010876,1943.31
TE-010877,3546.64
TE-010878,615.43
TE-010879,5451.64
TE-010880,2751.62
TE-010881,1904.15
TE-010882,4163.21
TE-010883,1829.66
TE-010884,2242.4
TE-010885,6482.64
TE-010886,3025.46
TE-010887,1366.27
TE-010888,1256.88
TE-010889,1003.74
TE-010890,2733.75
TE-010891,488.39
TE-010892,3937.66
TE-010893,1704.72
TE-010894,1228.13
TE-010895,1051.95
TE-010896,229.47
TE-010897,1259.85
TE-010898,3971.9
TE-010899,2025.9
TE-010900,1695.88
TE-010901,2735.17
TE-010902,3021.91
TE-010903,614.18
TE-010904,2262.28
TE-010905,3576.34
TE-010906,2215.22
TE-010907,1529.86
TE-010908,514.92
TE-010909,1743.13
TE-010910,1876.15
TE-010911,1771.67
TE-010912,2544.68
TE-010913,4671.07
TE-010914,2011.62
TE-010915,2309.95
TE-010916,1420.61
TE-010917,1125.45
TE-010918,2082.61
TE-010919,2099.85
TE-010920,3984.05
TE-010921,1676.97
TE-010922,1327.78
TE-010923,4729.19
TE-010924,4053.94
TE-010925,1377.53
TE-010926,1612.16
TE-010927,1917.1
TE-010928,2038.23
TE-010929,3989.52
TE-010930,3694.97
TE-010931,1753.03
TE-010932,3596.39
TE-010933,1432.46
TE-010934,807.78
TE-010935,2958.34
TE-010936,6787.48
TE-010937,1820.93
TE-010938,4581.3
TE-010939,3877.84
TE-010940,2362.12
TE-010941,4315.54
TE-010942,2567.58
TE-010943,3236.85
TE-010944,1615.18
TE-010945,1455.92
TE-010946,1083.79
TE-010947,1191.86
TE-010948,4630.9
TE-010949,2046.57
TE-010950,4056.19
TE-010951,1028.75
TE-010952,2128.64
TE-010953,1070.02
TE-010954,2605.23
TE-010955,2363.78
TE-010956,3482.05
TE-010957,3685.36
TE-010958,620.45
TE-010959,764.91
TE-010960,1595.7
TE-010961,1883.86
TE-010962,269.45
TE-010963,4777.11
TE-010964,5013.21
TE-010965,4589.67
TE-010966,2409.79
TE-010967,3425.8
TE-010968,1827.07
TE-010969,4107.84
TE-010970,3766.62
TE-010971,1540.58
TE-010972,4433.59
TE-010973,1309.23
TE-010974,1823.59
TE-010975,1544.15
TE-010976,3976.21
TE-010977,4805.74
TE-010978,1368.16
TE-010979,2664.71
TE-010980,574.11
TE-010981,1356.66
TE-010982,828.99
TE-010983,1405.73
TE-010984,3867.59
TE-010985,1176.07
TE-010986,1164.64
TE-010987,1189.65
TE-010988,2002.5
TE-010989,756.26
TE-010990,3866.82
TE-010991,2927.96
TE-010992,2104.82
TE-010993,2270.64
TE-010994,3087.74
TE-010995,742.2
TE-010996,3681.31
TE-010997,1214.29
TE-010998,346.63
TE-010999,2426.46
TE-011000,3144.38
TE-011001,2167.33
TE-011002,1959.69
TE-011003,1480.76
TE-011004,651.28
TE-011005,2031.58
TE-011006,1766.03
TE-011007,4812.41
TE-011008,1422.59
TE-011009,3804.7
TE-011010,1402.01
TE-011011,5092.42
TE-011012,3499.27
TE-011013,515.2
TE-011014,2820.9
TE-011015,1579.94
TE-011016,3905.91
TE-011017,861.68
TE-011018,5209.07
TE-011019,1017.15
TE-011020,2753.13
TE-011021,2202.72
TE-011022,1180.12
TE-011023,2896.66
TE-011024,4082.3
TE-011025,5541.17
TE-011026,4118.42
TE-011027,1112.6
TE-011028,3306.37
TE-011029,1745.57
TE-011030,3631.72
TE-011031,1475.98
TE-011032,2446.34
TE-011033,6883.6
TE-011034,2805.94
TE-011035,3543.54
TE-011036,3248.82
TE-011037,1601.06
TE-011038,3098.66
TE-011039,1972.9
TE-011040,3568.02
TE-011041,1869.94
TE-011042,2798.84
TE-011043,929.21
TE-011044,858.51
TE-011045,2136.86
TE-011046,1072.58
TE-011047,1169.45
TE-011048,2559.41
TE-011049,2380.02
TE-011050,3792.24
TE-011051,470.15
TE-011052,2539.29
TE-011053,2084.46
TE-011054,3891.88
TE-011055,2126.84
TE-011056,535.84
TE-011057,1058.91
TE-011058,337.1
TE-011059,1344.99
TE-011060,3987.14
TE-011061,2598.59
TE-011062,2142.82
TE-011063,2295.53
TE-011064,1838.79
TE-011065,4631.65
TE-011066,2439.18
TE-011067,2165.97
TE-011068,5979.71
TE-011069,2016.3
TE-011070,4576.98
TE-011071,4515.98
TE-011072,2343.63
TE-011073,4381.41
TE-011074,1168.82
TE-011075,1867.3
TE-011076,5699.95
TE-011077,1157.25
TE-011078,5079.87
TE-011079,2092.53
TE-011080,4790.64
TE-011081,4247.55
TE-011082,1157.06
TE-011083,4558.64
TE-011084,1409.56
TE-011085,5265.0
TE-011086,1587.72
TE-011087,1552.26
TE-011088,1109.74
TE-011089,946.77
TE-011090,6190.85
TE-011091,924.71
TE-011092,2281.9
TE-011093,1324.28
TE-011094,1527.24
TE-011095,1653.75
TE-011096,343.59
TE-011097,5628.6
TE-011098,591.57
TE-011099,3823.92
TE-011100,1045.2
TE-011101,839.19
TE-011102,1058.58
TE-011103,3362.67
TE-011104,1690.52
TE-011105,3925.8
TE-011106,1431.97
TE-011107,980.6
TE-011108,1033.9
TE-011109,3685.38
TE-011110,1053.72
TE-011111,2399.32
TE-011112,2415.95
TE-011113,2463.43
TE-011114,1020.4
TE-011115,877.77
TE-011116,2099.47
TE-011117,1158.38
TE-011118,277.08
TE-011119,2096.6
TE-011120,4323.61
TE-011121,2022.22
TE-011122,1492.59
TE-011123,4390.07
TE-011124,680.57
TE-011125,5079.18
TE-011126,884.12
TE-011127,1335.07
TE-011128,1074.21
TE-011129,1028.64
TE-011130,3006.26
TE-011131,3129.49
TE-011132,3410.49
TE-011133,1559.53
TE-011134,631.93
TE-011135,4118.37
TE-011136,1598.19
TE-011137,4112.47
TE-011138,483.3
TE-011139,3926.73
TE-011140,2008.16
TE-011141,1503.41
TE-011142,2871.49
TE-011143,907.8
TE-011144,3711.12
TE-011145,3848.15
TE-011146,3355.3
TE-011147,2002.52
TE-011148,2864.69
TE-011149,1932.54
TE-011150,1986.27
TE-011151,685.86
TE-011152,836.13
TE-011153,1848.06
TE-011154,4699.99
TE-011155,886.18
TE-011156,362.87
TE-011157,2902.86
TE-011158,1883.29
TE-011159,1742.65
TE-011160,1136.14
TE-011161,1873.04
TE-011162,1770.48
TE-011163,889.15
TE-011164,4265.66
TE-011165,1372.09
TE-011166,2684.37
TE-011167,4332.23
TE-011168,1753.99
TE-011169,5701.2
TE-011170,2968.84
TE-011171,565.83
TE-011172,1258.16
TE-011173,1743.1
TE-011174,1199.24
TE-011175,3765.33
TE-011176,4718.62
TE-011177,3393.03
TE-011178,2333.72
TE-011179,2408.16
TE-011180,2446.74
TE-011181,2471.0
TE-011182,1370.06
TE-011183,2954.86
TE-011184,1866.12
TE-011185,1035.87
TE-011186,902.27
TE-011187,2892.44
TE-011188,4709.33
TE-011189,2910.76
TE-011190,5494.7
TE-011191,3803.39
TE-011192,1538.85
TE-011193,1432.34
TE-011194,1576.95
TE-011195,3938.31
TE-011196,1736.28
TE-011197,3216.98
TE-011198,5042.69
TE-011199,6209.59
TE-011200,1189.69
TE-011201,465.41
TE-011202,798.25
TE-011203,1151.12
TE-011204,602.15
TE-011205,1892.47
TE-011206,1612.13
TE-011207,898.67
TE-011208,1621.98
TE-011209,1800.82
TE-011210,6403.52
TE-011211,1573.61
TE-011212,2829.41
TE-011213,3899.25
TE-011214,4072.07
TE-011215,1747.71
TE-011216,2323.18
TE-011217,3993.24
TE-011218,4279.83
TE-011219,1579.06
TE-011220,1784.64
TE-011221,1367.12
TE-011222,873.93
TE-011223,3480.41
TE-011224,1818.43
TE-011225,714.84
TE-011226,1211.95
TE-011227,1746.0
TE-011228,3120.11
TE-011229,2372.36
TE-011230,3409.08
TE-011231,1345.88
TE-011232,934.42
TE-011233,451.52
TE-011234,2226.06
TE-011235,1604.32
TE-011236,5198.23
TE-011237,4482.65
TE-011238,3837.56
TE-011239,1624.48
TE-011240,3103.75
TE-011241,1795.09
TE-011242,546.01
TE-011243,4181.84
TE-011244,2040.1
TE-011245,3546.2
TE-011246,1169.16
TE-011247,567.86
TE-011248,2795.42
TE-011249,1226.84
TE-011250,2252.56
TE-011251,2952.63
TE-011252,1628.42
TE-011253,1310.68
TE-011254,1844.55
TE-011255,3804.74
TE-011256,1393.61
TE-011257,3873.78
TE-011258,1180.58
TE-011259,3766.67
TE-011260,2051.57
TE-011261,296.89
TE-011262,2860.85
TE-011263,629.83
TE-011264,3131.89
TE-011265,3434.16
TE-011266,3741.09
TE-011267,1185.22
TE-011268,4395.27
TE-011269,1174.94
TE-011270,2869.27
TE-011271,1961.88
TE-011272,1753.56
TE-011273,1892.22
TE-011274,1191.17
TE-011275,5953.86
TE-011276,1429.32
TE-011277,347.28
TE-011278,2353.07
TE-011279,2321.71
TE-011280,2330.85
TE-011281,1399.35
TE-011282,3321.41
TE-011283,1367.41
TE-011284,1743.0
TE-011285,2887.72
TE-011286,1019.76
TE-011287,2025.87
TE-011288,2309.38
TE-011289,6197.35
TE-011290,5185.37
TE-011291,2495.3
TE-011292,6092.65
TE-011293,3544.12
TE-011294,254.18
TE-011295,3696.61
TE-011296,1937.61
TE-011297,2956.83
TE-011298,1384.32
TE-011299,2823.67
TE-011300,965.58
TE-011301,641.62
TE-011302,1142.04
TE-011303,1403.66
TE-011304,2194.49
TE-011305,3558.06
TE-011306,2524.95
TE-011307,3449.99
TE-011308,2168.78
TE-011309,2531.22
TE-011310,4624.12
TE-011311,501.17
TE-011312,899.04
TE-011313,3847.72
TE-011314,562.06
TE-011315,3421.36
TE-011316,2387.61
TE-011317,1171.83
TE-011318,2627.2
TE-011319,3292.06
TE-011320,2423.07
TE-011321,372.35
TE-011322,3566.61
TE-011323,2391.84
TE-011324,2637.79
TE-011325,1494.1
TE-011326,857.63
TE-011327,2038.62
TE-011328,1090.85
TE-011329,1753.68
TE-011330,855.38
TE-011331,1596.03
TE-011332,4642.69
TE-011333,3916.54
TE-011334,4063.49
TE-011335,1462.73
TE-011336,1598.82
TE-011337,6460.09
TE-011338,1851.06
TE-011339,2269.55
TE-011340,1109.43
TE-011341,3315.42
TE-011342,2445.87
TE-011343,1002.52
TE-011344,1001.19
TE-011345,1830.47
TE-011346,1281.66
TE-011347,2267.18
TE-011348,2582.55
TE-011349,1544.9
TE-011350,576.4
TE-011351,1535.67
TE-011352,628.16
TE-011353,1702.22
TE-011354,3179.55
TE-011355,840.42
TE-011356,660.89
TE-011357,2559.05
TE-011358,2142.73
TE-011359,1293.16
TE-011360,6640.1
TE-011361,2201.47
TE-011362,3406.67
TE-011363,776.25
TE-011364,284.57
TE-011365,2600.78
TE-011366,1634.35
TE-011367,4238.81
TE-011368,1868.76
TE-011369,1381.07
TE-011370,616.71
TE-011371,2051.27
TE-011372,1224.06
TE-011373,1307.77
TE-011374,5248.43
TE-011375,575.32
TE-011376,2237.83
TE-011377,825.29
TE-011378,3587.4
TE-011379,1662.28
TE-011380,4178.11
TE-011381,5096.0
TE-011382,1711.92
TE-011383,3826.37
TE-011384,1667.13
TE-011385,794.11
TE-011386,4704.29
TE-011387,2524.23
TE-011388,1514.52
TE-011389,2107.39
TE-011390,1017.16
TE-011391,3314.93
TE-011392,1912.77
TE-011393,1274.95
TE-011394,4013.08
TE-011395,517.41
TE-011396,650.66
TE-011397,2920.04
TE-011398,548.59
TE-011399,2420.72
TE-011400,3462.89
TE-011401,2065.3
TE-011402,846.09
TE-011403,2067.51
TE-011404,1149.17
TE-011405,2957.29
TE-011406,1932.25
TE-011407,1762.6
TE-011408,1041.68
TE-011409,3935.07
TE-011410,4728.72
TE-011411,915.31
TE-011412,1693.12
TE-011413,5000.89
TE-011414,1374.35
TE-011415,1747.85
TE-011416,2660.32
TE-011417,2244.75
TE-011418,1015.84
TE-011419,734.55
TE-011420,468.43
TE-011421,1505.4
TE-011422,2939.08
TE-011423,3630.79
TE-011424,4142.23
TE-011425,858.66
TE-011426,2841.23
TE-011427,1549.6
TE-011428,1100.63
TE-011429,2901.76
TE-011430,2255.81
TE-011431,582.61
TE-011432,1502.47
TE-011433,2136.51
TE-011434,623.72
TE-011435,249.37
TE-011436,4297.51
TE-011437,5349.2
TE-011438,4171.1
TE-011439,3430.96
TE-011440,2141.15
TE-011441,1784.77
TE-011442,427.67
TE-011443,1508.02
TE-011444,3596.56
TE-011445,4787.17
TE-011446,3395.51
TE-011447,1721.48
TE-011448,618.15
TE-011449,4973.66
TE-011450,2139.82
TE-011451,2023.05
TE-011452,2174.92
TE-011453,1451.02
TE-011454,3959.41
TE-011455,1232.78
TE-011456,5377.28
TE-011457,826.94
TE-011458,535.41
TE-011459,1084.02
TE-011460,2318.64
TE-011461,1488.54
TE-011462,1960.9
TE-011463,1978.31
TE-011464,2459.13
TE-011465,1165.36
TE-011466,2471.86
TE-011467,1928.01
TE-011468,1315.26
TE-011469,750.93
TE-011470,1638.27
TE-011471,1124.55
TE-011472,1714.98
TE-011473,3085.7
TE-011474,1821.45
TE-011475,1725.99
TE-011476,2234.03
TE-011477,2644.03
TE-011478,2080.4
TE-011479,977.23
TE-011480,861.96
TE-011481,1917.03
TE-011482,1496.41
TE-011483,3646.39
TE-011484,1674.45
TE-011485,1522.05
TE-011486,3597.85
TE-011487,3088.82
TE-011488,872.37
TE-011489,3303.4
TE-011490,323.66
TE-011491,927.84
TE-011492,843.8
TE-011493,4001.26
TE-011494,1739.56
TE-011495,1565.65
TE-011496,1742.37
TE-011497,3430.81
TE-011498,1047.39
TE-011499,1480.1
TE-011500,2227.59
TE-011501,1717.09
TE-011502,1795.61
TE-011503,4593.88
TE-011504,2104.44
TE-011505,2327.08
TE-011506,844.38
TE-011507,1009.49
TE-011508,2185.0
TE-011509,3160.57
TE-011510,1389.86
TE-011511,3603.3
TE-011512,2184.74
TE-011513,3215.49
TE-011514,5118.1
TE-011515,732.78
TE-011516,1494.45
TE-011517,3984.73
TE-011518,3624.39
TE-011519,3252.47
TE-011520,1181.41
TE-011521,5588.36
TE-011522,608.22
TE-011523,1207.31
TE-011524,3214.44
TE-011525,3779.68
TE-011526,3512.4
TE-011527,2434.38
TE-011528,1416.48
TE-011529,2916.98
TE-011530,1716.85
TE-011531,996.07
TE-011532,1710.95
TE-011533,2103.35
TE-011534,4280.73
TE-011535,3564.27
TE-011536,1448.38
TE-011537,2772.32
TE-011538,1104.56
TE-011539,6475.05
TE-011540,884.36
TE-011541,2835.32
TE-011542,3100.18
TE-011543,5809.35
TE-011544,2404.61
TE-011545,950.12
TE-011546,1558.17
TE-011547,4290.15
TE-011548,3240.8
TE-011549,865.06
TE-011550,594.31
TE-011551,3101.76
TE-011552,3410.94
TE-011553,4982.83
TE-011554,3376.12
TE-011555,1916.41
TE-011556,2237.33
TE-011557,1498.73
TE-011558,1487.01
TE-011559,1268.2
TE-011560,1641.04
TE-011561,3815.25
TE-011562,6279.69
TE-011563,1224.68
TE-011564,4928.21
TE-011565,440.82
TE-011566,4605.43
TE-011567,3060.21
TE-011568,1561.3
TE-011569,4990.11
TE-011570,1416.54
TE-011571,1246.88
TE-011572,560.84
TE-011573,1502.43
TE-011574,1691.12
TE-011575,1418.19
TE-011576,1640.58
TE-011577,5257.01
TE-011578,2237.81
TE-011579,2830.93
TE-011580,4120.56
TE-011581,1163.42
TE-011582,4870.92
TE-011583,764.37
TE-011584,564.1
TE-011585,3207.87
TE-011586,1875.68
TE-011587,1558.4
TE-011588,1202.74
TE-011589,5313.85
TE-011590,1380.42
TE-011591,1444.62
TE-011592,1775.69
TE-011593,1470.94
TE-011594,583.49
TE-011595,1722.19
TE-011596,2818.13
TE-011597,694.99
TE-011598,1184.13
TE-011599,2537.87
TE-011600,4374.16
TE-011601,2033.58
TE-011602,3425.31
TE-011603,2339.0
TE-011604,474.37
TE-011605,931.7
TE-011606,4454.58
TE-011607,1346.62
TE-011608,2028.06
TE-011609,4335.25
TE-011610,814.64
TE-011611,218.98
TE-011612,1495.22
TE-011613,1909.36
TE-011614,864.05
TE-011615,2236.34
TE-011616,1455.94
TE-011617,3832.83
TE-011618,2899.46
TE-011619,2721.62
TE-011620,1511.79
TE-011621,838.31
TE-011622,1241.91
TE-011623,3214.7
TE-011624,1988.93
TE-011625,696.63
TE-011626,744.32
TE-011627,1248.29
TE-011628,1107.51
TE-011629,979.4
TE-011630,1248.62
TE-011631,2423.51
TE-011632,1690.36
TE-011633,2090.01
TE-011634,3757.22
TE-011635,791.33
TE-011636,2937.2
TE-011637,2649.07
TE-011638,3613.8
TE-011639,1749.75
TE-011640,856.14
TE-011641,1575.77
TE-011642,4347.69
TE-011643,2073.88
TE-011644,3526.92
TE-011645,733.69
TE-011646,605.04
TE-011647,559.81
TE-011648,4026.3
TE-011649,4649.8
TE-011650,1277.81
TE-011651,1310.86
TE-011652,3477.08
TE-011653,1849.54
TE-011654,4009.72
TE-011655,1953.16
TE-011656,4602.67
TE-011657,1356.19
TE-011658,1460.51
TE-011659,4946.74
TE-011660,2415.97
TE-011661,1252.81
TE-011662,2789.49
TE-011663,3477.04
TE-011664,4012.46
TE-011665,1791.73
TE-011666,1633.45
TE-011667,1646.25
TE-011668,2598.48
TE-011669,1381.98
TE-011670,3092.41
TE-011671,2499.28
TE-011672,1587.2
TE-011673,3089.81
TE-011674,2470.85
TE-011675,1487.46
TE-011676,1886.24
TE-011677,789.27
TE-011678,2162.12
TE-011679,1501.42
TE-011680,1686.51
TE-011681,1889.83
TE-011682,2189.09
TE-011683,5437.48
TE-011684,1565.54
TE-011685,1933.41
TE-011686,3678.88
TE-011687,1390.44
TE-011688,5340.86
TE-011689,2955.87
TE-011690,4595.28
TE-011691,613.71
TE-011692,2073.08
TE-011693,880.87
TE-011694,2381.69
TE-011695,6348.23
TE-011696,3392.38
TE-011697,2987.56
TE-011698,1698.26
TE-011699,2496.63
TE-011700,978.23
TE-011701,2155.42
TE-011702,3167.23
TE-011703,4174.16
TE-011704,2005.46
TE-011705,540.72
TE-011706,4216.1
TE-011707,1265.97
TE-011708,4523.52
TE-011709,1195.58
TE-011710,3500.31
TE-011711,1212.54
TE-011712,1580.93
TE-011713,1328.89
TE-011714,1699.07
TE-011715,2960.6
TE-011716,237.64
TE-011717,3095.54
TE-011718,5047.68
TE-011719,4563.88
TE-011720,4384.65
TE-011721,1709.46
TE-011722,1075.04
TE-011723,925.95
TE-011724,3983.04
TE-011725,2633.07
TE-011726,323.42
TE-011727,551.38
TE-011728,3260.35
TE-011729,1716.86
TE-011730,2250.21
TE-011731,1976.85
TE-011732,2535.47
TE-011733,1503.1
TE-011734,4047.89
TE-011735,1145.63
TE-011736,3476.64
TE-011737,977.14
TE-011738,1932.12
TE-011739,4118.07
TE-011740,3560.9
TE-011741,827.07
TE-011742,1602.88
TE-011743,6096.6
TE-011744,4494.87
TE-011745,1990.99
TE-011746,2374.91
TE-011747,3058.29
TE-011748,1647.91
TE-011749,490.48
TE-011750,2211.69
TE-011751,2428.22
TE-011752,3852.22
TE-011753,307.31
TE-011754,2690.58
TE-011755,3676.02
TE-011756,6562.02
TE-011757,3655.08
TE-011758,3792.03
TE-011759,2965.78
TE-011760,3405.03
TE-011761,3290.81
TE-011762,4059.77
TE-011763,2429.04
TE-011764,4010.78
TE-011765,874.24
TE-011766,5142.83
TE-011767,1540.61
TE-011768,299.95
TE-011769,883.53
TE-011770,2379.36
TE-011771,4003.31
TE-011772,1979.98
TE-011773,1564.83
TE-011774,1314.97
TE-011775,2124.92
TE-011776,2250.77
TE-011777,5643.95
TE-011778,851.77
TE-011779,1482.65
TE-011780,3854.9
TE-011781,4500.25
TE-011782,2016.32
TE-011783,3936.32
TE-011784,725.15
TE-011785,2260.49
TE-011786,616.6
TE-011787,2603.19
TE-011788,2477.82
TE-011789,2333.62
TE-011790,891.07
TE-011791,4446.01
TE-011792,4443.03
TE-011793,1925.29
TE-011794,1272.29
TE-011795,1498.91
TE-011796,3333.44
TE-011797,2659.12
TE-011798,1137.15
TE-011799,2332.95
TE-011800,798.58
TE-011801,1086.36
TE-011802,3572.02
TE-011803,2960.95
TE-011804,2355.88
TE-011805,2286.06
TE-011806,4977.8
TE-011807,1724.05
TE-011808,2339.01
TE-011809,345.87
TE-011810,1391.71
TE-011811,2044.19
TE-011812,2057.89
TE-011813,1990.06
TE-011814,1370.55
TE-011815,1983.68
TE-011816,657.47
TE-011817,805.7
TE-011818,5249.21
TE-011819,2780.56
TE-011820,4548.56
TE-011821,3121.13
TE-011822,1666.82
TE-011823,2931.16
TE-011824,4296.96
TE-011825,3709.11
TE-011826,2309.48
TE-011827,1382.66
TE-011828,4028.91
TE-011829,5694.18
TE-011830,2525.15
TE-011831,2021.92
TE-011832,2174.79
TE-011833,1676.77
TE-011834,1651.42
TE-011835,4010.59
TE-011836,349.97
TE-011837,599.77
TE-011838,2538.36
TE-011839,1511.84
TE-011840,5739.12
TE-011841,3383.16
TE-011842,2861.98
TE-011843,4009.99
TE-011844,4714.77
TE-011845,2115.88
TE-011846,4428.67
TE-011847,1853.3
TE-011848,3827.39
TE-011849,313.52
TE-011850,2132.68
TE-011851,3974.94
TE-011852,2142.01
TE-011853,1900.14
TE-011854,1377.77
TE-011855,1744.15
TE-011856,1589.33
TE-011857,3526.82
TE-011858,1016.71
TE-011859,1043.25
TE-011860,3132.35
TE-011861,1904.0
TE-011862,4784.27
TE-011863,4035.82
TE-011864,2554.32
TE-011865,3614.77
TE-011866,1999.75
TE-011867,2732.76
TE-011868,530.23
TE-011869,2348.02
TE-011870,1048.58
TE-011871,913.82
TE-011872,1972.41
TE-011873,3604.23
TE-011874,820.48
TE-011875,5499.14
TE-011876,2041.88
TE-011877,1511.0
TE-011878,783.01
TE-011879,965.73
TE-011880,779.9
TE-011881,2902.79
TE-011882,279.07
TE-011883,1285.29
TE-011884,1744.97
TE-011885,668.89
TE-011886,1855.95
TE-011887,2272.89
TE-011888,1291.82
TE-011889,3740.07
TE-011890,2365.23
TE-011891,1614.6
TE-011892,1702.22
TE-011893,1430.07
TE-011894,4054.35
TE-011895,1853.51
TE-011896,2278.91
TE-011897,4047.26
TE-011898,704.1
TE-011899,1369.1
TE-011900,4873.72
TE-011901,1349.69
TE-011902,4187.01
TE-011903,1027.59
TE-011904,1330.98
TE-011905,852.04
TE-011906,2217.68
TE-011907,4983.37
TE-011908,1744.62
TE-011909,2639.29
TE-011910,834.13
TE-011911,1030.31
TE-011912,3979.94
TE-011913,309.32
TE-011914,618.32
TE-011915,2580.23
TE-011916,3876.39
TE-011917,4166.0
TE-011918,1506.4
TE-011919,5087.59
TE-011920,395.73
TE-011921,4810.13
TE-011922,2531.11
TE-011923,1170.38
TE-011924,4840.46
TE-011925,1947.19
TE-011926,1017.18
TE-011927,666.7
TE-011928,2694.41
TE-011929,786.89
TE-011930,542.46
TE-011931,3232.86
TE-011932,512.65
TE-011933,988.09
TE-011934,4717.7
TE-011935,285.69
TE-011936,2798.19
TE-011937,1739.5
TE-011938,2455.08
TE-011939,623.7
TE-011940,4531.86
TE-011941,1748.41
TE-011942,1674.16
TE-011943,3736.64
TE-011944,4862.34
TE-011945,1705.61
TE-011946,1713.06
TE-011947,236.31
TE-011948,4219.92
TE-011949,1379.49
TE-011950,4908.44
TE-011951,1446.53
TE-011952,3973.85
TE-011953,523.98
TE-011954,3682.85
TE-011955,3259.19
TE-011956,3305.47
TE-011957,2575.24
TE-011958,2044.04
TE-011959,3695.61
TE-011960,637.17
TE-011961,2071.19
TE-011962,1802.73
TE-011963,1534.45
TE-011964,1614.77
TE-011965,744.26
TE-011966,2633.62
TE-011967,1332.71
TE-011968,1649.03
TE-011969,571.83
TE-011970,3152.22
TE-011971,1482.78
TE-011972,4306.62
TE-011973,4333.25
TE-011974,3285.34
TE-011975,1622.35
TE-011976,1433.13
TE-011977,971.91
TE-011978,1777.06
TE-011979,4004.93
TE-011980,3224.17
TE-011981,739.6
TE-011982,837.25
TE-011983,2952.76
TE-011984,4790.24
TE-011985,1872.95
TE-011986,2178.47
TE-011987,1193.13
TE-011988,1947.47
TE-011989,437.43
TE-011990,375.34
TE-011991,2344.95
TE-011992,4068.47
TE-011993,1360.04
TE-011994,2111.45
TE-011995,1416.46
TE-011996,872.8
TE-011997,1587.29
TE-011998,928.41
TE-011999,3337.33
TE-012000,566.02
