feature,importance,original_feature,feature_group
numeric__distance_log,0.434788,distance_log,distance
numeric__distance,0.21381964,distance,distance
numeric__distance_squared,0.09882734,distance_squared,distance
numeric__lon_difference,0.005755295,lon_difference,lon_difference
categorical__equipment_Dry Van,0.0035343734,equipment_Dry Van,equipment
numeric__geo_distance,0.0029048058,geo_distance,geo_distance
categorical__equipment_Reefer,0.001678519,equipment_Reefer,equipment
categorical__delivery_Buffalo,0.0013130346,delivery_Buffalo,delivery
categorical__pickup_Buffalo,0.0012742514,pickup_Buffalo,pickup
numeric__is_weekend,0.0012504463,is_weekend,is_weekend
numeric__distance_weight_interaction,0.001226687,distance_weight_interaction,distance
categorical__route_Oklahoma City → Mobile,0.0011341234,route_Oklahoma City → Mobile,route
categorical__delivery_San Antonio,0.0011208559,delivery_San Antonio,delivery
categorical__equipment_Flatbed,0.0010932839,equipment_Flatbed,equipment
numeric__market_index_log,0.0010911766,market_index_log,market_index
numeric__weekday_sin,0.0010206136,weekday_sin,weekday_sin
numeric__month_cos,0.0010153493,month_cos,month
categorical__delivery_Mobile,0.00092745037,delivery_Mobile,delivery
categorical__route_Amarillo → Albuquerque,0.00091480685,route_Amarillo → Albuquerque,route
numeric__quote_signal_squared,0.00091271463,quote_signal_squared,quote_signal
categorical__delivery_Louisville,0.0008862565,delivery_Louisville,delivery
numeric__quote_signal,0.0008645241,quote_signal,quote_signal
categorical__pickup_Fort Wayne,0.0008541803,pickup_Fort Wayne,pickup
categorical__delivery_Kansas City,0.0008510338,delivery_Kansas City,delivery
numeric__market_index_squared,0.00084332435,market_index_squared,market_index
numeric__weight_squared,0.00083436555,weight_squared,weight
categorical__route_Oklahoma City → Baton Rouge,0.0008308666,route_Oklahoma City → Baton Rouge,route
categorical__pickup_Fresno,0.0008262288,pickup_Fresno,pickup
categorical__delivery_Harrisburg,0.0008090957,delivery_Harrisburg,delivery
categorical__delivery_Nashville,0.00080805935,delivery_Nashville,delivery
categorical__pickup_Montgomery,0.0008066527,pickup_Montgomery,pickup
numeric__market_index,0.00080381107,market_index,market_index
categorical__pickup_Amarillo,0.0008024759,pickup_Amarillo,pickup
categorical__pickup_Dayton,0.0008020249,pickup_Dayton,pickup
categorical__route_Milwaukee → Hartford,0.0007919521,route_Milwaukee → Hartford,route
categorical__delivery_Reno,0.00078976445,delivery_Reno,delivery
categorical__delivery_Detroit,0.0007780155,delivery_Detroit,delivery
categorical__pickup_Detroit,0.0007712551,pickup_Detroit,pickup
categorical__pickup_Dallas,0.0007559133,pickup_Dallas,pickup
categorical__route_Kansas City → Los Angeles,0.0007521624,route_Kansas City → Los Angeles,route
categorical__pickup_Washington,0.0007477134,pickup_Washington,pickup
numeric__pickup_lat,0.00074731756,pickup_lat,pickup
numeric__weight_log,0.00073273265,weight_log,weight
numeric__week_of_year,0.0007324303,week_of_year,week_of_year
numeric__day_of_year,0.00073145767,day_of_year,day
categorical__delivery_Lubbock,0.0007293177,delivery_Lubbock,delivery
numeric__weekday_cos,0.00072114426,weekday_cos,weekday_cos
categorical__delivery_Albuquerque,0.0007173945,delivery_Albuquerque,delivery
categorical__route_Las Vegas → Baton Rouge,0.0007072246,route_Las Vegas → Baton Rouge,route
categorical__delivery_Little Rock,0.00070568256,delivery_Little Rock,delivery
numeric__delivery_lon,0.00069968536,delivery_lon,delivery
categorical__route_Chattanooga → Grand Rapids,0.0006989088,route_Chattanooga → Grand Rapids,route
categorical__route_Lexington → Phoenix,0.00069728756,route_Lexington → Phoenix,route
categorical__route_Lexington → Baton Rouge,0.0006961555,route_Lexington → Baton Rouge,route
categorical__route_Cincinnati → Los Angeles,0.0006941291,route_Cincinnati → Los Angeles,route
categorical__pickup_Salt Lake City,0.00068757654,pickup_Salt Lake City,pickup
categorical__delivery_Richmond,0.0006861828,delivery_Richmond,delivery
numeric__weight_per_mile,0.0006824264,weight_per_mile,weight
categorical__route_Lexington → Green Bay,0.0006822142,route_Lexington → Green Bay,route
categorical__pickup_Atlanta,0.00067951187,pickup_Atlanta,pickup
numeric__delivery_lat,0.0006781132,delivery_lat,delivery
categorical__pickup_Boston,0.0006764987,pickup_Boston,pickup
categorical__pickup_Chattanooga,0.000676348,pickup_Chattanooga,pickup
categorical__pickup_Greensboro,0.0006760825,pickup_Greensboro,pickup
categorical__pickup_Corpus Christi,0.00067413016,pickup_Corpus Christi,pickup
numeric__weight,0.0006719029,weight,weight
categorical__route_Fort Wayne → Philadelphia,0.0006701498,route_Fort Wayne → Philadelphia,route
categorical__delivery_Tampa,0.0006692732,delivery_Tampa,delivery
categorical__route_Grand Rapids → Fort Wayne,0.0006654759,route_Grand Rapids → Fort Wayne,route
numeric__day,0.000664116,day,day
categorical__pickup_St. Louis,0.00066220545,pickup_St. Louis,pickup
categorical__delivery_Indianapolis,0.0006616293,delivery_Indianapolis,delivery
categorical__pickup_Jacksonville,0.0006575599,pickup_Jacksonville,pickup
numeric__month,0.0006566847,month,month
categorical__pickup_Toledo,0.0006557471,pickup_Toledo,pickup
categorical__pickup_Madison,0.00065462565,pickup_Madison,pickup
categorical__route_Atlanta → Montgomery,0.0006523712,route_Atlanta → Montgomery,route
categorical__route_Shreveport → Houston,0.0006502687,route_Shreveport → Houston,route
categorical__delivery_Savannah,0.00064610416,delivery_Savannah,delivery
categorical__delivery_Memphis,0.00064334075,delivery_Memphis,delivery
categorical__pickup_Albuquerque,0.0006410061,pickup_Albuquerque,pickup
categorical__pickup_Kansas City,0.0006394875,pickup_Kansas City,pickup
categorical__route_Shreveport → Philadelphia,0.00063876243,route_Shreveport → Philadelphia,route
categorical__delivery_Dayton,0.0006384842,delivery_Dayton,delivery
categorical__pickup_Providence,0.00063681987,pickup_Providence,pickup
categorical__pickup_Baton Rouge,0.0006347269,pickup_Baton Rouge,pickup
categorical__route_Los Angeles → Green Bay,0.00063460146,route_Los Angeles → Green Bay,route
categorical__delivery_Shreveport,0.0006345634,delivery_Shreveport,delivery
numeric__day_of_week,0.0006330092,day_of_week,day
categorical__route_Montgomery → Houston,0.0006322097,route_Montgomery → Houston,route
categorical__pickup_Phoenix,0.0006311329,pickup_Phoenix,pickup
categorical__delivery_Corpus Christi,0.0006310678,delivery_Corpus Christi,delivery
categorical__delivery_Bakersfield,0.00063044694,delivery_Bakersfield,delivery
numeric__pickup_lon,0.0006287129,pickup_lon,pickup
categorical__delivery_Phoenix,0.0006272907,delivery_Phoenix,delivery
categorical__route_Greensboro → Milwaukee,0.0006189071,route_Greensboro → Milwaukee,route
numeric__lat_difference,0.0006180002,lat_difference,lat_difference
categorical__route_Mobile → Memphis,0.00061703334,route_Mobile → Memphis,route
categorical__route_Chattanooga → Atlanta,0.000615232,route_Chattanooga → Atlanta,route
categorical__route_Bakersfield → Lexington,0.0006139011,route_Bakersfield → Lexington,route
categorical__pickup_Shreveport,0.0006134706,pickup_Shreveport,pickup
categorical__route_Cincinnati → St. Louis,0.00061336084,route_Cincinnati → St. Louis,route
categorical__delivery_St. Louis,0.000609455,delivery_St. Louis,delivery
categorical__route_Buffalo → San Antonio,0.0006082903,route_Buffalo → San Antonio,route
categorical__pickup_El Paso,0.0006052094,pickup_El Paso,pickup
categorical__pickup_Tulsa,0.0006046813,pickup_Tulsa,pickup
categorical__route_Nashville → Charleston,0.0006045978,route_Nashville → Charleston,route
categorical__pickup_Harrisburg,0.0006012413,pickup_Harrisburg,pickup
categorical__delivery_Fort Wayne,0.0005998267,delivery_Fort Wayne,delivery
categorical__route_Amarillo → Lubbock,0.0005976871,route_Amarillo → Lubbock,route
categorical__delivery_Amarillo,0.00059726165,delivery_Amarillo,delivery
categorical__pickup_Lexington,0.0005970923,pickup_Lexington,pickup
categorical__pickup_Grand Rapids,0.00059218216,pickup_Grand Rapids,pickup
categorical__pickup_Las Vegas,0.0005901037,pickup_Las Vegas,pickup
categorical__pickup_Savannah,0.0005890567,pickup_Savannah,pickup
categorical__pickup_Raleigh,0.0005864791,pickup_Raleigh,pickup
categorical__route_Mobile → Amarillo,0.0005863048,route_Mobile → Amarillo,route
categorical__route_Oklahoma City → Houston,0.0005862958,route_Oklahoma City → Houston,route
categorical__pickup_Cincinnati,0.00058608776,pickup_Cincinnati,pickup
categorical__route_Kansas City → Syracuse,0.00058549474,route_Kansas City → Syracuse,route
categorical__pickup_Oklahoma City,0.0005845668,pickup_Oklahoma City,pickup
categorical__delivery_Grand Rapids,0.00058220304,delivery_Grand Rapids,delivery
categorical__route_Los Angeles → Mobile,0.0005817805,route_Los Angeles → Mobile,route
categorical__route_Charleston → Shreveport,0.00058170897,route_Charleston → Shreveport,route
categorical__delivery_Houston,0.0005738936,delivery_Houston,delivery
categorical__route_Chattanooga → Mobile,0.0005736608,route_Chattanooga → Mobile,route
categorical__delivery_Los Angeles,0.00056994293,delivery_Los Angeles,delivery
categorical__route_Grand Rapids → Columbia,0.0005675722,route_Grand Rapids → Columbia,route
categorical__delivery_Baltimore,0.00056628155,delivery_Baltimore,delivery
categorical__route_Jacksonville → Oklahoma City,0.0005615693,route_Jacksonville → Oklahoma City,route
categorical__route_Memphis → Chattanooga,0.0005608513,route_Memphis → Chattanooga,route
categorical__route_Kansas City → Boston,0.0005598598,route_Kansas City → Boston,route
categorical__pickup_Louisville,0.0005567057,pickup_Louisville,pickup
categorical__route_Syracuse → Phoenix,0.0005553728,route_Syracuse → Phoenix,route
categorical__pickup_Nashville,0.00055310444,pickup_Nashville,pickup
categorical__route_Lubbock → Los Angeles,0.0005510406,route_Lubbock → Los Angeles,route
categorical__delivery_Baton Rouge,0.00054940995,delivery_Baton Rouge,delivery
categorical__route_Lexington → Philadelphia,0.0005453417,route_Lexington → Philadelphia,route
categorical__delivery_Milwaukee,0.0005448851,delivery_Milwaukee,delivery
categorical__route_Richmond → Oklahoma City,0.0005446394,route_Richmond → Oklahoma City,route
categorical__delivery_Charleston,0.0005443843,delivery_Charleston,delivery
categorical__pickup_Little Rock,0.0005418947,pickup_Little Rock,pickup
categorical__delivery_Lexington,0.00053827965,delivery_Lexington,delivery
categorical__route_Oklahoma City → Montgomery,0.0005372859,route_Oklahoma City → Montgomery,route
categorical__pickup_Philadelphia,0.00053490774,pickup_Philadelphia,pickup
categorical__route_Lexington → Bakersfield,0.0005339479,route_Lexington → Bakersfield,route
categorical__delivery_Hartford,0.000533901,delivery_Hartford,delivery
categorical__route_Columbia → Lexington,0.0005315459,route_Columbia → Lexington,route
categorical__pickup_Tucson,0.000530332,pickup_Tucson,pickup
categorical__route_Baton Rouge → Oklahoma City,0.00052388746,route_Baton Rouge → Oklahoma City,route
categorical__route_Green Bay → Milwaukee,0.000521528,route_Green Bay → Milwaukee,route
categorical__route_Mobile → Richmond,0.00051922444,route_Mobile → Richmond,route
categorical__delivery_Washington,0.0005190215,delivery_Washington,delivery
categorical__delivery_Providence,0.0005183605,delivery_Providence,delivery
categorical__pickup_Charleston,0.0005180209,pickup_Charleston,pickup
categorical__route_Fresno → Los Angeles,0.00051691366,route_Fresno → Los Angeles,route
categorical__route_Richmond → Milwaukee,0.00051529746,route_Richmond → Milwaukee,route
categorical__route_Greensboro → Baton Rouge,0.0005145405,route_Greensboro → Baton Rouge,route
categorical__delivery_Las Vegas,0.00051412714,delivery_Las Vegas,delivery
categorical__pickup_Albany,0.0005137256,pickup_Albany,pickup
categorical__delivery_Dallas,0.0005128091,delivery_Dallas,delivery
categorical__route_Lexington → Shreveport,0.0005120785,route_Lexington → Shreveport,route
categorical__delivery_Columbia,0.00051047665,delivery_Columbia,delivery
categorical__route_Fort Wayne → Oklahoma City,0.00051007065,route_Fort Wayne → Oklahoma City,route
categorical__route_Los Angeles → Columbia,0.00050734123,route_Los Angeles → Columbia,route
categorical__route_Lexington → Fresno,0.0005066228,route_Lexington → Fresno,route
categorical__route_Baton Rouge → Buffalo,0.00050631433,route_Baton Rouge → Buffalo,route
categorical__route_Kansas City → Phoenix,0.0005030099,route_Kansas City → Phoenix,route
categorical__route_Albany → Richmond,0.0005014959,route_Albany → Richmond,route
categorical__delivery_Oklahoma City,0.00050042284,delivery_Oklahoma City,delivery
categorical__route_Chattanooga → Kansas City,0.00049614516,route_Chattanooga → Kansas City,route
categorical__route_Charleston → Phoenix,0.0004959064,route_Charleston → Phoenix,route
categorical__route_Atlanta → Richmond,0.00049579336,route_Atlanta → Richmond,route
categorical__delivery_Green Bay,0.00049134064,delivery_Green Bay,delivery
categorical__delivery_Cincinnati,0.0004909655,delivery_Cincinnati,delivery
categorical__route_Columbia → Kansas City,0.0004899204,route_Columbia → Kansas City,route
categorical__pickup_Columbia,0.0004881169,pickup_Columbia,pickup
categorical__pickup_Richmond,0.00048772412,pickup_Richmond,pickup
categorical__route_Albuquerque → Bakersfield,0.00048755502,route_Albuquerque → Bakersfield,route
categorical__delivery_Toledo,0.00048698785,delivery_Toledo,delivery
categorical__route_Los Angeles → Syracuse,0.00048594148,route_Los Angeles → Syracuse,route
categorical__delivery_Salt Lake City,0.00048519313,delivery_Salt Lake City,delivery
categorical__route_Montgomery → Oklahoma City,0.00048099103,route_Montgomery → Oklahoma City,route
categorical__delivery_Tulsa,0.00047857955,delivery_Tulsa,delivery
categorical__route_Lexington → Memphis,0.00047686076,route_Lexington → Memphis,route
categorical__delivery_Syracuse,0.0004758582,delivery_Syracuse,delivery
categorical__route_San Francisco → Baton Rouge,0.00047421776,route_San Francisco → Baton Rouge,route
categorical__pickup_San Antonio,0.00047364028,pickup_San Antonio,pickup
categorical__route_Bakersfield → Cincinnati,0.000472717,route_Bakersfield → Cincinnati,route
categorical__route_Las Vegas → Grand Rapids,0.0004726,route_Las Vegas → Grand Rapids,route
categorical__pickup_Reno,0.0004701552,pickup_Reno,pickup
categorical__route_Toledo → Shreveport,0.0004691851,route_Toledo → Shreveport,route
categorical__route_Green Bay → Houston,0.00046895936,route_Green Bay → Houston,route
categorical__route_Bakersfield → Jacksonville,0.00046435042,route_Bakersfield → Jacksonville,route
categorical__route_Columbia → Houston,0.00046387178,route_Columbia → Houston,route
categorical__route_Reno → Jacksonville,0.00046371843,route_Reno → Jacksonville,route
categorical__route_Richmond → Nashville,0.0004605558,route_Richmond → Nashville,route
categorical__delivery_Albany,0.00045998834,delivery_Albany,delivery
categorical__route_Phoenix → Jacksonville,0.00045894456,route_Phoenix → Jacksonville,route
categorical__route_Raleigh → Fort Wayne,0.00045875393,route_Raleigh → Fort Wayne,route
categorical__pickup_Mobile,0.00045871286,pickup_Mobile,pickup
categorical__route_Tucson → El Paso,0.0004582314,route_Tucson → El Paso,route
categorical__route_Columbia → Cincinnati,0.000458066,route_Columbia → Cincinnati,route
categorical__route_Cincinnati → Albany,0.00045575877,route_Cincinnati → Albany,route
categorical__route_El Paso → Indianapolis,0.00045547853,route_El Paso → Indianapolis,route
categorical__route_Bakersfield → Hartford,0.00045544846,route_Bakersfield → Hartford,route
categorical__route_Mobile → Harrisburg,0.00045326687,route_Mobile → Harrisburg,route
categorical__delivery_Madison,0.0004526244,delivery_Madison,delivery
categorical__route_Albany → Lexington,0.00045210824,route_Albany → Lexington,route
categorical__route_Nashville → Milwaukee,0.00045128958,route_Nashville → Milwaukee,route
categorical__route_Nashville → Syracuse,0.00045123944,route_Nashville → Syracuse,route
categorical__route_Bakersfield → Milwaukee,0.0004495746,route_Bakersfield → Milwaukee,route
categorical__route_San Antonio → Columbia,0.00044483328,route_San Antonio → Columbia,route
categorical__pickup_Austin,0.00044468787,pickup_Austin,pickup
categorical__route_Amarillo → Mobile,0.00044450245,route_Amarillo → Mobile,route
categorical__route_Columbia → Hartford,0.00044108008,route_Columbia → Hartford,route
categorical__route_Charleston → Lubbock,0.00044068735,route_Charleston → Lubbock,route
categorical__route_Atlanta → Los Angeles,0.00044038813,route_Atlanta → Los Angeles,route
categorical__delivery_Philadelphia,0.00044010958,delivery_Philadelphia,delivery
categorical__route_Baton Rouge → San Antonio,0.0004395363,route_Baton Rouge → San Antonio,route
categorical__route_Nashville → Hartford,0.00043916228,route_Nashville → Hartford,route
categorical__delivery_Fresno,0.00043885226,delivery_Fresno,delivery
categorical__route_Albany → Reno,0.00043582421,route_Albany → Reno,route
categorical__route_Nashville → Tampa,0.0004347159,route_Nashville → Tampa,route
categorical__route_Mobile → Phoenix,0.0004346612,route_Mobile → Phoenix,route
categorical__route_Phoenix → Philadelphia,0.00043459094,route_Phoenix → Philadelphia,route
categorical__route_Phoenix → Nashville,0.00043376256,route_Phoenix → Nashville,route
categorical__route_Salt Lake City → Mobile,0.00043140815,route_Salt Lake City → Mobile,route
categorical__route_Hartford → Memphis,0.00043008456,route_Hartford → Memphis,route
categorical__delivery_New York,0.0004275906,delivery_New York,delivery
categorical__route_Phoenix → Syracuse,0.00042749886,route_Phoenix → Syracuse,route
categorical__route_El Paso → Dayton,0.00042645846,route_El Paso → Dayton,route
categorical__route_Richmond → Montgomery,0.00042581675,route_Richmond → Montgomery,route
categorical__route_Albany → Baton Rouge,0.0004255863,route_Albany → Baton Rouge,route
categorical__route_Fort Wayne → Atlanta,0.00042540274,route_Fort Wayne → Atlanta,route
categorical__route_Syracuse → Oklahoma City,0.00042406927,route_Syracuse → Oklahoma City,route
categorical__route_Buffalo → Bakersfield,0.00042085827,route_Buffalo → Bakersfield,route
categorical__route_Milwaukee → Grand Rapids,0.00041955765,route_Milwaukee → Grand Rapids,route
categorical__pickup_Milwaukee,0.0004189159,pickup_Milwaukee,pickup
categorical__delivery_Jacksonville,0.0004174977,delivery_Jacksonville,delivery
categorical__route_Mobile → Cincinnati,0.0004154772,route_Mobile → Cincinnati,route
categorical__route_Tucson → Houston,0.00041461835,route_Tucson → Houston,route
categorical__route_Charleston → Richmond,0.00041404457,route_Charleston → Richmond,route
categorical__route_Bakersfield → New York,0.00041403755,route_Bakersfield → New York,route
categorical__route_Lubbock → Memphis,0.00041158052,route_Lubbock → Memphis,route
categorical__delivery_Montgomery,0.0004093011,delivery_Montgomery,delivery
categorical__route_Chattanooga → Fort Wayne,0.00040926225,route_Chattanooga → Fort Wayne,route
categorical__pickup_Memphis,0.00040917253,pickup_Memphis,pickup
categorical__route_Dayton → Baton Rouge,0.00040810675,route_Dayton → Baton Rouge,route
categorical__route_Richmond → Savannah,0.00040789237,route_Richmond → Savannah,route
categorical__route_Madison → Grand Rapids,0.00040765555,route_Madison → Grand Rapids,route
categorical__route_Kansas City → Mobile,0.00040492124,route_Kansas City → Mobile,route
categorical__route_Hartford → Mobile,0.00040433533,route_Hartford → Mobile,route
numeric__month_sin,0.00040430963,month_sin,month
categorical__route_Amarillo → Little Rock,0.00040341052,route_Amarillo → Little Rock,route
categorical__route_Syracuse → Richmond,0.00040156874,route_Syracuse → Richmond,route
categorical__route_San Antonio → Memphis,0.00040128254,route_San Antonio → Memphis,route
categorical__route_Montgomery → Providence,0.0004008935,route_Montgomery → Providence,route
categorical__delivery_Birmingham,0.00039954454,delivery_Birmingham,delivery
categorical__route_Montgomery → Memphis,0.00039574533,route_Montgomery → Memphis,route
categorical__route_Richmond → Shreveport,0.00039562385,route_Richmond → Shreveport,route
categorical__pickup_Syracuse,0.00039415245,pickup_Syracuse,pickup
categorical__route_Atlanta → Baton Rouge,0.00039361886,route_Atlanta → Baton Rouge,route
categorical__route_Atlanta → Hartford,0.0003935678,route_Atlanta → Hartford,route
categorical__pickup_Houston,0.0003918873,pickup_Houston,pickup
categorical__route_Baton Rouge → Philadelphia,0.0003899355,route_Baton Rouge → Philadelphia,route
categorical__route_Hartford → Oklahoma City,0.00038847188,route_Hartford → Oklahoma City,route
categorical__delivery_Atlanta,0.00038714564,delivery_Atlanta,delivery
categorical__route_Baton Rouge → Phoenix,0.00038711942,route_Baton Rouge → Phoenix,route
categorical__delivery_New Orleans,0.0003853043,delivery_New Orleans,delivery
categorical__route_Oklahoma City → Atlanta,0.00038441934,route_Oklahoma City → Atlanta,route
categorical__delivery_Greensboro,0.0003833898,delivery_Greensboro,delivery
categorical__route_Jacksonville → Shreveport,0.00038219907,route_Jacksonville → Shreveport,route
categorical__route_Richmond → Baltimore,0.0003819261,route_Richmond → Baltimore,route
categorical__route_Green Bay → Shreveport,0.00038174013,route_Green Bay → Shreveport,route
categorical__route_Milwaukee → Richmond,0.00037809357,route_Milwaukee → Richmond,route
categorical__route_Buffalo → Shreveport,0.00037725782,route_Buffalo → Shreveport,route
categorical__route_Little Rock → Richmond,0.00037688875,route_Little Rock → Richmond,route
categorical__route_Albany → Shreveport,0.0003759812,route_Albany → Shreveport,route
categorical__route_El Paso → Detroit,0.00037541243,route_El Paso → Detroit,route
categorical__delivery_Raleigh,0.00037507562,delivery_Raleigh,delivery
categorical__route_San Antonio → Phoenix,0.00037352415,route_San Antonio → Phoenix,route
categorical__route_Phoenix → Charleston,0.00037339315,route_Phoenix → Charleston,route
categorical__route_Washington → Chattanooga,0.0003732086,route_Washington → Chattanooga,route
categorical__route_Greensboro → Charleston,0.00037309306,route_Greensboro → Charleston,route
categorical__route_Montgomery → Albany,0.00037179704,route_Montgomery → Albany,route
categorical__delivery_Boston,0.00037162754,delivery_Boston,delivery
categorical__route_Atlanta → Fresno,0.00037083685,route_Atlanta → Fresno,route
categorical__route_Reno → Phoenix,0.00037065666,route_Reno → Phoenix,route
categorical__pickup_Hartford,0.00036982447,pickup_Hartford,pickup
categorical__delivery_Chattanooga,0.00036901928,delivery_Chattanooga,delivery
categorical__route_Cincinnati → Corpus Christi,0.00036865793,route_Cincinnati → Corpus Christi,route
categorical__route_Tulsa → Baton Rouge,0.000368438,route_Tulsa → Baton Rouge,route
categorical__route_Greensboro → Phoenix,0.00036667995,route_Greensboro → Phoenix,route
categorical__route_Mobile → Bakersfield,0.00036627593,route_Mobile → Bakersfield,route
categorical__pickup_Tampa,0.00036420982,pickup_Tampa,pickup
categorical__route_Boston → Nashville,0.00036372023,route_Boston → Nashville,route
categorical__pickup_Lubbock,0.00036347803,pickup_Lubbock,pickup
categorical__route_Bakersfield → Fresno,0.0003627727,route_Bakersfield → Fresno,route
categorical__route_Greensboro → Cincinnati,0.00036251824,route_Greensboro → Cincinnati,route
categorical__route_El Paso → Fort Wayne,0.00036231594,route_El Paso → Fort Wayne,route
categorical__route_San Francisco → Grand Rapids,0.0003623141,route_San Francisco → Grand Rapids,route
categorical__route_Columbia → Tampa,0.0003614847,route_Columbia → Tampa,route
categorical__route_Fresno → Memphis,0.000360275,route_Fresno → Memphis,route
categorical__route_Syracuse → Tulsa,0.00036005885,route_Syracuse → Tulsa,route
categorical__route_Baton Rouge → Fort Wayne,0.00035912753,route_Baton Rouge → Fort Wayne,route
categorical__delivery_Tucson,0.0003586911,delivery_Tucson,delivery
categorical__route_Charleston → Kansas City,0.00035835328,route_Charleston → Kansas City,route
categorical__route_Richmond → Raleigh,0.000357653,route_Richmond → Raleigh,route
categorical__pickup_Indianapolis,0.00035733,pickup_Indianapolis,pickup
categorical__route_Harrisburg → Kansas City,0.00035724946,route_Harrisburg → Kansas City,route
categorical__route_Philadelphia → Tucson,0.00035675676,route_Philadelphia → Tucson,route
categorical__route_Tucson → Oklahoma City,0.00035548775,route_Tucson → Oklahoma City,route
categorical__route_Columbia → Baton Rouge,0.00035215434,route_Columbia → Baton Rouge,route
categorical__route_Mobile → Savannah,0.000351933,route_Mobile → Savannah,route
categorical__pickup_New York,0.00035183504,pickup_New York,pickup
categorical__route_Los Angeles → Phoenix,0.000351511,route_Los Angeles → Phoenix,route
categorical__route_Tucson → Phoenix,0.00035074446,route_Tucson → Phoenix,route
categorical__route_Nashville → Oklahoma City,0.00035046044,route_Nashville → Oklahoma City,route
categorical__route_Grand Rapids → Baton Rouge,0.00034997627,route_Grand Rapids → Baton Rouge,route
categorical__route_Montgomery → Raleigh,0.00034739732,route_Montgomery → Raleigh,route
categorical__route_Charleston → Atlanta,0.00034632176,route_Charleston → Atlanta,route
categorical__route_Little Rock → Oklahoma City,0.00034564015,route_Little Rock → Oklahoma City,route
categorical__route_Philadelphia → Columbia,0.00034500728,route_Philadelphia → Columbia,route
categorical__route_Jacksonville → Columbia,0.00034481628,route_Jacksonville → Columbia,route
categorical__pickup_New Orleans,0.00034433557,pickup_New Orleans,pickup
categorical__route_Grand Rapids → Boston,0.00034249428,route_Grand Rapids → Boston,route
categorical__pickup_Los Angeles,0.00034108764,pickup_Los Angeles,pickup
categorical__route_Shreveport → Tampa,0.0003408461,route_Shreveport → Tampa,route
categorical__route_Albany → Dallas,0.00034038964,route_Albany → Dallas,route
categorical__route_Grand Rapids → Memphis,0.0003386834,route_Grand Rapids → Memphis,route
categorical__route_Richmond → Indianapolis,0.00033684264,route_Richmond → Indianapolis,route
numeric__quote_signal_abs,0.00033565282,quote_signal_abs,quote_signal
categorical__route_Dallas → Fort Wayne,0.00033524586,route_Dallas → Fort Wayne,route
categorical__route_Toledo → Madison,0.0003334325,route_Toledo → Madison,route
categorical__route_Dayton → Raleigh,0.00033277512,route_Dayton → Raleigh,route
categorical__route_Tucson → Montgomery,0.00033214042,route_Tucson → Montgomery,route
categorical__route_Atlanta → San Antonio,0.00033183553,route_Atlanta → San Antonio,route
categorical__route_Greensboro → Lubbock,0.00032982457,route_Greensboro → Lubbock,route
categorical__route_Little Rock → Buffalo,0.00032964078,route_Little Rock → Buffalo,route
categorical__route_Oklahoma City → Memphis,0.00032948752,route_Oklahoma City → Memphis,route
categorical__route_Richmond → Louisville,0.00032946398,route_Richmond → Louisville,route
categorical__route_Syracuse → Jacksonville,0.0003281024,route_Syracuse → Jacksonville,route
categorical__route_Grand Rapids → Baltimore,0.00032670662,route_Grand Rapids → Baltimore,route
categorical__route_Oklahoma City → New York,0.00032611648,route_Oklahoma City → New York,route
categorical__route_Chattanooga → Houston,0.00032486708,route_Chattanooga → Houston,route
categorical__route_Madison → San Antonio,0.00032337327,route_Madison → San Antonio,route
categorical__route_Hartford → New York,0.00032332356,route_Hartford → New York,route
categorical__route_Philadelphia → Richmond,0.0003231936,route_Philadelphia → Richmond,route
categorical__route_Oklahoma City → Baltimore,0.0003230509,route_Oklahoma City → Baltimore,route
categorical__route_Baton Rouge → Richmond,0.00032255714,route_Baton Rouge → Richmond,route
categorical__route_Fort Wayne → El Paso,0.00032236933,route_Fort Wayne → El Paso,route
categorical__route_Tucson → Lubbock,0.00032204512,route_Tucson → Lubbock,route
categorical__route_Nashville → Shreveport,0.00032199992,route_Nashville → Shreveport,route
categorical__route_El Paso → Lubbock,0.0003218008,route_El Paso → Lubbock,route
categorical__route_San Francisco → Atlanta,0.00031951338,route_San Francisco → Atlanta,route
categorical__route_Savannah → Reno,0.00031743356,route_Savannah → Reno,route
categorical__route_Cincinnati → Lexington,0.00031688466,route_Cincinnati → Lexington,route
categorical__route_Bakersfield → Buffalo,0.00031591533,route_Bakersfield → Buffalo,route
categorical__route_Los Angeles → Nashville,0.0003158401,route_Los Angeles → Nashville,route
categorical__route_New Orleans → Cincinnati,0.0003152609,route_New Orleans → Cincinnati,route
categorical__route_Baton Rouge → Salt Lake City,0.00031351772,route_Baton Rouge → Salt Lake City,route
categorical__route_St. Louis → Reno,0.00031330925,route_St. Louis → Reno,route
categorical__route_Philadelphia → Raleigh,0.00031312878,route_Philadelphia → Raleigh,route
categorical__route_Columbia → Richmond,0.0003127974,route_Columbia → Richmond,route
categorical__route_Kansas City → Fort Wayne,0.00031110062,route_Kansas City → Fort Wayne,route
categorical__route_Indianapolis → Philadelphia,0.00031012003,route_Indianapolis → Philadelphia,route
categorical__route_Harrisburg → Chattanooga,0.00030881984,route_Harrisburg → Chattanooga,route
categorical__route_Buffalo → Corpus Christi,0.00030833037,route_Buffalo → Corpus Christi,route
categorical__route_Kansas City → Reno,0.00030799306,route_Kansas City → Reno,route
categorical__route_Reno → Dayton,0.00030751748,route_Reno → Dayton,route
categorical__route_Albuquerque → Atlanta,0.00030644887,route_Albuquerque → Atlanta,route
categorical__route_Columbia → Bakersfield,0.00030572747,route_Columbia → Bakersfield,route
categorical__route_Columbia → Washington,0.0003049584,route_Columbia → Washington,route
categorical__route_Columbia → Reno,0.00030493308,route_Columbia → Reno,route
categorical__route_Milwaukee → Albany,0.0003038224,route_Milwaukee → Albany,route
categorical__route_New Orleans → Bakersfield,0.00030292137,route_New Orleans → Bakersfield,route
categorical__route_Milwaukee → New York,0.00030200637,route_Milwaukee → New York,route
categorical__route_Green Bay → Lubbock,0.0003018689,route_Green Bay → Lubbock,route
categorical__pickup_Bakersfield,0.00030042315,pickup_Bakersfield,pickup
categorical__route_New York → Nashville,0.00030022397,route_New York → Nashville,route
categorical__route_Buffalo → Syracuse,0.000299142,route_Buffalo → Syracuse,route
categorical__route_Toledo → Baltimore,0.00029875519,route_Toledo → Baltimore,route
categorical__route_Dayton → Harrisburg,0.00029852186,route_Dayton → Harrisburg,route
categorical__route_Jacksonville → Baltimore,0.00029798519,route_Jacksonville → Baltimore,route
categorical__route_Jacksonville → Little Rock,0.00029773146,route_Jacksonville → Little Rock,route
categorical__route_Chattanooga → Milwaukee,0.00029743533,route_Chattanooga → Milwaukee,route
categorical__route_Nashville → Albany,0.00029725832,route_Nashville → Albany,route
categorical__route_Washington → Cincinnati,0.000296425,route_Washington → Cincinnati,route
categorical__route_Tulsa → Lexington,0.00029593238,route_Tulsa → Lexington,route
categorical__route_Oklahoma City → Green Bay,0.0002957924,route_Oklahoma City → Green Bay,route
categorical__route_Salt Lake City → Hartford,0.00029567647,route_Salt Lake City → Hartford,route
categorical__route_Greensboro → Grand Rapids,0.00029530944,route_Greensboro → Grand Rapids,route
categorical__route_El Paso → Cincinnati,0.00029488775,route_El Paso → Cincinnati,route
categorical__route_Cincinnati → Syracuse,0.00029487145,route_Cincinnati → Syracuse,route
categorical__route_Tucson → Birmingham,0.00029475655,route_Tucson → Birmingham,route
categorical__route_San Francisco → Greensboro,0.00029338355,route_San Francisco → Greensboro,route
categorical__route_El Paso → Shreveport,0.00029261317,route_El Paso → Shreveport,route
categorical__route_Memphis → Toledo,0.00029233302,route_Memphis → Toledo,route
categorical__route_El Paso → Greensboro,0.00029187973,route_El Paso → Greensboro,route
categorical__route_Shreveport → Mobile,0.00029185636,route_Shreveport → Mobile,route
categorical__route_St. Louis → Corpus Christi,0.00029074037,route_St. Louis → Corpus Christi,route
categorical__route_Chattanooga → Lexington,0.00029064898,route_Chattanooga → Lexington,route
categorical__route_New York → Raleigh,0.00028991583,route_New York → Raleigh,route
categorical__route_Columbia → San Antonio,0.00028913148,route_Columbia → San Antonio,route
categorical__route_Corpus Christi → Philadelphia,0.0002886435,route_Corpus Christi → Philadelphia,route
categorical__route_Green Bay → Atlanta,0.00028816832,route_Green Bay → Atlanta,route
categorical__route_Houston → Tucson,0.00028795222,route_Houston → Tucson,route
categorical__route_Louisville → Syracuse,0.0002868446,route_Louisville → Syracuse,route
categorical__route_Green Bay → Amarillo,0.00028608635,route_Green Bay → Amarillo,route
categorical__route_Phoenix → Madison,0.0002859517,route_Phoenix → Madison,route
categorical__route_Harrisburg → Tulsa,0.00028592773,route_Harrisburg → Tulsa,route
categorical__route_Washington → Bakersfield,0.00028578052,route_Washington → Bakersfield,route
categorical__route_Philadelphia → Dallas,0.00028543972,route_Philadelphia → Dallas,route
categorical__route_Fort Wayne → Toledo,0.00028412108,route_Fort Wayne → Toledo,route
categorical__route_Madison → Chattanooga,0.0002838218,route_Madison → Chattanooga,route
categorical__route_Louisville → San Antonio,0.00027950353,route_Louisville → San Antonio,route
categorical__route_Atlanta → Providence,0.00027946773,route_Atlanta → Providence,route
categorical__route_Buffalo → Louisville,0.00027840884,route_Buffalo → Louisville,route
categorical__route_Boston → Harrisburg,0.0002782184,route_Boston → Harrisburg,route
categorical__route_Dallas → Atlanta,0.00027783355,route_Dallas → Atlanta,route
categorical__route_Atlanta → Reno,0.00027595725,route_Atlanta → Reno,route
categorical__route_Tucson → Baton Rouge,0.00027487066,route_Tucson → Baton Rouge,route
categorical__route_Buffalo → Lexington,0.00027448582,route_Buffalo → Lexington,route
categorical__route_Bakersfield → Baton Rouge,0.00027370747,route_Bakersfield → Baton Rouge,route
categorical__route_Richmond → Albany,0.0002722097,route_Richmond → Albany,route
categorical__route_Fresno → Tampa,0.00026942723,route_Fresno → Tampa,route
categorical__route_El Paso → Tulsa,0.0002693012,route_El Paso → Tulsa,route
categorical__route_Tulsa → Houston,0.00026916384,route_Tulsa → Houston,route
categorical__route_Hartford → Tucson,0.000268891,route_Hartford → Tucson,route
categorical__route_Grand Rapids → Green Bay,0.00026869727,route_Grand Rapids → Green Bay,route
categorical__route_Albuquerque → Indianapolis,0.0002686589,route_Albuquerque → Indianapolis,route
categorical__route_Lexington → Providence,0.00026850088,route_Lexington → Providence,route
categorical__route_Indianapolis → Buffalo,0.00026849602,route_Indianapolis → Buffalo,route
categorical__route_Syracuse → Los Angeles,0.00026823577,route_Syracuse → Los Angeles,route
categorical__route_Milwaukee → Fresno,0.0002678769,route_Milwaukee → Fresno,route
categorical__route_Tampa → Fresno,0.000267854,route_Tampa → Fresno,route
categorical__route_Indianapolis → Cincinnati,0.00026781313,route_Indianapolis → Cincinnati,route
categorical__route_Houston → Bakersfield,0.00026732028,route_Houston → Bakersfield,route
categorical__route_Albuquerque → Madison,0.00026698707,route_Albuquerque → Madison,route
categorical__route_Boston → Amarillo,0.0002668801,route_Boston → Amarillo,route
categorical__route_Detroit → Houston,0.00026368126,route_Detroit → Houston,route
categorical__route_Albuquerque → Milwaukee,0.00026366988,route_Albuquerque → Milwaukee,route
categorical__route_El Paso → Savannah,0.0002633495,route_El Paso → Savannah,route
categorical__route_Hartford → Savannah,0.0002613136,route_Hartford → Savannah,route
categorical__route_Grand Rapids → Reno,0.00026023472,route_Grand Rapids → Reno,route
categorical__route_Corpus Christi → Raleigh,0.0002595635,route_Corpus Christi → Raleigh,route
categorical__route_Indianapolis → Richmond,0.0002580939,route_Indianapolis → Richmond,route
categorical__route_Memphis → Atlanta,0.00025655655,route_Memphis → Atlanta,route
categorical__route_Nashville → Amarillo,0.00025645908,route_Nashville → Amarillo,route
categorical__route_Green Bay → Syracuse,0.000256356,route_Green Bay → Syracuse,route
categorical__route_New Orleans → Buffalo,0.0002560052,route_New Orleans → Buffalo,route
categorical__route_Charleston → Green Bay,0.00025569298,route_Charleston → Green Bay,route
categorical__route_Mobile → Syracuse,0.00025560884,route_Mobile → Syracuse,route
categorical__route_Providence → Columbia,0.00025471026,route_Providence → Columbia,route
categorical__route_Grand Rapids → Cincinnati,0.00025432798,route_Grand Rapids → Cincinnati,route
categorical__route_Raleigh → Greensboro,0.00025398724,route_Raleigh → Greensboro,route
categorical__route_Dayton → Mobile,0.00025361206,route_Dayton → Mobile,route
categorical__route_El Paso → New York,0.0002535062,route_El Paso → New York,route
categorical__route_Baltimore → Reno,0.00025315728,route_Baltimore → Reno,route
categorical__route_Toledo → Dayton,0.0002530511,route_Toledo → Dayton,route
categorical__route_Corpus Christi → Milwaukee,0.0002515515,route_Corpus Christi → Milwaukee,route
categorical__route_Memphis → Albany,0.0002502311,route_Memphis → Albany,route
categorical__route_Los Angeles → Las Vegas,0.0002495992,route_Los Angeles → Las Vegas,route
categorical__route_Phoenix → Baltimore,0.00024935647,route_Phoenix → Baltimore,route
categorical__route_Washington → Lubbock,0.00024933953,route_Washington → Lubbock,route
categorical__route_Providence → Memphis,0.00024932923,route_Providence → Memphis,route
categorical__route_Green Bay → Richmond,0.00024883437,route_Green Bay → Richmond,route
categorical__route_Columbia → Louisville,0.0002485182,route_Columbia → Louisville,route
categorical__route_Salt Lake City → Green Bay,0.00024833338,route_Salt Lake City → Green Bay,route
categorical__route_Mobile → Dayton,0.00024809214,route_Mobile → Dayton,route
categorical__route_Kansas City → Charleston,0.00024735337,route_Kansas City → Charleston,route
categorical__route_Philadelphia → Savannah,0.0002470532,route_Philadelphia → Savannah,route
categorical__route_Tucson → Raleigh,0.0002468931,route_Tucson → Raleigh,route
categorical__route_Memphis → Mobile,0.00024677234,route_Memphis → Mobile,route
categorical__route_Nashville → Dallas,0.0002466925,route_Nashville → Dallas,route
categorical__route_Boston → Jacksonville,0.00024501348,route_Boston → Jacksonville,route
categorical__route_Detroit → Phoenix,0.00024389419,route_Detroit → Phoenix,route
categorical__route_Austin → Lexington,0.00024373361,route_Austin → Lexington,route
categorical__route_Grand Rapids → New Orleans,0.00024354536,route_Grand Rapids → New Orleans,route
categorical__route_Kansas City → Milwaukee,0.00024252637,route_Kansas City → Milwaukee,route
categorical__route_Milwaukee → Harrisburg,0.00024248353,route_Milwaukee → Harrisburg,route
categorical__route_Richmond → Green Bay,0.00024224557,route_Richmond → Green Bay,route
categorical__route_Albany → Milwaukee,0.00024130153,route_Albany → Milwaukee,route
categorical__route_Corpus Christi → Memphis,0.0002412196,route_Corpus Christi → Memphis,route
categorical__route_Lexington → Syracuse,0.00024089443,route_Lexington → Syracuse,route
categorical__route_Mobile → Boston,0.00024039095,route_Mobile → Boston,route
categorical__route_Montgomery → Corpus Christi,0.00023933504,route_Montgomery → Corpus Christi,route
categorical__route_Madison → Jacksonville,0.0002387542,route_Madison → Jacksonville,route
categorical__route_Los Angeles → Bakersfield,0.00023823857,route_Los Angeles → Bakersfield,route
categorical__route_Tulsa → Lubbock,0.00023808998,route_Tulsa → Lubbock,route
categorical__route_Oklahoma City → Greensboro,0.00023700604,route_Oklahoma City → Greensboro,route
categorical__route_Lexington → Richmond,0.00023618167,route_Lexington → Richmond,route
categorical__route_Madison → Memphis,0.0002359246,route_Madison → Memphis,route
categorical__route_Corpus Christi → Syracuse,0.00023584775,route_Corpus Christi → Syracuse,route
categorical__route_Hartford → Greensboro,0.00023454045,route_Hartford → Greensboro,route
categorical__route_Buffalo → Boston,0.00023419785,route_Buffalo → Boston,route
categorical__route_Columbia → Tulsa,0.00023393078,route_Columbia → Tulsa,route
categorical__route_Baton Rouge → Dallas,0.00023140326,route_Baton Rouge → Dallas,route
categorical__route_New Orleans → Birmingham,0.0002313921,route_New Orleans → Birmingham,route
categorical__route_Memphis → Savannah,0.0002301247,route_Memphis → Savannah,route
categorical__route_Lubbock → Toledo,0.00022914079,route_Lubbock → Toledo,route
categorical__route_Philadelphia → Harrisburg,0.0002289949,route_Philadelphia → Harrisburg,route
categorical__route_Jacksonville → Detroit,0.00022864503,route_Jacksonville → Detroit,route
categorical__route_Greensboro → Little Rock,0.00022545253,route_Greensboro → Little Rock,route
categorical__route_Oklahoma City → Hartford,0.0002253241,route_Oklahoma City → Hartford,route
categorical__pickup_Baltimore,0.00022505014,pickup_Baltimore,pickup
categorical__route_Lubbock → San Antonio,0.0002240243,route_Lubbock → San Antonio,route
categorical__route_Corpus Christi → Chattanooga,0.0002236818,route_Corpus Christi → Chattanooga,route
categorical__route_Green Bay → Mobile,0.0002231177,route_Green Bay → Mobile,route
categorical__route_Hartford → Baltimore,0.00022128521,route_Hartford → Baltimore,route
categorical__route_San Francisco → Tucson,0.00022107612,route_San Francisco → Tucson,route
categorical__route_Toledo → New York,0.00022097725,route_Toledo → New York,route
categorical__route_Philadelphia → Syracuse,0.00022032336,route_Philadelphia → Syracuse,route
categorical__route_Dallas → Cincinnati,0.00022024749,route_Dallas → Cincinnati,route
categorical__route_San Antonio → Boston,0.00021904906,route_San Antonio → Boston,route
categorical__route_New York → Tulsa,0.00021712338,route_New York → Tulsa,route
categorical__route_Harrisburg → Savannah,0.00021674723,route_Harrisburg → Savannah,route
categorical__route_Indianapolis → Amarillo,0.0002152658,route_Indianapolis → Amarillo,route
categorical__route_Reno → Savannah,0.00021428127,route_Reno → Savannah,route
categorical__route_Madison → San Francisco,0.00021269692,route_Madison → San Francisco,route
categorical__route_Houston → Baton Rouge,0.00021142572,route_Houston → Baton Rouge,route
categorical__route_Toledo → Jacksonville,0.00021031285,route_Toledo → Jacksonville,route
categorical__route_Greensboro → Madison,0.00020816579,route_Greensboro → Madison,route
categorical__route_Corpus Christi → Atlanta,0.00020717685,route_Corpus Christi → Atlanta,route
categorical__route_New Orleans → Baton Rouge,0.00020616905,route_New Orleans → Baton Rouge,route
categorical__route_Boston → Cincinnati,0.00020594326,route_Boston → Cincinnati,route
categorical__route_Charleston → Greensboro,0.00020536096,route_Charleston → Greensboro,route
categorical__route_Green Bay → Jacksonville,0.0002031814,route_Green Bay → Jacksonville,route
categorical__route_Harrisburg → Oklahoma City,0.00020291134,route_Harrisburg → Oklahoma City,route
categorical__route_Philadelphia → Louisville,0.00020241989,route_Philadelphia → Louisville,route
categorical__route_Indianapolis → New Orleans,0.00020034169,route_Indianapolis → New Orleans,route
categorical__route_Toledo → Mobile,0.00019844972,route_Toledo → Mobile,route
categorical__route_Reno → Philadelphia,0.00019842642,route_Reno → Philadelphia,route
categorical__route_Tampa → Chattanooga,0.00019743406,route_Tampa → Chattanooga,route
categorical__route_Dayton → Baltimore,0.0001968844,route_Dayton → Baltimore,route
categorical__route_Milwaukee → Dallas,0.0001965032,route_Milwaukee → Dallas,route
categorical__route_Louisville → Shreveport,0.00019532423,route_Louisville → Shreveport,route
categorical__route_Oklahoma City → Birmingham,0.00019475211,route_Oklahoma City → Birmingham,route
categorical__route_Montgomery → Kansas City,0.00019313111,route_Montgomery → Kansas City,route
categorical__route_Hartford → Little Rock,0.00019311934,route_Hartford → Little Rock,route
categorical__route_Nashville → Dayton,0.00019265723,route_Nashville → Dayton,route
categorical__route_Fort Wayne → Greensboro,0.00019205842,route_Fort Wayne → Greensboro,route
categorical__route_Phoenix → Tucson,0.00019136797,route_Phoenix → Tucson,route
categorical__route_Jacksonville → Corpus Christi,0.00019091579,route_Jacksonville → Corpus Christi,route
categorical__route_El Paso → Charleston,0.00018983724,route_El Paso → Charleston,route
categorical__route_Savannah → Greensboro,0.00018911785,route_Savannah → Greensboro,route
categorical__route_Buffalo → Kansas City,0.00018815933,route_Buffalo → Kansas City,route
categorical__route_Amarillo → Phoenix,0.00018763047,route_Amarillo → Phoenix,route
categorical__route_Washington → Richmond,0.00018645763,route_Washington → Richmond,route
categorical__route_Amarillo → Raleigh,0.00018624435,route_Amarillo → Raleigh,route
categorical__route_Amarillo → Atlanta,0.00018339681,route_Amarillo → Atlanta,route
categorical__route_Greensboro → Tulsa,0.00018148609,route_Greensboro → Tulsa,route
categorical__route_Greensboro → Syracuse,0.0001788031,route_Greensboro → Syracuse,route
categorical__route_Albuquerque → Kansas City,0.00017791256,route_Albuquerque → Kansas City,route
categorical__route_Tampa → Milwaukee,0.00017744646,route_Tampa → Milwaukee,route
categorical__route_Phoenix → Tampa,0.00017603344,route_Phoenix → Tampa,route
categorical__route_Richmond → Phoenix,0.00017507229,route_Richmond → Phoenix,route
categorical__route_Fort Wayne → Raleigh,0.00017372849,route_Fort Wayne → Raleigh,route
categorical__route_Corpus Christi → Columbia,0.00017343249,route_Corpus Christi → Columbia,route
categorical__route_Charleston → San Francisco,0.00017055483,route_Charleston → San Francisco,route
categorical__route_Los Angeles → Philadelphia,0.00017011195,route_Los Angeles → Philadelphia,route
categorical__route_Albany → Green Bay,0.00016893506,route_Albany → Green Bay,route
categorical__route_Detroit → Richmond,0.00016663199,route_Detroit → Richmond,route
categorical__route_Amarillo → Greensboro,0.00016648711,route_Amarillo → Greensboro,route
categorical__route_Reno → Oklahoma City,0.00016595733,route_Reno → Oklahoma City,route
categorical__route_Little Rock → Nashville,0.00016590106,route_Little Rock → Nashville,route
categorical__route_New York → Jacksonville,0.00016426625,route_New York → Jacksonville,route
categorical__route_Amarillo → Fresno,0.00016286987,route_Amarillo → Fresno,route
categorical__route_Tucson → Albuquerque,0.00016266773,route_Tucson → Albuquerque,route
categorical__route_Dayton → Columbia,0.00016255317,route_Dayton → Columbia,route
categorical__route_Savannah → Charleston,0.00016178844,route_Savannah → Charleston,route
categorical__route_Kansas City → Atlanta,0.00015697283,route_Kansas City → Atlanta,route
categorical__route_Green Bay → Washington,0.00015635806,route_Green Bay → Washington,route
categorical__route_Grand Rapids → Greensboro,0.00015470745,route_Grand Rapids → Greensboro,route
categorical__route_Richmond → Charleston,0.00014872153,route_Richmond → Charleston,route
categorical__route_Milwaukee → Fort Wayne,0.00014859755,route_Milwaukee → Fort Wayne,route
categorical__route_Richmond → Fresno,0.00014793048,route_Richmond → Fresno,route
categorical__route_Nashville → Chattanooga,0.00014053762,route_Nashville → Chattanooga,route
categorical__route_Cincinnati → Nashville,0.00012925074,route_Cincinnati → Nashville,route
categorical__route_El Paso → Kansas City,0.0001233076,route_El Paso → Kansas City,route
categorical__route_Providence → Phoenix,0.00011627664,route_Providence → Phoenix,route
categorical__route_Lexington → Cincinnati,9.991803e-05,route_Lexington → Cincinnati,route
categorical__route_Hartford → Reno,6.89749e-05,route_Hartford → Reno,route
categorical__route_Bakersfield → Richmond,0.0,route_Bakersfield → Richmond,route
categorical__route_Bakersfield → Reno,0.0,route_Bakersfield → Reno,route
categorical__route_Bakersfield → Raleigh,0.0,route_Bakersfield → Raleigh,route
categorical__route_Bakersfield → Providence,0.0,route_Bakersfield → Providence,route
categorical__route_Bakersfield → Phoenix,0.0,route_Bakersfield → Phoenix,route
categorical__route_Bakersfield → Philadelphia,0.0,route_Bakersfield → Philadelphia,route
categorical__route_Bakersfield → Oklahoma City,0.0,route_Bakersfield → Oklahoma City,route
categorical__route_Bakersfield → New Orleans,0.0,route_Bakersfield → New Orleans,route
categorical__route_Bakersfield → Nashville,0.0,route_Bakersfield → Nashville,route
categorical__route_Bakersfield → Montgomery,0.0,route_Bakersfield → Montgomery,route
categorical__route_Bakersfield → Mobile,0.0,route_Bakersfield → Mobile,route
categorical__route_Baltimore → Birmingham,0.0,route_Baltimore → Birmingham,route
categorical__route_Baltimore → Baton Rouge,0.0,route_Baltimore → Baton Rouge,route
categorical__route_Baltimore → Bakersfield,0.0,route_Baltimore → Bakersfield,route
categorical__route_Baltimore → Austin,0.0,route_Baltimore → Austin,route
categorical__route_Baltimore → Atlanta,0.0,route_Baltimore → Atlanta,route
categorical__route_Baltimore → Amarillo,0.0,route_Baltimore → Amarillo,route
categorical__route_Baltimore → Albuquerque,0.0,route_Baltimore → Albuquerque,route
categorical__route_Baltimore → Albany,0.0,route_Baltimore → Albany,route
categorical__route_Bakersfield → Washington,0.0,route_Bakersfield → Washington,route
categorical__route_Bakersfield → Tulsa,0.0,route_Bakersfield → Tulsa,route
categorical__route_Bakersfield → Tucson,0.0,route_Bakersfield → Tucson,route
categorical__route_Bakersfield → Toledo,0.0,route_Bakersfield → Toledo,route
categorical__route_Bakersfield → Tampa,0.0,route_Bakersfield → Tampa,route
categorical__route_Bakersfield → Syracuse,0.0,route_Bakersfield → Syracuse,route
categorical__route_Bakersfield → St. Louis,0.0,route_Bakersfield → St. Louis,route
categorical__route_Bakersfield → Shreveport,0.0,route_Bakersfield → Shreveport,route
categorical__route_Baltimore → Greensboro,0.0,route_Baltimore → Greensboro,route
categorical__route_Baltimore → Green Bay,0.0,route_Baltimore → Green Bay,route
categorical__route_Baltimore → Grand Rapids,0.0,route_Baltimore → Grand Rapids,route
categorical__route_Baltimore → Fresno,0.0,route_Baltimore → Fresno,route
categorical__route_Baltimore → Fort Wayne,0.0,route_Baltimore → Fort Wayne,route
categorical__route_Baltimore → El Paso,0.0,route_Baltimore → El Paso,route
categorical__route_Baltimore → Detroit,0.0,route_Baltimore → Detroit,route
categorical__route_Baltimore → Dayton,0.0,route_Baltimore → Dayton,route
categorical__route_Baltimore → Dallas,0.0,route_Baltimore → Dallas,route
categorical__route_Baltimore → Corpus Christi,0.0,route_Baltimore → Corpus Christi,route
categorical__route_Baltimore → Columbia,0.0,route_Baltimore → Columbia,route
categorical__route_Baltimore → Cincinnati,0.0,route_Baltimore → Cincinnati,route
categorical__route_Baltimore → Chattanooga,0.0,route_Baltimore → Chattanooga,route
categorical__route_Baltimore → Charleston,0.0,route_Baltimore → Charleston,route
categorical__route_Baltimore → Buffalo,0.0,route_Baltimore → Buffalo,route
categorical__route_Baltimore → Boston,0.0,route_Baltimore → Boston,route
categorical__route_Baltimore → Nashville,0.0,route_Baltimore → Nashville,route
categorical__route_Baltimore → Montgomery,0.0,route_Baltimore → Montgomery,route
categorical__route_Baltimore → Mobile,0.0,route_Baltimore → Mobile,route
categorical__route_Baltimore → Milwaukee,0.0,route_Baltimore → Milwaukee,route
categorical__route_Baltimore → Memphis,0.0,route_Baltimore → Memphis,route
categorical__route_Baltimore → Madison,0.0,route_Baltimore → Madison,route
categorical__route_Baltimore → Lubbock,0.0,route_Baltimore → Lubbock,route
categorical__route_Baltimore → Los Angeles,0.0,route_Baltimore → Los Angeles,route
categorical__route_Baltimore → Little Rock,0.0,route_Baltimore → Little Rock,route
categorical__route_Baltimore → Lexington,0.0,route_Baltimore → Lexington,route
categorical__route_Baltimore → Kansas City,0.0,route_Baltimore → Kansas City,route
categorical__route_Baltimore → Jacksonville,0.0,route_Baltimore → Jacksonville,route
categorical__route_Baltimore → Indianapolis,0.0,route_Baltimore → Indianapolis,route
categorical__route_Baltimore → Houston,0.0,route_Baltimore → Houston,route
categorical__route_Baltimore → Hartford,0.0,route_Baltimore → Hartford,route
categorical__route_Baltimore → Harrisburg,0.0,route_Baltimore → Harrisburg,route
categorical__route_Baltimore → Syracuse,0.0,route_Baltimore → Syracuse,route
categorical__route_Baltimore → St. Louis,0.0,route_Baltimore → St. Louis,route
categorical__route_Baltimore → Shreveport,0.0,route_Baltimore → Shreveport,route
categorical__route_Baltimore → Savannah,0.0,route_Baltimore → Savannah,route
categorical__route_Baltimore → San Francisco,0.0,route_Baltimore → San Francisco,route
categorical__route_Baltimore → San Antonio,0.0,route_Baltimore → San Antonio,route
categorical__route_Baltimore → Salt Lake City,0.0,route_Baltimore → Salt Lake City,route
categorical__route_Baltimore → Richmond,0.0,route_Baltimore → Richmond,route
categorical__route_Baltimore → Raleigh,0.0,route_Baltimore → Raleigh,route
categorical__route_Baltimore → Providence,0.0,route_Baltimore → Providence,route
categorical__route_Baltimore → Phoenix,0.0,route_Baltimore → Phoenix,route
categorical__route_Baltimore → Philadelphia,0.0,route_Baltimore → Philadelphia,route
categorical__route_Baltimore → Oklahoma City,0.0,route_Baltimore → Oklahoma City,route
categorical__route_Baltimore → New York,0.0,route_Baltimore → New York,route
categorical__route_Baltimore → New Orleans,0.0,route_Baltimore → New Orleans,route
categorical__route_Baton Rouge → Charleston,0.0,route_Baton Rouge → Charleston,route
categorical__route_Baton Rouge → Boston,0.0,route_Baton Rouge → Boston,route
categorical__route_Baton Rouge → Birmingham,0.0,route_Baton Rouge → Birmingham,route
categorical__route_Baton Rouge → Baltimore,0.0,route_Baton Rouge → Baltimore,route
categorical__route_Baton Rouge → Bakersfield,0.0,route_Baton Rouge → Bakersfield,route
categorical__route_Baton Rouge → Austin,0.0,route_Baton Rouge → Austin,route
categorical__route_Baton Rouge → Atlanta,0.0,route_Baton Rouge → Atlanta,route
categorical__route_Baton Rouge → Amarillo,0.0,route_Baton Rouge → Amarillo,route
categorical__route_Baton Rouge → Albuquerque,0.0,route_Baton Rouge → Albuquerque,route
categorical__route_Baton Rouge → Albany,0.0,route_Baton Rouge → Albany,route
categorical__route_Baltimore → Washington,0.0,route_Baltimore → Washington,route
categorical__route_Baltimore → Tulsa,0.0,route_Baltimore → Tulsa,route
categorical__route_Baltimore → Tucson,0.0,route_Baltimore → Tucson,route
categorical__route_Baltimore → Toledo,0.0,route_Baltimore → Toledo,route
categorical__route_Baltimore → Tampa,0.0,route_Baltimore → Tampa,route
categorical__route_Baton Rouge → Houston,0.0,route_Baton Rouge → Houston,route
categorical__route_Baton Rouge → Hartford,0.0,route_Baton Rouge → Hartford,route
categorical__route_Baton Rouge → Harrisburg,0.0,route_Baton Rouge → Harrisburg,route
categorical__route_Baton Rouge → Greensboro,0.0,route_Baton Rouge → Greensboro,route
categorical__route_Baton Rouge → Green Bay,0.0,route_Baton Rouge → Green Bay,route
categorical__route_Baton Rouge → Grand Rapids,0.0,route_Baton Rouge → Grand Rapids,route
categorical__route_Baton Rouge → Fresno,0.0,route_Baton Rouge → Fresno,route
categorical__route_Baton Rouge → El Paso,0.0,route_Baton Rouge → El Paso,route
categorical__route_Baton Rouge → Detroit,0.0,route_Baton Rouge → Detroit,route
categorical__route_Baton Rouge → Dayton,0.0,route_Baton Rouge → Dayton,route
categorical__route_Baton Rouge → Corpus Christi,0.0,route_Baton Rouge → Corpus Christi,route
categorical__route_Baton Rouge → Columbia,0.0,route_Baton Rouge → Columbia,route
categorical__route_Baton Rouge → Cincinnati,0.0,route_Baton Rouge → Cincinnati,route
categorical__route_Baton Rouge → Chattanooga,0.0,route_Baton Rouge → Chattanooga,route
categorical__route_Baton Rouge → New Orleans,0.0,route_Baton Rouge → New Orleans,route
categorical__route_Baton Rouge → Nashville,0.0,route_Baton Rouge → Nashville,route
categorical__route_Baton Rouge → Montgomery,0.0,route_Baton Rouge → Montgomery,route
categorical__route_Baton Rouge → Mobile,0.0,route_Baton Rouge → Mobile,route
categorical__route_Baton Rouge → Milwaukee,0.0,route_Baton Rouge → Milwaukee,route
categorical__route_Baton Rouge → Memphis,0.0,route_Baton Rouge → Memphis,route
categorical__route_Baton Rouge → Madison,0.0,route_Baton Rouge → Madison,route
categorical__route_Baton Rouge → Lubbock,0.0,route_Baton Rouge → Lubbock,route
categorical__route_Baton Rouge → Louisville,0.0,route_Baton Rouge → Louisville,route
categorical__route_Baton Rouge → Los Angeles,0.0,route_Baton Rouge → Los Angeles,route
categorical__route_Baton Rouge → Little Rock,0.0,route_Baton Rouge → Little Rock,route
categorical__route_Baton Rouge → Lexington,0.0,route_Baton Rouge → Lexington,route
categorical__route_Baton Rouge → Las Vegas,0.0,route_Baton Rouge → Las Vegas,route
categorical__route_Baton Rouge → Kansas City,0.0,route_Baton Rouge → Kansas City,route
categorical__route_Baton Rouge → Jacksonville,0.0,route_Baton Rouge → Jacksonville,route
categorical__route_Austin → Green Bay,0.0,route_Austin → Green Bay,route
categorical__route_Austin → San Francisco,0.0,route_Austin → San Francisco,route
categorical__route_Austin → San Antonio,0.0,route_Austin → San Antonio,route
categorical__route_Austin → Salt Lake City,0.0,route_Austin → Salt Lake City,route
categorical__route_Austin → Richmond,0.0,route_Austin → Richmond,route
categorical__route_Austin → Reno,0.0,route_Austin → Reno,route
categorical__route_Austin → Raleigh,0.0,route_Austin → Raleigh,route
categorical__route_Austin → Providence,0.0,route_Austin → Providence,route
categorical__route_Austin → Phoenix,0.0,route_Austin → Phoenix,route
categorical__route_Austin → Philadelphia,0.0,route_Austin → Philadelphia,route
categorical__route_Austin → Oklahoma City,0.0,route_Austin → Oklahoma City,route
categorical__route_Austin → New York,0.0,route_Austin → New York,route
categorical__route_Austin → New Orleans,0.0,route_Austin → New Orleans,route
categorical__route_Austin → Nashville,0.0,route_Austin → Nashville,route
categorical__route_Austin → Montgomery,0.0,route_Austin → Montgomery,route
categorical__route_Austin → Mobile,0.0,route_Austin → Mobile,route
categorical__route_Baton Rouge → Indianapolis,0.0,route_Baton Rouge → Indianapolis,route
categorical__route_Baton Rouge → Tampa,0.0,route_Baton Rouge → Tampa,route
categorical__route_Baton Rouge → Syracuse,0.0,route_Baton Rouge → Syracuse,route
categorical__route_Baton Rouge → St. Louis,0.0,route_Baton Rouge → St. Louis,route
categorical__route_Baton Rouge → Shreveport,0.0,route_Baton Rouge → Shreveport,route
categorical__route_Baton Rouge → Savannah,0.0,route_Baton Rouge → Savannah,route
categorical__route_Baton Rouge → San Francisco,0.0,route_Baton Rouge → San Francisco,route
categorical__route_Baton Rouge → Reno,0.0,route_Baton Rouge → Reno,route
categorical__route_Baton Rouge → Raleigh,0.0,route_Baton Rouge → Raleigh,route
categorical__route_Baton Rouge → Providence,0.0,route_Baton Rouge → Providence,route
categorical__route_Baton Rouge → New York,0.0,route_Baton Rouge → New York,route
categorical__route_Birmingham → Chattanooga,0.0,route_Birmingham → Chattanooga,route
categorical__route_Birmingham → Charleston,0.0,route_Birmingham → Charleston,route
categorical__route_Birmingham → Buffalo,0.0,route_Birmingham → Buffalo,route
categorical__route_Birmingham → Boston,0.0,route_Birmingham → Boston,route
categorical__route_Birmingham → Baton Rouge,0.0,route_Birmingham → Baton Rouge,route
categorical__route_Birmingham → Baltimore,0.0,route_Birmingham → Baltimore,route
categorical__route_Birmingham → Bakersfield,0.0,route_Birmingham → Bakersfield,route
categorical__route_Birmingham → Austin,0.0,route_Birmingham → Austin,route
categorical__route_Birmingham → Atlanta,0.0,route_Birmingham → Atlanta,route
categorical__route_Birmingham → Amarillo,0.0,route_Birmingham → Amarillo,route
categorical__route_Birmingham → Albuquerque,0.0,route_Birmingham → Albuquerque,route
categorical__route_Birmingham → Albany,0.0,route_Birmingham → Albany,route
categorical__route_Baton Rouge → Washington,0.0,route_Baton Rouge → Washington,route
categorical__route_Baton Rouge → Tulsa,0.0,route_Baton Rouge → Tulsa,route
categorical__route_Baton Rouge → Tucson,0.0,route_Baton Rouge → Tucson,route
categorical__route_Baton Rouge → Toledo,0.0,route_Baton Rouge → Toledo,route
categorical__route_Birmingham → Indianapolis,0.0,route_Birmingham → Indianapolis,route
categorical__route_Birmingham → Houston,0.0,route_Birmingham → Houston,route
categorical__route_Birmingham → Hartford,0.0,route_Birmingham → Hartford,route
categorical__route_Birmingham → Harrisburg,0.0,route_Birmingham → Harrisburg,route
categorical__route_Birmingham → Greensboro,0.0,route_Birmingham → Greensboro,route
categorical__route_Birmingham → Green Bay,0.0,route_Birmingham → Green Bay,route
categorical__route_Birmingham → Grand Rapids,0.0,route_Birmingham → Grand Rapids,route
categorical__route_Birmingham → Fresno,0.0,route_Birmingham → Fresno,route
categorical__route_Birmingham → Fort Wayne,0.0,route_Birmingham → Fort Wayne,route
categorical__route_Birmingham → El Paso,0.0,route_Birmingham → El Paso,route
categorical__route_Birmingham → Detroit,0.0,route_Birmingham → Detroit,route
categorical__route_Birmingham → Dayton,0.0,route_Birmingham → Dayton,route
categorical__route_Birmingham → Dallas,0.0,route_Birmingham → Dallas,route
categorical__route_Birmingham → Corpus Christi,0.0,route_Birmingham → Corpus Christi,route
categorical__route_Birmingham → Columbia,0.0,route_Birmingham → Columbia,route
categorical__route_Birmingham → Cincinnati,0.0,route_Birmingham → Cincinnati,route
categorical__route_Birmingham → New York,0.0,route_Birmingham → New York,route
categorical__route_Birmingham → New Orleans,0.0,route_Birmingham → New Orleans,route
categorical__route_Birmingham → Nashville,0.0,route_Birmingham → Nashville,route
categorical__route_Birmingham → Montgomery,0.0,route_Birmingham → Montgomery,route
categorical__route_Birmingham → Mobile,0.0,route_Birmingham → Mobile,route
categorical__route_Birmingham → Milwaukee,0.0,route_Birmingham → Milwaukee,route
categorical__route_Birmingham → Memphis,0.0,route_Birmingham → Memphis,route
categorical__route_Birmingham → Madison,0.0,route_Birmingham → Madison,route
categorical__route_Birmingham → Lubbock,0.0,route_Birmingham → Lubbock,route
categorical__route_Birmingham → Louisville,0.0,route_Birmingham → Louisville,route
categorical__route_Birmingham → Los Angeles,0.0,route_Birmingham → Los Angeles,route
categorical__route_Birmingham → Little Rock,0.0,route_Birmingham → Little Rock,route
categorical__route_Birmingham → Lexington,0.0,route_Birmingham → Lexington,route
categorical__route_Birmingham → Las Vegas,0.0,route_Birmingham → Las Vegas,route
categorical__route_Birmingham → Kansas City,0.0,route_Birmingham → Kansas City,route
categorical__route_Birmingham → Jacksonville,0.0,route_Birmingham → Jacksonville,route
categorical__route_Birmingham → Toledo,0.0,route_Birmingham → Toledo,route
categorical__route_Birmingham → Tampa,0.0,route_Birmingham → Tampa,route
categorical__route_Birmingham → Syracuse,0.0,route_Birmingham → Syracuse,route
categorical__route_Birmingham → St. Louis,0.0,route_Birmingham → St. Louis,route
categorical__route_Birmingham → Shreveport,0.0,route_Birmingham → Shreveport,route
categorical__route_Birmingham → Savannah,0.0,route_Birmingham → Savannah,route
categorical__route_Birmingham → San Francisco,0.0,route_Birmingham → San Francisco,route
categorical__route_Birmingham → San Antonio,0.0,route_Birmingham → San Antonio,route
categorical__route_Birmingham → Salt Lake City,0.0,route_Birmingham → Salt Lake City,route
categorical__route_Birmingham → Richmond,0.0,route_Birmingham → Richmond,route
categorical__route_Birmingham → Reno,0.0,route_Birmingham → Reno,route
categorical__route_Birmingham → Raleigh,0.0,route_Birmingham → Raleigh,route
categorical__route_Birmingham → Providence,0.0,route_Birmingham → Providence,route
categorical__route_Birmingham → Phoenix,0.0,route_Birmingham → Phoenix,route
categorical__route_Birmingham → Philadelphia,0.0,route_Birmingham → Philadelphia,route
categorical__route_Birmingham → Oklahoma City,0.0,route_Birmingham → Oklahoma City,route
categorical__route_Boston → Columbia,0.0,route_Boston → Columbia,route
categorical__route_Boston → Chattanooga,0.0,route_Boston → Chattanooga,route
categorical__route_Boston → Charleston,0.0,route_Boston → Charleston,route
categorical__route_Boston → Buffalo,0.0,route_Boston → Buffalo,route
categorical__route_Boston → Birmingham,0.0,route_Boston → Birmingham,route
categorical__route_Boston → Baton Rouge,0.0,route_Boston → Baton Rouge,route
categorical__route_Boston → Baltimore,0.0,route_Boston → Baltimore,route
categorical__route_Boston → Bakersfield,0.0,route_Boston → Bakersfield,route
categorical__route_Boston → Austin,0.0,route_Boston → Austin,route
categorical__route_Boston → Atlanta,0.0,route_Boston → Atlanta,route
categorical__route_Boston → Albuquerque,0.0,route_Boston → Albuquerque,route
categorical__route_Boston → Albany,0.0,route_Boston → Albany,route
categorical__route_Birmingham → Tulsa,0.0,route_Birmingham → Tulsa,route
categorical__route_Birmingham → Tucson,0.0,route_Birmingham → Tucson,route
categorical__route_Boston → Kansas City,0.0,route_Boston → Kansas City,route
categorical__route_Boston → Indianapolis,0.0,route_Boston → Indianapolis,route
categorical__route_Boston → Houston,0.0,route_Boston → Houston,route
categorical__route_Boston → Hartford,0.0,route_Boston → Hartford,route
categorical__route_Boston → Greensboro,0.0,route_Boston → Greensboro,route
categorical__route_Boston → Green Bay,0.0,route_Boston → Green Bay,route
categorical__route_Boston → Grand Rapids,0.0,route_Boston → Grand Rapids,route
categorical__route_Boston → Fresno,0.0,route_Boston → Fresno,route
categorical__route_Boston → Fort Wayne,0.0,route_Boston → Fort Wayne,route
categorical__route_Boston → El Paso,0.0,route_Boston → El Paso,route
categorical__route_Boston → Detroit,0.0,route_Boston → Detroit,route
categorical__route_Boston → Dayton,0.0,route_Boston → Dayton,route
categorical__route_Boston → Dallas,0.0,route_Boston → Dallas,route
categorical__route_Boston → Corpus Christi,0.0,route_Boston → Corpus Christi,route
categorical__route_Boston → Philadelphia,0.0,route_Boston → Philadelphia,route
categorical__route_Boston → Oklahoma City,0.0,route_Boston → Oklahoma City,route
categorical__route_Boston → New York,0.0,route_Boston → New York,route
categorical__route_Boston → New Orleans,0.0,route_Boston → New Orleans,route
categorical__route_Boston → Montgomery,0.0,route_Boston → Montgomery,route
categorical__route_Boston → Mobile,0.0,route_Boston → Mobile,route
categorical__route_Boston → Milwaukee,0.0,route_Boston → Milwaukee,route
categorical__route_Boston → Memphis,0.0,route_Boston → Memphis,route
categorical__route_Boston → Madison,0.0,route_Boston → Madison,route
categorical__route_Boston → Lubbock,0.0,route_Boston → Lubbock,route
categorical__route_Boston → Louisville,0.0,route_Boston → Louisville,route
categorical__route_Boston → Los Angeles,0.0,route_Boston → Los Angeles,route
categorical__route_Boston → Little Rock,0.0,route_Boston → Little Rock,route
categorical__route_Boston → Lexington,0.0,route_Boston → Lexington,route
categorical__route_Boston → Las Vegas,0.0,route_Boston → Las Vegas,route
categorical__route_Boston → Tulsa,0.0,route_Boston → Tulsa,route
categorical__route_Boston → Tucson,0.0,route_Boston → Tucson,route
categorical__route_Boston → Toledo,0.0,route_Boston → Toledo,route
categorical__route_Boston → Tampa,0.0,route_Boston → Tampa,route
categorical__route_Boston → Syracuse,0.0,route_Boston → Syracuse,route
categorical__route_Boston → St. Louis,0.0,route_Boston → St. Louis,route
categorical__route_Boston → Shreveport,0.0,route_Boston → Shreveport,route
categorical__route_Boston → Savannah,0.0,route_Boston → Savannah,route
categorical__route_Boston → San Francisco,0.0,route_Boston → San Francisco,route
categorical__route_Boston → San Antonio,0.0,route_Boston → San Antonio,route
categorical__route_Boston → Salt Lake City,0.0,route_Boston → Salt Lake City,route
categorical__route_Boston → Richmond,0.0,route_Boston → Richmond,route
categorical__route_Boston → Reno,0.0,route_Boston → Reno,route
categorical__route_Boston → Raleigh,0.0,route_Boston → Raleigh,route
categorical__route_Boston → Providence,0.0,route_Boston → Providence,route
categorical__route_Boston → Phoenix,0.0,route_Boston → Phoenix,route
categorical__route_Buffalo → Columbia,0.0,route_Buffalo → Columbia,route
categorical__route_Buffalo → Cincinnati,0.0,route_Buffalo → Cincinnati,route
categorical__route_Buffalo → Chattanooga,0.0,route_Buffalo → Chattanooga,route
categorical__route_Buffalo → Charleston,0.0,route_Buffalo → Charleston,route
categorical__route_Buffalo → Birmingham,0.0,route_Buffalo → Birmingham,route
categorical__route_Buffalo → Baton Rouge,0.0,route_Buffalo → Baton Rouge,route
categorical__route_Buffalo → Baltimore,0.0,route_Buffalo → Baltimore,route
categorical__route_Buffalo → Austin,0.0,route_Buffalo → Austin,route
categorical__route_Buffalo → Atlanta,0.0,route_Buffalo → Atlanta,route
categorical__route_Buffalo → Amarillo,0.0,route_Buffalo → Amarillo,route
categorical__route_Buffalo → Albuquerque,0.0,route_Buffalo → Albuquerque,route
categorical__route_Buffalo → Albany,0.0,route_Buffalo → Albany,route
categorical__route_Boston → Washington,0.0,route_Boston → Washington,route
categorical__route_Buffalo → Las Vegas,0.0,route_Buffalo → Las Vegas,route
categorical__route_Buffalo → Jacksonville,0.0,route_Buffalo → Jacksonville,route
categorical__route_Buffalo → Indianapolis,0.0,route_Buffalo → Indianapolis,route
categorical__route_Buffalo → Houston,0.0,route_Buffalo → Houston,route
categorical__route_Buffalo → Hartford,0.0,route_Buffalo → Hartford,route
categorical__route_Buffalo → Harrisburg,0.0,route_Buffalo → Harrisburg,route
categorical__route_Buffalo → Greensboro,0.0,route_Buffalo → Greensboro,route
categorical__route_Buffalo → Green Bay,0.0,route_Buffalo → Green Bay,route
categorical__route_Buffalo → Grand Rapids,0.0,route_Buffalo → Grand Rapids,route
categorical__route_Buffalo → Fresno,0.0,route_Buffalo → Fresno,route
categorical__route_Buffalo → Fort Wayne,0.0,route_Buffalo → Fort Wayne,route
categorical__route_Buffalo → El Paso,0.0,route_Buffalo → El Paso,route
categorical__route_Buffalo → Detroit,0.0,route_Buffalo → Detroit,route
categorical__route_Buffalo → Dayton,0.0,route_Buffalo → Dayton,route
categorical__route_Buffalo → Dallas,0.0,route_Buffalo → Dallas,route
categorical__route_Buffalo → Phoenix,0.0,route_Buffalo → Phoenix,route
categorical__route_Buffalo → Philadelphia,0.0,route_Buffalo → Philadelphia,route
categorical__route_Buffalo → Oklahoma City,0.0,route_Buffalo → Oklahoma City,route
categorical__route_Buffalo → New York,0.0,route_Buffalo → New York,route
categorical__route_Buffalo → New Orleans,0.0,route_Buffalo → New Orleans,route
categorical__route_Buffalo → Nashville,0.0,route_Buffalo → Nashville,route
categorical__route_Buffalo → Montgomery,0.0,route_Buffalo → Montgomery,route
categorical__route_Buffalo → Mobile,0.0,route_Buffalo → Mobile,route
categorical__route_Buffalo → Milwaukee,0.0,route_Buffalo → Milwaukee,route
categorical__route_Buffalo → Memphis,0.0,route_Buffalo → Memphis,route
categorical__route_Buffalo → Madison,0.0,route_Buffalo → Madison,route
categorical__route_Buffalo → Lubbock,0.0,route_Buffalo → Lubbock,route
categorical__route_Buffalo → Los Angeles,0.0,route_Buffalo → Los Angeles,route
categorical__route_Buffalo → Little Rock,0.0,route_Buffalo → Little Rock,route
categorical__route_Buffalo → Washington,0.0,route_Buffalo → Washington,route
categorical__route_Buffalo → Tulsa,0.0,route_Buffalo → Tulsa,route
categorical__route_Buffalo → Tucson,0.0,route_Buffalo → Tucson,route
categorical__route_Buffalo → Toledo,0.0,route_Buffalo → Toledo,route
categorical__route_Buffalo → Tampa,0.0,route_Buffalo → Tampa,route
categorical__route_Buffalo → St. Louis,0.0,route_Buffalo → St. Louis,route
categorical__route_Buffalo → Savannah,0.0,route_Buffalo → Savannah,route
categorical__route_Buffalo → San Francisco,0.0,route_Buffalo → San Francisco,route
categorical__route_Buffalo → Salt Lake City,0.0,route_Buffalo → Salt Lake City,route
categorical__route_Buffalo → Richmond,0.0,route_Buffalo → Richmond,route
categorical__route_Buffalo → Reno,0.0,route_Buffalo → Reno,route
categorical__route_Buffalo → Raleigh,0.0,route_Buffalo → Raleigh,route
categorical__route_Buffalo → Providence,0.0,route_Buffalo → Providence,route
categorical__route_Charleston → Dallas,0.0,route_Charleston → Dallas,route
categorical__route_Charleston → Corpus Christi,0.0,route_Charleston → Corpus Christi,route
categorical__route_Charleston → Columbia,0.0,route_Charleston → Columbia,route
categorical__route_Charleston → Cincinnati,0.0,route_Charleston → Cincinnati,route
categorical__route_Charleston → Chattanooga,0.0,route_Charleston → Chattanooga,route
categorical__route_Charleston → Buffalo,0.0,route_Charleston → Buffalo,route
categorical__route_Charleston → Boston,0.0,route_Charleston → Boston,route
categorical__route_Charleston → Birmingham,0.0,route_Charleston → Birmingham,route
categorical__route_Charleston → Baton Rouge,0.0,route_Charleston → Baton Rouge,route
categorical__route_Charleston → Baltimore,0.0,route_Charleston → Baltimore,route
categorical__route_Charleston → Bakersfield,0.0,route_Charleston → Bakersfield,route
categorical__route_Charleston → Austin,0.0,route_Charleston → Austin,route
categorical__route_Charleston → Amarillo,0.0,route_Charleston → Amarillo,route
categorical__route_Charleston → Albuquerque,0.0,route_Charleston → Albuquerque,route
categorical__route_Charleston → Albany,0.0,route_Charleston → Albany,route
categorical__route_Charleston → Lexington,0.0,route_Charleston → Lexington,route
categorical__route_Charleston → Las Vegas,0.0,route_Charleston → Las Vegas,route
categorical__route_Charleston → Jacksonville,0.0,route_Charleston → Jacksonville,route
categorical__route_Charleston → Indianapolis,0.0,route_Charleston → Indianapolis,route
categorical__route_Charleston → Houston,0.0,route_Charleston → Houston,route
categorical__route_Charleston → Hartford,0.0,route_Charleston → Hartford,route
categorical__route_Charleston → Harrisburg,0.0,route_Charleston → Harrisburg,route
categorical__route_Charleston → Grand Rapids,0.0,route_Charleston → Grand Rapids,route
categorical__route_Charleston → Fresno,0.0,route_Charleston → Fresno,route
categorical__route_Charleston → Fort Wayne,0.0,route_Charleston → Fort Wayne,route
categorical__route_Charleston → El Paso,0.0,route_Charleston → El Paso,route
categorical__route_Charleston → Detroit,0.0,route_Charleston → Detroit,route
categorical__route_Austin → Baton Rouge,0.0,route_Austin → Baton Rouge,route
categorical__route_Austin → Memphis,0.0,route_Austin → Memphis,route
categorical__route_Austin → Madison,0.0,route_Austin → Madison,route
categorical__route_Austin → Lubbock,0.0,route_Austin → Lubbock,route
categorical__route_Austin → Louisville,0.0,route_Austin → Louisville,route
categorical__route_Austin → Los Angeles,0.0,route_Austin → Los Angeles,route
categorical__route_Austin → Little Rock,0.0,route_Austin → Little Rock,route
categorical__route_Austin → Las Vegas,0.0,route_Austin → Las Vegas,route
categorical__route_Austin → Kansas City,0.0,route_Austin → Kansas City,route
categorical__route_Austin → Jacksonville,0.0,route_Austin → Jacksonville,route
categorical__route_Austin → Indianapolis,0.0,route_Austin → Indianapolis,route
categorical__route_Austin → Houston,0.0,route_Austin → Houston,route
categorical__route_Austin → Hartford,0.0,route_Austin → Hartford,route
categorical__route_Austin → Harrisburg,0.0,route_Austin → Harrisburg,route
categorical__route_Austin → Greensboro,0.0,route_Austin → Greensboro,route
categorical__route_Charleston → Dayton,0.0,route_Charleston → Dayton,route
categorical__route_Charleston → Providence,0.0,route_Charleston → Providence,route
categorical__route_Charleston → Philadelphia,0.0,route_Charleston → Philadelphia,route
categorical__route_Charleston → Oklahoma City,0.0,route_Charleston → Oklahoma City,route
categorical__route_Charleston → New York,0.0,route_Charleston → New York,route
categorical__route_Charleston → New Orleans,0.0,route_Charleston → New Orleans,route
categorical__route_Charleston → Nashville,0.0,route_Charleston → Nashville,route
categorical__route_Charleston → Montgomery,0.0,route_Charleston → Montgomery,route
categorical__route_Charleston → Mobile,0.0,route_Charleston → Mobile,route
categorical__route_Charleston → Milwaukee,0.0,route_Charleston → Milwaukee,route
categorical__route_Charleston → Memphis,0.0,route_Charleston → Memphis,route
categorical__route_Charleston → Madison,0.0,route_Charleston → Madison,route
categorical__route_Charleston → Louisville,0.0,route_Charleston → Louisville,route
categorical__route_Charleston → Los Angeles,0.0,route_Charleston → Los Angeles,route
categorical__route_Charleston → Little Rock,0.0,route_Charleston → Little Rock,route
categorical__route_Chattanooga → Albany,0.0,route_Chattanooga → Albany,route
categorical__route_Charleston → Washington,0.0,route_Charleston → Washington,route
categorical__route_Charleston → Tulsa,0.0,route_Charleston → Tulsa,route
categorical__route_Charleston → Tucson,0.0,route_Charleston → Tucson,route
categorical__route_Charleston → Toledo,0.0,route_Charleston → Toledo,route
categorical__route_Charleston → Tampa,0.0,route_Charleston → Tampa,route
categorical__route_Charleston → Syracuse,0.0,route_Charleston → Syracuse,route
categorical__route_Charleston → St. Louis,0.0,route_Charleston → St. Louis,route
categorical__route_Charleston → Savannah,0.0,route_Charleston → Savannah,route
categorical__route_Charleston → San Antonio,0.0,route_Charleston → San Antonio,route
categorical__route_Charleston → Salt Lake City,0.0,route_Charleston → Salt Lake City,route
categorical__route_Charleston → Reno,0.0,route_Charleston → Reno,route
categorical__route_Charleston → Raleigh,0.0,route_Charleston → Raleigh,route
categorical__route_Chattanooga → Dayton,0.0,route_Chattanooga → Dayton,route
categorical__route_Chattanooga → Dallas,0.0,route_Chattanooga → Dallas,route
categorical__route_Chattanooga → Corpus Christi,0.0,route_Chattanooga → Corpus Christi,route
categorical__route_Chattanooga → Columbia,0.0,route_Chattanooga → Columbia,route
categorical__route_Chattanooga → Cincinnati,0.0,route_Chattanooga → Cincinnati,route
categorical__route_Chattanooga → Charleston,0.0,route_Chattanooga → Charleston,route
categorical__route_Chattanooga → Buffalo,0.0,route_Chattanooga → Buffalo,route
categorical__route_Chattanooga → Boston,0.0,route_Chattanooga → Boston,route
categorical__route_Chattanooga → Birmingham,0.0,route_Chattanooga → Birmingham,route
categorical__route_Chattanooga → Baton Rouge,0.0,route_Chattanooga → Baton Rouge,route
categorical__route_Chattanooga → Baltimore,0.0,route_Chattanooga → Baltimore,route
categorical__route_Chattanooga → Bakersfield,0.0,route_Chattanooga → Bakersfield,route
categorical__route_Chattanooga → Austin,0.0,route_Chattanooga → Austin,route
categorical__route_Chattanooga → Amarillo,0.0,route_Chattanooga → Amarillo,route
categorical__route_Chattanooga → Albuquerque,0.0,route_Chattanooga → Albuquerque,route
categorical__route_Chattanooga → Little Rock,0.0,route_Chattanooga → Little Rock,route
categorical__route_Chattanooga → Las Vegas,0.0,route_Chattanooga → Las Vegas,route
categorical__route_Chattanooga → Jacksonville,0.0,route_Chattanooga → Jacksonville,route
categorical__route_Chattanooga → Indianapolis,0.0,route_Chattanooga → Indianapolis,route
categorical__route_Chattanooga → Hartford,0.0,route_Chattanooga → Hartford,route
categorical__route_Chattanooga → Harrisburg,0.0,route_Chattanooga → Harrisburg,route
categorical__route_Chattanooga → Greensboro,0.0,route_Chattanooga → Greensboro,route
categorical__route_Chattanooga → Green Bay,0.0,route_Chattanooga → Green Bay,route
categorical__route_Chattanooga → Fresno,0.0,route_Chattanooga → Fresno,route
categorical__route_Chattanooga → El Paso,0.0,route_Chattanooga → El Paso,route
categorical__route_Chattanooga → Detroit,0.0,route_Chattanooga → Detroit,route
categorical__route_Chattanooga → Raleigh,0.0,route_Chattanooga → Raleigh,route
categorical__route_Chattanooga → Providence,0.0,route_Chattanooga → Providence,route
categorical__route_Chattanooga → Phoenix,0.0,route_Chattanooga → Phoenix,route
categorical__route_Chattanooga → Philadelphia,0.0,route_Chattanooga → Philadelphia,route
categorical__route_Chattanooga → Oklahoma City,0.0,route_Chattanooga → Oklahoma City,route
categorical__route_Chattanooga → New York,0.0,route_Chattanooga → New York,route
categorical__route_Chattanooga → New Orleans,0.0,route_Chattanooga → New Orleans,route
categorical__route_Chattanooga → Nashville,0.0,route_Chattanooga → Nashville,route
categorical__route_Chattanooga → Montgomery,0.0,route_Chattanooga → Montgomery,route
categorical__route_Chattanooga → Memphis,0.0,route_Chattanooga → Memphis,route
categorical__route_Chattanooga → Madison,0.0,route_Chattanooga → Madison,route
categorical__route_Chattanooga → Lubbock,0.0,route_Chattanooga → Lubbock,route
categorical__route_Chattanooga → Louisville,0.0,route_Chattanooga → Louisville,route
categorical__route_Chattanooga → Los Angeles,0.0,route_Chattanooga → Los Angeles,route
categorical__route_Cincinnati → Albuquerque,0.0,route_Cincinnati → Albuquerque,route
categorical__route_Chattanooga → Washington,0.0,route_Chattanooga → Washington,route
categorical__route_Chattanooga → Tulsa,0.0,route_Chattanooga → Tulsa,route
categorical__route_Chattanooga → Tucson,0.0,route_Chattanooga → Tucson,route
categorical__route_Chattanooga → Toledo,0.0,route_Chattanooga → Toledo,route
categorical__route_Chattanooga → Tampa,0.0,route_Chattanooga → Tampa,route
categorical__route_Chattanooga → Syracuse,0.0,route_Chattanooga → Syracuse,route
categorical__route_Chattanooga → St. Louis,0.0,route_Chattanooga → St. Louis,route
categorical__route_Chattanooga → Shreveport,0.0,route_Chattanooga → Shreveport,route
categorical__route_Chattanooga → Savannah,0.0,route_Chattanooga → Savannah,route
categorical__route_Chattanooga → San Francisco,0.0,route_Chattanooga → San Francisco,route
categorical__route_Chattanooga → San Antonio,0.0,route_Chattanooga → San Antonio,route
categorical__route_Chattanooga → Salt Lake City,0.0,route_Chattanooga → Salt Lake City,route
categorical__route_Chattanooga → Richmond,0.0,route_Chattanooga → Richmond,route
categorical__route_Chattanooga → Reno,0.0,route_Chattanooga → Reno,route
categorical__route_Cincinnati → Detroit,0.0,route_Cincinnati → Detroit,route
categorical__route_Cincinnati → Dayton,0.0,route_Cincinnati → Dayton,route
categorical__route_Cincinnati → Dallas,0.0,route_Cincinnati → Dallas,route
categorical__route_Cincinnati → Columbia,0.0,route_Cincinnati → Columbia,route
categorical__route_Cincinnati → Chattanooga,0.0,route_Cincinnati → Chattanooga,route
categorical__route_Cincinnati → Charleston,0.0,route_Cincinnati → Charleston,route
categorical__route_Cincinnati → Buffalo,0.0,route_Cincinnati → Buffalo,route
categorical__route_Cincinnati → Boston,0.0,route_Cincinnati → Boston,route
categorical__route_Cincinnati → Birmingham,0.0,route_Cincinnati → Birmingham,route
categorical__route_Cincinnati → Baton Rouge,0.0,route_Cincinnati → Baton Rouge,route
categorical__route_Cincinnati → Baltimore,0.0,route_Cincinnati → Baltimore,route
categorical__route_Cincinnati → Bakersfield,0.0,route_Cincinnati → Bakersfield,route
categorical__route_Cincinnati → Austin,0.0,route_Cincinnati → Austin,route
categorical__route_Cincinnati → Atlanta,0.0,route_Cincinnati → Atlanta,route
categorical__route_Cincinnati → Amarillo,0.0,route_Cincinnati → Amarillo,route
categorical__route_Cincinnati → Little Rock,0.0,route_Cincinnati → Little Rock,route
categorical__route_Cincinnati → Las Vegas,0.0,route_Cincinnati → Las Vegas,route
categorical__route_Cincinnati → Kansas City,0.0,route_Cincinnati → Kansas City,route
categorical__route_Cincinnati → Jacksonville,0.0,route_Cincinnati → Jacksonville,route
categorical__route_Cincinnati → Indianapolis,0.0,route_Cincinnati → Indianapolis,route
categorical__route_Cincinnati → Houston,0.0,route_Cincinnati → Houston,route
categorical__route_Cincinnati → Hartford,0.0,route_Cincinnati → Hartford,route
categorical__route_Cincinnati → Harrisburg,0.0,route_Cincinnati → Harrisburg,route
categorical__route_Cincinnati → Greensboro,0.0,route_Cincinnati → Greensboro,route
categorical__route_Cincinnati → Green Bay,0.0,route_Cincinnati → Green Bay,route
categorical__route_Cincinnati → Grand Rapids,0.0,route_Cincinnati → Grand Rapids,route
categorical__route_Cincinnati → Fresno,0.0,route_Cincinnati → Fresno,route
categorical__route_Cincinnati → Fort Wayne,0.0,route_Cincinnati → Fort Wayne,route
categorical__route_Cincinnati → El Paso,0.0,route_Cincinnati → El Paso,route
categorical__route_Cincinnati → Reno,0.0,route_Cincinnati → Reno,route
categorical__route_Cincinnati → Raleigh,0.0,route_Cincinnati → Raleigh,route
categorical__route_Cincinnati → Providence,0.0,route_Cincinnati → Providence,route
categorical__route_Cincinnati → Phoenix,0.0,route_Cincinnati → Phoenix,route
categorical__route_Cincinnati → Philadelphia,0.0,route_Cincinnati → Philadelphia,route
categorical__route_Cincinnati → Oklahoma City,0.0,route_Cincinnati → Oklahoma City,route
categorical__route_Cincinnati → New York,0.0,route_Cincinnati → New York,route
categorical__route_Cincinnati → New Orleans,0.0,route_Cincinnati → New Orleans,route
categorical__route_Cincinnati → Montgomery,0.0,route_Cincinnati → Montgomery,route
categorical__route_Cincinnati → Mobile,0.0,route_Cincinnati → Mobile,route
categorical__route_Cincinnati → Milwaukee,0.0,route_Cincinnati → Milwaukee,route
categorical__route_Cincinnati → Memphis,0.0,route_Cincinnati → Memphis,route
categorical__route_Cincinnati → Madison,0.0,route_Cincinnati → Madison,route
categorical__route_Cincinnati → Lubbock,0.0,route_Cincinnati → Lubbock,route
categorical__route_Atlanta → San Francisco,0.0,route_Atlanta → San Francisco,route
categorical__route_Austin → Grand Rapids,0.0,route_Austin → Grand Rapids,route
categorical__route_Austin → Fresno,0.0,route_Austin → Fresno,route
categorical__route_Austin → Fort Wayne,0.0,route_Austin → Fort Wayne,route
categorical__route_Austin → El Paso,0.0,route_Austin → El Paso,route
categorical__route_Austin → Detroit,0.0,route_Austin → Detroit,route
categorical__route_Austin → Dayton,0.0,route_Austin → Dayton,route
categorical__route_Austin → Dallas,0.0,route_Austin → Dallas,route
categorical__route_Austin → Corpus Christi,0.0,route_Austin → Corpus Christi,route
categorical__route_Austin → Columbia,0.0,route_Austin → Columbia,route
categorical__route_Austin → Cincinnati,0.0,route_Austin → Cincinnati,route
categorical__route_Austin → Chattanooga,0.0,route_Austin → Chattanooga,route
categorical__route_Austin → Charleston,0.0,route_Austin → Charleston,route
categorical__route_Austin → Buffalo,0.0,route_Austin → Buffalo,route
categorical__route_Austin → Boston,0.0,route_Austin → Boston,route
categorical__route_Austin → Birmingham,0.0,route_Austin → Birmingham,route
categorical__route_Cincinnati → Louisville,0.0,route_Cincinnati → Louisville,route
categorical__route_Columbia → Amarillo,0.0,route_Columbia → Amarillo,route
categorical__route_Columbia → Albuquerque,0.0,route_Columbia → Albuquerque,route
categorical__route_Columbia → Albany,0.0,route_Columbia → Albany,route
categorical__route_Cincinnati → Washington,0.0,route_Cincinnati → Washington,route
categorical__route_Cincinnati → Tulsa,0.0,route_Cincinnati → Tulsa,route
categorical__route_Cincinnati → Tucson,0.0,route_Cincinnati → Tucson,route
categorical__route_Cincinnati → Toledo,0.0,route_Cincinnati → Toledo,route
categorical__route_Cincinnati → Tampa,0.0,route_Cincinnati → Tampa,route
categorical__route_Cincinnati → Shreveport,0.0,route_Cincinnati → Shreveport,route
categorical__route_Cincinnati → Savannah,0.0,route_Cincinnati → Savannah,route
categorical__route_Cincinnati → San Francisco,0.0,route_Cincinnati → San Francisco,route
categorical__route_Cincinnati → San Antonio,0.0,route_Cincinnati → San Antonio,route
categorical__route_Cincinnati → Salt Lake City,0.0,route_Cincinnati → Salt Lake City,route
categorical__route_Cincinnati → Richmond,0.0,route_Cincinnati → Richmond,route
categorical__route_Columbia → El Paso,0.0,route_Columbia → El Paso,route
categorical__route_Columbia → Detroit,0.0,route_Columbia → Detroit,route
categorical__route_Columbia → Dayton,0.0,route_Columbia → Dayton,route
categorical__route_Columbia → Dallas,0.0,route_Columbia → Dallas,route
categorical__route_Columbia → Corpus Christi,0.0,route_Columbia → Corpus Christi,route
categorical__route_Columbia → Chattanooga,0.0,route_Columbia → Chattanooga,route
categorical__route_Columbia → Charleston,0.0,route_Columbia → Charleston,route
categorical__route_Columbia → Buffalo,0.0,route_Columbia → Buffalo,route
categorical__route_Columbia → Boston,0.0,route_Columbia → Boston,route
categorical__route_Columbia → Birmingham,0.0,route_Columbia → Birmingham,route
categorical__route_Columbia → Baltimore,0.0,route_Columbia → Baltimore,route
categorical__route_Columbia → Austin,0.0,route_Columbia → Austin,route
categorical__route_Columbia → Atlanta,0.0,route_Columbia → Atlanta,route
categorical__route_Columbia → Los Angeles,0.0,route_Columbia → Los Angeles,route
categorical__route_Columbia → Little Rock,0.0,route_Columbia → Little Rock,route
categorical__route_Columbia → Las Vegas,0.0,route_Columbia → Las Vegas,route
categorical__route_Columbia → Jacksonville,0.0,route_Columbia → Jacksonville,route
categorical__route_Columbia → Indianapolis,0.0,route_Columbia → Indianapolis,route
categorical__route_Columbia → Harrisburg,0.0,route_Columbia → Harrisburg,route
categorical__route_Columbia → Greensboro,0.0,route_Columbia → Greensboro,route
categorical__route_Columbia → Green Bay,0.0,route_Columbia → Green Bay,route
categorical__route_Columbia → Grand Rapids,0.0,route_Columbia → Grand Rapids,route
categorical__route_Columbia → Fresno,0.0,route_Columbia → Fresno,route
categorical__route_Columbia → Fort Wayne,0.0,route_Columbia → Fort Wayne,route
categorical__route_Columbia → Raleigh,0.0,route_Columbia → Raleigh,route
categorical__route_Columbia → Providence,0.0,route_Columbia → Providence,route
categorical__route_Columbia → Phoenix,0.0,route_Columbia → Phoenix,route
categorical__route_Columbia → Philadelphia,0.0,route_Columbia → Philadelphia,route
categorical__route_Columbia → Oklahoma City,0.0,route_Columbia → Oklahoma City,route
categorical__route_Columbia → New York,0.0,route_Columbia → New York,route
categorical__route_Columbia → New Orleans,0.0,route_Columbia → New Orleans,route
categorical__route_Columbia → Nashville,0.0,route_Columbia → Nashville,route
categorical__route_Columbia → Montgomery,0.0,route_Columbia → Montgomery,route
categorical__route_Columbia → Mobile,0.0,route_Columbia → Mobile,route
categorical__route_Columbia → Milwaukee,0.0,route_Columbia → Milwaukee,route
categorical__route_Columbia → Memphis,0.0,route_Columbia → Memphis,route
categorical__route_Columbia → Madison,0.0,route_Columbia → Madison,route
categorical__route_Columbia → Lubbock,0.0,route_Columbia → Lubbock,route
categorical__route_Corpus Christi → Amarillo,0.0,route_Corpus Christi → Amarillo,route
categorical__route_Corpus Christi → Albuquerque,0.0,route_Corpus Christi → Albuquerque,route
categorical__route_Corpus Christi → Albany,0.0,route_Corpus Christi → Albany,route
categorical__route_Columbia → Tucson,0.0,route_Columbia → Tucson,route
categorical__route_Columbia → Toledo,0.0,route_Columbia → Toledo,route
categorical__route_Columbia → Syracuse,0.0,route_Columbia → Syracuse,route
categorical__route_Columbia → St. Louis,0.0,route_Columbia → St. Louis,route
categorical__route_Columbia → Shreveport,0.0,route_Columbia → Shreveport,route
categorical__route_Columbia → Savannah,0.0,route_Columbia → Savannah,route
categorical__route_Columbia → San Francisco,0.0,route_Columbia → San Francisco,route
categorical__route_Columbia → Salt Lake City,0.0,route_Columbia → Salt Lake City,route
categorical__route_Corpus Christi → Fort Wayne,0.0,route_Corpus Christi → Fort Wayne,route
categorical__route_Corpus Christi → El Paso,0.0,route_Corpus Christi → El Paso,route
categorical__route_Corpus Christi → Detroit,0.0,route_Corpus Christi → Detroit,route
categorical__route_Corpus Christi → Dayton,0.0,route_Corpus Christi → Dayton,route
categorical__route_Corpus Christi → Dallas,0.0,route_Corpus Christi → Dallas,route
categorical__route_Corpus Christi → Cincinnati,0.0,route_Corpus Christi → Cincinnati,route
categorical__route_Corpus Christi → Charleston,0.0,route_Corpus Christi → Charleston,route
categorical__route_Corpus Christi → Buffalo,0.0,route_Corpus Christi → Buffalo,route
categorical__route_Corpus Christi → Boston,0.0,route_Corpus Christi → Boston,route
categorical__route_Corpus Christi → Birmingham,0.0,route_Corpus Christi → Birmingham,route
categorical__route_Corpus Christi → Baton Rouge,0.0,route_Corpus Christi → Baton Rouge,route
categorical__route_Corpus Christi → Baltimore,0.0,route_Corpus Christi → Baltimore,route
categorical__route_Corpus Christi → Bakersfield,0.0,route_Corpus Christi → Bakersfield,route
categorical__route_Corpus Christi → Austin,0.0,route_Corpus Christi → Austin,route
categorical__route_Corpus Christi → Lubbock,0.0,route_Corpus Christi → Lubbock,route
categorical__route_Corpus Christi → Louisville,0.0,route_Corpus Christi → Louisville,route
categorical__route_Corpus Christi → Los Angeles,0.0,route_Corpus Christi → Los Angeles,route
categorical__route_Corpus Christi → Little Rock,0.0,route_Corpus Christi → Little Rock,route
categorical__route_Corpus Christi → Lexington,0.0,route_Corpus Christi → Lexington,route
categorical__route_Corpus Christi → Las Vegas,0.0,route_Corpus Christi → Las Vegas,route
categorical__route_Corpus Christi → Kansas City,0.0,route_Corpus Christi → Kansas City,route
categorical__route_Corpus Christi → Jacksonville,0.0,route_Corpus Christi → Jacksonville,route
categorical__route_Corpus Christi → Indianapolis,0.0,route_Corpus Christi → Indianapolis,route
categorical__route_Corpus Christi → Houston,0.0,route_Corpus Christi → Houston,route
categorical__route_Corpus Christi → Hartford,0.0,route_Corpus Christi → Hartford,route
categorical__route_Corpus Christi → Harrisburg,0.0,route_Corpus Christi → Harrisburg,route
categorical__route_Corpus Christi → Greensboro,0.0,route_Corpus Christi → Greensboro,route
categorical__route_Corpus Christi → Green Bay,0.0,route_Corpus Christi → Green Bay,route
categorical__route_Corpus Christi → Grand Rapids,0.0,route_Corpus Christi → Grand Rapids,route
categorical__route_Corpus Christi → Fresno,0.0,route_Corpus Christi → Fresno,route
categorical__route_Corpus Christi → Salt Lake City,0.0,route_Corpus Christi → Salt Lake City,route
categorical__route_Corpus Christi → Richmond,0.0,route_Corpus Christi → Richmond,route
categorical__route_Corpus Christi → Reno,0.0,route_Corpus Christi → Reno,route
categorical__route_Corpus Christi → Providence,0.0,route_Corpus Christi → Providence,route
categorical__route_Corpus Christi → Phoenix,0.0,route_Corpus Christi → Phoenix,route
categorical__route_Corpus Christi → Oklahoma City,0.0,route_Corpus Christi → Oklahoma City,route
categorical__route_Corpus Christi → New York,0.0,route_Corpus Christi → New York,route
categorical__route_Corpus Christi → New Orleans,0.0,route_Corpus Christi → New Orleans,route
categorical__route_Corpus Christi → Nashville,0.0,route_Corpus Christi → Nashville,route
categorical__route_Corpus Christi → Montgomery,0.0,route_Corpus Christi → Montgomery,route
categorical__route_Corpus Christi → Mobile,0.0,route_Corpus Christi → Mobile,route
categorical__route_Atlanta → Memphis,0.0,route_Atlanta → Memphis,route
categorical__route_Austin → Baltimore,0.0,route_Austin → Baltimore,route
categorical__route_Austin → Bakersfield,0.0,route_Austin → Bakersfield,route
categorical__route_Austin → Atlanta,0.0,route_Austin → Atlanta,route
categorical__route_Austin → Amarillo,0.0,route_Austin → Amarillo,route
categorical__route_Austin → Albuquerque,0.0,route_Austin → Albuquerque,route
categorical__route_Austin → Albany,0.0,route_Austin → Albany,route
categorical__route_Atlanta → Washington,0.0,route_Atlanta → Washington,route
categorical__route_Atlanta → Tulsa,0.0,route_Atlanta → Tulsa,route
categorical__route_Atlanta → Tucson,0.0,route_Atlanta → Tucson,route
categorical__route_Atlanta → Toledo,0.0,route_Atlanta → Toledo,route
categorical__route_Atlanta → Tampa,0.0,route_Atlanta → Tampa,route
categorical__route_Atlanta → Syracuse,0.0,route_Atlanta → Syracuse,route
categorical__route_Atlanta → St. Louis,0.0,route_Atlanta → St. Louis,route
categorical__route_Atlanta → Shreveport,0.0,route_Atlanta → Shreveport,route
categorical__route_Atlanta → Savannah,0.0,route_Atlanta → Savannah,route
categorical__route_Corpus Christi → Madison,0.0,route_Corpus Christi → Madison,route
categorical__route_Dallas → Austin,0.0,route_Dallas → Austin,route
categorical__route_Dallas → Amarillo,0.0,route_Dallas → Amarillo,route
categorical__route_Dallas → Albuquerque,0.0,route_Dallas → Albuquerque,route
categorical__route_Dallas → Albany,0.0,route_Dallas → Albany,route
categorical__route_Corpus Christi → Washington,0.0,route_Corpus Christi → Washington,route
categorical__route_Corpus Christi → Tulsa,0.0,route_Corpus Christi → Tulsa,route
categorical__route_Corpus Christi → Tucson,0.0,route_Corpus Christi → Tucson,route
categorical__route_Corpus Christi → Toledo,0.0,route_Corpus Christi → Toledo,route
categorical__route_Corpus Christi → Tampa,0.0,route_Corpus Christi → Tampa,route
categorical__route_Corpus Christi → St. Louis,0.0,route_Corpus Christi → St. Louis,route
categorical__route_Corpus Christi → Shreveport,0.0,route_Corpus Christi → Shreveport,route
categorical__route_Corpus Christi → Savannah,0.0,route_Corpus Christi → Savannah,route
categorical__route_Corpus Christi → San Francisco,0.0,route_Corpus Christi → San Francisco,route
categorical__route_Corpus Christi → San Antonio,0.0,route_Corpus Christi → San Antonio,route
categorical__route_Dallas → Fresno,0.0,route_Dallas → Fresno,route
categorical__route_Dallas → El Paso,0.0,route_Dallas → El Paso,route
categorical__route_Dallas → Detroit,0.0,route_Dallas → Detroit,route
categorical__route_Dallas → Dayton,0.0,route_Dallas → Dayton,route
categorical__route_Dallas → Corpus Christi,0.0,route_Dallas → Corpus Christi,route
categorical__route_Dallas → Columbia,0.0,route_Dallas → Columbia,route
categorical__route_Dallas → Chattanooga,0.0,route_Dallas → Chattanooga,route
categorical__route_Dallas → Charleston,0.0,route_Dallas → Charleston,route
categorical__route_Dallas → Buffalo,0.0,route_Dallas → Buffalo,route
categorical__route_Dallas → Boston,0.0,route_Dallas → Boston,route
categorical__route_Dallas → Birmingham,0.0,route_Dallas → Birmingham,route
categorical__route_Dallas → Baton Rouge,0.0,route_Dallas → Baton Rouge,route
categorical__route_Dallas → Baltimore,0.0,route_Dallas → Baltimore,route
categorical__route_Dallas → Bakersfield,0.0,route_Dallas → Bakersfield,route
categorical__route_Dallas → Milwaukee,0.0,route_Dallas → Milwaukee,route
categorical__route_Dallas → Memphis,0.0,route_Dallas → Memphis,route
categorical__route_Dallas → Madison,0.0,route_Dallas → Madison,route
categorical__route_Dallas → Lubbock,0.0,route_Dallas → Lubbock,route
categorical__route_Dallas → Louisville,0.0,route_Dallas → Louisville,route
categorical__route_Dallas → Los Angeles,0.0,route_Dallas → Los Angeles,route
categorical__route_Dallas → Little Rock,0.0,route_Dallas → Little Rock,route
categorical__route_Dallas → Lexington,0.0,route_Dallas → Lexington,route
categorical__route_Dallas → Kansas City,0.0,route_Dallas → Kansas City,route
categorical__route_Dallas → Jacksonville,0.0,route_Dallas → Jacksonville,route
categorical__route_Dallas → Houston,0.0,route_Dallas → Houston,route
categorical__route_Dallas → Hartford,0.0,route_Dallas → Hartford,route
categorical__route_Dallas → Harrisburg,0.0,route_Dallas → Harrisburg,route
categorical__route_Dallas → Greensboro,0.0,route_Dallas → Greensboro,route
categorical__route_Dallas → Green Bay,0.0,route_Dallas → Green Bay,route
categorical__route_Dallas → Grand Rapids,0.0,route_Dallas → Grand Rapids,route
categorical__route_Dallas → Savannah,0.0,route_Dallas → Savannah,route
categorical__route_Dallas → San Francisco,0.0,route_Dallas → San Francisco,route
categorical__route_Dallas → San Antonio,0.0,route_Dallas → San Antonio,route
categorical__route_Dallas → Salt Lake City,0.0,route_Dallas → Salt Lake City,route
categorical__route_Dallas → Richmond,0.0,route_Dallas → Richmond,route
categorical__route_Dallas → Reno,0.0,route_Dallas → Reno,route
categorical__route_Dallas → Raleigh,0.0,route_Dallas → Raleigh,route
categorical__route_Dallas → Providence,0.0,route_Dallas → Providence,route
categorical__route_Dallas → Phoenix,0.0,route_Dallas → Phoenix,route
categorical__route_Dallas → Philadelphia,0.0,route_Dallas → Philadelphia,route
categorical__route_Dallas → Oklahoma City,0.0,route_Dallas → Oklahoma City,route
categorical__route_Dallas → New York,0.0,route_Dallas → New York,route
categorical__route_Dallas → New Orleans,0.0,route_Dallas → New Orleans,route
categorical__route_Dallas → Nashville,0.0,route_Dallas → Nashville,route
categorical__route_Dallas → Montgomery,0.0,route_Dallas → Montgomery,route
categorical__route_Dallas → Mobile,0.0,route_Dallas → Mobile,route
categorical__route_Dayton → Bakersfield,0.0,route_Dayton → Bakersfield,route
categorical__route_Dayton → Austin,0.0,route_Dayton → Austin,route
categorical__route_Dayton → Atlanta,0.0,route_Dayton → Atlanta,route
categorical__route_Dayton → Amarillo,0.0,route_Dayton → Amarillo,route
categorical__route_Dayton → Albuquerque,0.0,route_Dayton → Albuquerque,route
categorical__route_Dayton → Albany,0.0,route_Dayton → Albany,route
categorical__route_Dallas → Washington,0.0,route_Dallas → Washington,route
categorical__route_Dallas → Tulsa,0.0,route_Dallas → Tulsa,route
categorical__route_Dallas → Tucson,0.0,route_Dallas → Tucson,route
categorical__route_Dallas → Toledo,0.0,route_Dallas → Toledo,route
categorical__route_Dallas → Tampa,0.0,route_Dallas → Tampa,route
categorical__route_Dallas → Syracuse,0.0,route_Dallas → Syracuse,route
categorical__route_Dallas → St. Louis,0.0,route_Dallas → St. Louis,route
categorical__route_Dallas → Shreveport,0.0,route_Dallas → Shreveport,route
categorical__route_Dayton → Greensboro,0.0,route_Dayton → Greensboro,route
categorical__route_Dayton → Green Bay,0.0,route_Dayton → Green Bay,route
categorical__route_Dayton → Grand Rapids,0.0,route_Dayton → Grand Rapids,route
categorical__route_Dayton → Fresno,0.0,route_Dayton → Fresno,route
categorical__route_Dayton → Fort Wayne,0.0,route_Dayton → Fort Wayne,route
categorical__route_Dayton → El Paso,0.0,route_Dayton → El Paso,route
categorical__route_Dayton → Detroit,0.0,route_Dayton → Detroit,route
categorical__route_Dayton → Dallas,0.0,route_Dayton → Dallas,route
categorical__route_Dayton → Corpus Christi,0.0,route_Dayton → Corpus Christi,route
categorical__route_Dayton → Cincinnati,0.0,route_Dayton → Cincinnati,route
categorical__route_Dayton → Chattanooga,0.0,route_Dayton → Chattanooga,route
categorical__route_Dayton → Charleston,0.0,route_Dayton → Charleston,route
categorical__route_Dayton → Buffalo,0.0,route_Dayton → Buffalo,route
categorical__route_Dayton → Boston,0.0,route_Dayton → Boston,route
categorical__route_Dayton → Birmingham,0.0,route_Dayton → Birmingham,route
categorical__route_Dayton → Milwaukee,0.0,route_Dayton → Milwaukee,route
categorical__route_Dayton → Memphis,0.0,route_Dayton → Memphis,route
categorical__route_Dayton → Madison,0.0,route_Dayton → Madison,route
categorical__route_Dayton → Lubbock,0.0,route_Dayton → Lubbock,route
categorical__route_Dayton → Louisville,0.0,route_Dayton → Louisville,route
categorical__route_Dayton → Los Angeles,0.0,route_Dayton → Los Angeles,route
categorical__route_Dayton → Little Rock,0.0,route_Dayton → Little Rock,route
categorical__route_Dayton → Lexington,0.0,route_Dayton → Lexington,route
categorical__route_Dayton → Las Vegas,0.0,route_Dayton → Las Vegas,route
categorical__route_Dayton → Kansas City,0.0,route_Dayton → Kansas City,route
categorical__route_Dayton → Jacksonville,0.0,route_Dayton → Jacksonville,route
categorical__route_Dayton → Indianapolis,0.0,route_Dayton → Indianapolis,route
categorical__route_Dayton → Houston,0.0,route_Dayton → Houston,route
categorical__route_Dayton → Hartford,0.0,route_Dayton → Hartford,route
categorical__route_Dayton → Shreveport,0.0,route_Dayton → Shreveport,route
categorical__route_Dayton → Savannah,0.0,route_Dayton → Savannah,route
categorical__route_Dayton → San Francisco,0.0,route_Dayton → San Francisco,route
categorical__route_Dayton → San Antonio,0.0,route_Dayton → San Antonio,route
categorical__route_Dayton → Salt Lake City,0.0,route_Dayton → Salt Lake City,route
categorical__route_Dayton → Richmond,0.0,route_Dayton → Richmond,route
categorical__route_Dayton → Reno,0.0,route_Dayton → Reno,route
categorical__route_Dayton → Providence,0.0,route_Dayton → Providence,route
categorical__route_Dayton → Phoenix,0.0,route_Dayton → Phoenix,route
categorical__route_Dayton → Philadelphia,0.0,route_Dayton → Philadelphia,route
categorical__route_Dayton → Oklahoma City,0.0,route_Dayton → Oklahoma City,route
categorical__route_Dayton → New York,0.0,route_Dayton → New York,route
categorical__route_Dayton → New Orleans,0.0,route_Dayton → New Orleans,route
categorical__route_Dayton → Nashville,0.0,route_Dayton → Nashville,route
categorical__route_Dayton → Montgomery,0.0,route_Dayton → Montgomery,route
categorical__route_Detroit → Birmingham,0.0,route_Detroit → Birmingham,route
categorical__route_Detroit → Baton Rouge,0.0,route_Detroit → Baton Rouge,route
categorical__route_Detroit → Baltimore,0.0,route_Detroit → Baltimore,route
categorical__route_Detroit → Bakersfield,0.0,route_Detroit → Bakersfield,route
categorical__route_Detroit → Austin,0.0,route_Detroit → Austin,route
categorical__route_Detroit → Atlanta,0.0,route_Detroit → Atlanta,route
categorical__route_Detroit → Amarillo,0.0,route_Detroit → Amarillo,route
categorical__route_Detroit → Albuquerque,0.0,route_Detroit → Albuquerque,route
categorical__route_Detroit → Albany,0.0,route_Detroit → Albany,route
categorical__route_Dayton → Washington,0.0,route_Dayton → Washington,route
categorical__route_Dayton → Tulsa,0.0,route_Dayton → Tulsa,route
categorical__route_Dayton → Tucson,0.0,route_Dayton → Tucson,route
categorical__route_Dayton → Toledo,0.0,route_Dayton → Toledo,route
categorical__route_Dayton → Tampa,0.0,route_Dayton → Tampa,route
categorical__route_Dayton → Syracuse,0.0,route_Dayton → Syracuse,route
categorical__route_Dayton → St. Louis,0.0,route_Dayton → St. Louis,route
categorical__route_Detroit → Harrisburg,0.0,route_Detroit → Harrisburg,route
categorical__route_Detroit → Greensboro,0.0,route_Detroit → Greensboro,route
categorical__route_Detroit → Green Bay,0.0,route_Detroit → Green Bay,route
categorical__route_Detroit → Grand Rapids,0.0,route_Detroit → Grand Rapids,route
categorical__route_Detroit → Fresno,0.0,route_Detroit → Fresno,route
categorical__route_Detroit → Fort Wayne,0.0,route_Detroit → Fort Wayne,route
categorical__route_Detroit → El Paso,0.0,route_Detroit → El Paso,route
categorical__route_Detroit → Dayton,0.0,route_Detroit → Dayton,route
categorical__route_Detroit → Dallas,0.0,route_Detroit → Dallas,route
categorical__route_Detroit → Corpus Christi,0.0,route_Detroit → Corpus Christi,route
categorical__route_Detroit → Columbia,0.0,route_Detroit → Columbia,route
categorical__route_Detroit → Cincinnati,0.0,route_Detroit → Cincinnati,route
categorical__route_Detroit → Chattanooga,0.0,route_Detroit → Chattanooga,route
categorical__route_Detroit → Charleston,0.0,route_Detroit → Charleston,route
categorical__route_Detroit → Buffalo,0.0,route_Detroit → Buffalo,route
categorical__route_Detroit → Boston,0.0,route_Detroit → Boston,route
categorical__route_Detroit → Montgomery,0.0,route_Detroit → Montgomery,route
categorical__route_Detroit → Mobile,0.0,route_Detroit → Mobile,route
categorical__route_Detroit → Milwaukee,0.0,route_Detroit → Milwaukee,route
categorical__route_Detroit → Memphis,0.0,route_Detroit → Memphis,route
categorical__route_Detroit → Madison,0.0,route_Detroit → Madison,route
categorical__route_Detroit → Lubbock,0.0,route_Detroit → Lubbock,route
categorical__route_Detroit → Louisville,0.0,route_Detroit → Louisville,route
categorical__route_Detroit → Los Angeles,0.0,route_Detroit → Los Angeles,route
categorical__route_Detroit → Little Rock,0.0,route_Detroit → Little Rock,route
categorical__route_Detroit → Lexington,0.0,route_Detroit → Lexington,route
categorical__route_Detroit → Las Vegas,0.0,route_Detroit → Las Vegas,route
categorical__route_Detroit → Kansas City,0.0,route_Detroit → Kansas City,route
categorical__route_Detroit → Jacksonville,0.0,route_Detroit → Jacksonville,route
categorical__route_Detroit → Indianapolis,0.0,route_Detroit → Indianapolis,route
categorical__route_Detroit → Hartford,0.0,route_Detroit → Hartford,route
categorical__route_Detroit → Syracuse,0.0,route_Detroit → Syracuse,route
categorical__route_Detroit → St. Louis,0.0,route_Detroit → St. Louis,route
categorical__route_Detroit → Shreveport,0.0,route_Detroit → Shreveport,route
categorical__route_Detroit → Savannah,0.0,route_Detroit → Savannah,route
categorical__route_Detroit → San Francisco,0.0,route_Detroit → San Francisco,route
categorical__route_Detroit → San Antonio,0.0,route_Detroit → San Antonio,route
categorical__route_Detroit → Reno,0.0,route_Detroit → Reno,route
categorical__route_Detroit → Raleigh,0.0,route_Detroit → Raleigh,route
categorical__route_Detroit → Providence,0.0,route_Detroit → Providence,route
categorical__route_Detroit → Philadelphia,0.0,route_Detroit → Philadelphia,route
categorical__route_Detroit → Oklahoma City,0.0,route_Detroit → Oklahoma City,route
categorical__route_Detroit → New York,0.0,route_Detroit → New York,route
categorical__route_Detroit → New Orleans,0.0,route_Detroit → New Orleans,route
categorical__route_Detroit → Nashville,0.0,route_Detroit → Nashville,route
categorical__route_El Paso → Buffalo,0.0,route_El Paso → Buffalo,route
categorical__route_El Paso → Boston,0.0,route_El Paso → Boston,route
categorical__route_El Paso → Birmingham,0.0,route_El Paso → Birmingham,route
categorical__route_El Paso → Baton Rouge,0.0,route_El Paso → Baton Rouge,route
categorical__route_El Paso → Baltimore,0.0,route_El Paso → Baltimore,route
categorical__route_El Paso → Bakersfield,0.0,route_El Paso → Bakersfield,route
categorical__route_El Paso → Austin,0.0,route_El Paso → Austin,route
categorical__route_El Paso → Atlanta,0.0,route_El Paso → Atlanta,route
categorical__route_El Paso → Amarillo,0.0,route_El Paso → Amarillo,route
categorical__route_El Paso → Albuquerque,0.0,route_El Paso → Albuquerque,route
categorical__route_El Paso → Albany,0.0,route_El Paso → Albany,route
categorical__route_Detroit → Washington,0.0,route_Detroit → Washington,route
categorical__route_Detroit → Tulsa,0.0,route_Detroit → Tulsa,route
categorical__route_Detroit → Tucson,0.0,route_Detroit → Tucson,route
categorical__route_Detroit → Toledo,0.0,route_Detroit → Toledo,route
categorical__route_Atlanta → Grand Rapids,0.0,route_Atlanta → Grand Rapids,route
categorical__route_Atlanta → Salt Lake City,0.0,route_Atlanta → Salt Lake City,route
categorical__route_Atlanta → Raleigh,0.0,route_Atlanta → Raleigh,route
categorical__route_Atlanta → Phoenix,0.0,route_Atlanta → Phoenix,route
categorical__route_Atlanta → Philadelphia,0.0,route_Atlanta → Philadelphia,route
categorical__route_Atlanta → Oklahoma City,0.0,route_Atlanta → Oklahoma City,route
categorical__route_Atlanta → New York,0.0,route_Atlanta → New York,route
categorical__route_Atlanta → New Orleans,0.0,route_Atlanta → New Orleans,route
categorical__route_Atlanta → Nashville,0.0,route_Atlanta → Nashville,route
categorical__route_Atlanta → Mobile,0.0,route_Atlanta → Mobile,route
categorical__route_Atlanta → Milwaukee,0.0,route_Atlanta → Milwaukee,route
categorical__route_Detroit → Tampa,0.0,route_Detroit → Tampa,route
categorical__route_El Paso → Houston,0.0,route_El Paso → Houston,route
categorical__route_El Paso → Hartford,0.0,route_El Paso → Hartford,route
categorical__route_El Paso → Harrisburg,0.0,route_El Paso → Harrisburg,route
categorical__route_El Paso → Green Bay,0.0,route_El Paso → Green Bay,route
categorical__route_El Paso → Grand Rapids,0.0,route_El Paso → Grand Rapids,route
categorical__route_El Paso → Fresno,0.0,route_El Paso → Fresno,route
categorical__route_El Paso → Dallas,0.0,route_El Paso → Dallas,route
categorical__route_El Paso → Corpus Christi,0.0,route_El Paso → Corpus Christi,route
categorical__route_El Paso → Columbia,0.0,route_El Paso → Columbia,route
categorical__route_El Paso → Chattanooga,0.0,route_El Paso → Chattanooga,route
categorical__route_El Paso → New Orleans,0.0,route_El Paso → New Orleans,route
categorical__route_El Paso → Nashville,0.0,route_El Paso → Nashville,route
categorical__route_El Paso → Montgomery,0.0,route_El Paso → Montgomery,route
categorical__route_El Paso → Mobile,0.0,route_El Paso → Mobile,route
categorical__route_El Paso → Milwaukee,0.0,route_El Paso → Milwaukee,route
categorical__route_El Paso → Memphis,0.0,route_El Paso → Memphis,route
categorical__route_El Paso → Madison,0.0,route_El Paso → Madison,route
categorical__route_El Paso → Louisville,0.0,route_El Paso → Louisville,route
categorical__route_El Paso → Los Angeles,0.0,route_El Paso → Los Angeles,route
categorical__route_El Paso → Little Rock,0.0,route_El Paso → Little Rock,route
categorical__route_El Paso → Lexington,0.0,route_El Paso → Lexington,route
categorical__route_El Paso → Jacksonville,0.0,route_El Paso → Jacksonville,route
categorical__route_El Paso → Toledo,0.0,route_El Paso → Toledo,route
categorical__route_El Paso → Tampa,0.0,route_El Paso → Tampa,route
categorical__route_El Paso → Syracuse,0.0,route_El Paso → Syracuse,route
categorical__route_El Paso → St. Louis,0.0,route_El Paso → St. Louis,route
categorical__route_El Paso → San Francisco,0.0,route_El Paso → San Francisco,route
categorical__route_El Paso → San Antonio,0.0,route_El Paso → San Antonio,route
categorical__route_El Paso → Salt Lake City,0.0,route_El Paso → Salt Lake City,route
categorical__route_El Paso → Richmond,0.0,route_El Paso → Richmond,route
categorical__route_El Paso → Reno,0.0,route_El Paso → Reno,route
categorical__route_El Paso → Raleigh,0.0,route_El Paso → Raleigh,route
categorical__route_El Paso → Providence,0.0,route_El Paso → Providence,route
categorical__route_El Paso → Phoenix,0.0,route_El Paso → Phoenix,route
categorical__route_El Paso → Philadelphia,0.0,route_El Paso → Philadelphia,route
categorical__route_El Paso → Oklahoma City,0.0,route_El Paso → Oklahoma City,route
categorical__route_Fort Wayne → Chattanooga,0.0,route_Fort Wayne → Chattanooga,route
categorical__route_Fort Wayne → Charleston,0.0,route_Fort Wayne → Charleston,route
categorical__route_Fort Wayne → Buffalo,0.0,route_Fort Wayne → Buffalo,route
categorical__route_Fort Wayne → Boston,0.0,route_Fort Wayne → Boston,route
categorical__route_Fort Wayne → Birmingham,0.0,route_Fort Wayne → Birmingham,route
categorical__route_Fort Wayne → Baton Rouge,0.0,route_Fort Wayne → Baton Rouge,route
categorical__route_Fort Wayne → Baltimore,0.0,route_Fort Wayne → Baltimore,route
categorical__route_Fort Wayne → Bakersfield,0.0,route_Fort Wayne → Bakersfield,route
categorical__route_Fort Wayne → Austin,0.0,route_Fort Wayne → Austin,route
categorical__route_Fort Wayne → Amarillo,0.0,route_Fort Wayne → Amarillo,route
categorical__route_Fort Wayne → Albuquerque,0.0,route_Fort Wayne → Albuquerque,route
categorical__route_Fort Wayne → Albany,0.0,route_Fort Wayne → Albany,route
categorical__route_El Paso → Washington,0.0,route_El Paso → Washington,route
categorical__route_El Paso → Tucson,0.0,route_El Paso → Tucson,route
categorical__route_Fort Wayne → Jacksonville,0.0,route_Fort Wayne → Jacksonville,route
categorical__route_Fort Wayne → Indianapolis,0.0,route_Fort Wayne → Indianapolis,route
categorical__route_Fort Wayne → Houston,0.0,route_Fort Wayne → Houston,route
categorical__route_Fort Wayne → Hartford,0.0,route_Fort Wayne → Hartford,route
categorical__route_Fort Wayne → Harrisburg,0.0,route_Fort Wayne → Harrisburg,route
categorical__route_Fort Wayne → Green Bay,0.0,route_Fort Wayne → Green Bay,route
categorical__route_Fort Wayne → Grand Rapids,0.0,route_Fort Wayne → Grand Rapids,route
categorical__route_Fort Wayne → Fresno,0.0,route_Fort Wayne → Fresno,route
categorical__route_Fort Wayne → Detroit,0.0,route_Fort Wayne → Detroit,route
categorical__route_Fort Wayne → Dayton,0.0,route_Fort Wayne → Dayton,route
categorical__route_Fort Wayne → Dallas,0.0,route_Fort Wayne → Dallas,route
categorical__route_Fort Wayne → Corpus Christi,0.0,route_Fort Wayne → Corpus Christi,route
categorical__route_Fort Wayne → Columbia,0.0,route_Fort Wayne → Columbia,route
categorical__route_Fort Wayne → Cincinnati,0.0,route_Fort Wayne → Cincinnati,route
categorical__route_Fort Wayne → New York,0.0,route_Fort Wayne → New York,route
categorical__route_Fort Wayne → New Orleans,0.0,route_Fort Wayne → New Orleans,route
categorical__route_Fort Wayne → Nashville,0.0,route_Fort Wayne → Nashville,route
categorical__route_Fort Wayne → Montgomery,0.0,route_Fort Wayne → Montgomery,route
categorical__route_Fort Wayne → Mobile,0.0,route_Fort Wayne → Mobile,route
categorical__route_Fort Wayne → Milwaukee,0.0,route_Fort Wayne → Milwaukee,route
categorical__route_Fort Wayne → Memphis,0.0,route_Fort Wayne → Memphis,route
categorical__route_Fort Wayne → Madison,0.0,route_Fort Wayne → Madison,route
categorical__route_Fort Wayne → Lubbock,0.0,route_Fort Wayne → Lubbock,route
categorical__route_Fort Wayne → Louisville,0.0,route_Fort Wayne → Louisville,route
categorical__route_Fort Wayne → Los Angeles,0.0,route_Fort Wayne → Los Angeles,route
categorical__route_Fort Wayne → Little Rock,0.0,route_Fort Wayne → Little Rock,route
categorical__route_Fort Wayne → Lexington,0.0,route_Fort Wayne → Lexington,route
categorical__route_Fort Wayne → Las Vegas,0.0,route_Fort Wayne → Las Vegas,route
categorical__route_Fort Wayne → Kansas City,0.0,route_Fort Wayne → Kansas City,route
categorical__route_Fort Wayne → Tucson,0.0,route_Fort Wayne → Tucson,route
categorical__route_Fort Wayne → Tampa,0.0,route_Fort Wayne → Tampa,route
categorical__route_Fort Wayne → Syracuse,0.0,route_Fort Wayne → Syracuse,route
categorical__route_Fort Wayne → St. Louis,0.0,route_Fort Wayne → St. Louis,route
categorical__route_Fort Wayne → Shreveport,0.0,route_Fort Wayne → Shreveport,route
categorical__route_Fort Wayne → Savannah,0.0,route_Fort Wayne → Savannah,route
categorical__route_Fort Wayne → San Francisco,0.0,route_Fort Wayne → San Francisco,route
categorical__route_Fort Wayne → San Antonio,0.0,route_Fort Wayne → San Antonio,route
categorical__route_Fort Wayne → Salt Lake City,0.0,route_Fort Wayne → Salt Lake City,route
categorical__route_Fort Wayne → Richmond,0.0,route_Fort Wayne → Richmond,route
categorical__route_Fort Wayne → Reno,0.0,route_Fort Wayne → Reno,route
categorical__route_Fort Wayne → Providence,0.0,route_Fort Wayne → Providence,route
categorical__route_Fort Wayne → Phoenix,0.0,route_Fort Wayne → Phoenix,route
categorical__route_Fresno → Cincinnati,0.0,route_Fresno → Cincinnati,route
categorical__route_Fresno → Chattanooga,0.0,route_Fresno → Chattanooga,route
categorical__route_Fresno → Charleston,0.0,route_Fresno → Charleston,route
categorical__route_Fresno → Buffalo,0.0,route_Fresno → Buffalo,route
categorical__route_Fresno → Boston,0.0,route_Fresno → Boston,route
categorical__route_Fresno → Birmingham,0.0,route_Fresno → Birmingham,route
categorical__route_Fresno → Baton Rouge,0.0,route_Fresno → Baton Rouge,route
categorical__route_Fresno → Baltimore,0.0,route_Fresno → Baltimore,route
categorical__route_Fresno → Bakersfield,0.0,route_Fresno → Bakersfield,route
categorical__route_Fresno → Austin,0.0,route_Fresno → Austin,route
categorical__route_Fresno → Atlanta,0.0,route_Fresno → Atlanta,route
categorical__route_Fresno → Amarillo,0.0,route_Fresno → Amarillo,route
categorical__route_Fresno → Albuquerque,0.0,route_Fresno → Albuquerque,route
categorical__route_Fresno → Albany,0.0,route_Fresno → Albany,route
categorical__route_Fort Wayne → Washington,0.0,route_Fort Wayne → Washington,route
categorical__route_Fort Wayne → Tulsa,0.0,route_Fort Wayne → Tulsa,route
categorical__route_Fresno → Kansas City,0.0,route_Fresno → Kansas City,route
categorical__route_Fresno → Jacksonville,0.0,route_Fresno → Jacksonville,route
categorical__route_Fresno → Indianapolis,0.0,route_Fresno → Indianapolis,route
categorical__route_Fresno → Houston,0.0,route_Fresno → Houston,route
categorical__route_Fresno → Hartford,0.0,route_Fresno → Hartford,route
categorical__route_Fresno → Harrisburg,0.0,route_Fresno → Harrisburg,route
categorical__route_Fresno → Greensboro,0.0,route_Fresno → Greensboro,route
categorical__route_Fresno → Green Bay,0.0,route_Fresno → Green Bay,route
categorical__route_Fresno → Grand Rapids,0.0,route_Fresno → Grand Rapids,route
categorical__route_Fresno → Fort Wayne,0.0,route_Fresno → Fort Wayne,route
categorical__route_Fresno → El Paso,0.0,route_Fresno → El Paso,route
categorical__route_Fresno → Detroit,0.0,route_Fresno → Detroit,route
categorical__route_Fresno → Dayton,0.0,route_Fresno → Dayton,route
categorical__route_Fresno → Dallas,0.0,route_Fresno → Dallas,route
categorical__route_Fresno → Corpus Christi,0.0,route_Fresno → Corpus Christi,route
categorical__route_Fresno → Columbia,0.0,route_Fresno → Columbia,route
categorical__route_Fresno → Philadelphia,0.0,route_Fresno → Philadelphia,route
categorical__route_Fresno → Oklahoma City,0.0,route_Fresno → Oklahoma City,route
categorical__route_Fresno → New York,0.0,route_Fresno → New York,route
categorical__route_Fresno → New Orleans,0.0,route_Fresno → New Orleans,route
categorical__route_Fresno → Nashville,0.0,route_Fresno → Nashville,route
categorical__route_Fresno → Montgomery,0.0,route_Fresno → Montgomery,route
categorical__route_Fresno → Mobile,0.0,route_Fresno → Mobile,route
categorical__route_Fresno → Milwaukee,0.0,route_Fresno → Milwaukee,route
categorical__route_Fresno → Madison,0.0,route_Fresno → Madison,route
categorical__route_Fresno → Lubbock,0.0,route_Fresno → Lubbock,route
categorical__route_Fresno → Louisville,0.0,route_Fresno → Louisville,route
categorical__route_Fresno → Little Rock,0.0,route_Fresno → Little Rock,route
categorical__route_Fresno → Lexington,0.0,route_Fresno → Lexington,route
categorical__route_Atlanta → Baltimore,0.0,route_Atlanta → Baltimore,route
categorical__route_Atlanta → Madison,0.0,route_Atlanta → Madison,route
categorical__route_Atlanta → Lubbock,0.0,route_Atlanta → Lubbock,route
categorical__route_Atlanta → Louisville,0.0,route_Atlanta → Louisville,route
categorical__route_Atlanta → Little Rock,0.0,route_Atlanta → Little Rock,route
categorical__route_Atlanta → Lexington,0.0,route_Atlanta → Lexington,route
categorical__route_Atlanta → Las Vegas,0.0,route_Atlanta → Las Vegas,route
categorical__route_Atlanta → Kansas City,0.0,route_Atlanta → Kansas City,route
categorical__route_Atlanta → Jacksonville,0.0,route_Atlanta → Jacksonville,route
categorical__route_Atlanta → Indianapolis,0.0,route_Atlanta → Indianapolis,route
categorical__route_Atlanta → Houston,0.0,route_Atlanta → Houston,route
categorical__route_Atlanta → Harrisburg,0.0,route_Atlanta → Harrisburg,route
categorical__route_Atlanta → Greensboro,0.0,route_Atlanta → Greensboro,route
categorical__route_Atlanta → Green Bay,0.0,route_Atlanta → Green Bay,route
categorical__route_Fresno → Las Vegas,0.0,route_Fresno → Las Vegas,route
categorical__route_Fresno → Tulsa,0.0,route_Fresno → Tulsa,route
categorical__route_Fresno → Tucson,0.0,route_Fresno → Tucson,route
categorical__route_Fresno → Toledo,0.0,route_Fresno → Toledo,route
categorical__route_Fresno → Syracuse,0.0,route_Fresno → Syracuse,route
categorical__route_Fresno → St. Louis,0.0,route_Fresno → St. Louis,route
categorical__route_Fresno → Shreveport,0.0,route_Fresno → Shreveport,route
categorical__route_Fresno → Savannah,0.0,route_Fresno → Savannah,route
categorical__route_Fresno → San Francisco,0.0,route_Fresno → San Francisco,route
categorical__route_Fresno → San Antonio,0.0,route_Fresno → San Antonio,route
categorical__route_Fresno → Salt Lake City,0.0,route_Fresno → Salt Lake City,route
categorical__route_Fresno → Richmond,0.0,route_Fresno → Richmond,route
categorical__route_Fresno → Reno,0.0,route_Fresno → Reno,route
categorical__route_Fresno → Raleigh,0.0,route_Fresno → Raleigh,route
categorical__route_Fresno → Providence,0.0,route_Fresno → Providence,route
categorical__route_Fresno → Phoenix,0.0,route_Fresno → Phoenix,route
categorical__route_Grand Rapids → Chattanooga,0.0,route_Grand Rapids → Chattanooga,route
categorical__route_Grand Rapids → Charleston,0.0,route_Grand Rapids → Charleston,route
categorical__route_Grand Rapids → Buffalo,0.0,route_Grand Rapids → Buffalo,route
categorical__route_Grand Rapids → Birmingham,0.0,route_Grand Rapids → Birmingham,route
categorical__route_Grand Rapids → Bakersfield,0.0,route_Grand Rapids → Bakersfield,route
categorical__route_Grand Rapids → Austin,0.0,route_Grand Rapids → Austin,route
categorical__route_Grand Rapids → Atlanta,0.0,route_Grand Rapids → Atlanta,route
categorical__route_Grand Rapids → Amarillo,0.0,route_Grand Rapids → Amarillo,route
categorical__route_Grand Rapids → Albuquerque,0.0,route_Grand Rapids → Albuquerque,route
categorical__route_Grand Rapids → Albany,0.0,route_Grand Rapids → Albany,route
categorical__route_Fresno → Washington,0.0,route_Fresno → Washington,route
categorical__route_Grand Rapids → Lexington,0.0,route_Grand Rapids → Lexington,route
categorical__route_Grand Rapids → Las Vegas,0.0,route_Grand Rapids → Las Vegas,route
categorical__route_Grand Rapids → Kansas City,0.0,route_Grand Rapids → Kansas City,route
categorical__route_Grand Rapids → Jacksonville,0.0,route_Grand Rapids → Jacksonville,route
categorical__route_Grand Rapids → Indianapolis,0.0,route_Grand Rapids → Indianapolis,route
categorical__route_Grand Rapids → Houston,0.0,route_Grand Rapids → Houston,route
categorical__route_Grand Rapids → Hartford,0.0,route_Grand Rapids → Hartford,route
categorical__route_Grand Rapids → Harrisburg,0.0,route_Grand Rapids → Harrisburg,route
categorical__route_Grand Rapids → Fresno,0.0,route_Grand Rapids → Fresno,route
categorical__route_Grand Rapids → El Paso,0.0,route_Grand Rapids → El Paso,route
categorical__route_Grand Rapids → Detroit,0.0,route_Grand Rapids → Detroit,route
categorical__route_Grand Rapids → Dayton,0.0,route_Grand Rapids → Dayton,route
categorical__route_Grand Rapids → Corpus Christi,0.0,route_Grand Rapids → Corpus Christi,route
categorical__route_Grand Rapids → Providence,0.0,route_Grand Rapids → Providence,route
categorical__route_Grand Rapids → Phoenix,0.0,route_Grand Rapids → Phoenix,route
categorical__route_Grand Rapids → Philadelphia,0.0,route_Grand Rapids → Philadelphia,route
categorical__route_Grand Rapids → Oklahoma City,0.0,route_Grand Rapids → Oklahoma City,route
categorical__route_Grand Rapids → New York,0.0,route_Grand Rapids → New York,route
categorical__route_Grand Rapids → Nashville,0.0,route_Grand Rapids → Nashville,route
categorical__route_Grand Rapids → Montgomery,0.0,route_Grand Rapids → Montgomery,route
categorical__route_Grand Rapids → Mobile,0.0,route_Grand Rapids → Mobile,route
categorical__route_Grand Rapids → Milwaukee,0.0,route_Grand Rapids → Milwaukee,route
categorical__route_Grand Rapids → Madison,0.0,route_Grand Rapids → Madison,route
categorical__route_Grand Rapids → Lubbock,0.0,route_Grand Rapids → Lubbock,route
categorical__route_Grand Rapids → Louisville,0.0,route_Grand Rapids → Louisville,route
categorical__route_Grand Rapids → Los Angeles,0.0,route_Grand Rapids → Los Angeles,route
categorical__route_Grand Rapids → Little Rock,0.0,route_Grand Rapids → Little Rock,route
categorical__route_Green Bay → Albany,0.0,route_Green Bay → Albany,route
categorical__route_Grand Rapids → Washington,0.0,route_Grand Rapids → Washington,route
categorical__route_Grand Rapids → Tulsa,0.0,route_Grand Rapids → Tulsa,route
categorical__route_Grand Rapids → Tucson,0.0,route_Grand Rapids → Tucson,route
categorical__route_Grand Rapids → Toledo,0.0,route_Grand Rapids → Toledo,route
categorical__route_Grand Rapids → Tampa,0.0,route_Grand Rapids → Tampa,route
categorical__route_Grand Rapids → Syracuse,0.0,route_Grand Rapids → Syracuse,route
categorical__route_Grand Rapids → St. Louis,0.0,route_Grand Rapids → St. Louis,route
categorical__route_Grand Rapids → Shreveport,0.0,route_Grand Rapids → Shreveport,route
categorical__route_Grand Rapids → Savannah,0.0,route_Grand Rapids → Savannah,route
categorical__route_Grand Rapids → San Francisco,0.0,route_Grand Rapids → San Francisco,route
categorical__route_Grand Rapids → San Antonio,0.0,route_Grand Rapids → San Antonio,route
categorical__route_Grand Rapids → Salt Lake City,0.0,route_Grand Rapids → Salt Lake City,route
categorical__route_Grand Rapids → Richmond,0.0,route_Grand Rapids → Richmond,route
categorical__route_Grand Rapids → Raleigh,0.0,route_Grand Rapids → Raleigh,route
categorical__route_Green Bay → Dallas,0.0,route_Green Bay → Dallas,route
categorical__route_Green Bay → Corpus Christi,0.0,route_Green Bay → Corpus Christi,route
categorical__route_Green Bay → Columbia,0.0,route_Green Bay → Columbia,route
categorical__route_Green Bay → Cincinnati,0.0,route_Green Bay → Cincinnati,route
categorical__route_Green Bay → Chattanooga,0.0,route_Green Bay → Chattanooga,route
categorical__route_Green Bay → Charleston,0.0,route_Green Bay → Charleston,route
categorical__route_Green Bay → Buffalo,0.0,route_Green Bay → Buffalo,route
categorical__route_Green Bay → Boston,0.0,route_Green Bay → Boston,route
categorical__route_Green Bay → Birmingham,0.0,route_Green Bay → Birmingham,route
categorical__route_Green Bay → Baton Rouge,0.0,route_Green Bay → Baton Rouge,route
categorical__route_Green Bay → Baltimore,0.0,route_Green Bay → Baltimore,route
categorical__route_Green Bay → Bakersfield,0.0,route_Green Bay → Bakersfield,route
categorical__route_Green Bay → Austin,0.0,route_Green Bay → Austin,route
categorical__route_Green Bay → Albuquerque,0.0,route_Green Bay → Albuquerque,route
categorical__route_Green Bay → Little Rock,0.0,route_Green Bay → Little Rock,route
categorical__route_Green Bay → Lexington,0.0,route_Green Bay → Lexington,route
categorical__route_Green Bay → Las Vegas,0.0,route_Green Bay → Las Vegas,route
categorical__route_Green Bay → Kansas City,0.0,route_Green Bay → Kansas City,route
categorical__route_Green Bay → Indianapolis,0.0,route_Green Bay → Indianapolis,route
categorical__route_Green Bay → Hartford,0.0,route_Green Bay → Hartford,route
categorical__route_Green Bay → Harrisburg,0.0,route_Green Bay → Harrisburg,route
categorical__route_Green Bay → Greensboro,0.0,route_Green Bay → Greensboro,route
categorical__route_Green Bay → Grand Rapids,0.0,route_Green Bay → Grand Rapids,route
categorical__route_Green Bay → Fresno,0.0,route_Green Bay → Fresno,route
categorical__route_Green Bay → Fort Wayne,0.0,route_Green Bay → Fort Wayne,route
categorical__route_Green Bay → El Paso,0.0,route_Green Bay → El Paso,route
categorical__route_Green Bay → Detroit,0.0,route_Green Bay → Detroit,route
categorical__route_Amarillo → San Antonio,0.0,route_Amarillo → San Antonio,route
categorical__route_Atlanta → Fort Wayne,0.0,route_Atlanta → Fort Wayne,route
categorical__route_Atlanta → El Paso,0.0,route_Atlanta → El Paso,route
categorical__route_Atlanta → Detroit,0.0,route_Atlanta → Detroit,route
categorical__route_Atlanta → Dayton,0.0,route_Atlanta → Dayton,route
categorical__route_Atlanta → Dallas,0.0,route_Atlanta → Dallas,route
categorical__route_Atlanta → Corpus Christi,0.0,route_Atlanta → Corpus Christi,route
categorical__route_Atlanta → Columbia,0.0,route_Atlanta → Columbia,route
categorical__route_Atlanta → Cincinnati,0.0,route_Atlanta → Cincinnati,route
categorical__route_Atlanta → Chattanooga,0.0,route_Atlanta → Chattanooga,route
categorical__route_Atlanta → Charleston,0.0,route_Atlanta → Charleston,route
categorical__route_Atlanta → Buffalo,0.0,route_Atlanta → Buffalo,route
categorical__route_Atlanta → Boston,0.0,route_Atlanta → Boston,route
categorical__route_Atlanta → Birmingham,0.0,route_Atlanta → Birmingham,route
categorical__route_Green Bay → Dayton,0.0,route_Green Bay → Dayton,route
categorical__route_Green Bay → Raleigh,0.0,route_Green Bay → Raleigh,route
categorical__route_Green Bay → Providence,0.0,route_Green Bay → Providence,route
categorical__route_Green Bay → Phoenix,0.0,route_Green Bay → Phoenix,route
categorical__route_Green Bay → Philadelphia,0.0,route_Green Bay → Philadelphia,route
categorical__route_Green Bay → Oklahoma City,0.0,route_Green Bay → Oklahoma City,route
categorical__route_Green Bay → New York,0.0,route_Green Bay → New York,route
categorical__route_Green Bay → New Orleans,0.0,route_Green Bay → New Orleans,route
categorical__route_Green Bay → Nashville,0.0,route_Green Bay → Nashville,route
categorical__route_Green Bay → Montgomery,0.0,route_Green Bay → Montgomery,route
categorical__route_Green Bay → Memphis,0.0,route_Green Bay → Memphis,route
categorical__route_Green Bay → Madison,0.0,route_Green Bay → Madison,route
categorical__route_Green Bay → Louisville,0.0,route_Green Bay → Louisville,route
categorical__route_Green Bay → Los Angeles,0.0,route_Green Bay → Los Angeles,route
categorical__route_Greensboro → Albuquerque,0.0,route_Greensboro → Albuquerque,route
categorical__route_Greensboro → Albany,0.0,route_Greensboro → Albany,route
categorical__route_Green Bay → Tulsa,0.0,route_Green Bay → Tulsa,route
categorical__route_Green Bay → Tucson,0.0,route_Green Bay → Tucson,route
categorical__route_Green Bay → Toledo,0.0,route_Green Bay → Toledo,route
categorical__route_Green Bay → Tampa,0.0,route_Green Bay → Tampa,route
categorical__route_Green Bay → St. Louis,0.0,route_Green Bay → St. Louis,route
categorical__route_Green Bay → Savannah,0.0,route_Green Bay → Savannah,route
categorical__route_Green Bay → San Francisco,0.0,route_Green Bay → San Francisco,route
categorical__route_Green Bay → San Antonio,0.0,route_Green Bay → San Antonio,route
categorical__route_Green Bay → Salt Lake City,0.0,route_Green Bay → Salt Lake City,route
categorical__route_Green Bay → Reno,0.0,route_Green Bay → Reno,route
categorical__route_Greensboro → Dayton,0.0,route_Greensboro → Dayton,route
categorical__route_Greensboro → Dallas,0.0,route_Greensboro → Dallas,route
categorical__route_Greensboro → Corpus Christi,0.0,route_Greensboro → Corpus Christi,route
categorical__route_Greensboro → Columbia,0.0,route_Greensboro → Columbia,route
categorical__route_Greensboro → Chattanooga,0.0,route_Greensboro → Chattanooga,route
categorical__route_Greensboro → Buffalo,0.0,route_Greensboro → Buffalo,route
categorical__route_Greensboro → Boston,0.0,route_Greensboro → Boston,route
categorical__route_Greensboro → Birmingham,0.0,route_Greensboro → Birmingham,route
categorical__route_Greensboro → Baltimore,0.0,route_Greensboro → Baltimore,route
categorical__route_Greensboro → Bakersfield,0.0,route_Greensboro → Bakersfield,route
categorical__route_Greensboro → Austin,0.0,route_Greensboro → Austin,route
categorical__route_Greensboro → Atlanta,0.0,route_Greensboro → Atlanta,route
categorical__route_Greensboro → Amarillo,0.0,route_Greensboro → Amarillo,route
categorical__route_Greensboro → Los Angeles,0.0,route_Greensboro → Los Angeles,route
categorical__route_Greensboro → Lexington,0.0,route_Greensboro → Lexington,route
categorical__route_Greensboro → Las Vegas,0.0,route_Greensboro → Las Vegas,route
categorical__route_Greensboro → Kansas City,0.0,route_Greensboro → Kansas City,route
categorical__route_Greensboro → Jacksonville,0.0,route_Greensboro → Jacksonville,route
categorical__route_Greensboro → Indianapolis,0.0,route_Greensboro → Indianapolis,route
categorical__route_Greensboro → Houston,0.0,route_Greensboro → Houston,route
categorical__route_Greensboro → Hartford,0.0,route_Greensboro → Hartford,route
categorical__route_Greensboro → Harrisburg,0.0,route_Greensboro → Harrisburg,route
categorical__route_Greensboro → Green Bay,0.0,route_Greensboro → Green Bay,route
categorical__route_Greensboro → Fresno,0.0,route_Greensboro → Fresno,route
categorical__route_Greensboro → Fort Wayne,0.0,route_Greensboro → Fort Wayne,route
categorical__route_Greensboro → El Paso,0.0,route_Greensboro → El Paso,route
categorical__route_Greensboro → Detroit,0.0,route_Greensboro → Detroit,route
categorical__route_Greensboro → Reno,0.0,route_Greensboro → Reno,route
categorical__route_Greensboro → Raleigh,0.0,route_Greensboro → Raleigh,route
categorical__route_Greensboro → Providence,0.0,route_Greensboro → Providence,route
categorical__route_Greensboro → Philadelphia,0.0,route_Greensboro → Philadelphia,route
categorical__route_Greensboro → Oklahoma City,0.0,route_Greensboro → Oklahoma City,route
categorical__route_Greensboro → New York,0.0,route_Greensboro → New York,route
categorical__route_Greensboro → New Orleans,0.0,route_Greensboro → New Orleans,route
categorical__route_Greensboro → Nashville,0.0,route_Greensboro → Nashville,route
categorical__route_Greensboro → Montgomery,0.0,route_Greensboro → Montgomery,route
categorical__route_Greensboro → Mobile,0.0,route_Greensboro → Mobile,route
categorical__route_Greensboro → Memphis,0.0,route_Greensboro → Memphis,route
categorical__route_Greensboro → Louisville,0.0,route_Greensboro → Louisville,route
categorical__route_Harrisburg → Amarillo,0.0,route_Harrisburg → Amarillo,route
categorical__route_Harrisburg → Albuquerque,0.0,route_Harrisburg → Albuquerque,route
categorical__route_Harrisburg → Albany,0.0,route_Harrisburg → Albany,route
categorical__route_Greensboro → Washington,0.0,route_Greensboro → Washington,route
categorical__route_Greensboro → Tucson,0.0,route_Greensboro → Tucson,route
categorical__route_Greensboro → Toledo,0.0,route_Greensboro → Toledo,route
categorical__route_Greensboro → Tampa,0.0,route_Greensboro → Tampa,route
categorical__route_Greensboro → St. Louis,0.0,route_Greensboro → St. Louis,route
categorical__route_Greensboro → Shreveport,0.0,route_Greensboro → Shreveport,route
categorical__route_Greensboro → Savannah,0.0,route_Greensboro → Savannah,route
categorical__route_Greensboro → San Francisco,0.0,route_Greensboro → San Francisco,route
categorical__route_Greensboro → San Antonio,0.0,route_Greensboro → San Antonio,route
categorical__route_Greensboro → Salt Lake City,0.0,route_Greensboro → Salt Lake City,route
categorical__route_Greensboro → Richmond,0.0,route_Greensboro → Richmond,route
categorical__route_Harrisburg → Detroit,0.0,route_Harrisburg → Detroit,route
categorical__route_Harrisburg → Dayton,0.0,route_Harrisburg → Dayton,route
categorical__route_Harrisburg → Dallas,0.0,route_Harrisburg → Dallas,route
categorical__route_Harrisburg → Corpus Christi,0.0,route_Harrisburg → Corpus Christi,route
categorical__route_Harrisburg → Columbia,0.0,route_Harrisburg → Columbia,route
categorical__route_Harrisburg → Cincinnati,0.0,route_Harrisburg → Cincinnati,route
categorical__route_Harrisburg → Charleston,0.0,route_Harrisburg → Charleston,route
categorical__route_Harrisburg → Buffalo,0.0,route_Harrisburg → Buffalo,route
categorical__route_Harrisburg → Boston,0.0,route_Harrisburg → Boston,route
categorical__route_Harrisburg → Birmingham,0.0,route_Harrisburg → Birmingham,route
categorical__route_Harrisburg → Baton Rouge,0.0,route_Harrisburg → Baton Rouge,route
categorical__route_Harrisburg → Baltimore,0.0,route_Harrisburg → Baltimore,route
categorical__route_Harrisburg → Bakersfield,0.0,route_Harrisburg → Bakersfield,route
categorical__route_Harrisburg → Austin,0.0,route_Harrisburg → Austin,route
categorical__route_Harrisburg → Atlanta,0.0,route_Harrisburg → Atlanta,route
categorical__route_Harrisburg → Louisville,0.0,route_Harrisburg → Louisville,route
categorical__route_Harrisburg → Los Angeles,0.0,route_Harrisburg → Los Angeles,route
categorical__route_Harrisburg → Little Rock,0.0,route_Harrisburg → Little Rock,route
categorical__route_Harrisburg → Lexington,0.0,route_Harrisburg → Lexington,route
categorical__route_Harrisburg → Las Vegas,0.0,route_Harrisburg → Las Vegas,route
categorical__route_Harrisburg → Jacksonville,0.0,route_Harrisburg → Jacksonville,route
categorical__route_Harrisburg → Indianapolis,0.0,route_Harrisburg → Indianapolis,route
categorical__route_Harrisburg → Houston,0.0,route_Harrisburg → Houston,route
categorical__route_Harrisburg → Hartford,0.0,route_Harrisburg → Hartford,route
categorical__route_Harrisburg → Greensboro,0.0,route_Harrisburg → Greensboro,route
categorical__route_Harrisburg → Green Bay,0.0,route_Harrisburg → Green Bay,route
categorical__route_Harrisburg → Grand Rapids,0.0,route_Harrisburg → Grand Rapids,route
categorical__route_Harrisburg → Fresno,0.0,route_Harrisburg → Fresno,route
categorical__route_Harrisburg → Fort Wayne,0.0,route_Harrisburg → Fort Wayne,route
categorical__route_Harrisburg → El Paso,0.0,route_Harrisburg → El Paso,route
categorical__route_Harrisburg → Salt Lake City,0.0,route_Harrisburg → Salt Lake City,route
categorical__route_Harrisburg → Richmond,0.0,route_Harrisburg → Richmond,route
categorical__route_Harrisburg → Reno,0.0,route_Harrisburg → Reno,route
categorical__route_Harrisburg → Raleigh,0.0,route_Harrisburg → Raleigh,route
categorical__route_Harrisburg → Providence,0.0,route_Harrisburg → Providence,route
categorical__route_Harrisburg → Phoenix,0.0,route_Harrisburg → Phoenix,route
categorical__route_Harrisburg → Philadelphia,0.0,route_Harrisburg → Philadelphia,route
categorical__route_Harrisburg → New York,0.0,route_Harrisburg → New York,route
categorical__route_Harrisburg → New Orleans,0.0,route_Harrisburg → New Orleans,route
categorical__route_Harrisburg → Nashville,0.0,route_Harrisburg → Nashville,route
categorical__route_Harrisburg → Montgomery,0.0,route_Harrisburg → Montgomery,route
categorical__route_Harrisburg → Mobile,0.0,route_Harrisburg → Mobile,route
categorical__route_Harrisburg → Milwaukee,0.0,route_Harrisburg → Milwaukee,route
categorical__route_Harrisburg → Memphis,0.0,route_Harrisburg → Memphis,route
categorical__route_Harrisburg → Lubbock,0.0,route_Harrisburg → Lubbock,route
categorical__route_Hartford → Austin,0.0,route_Hartford → Austin,route
categorical__route_Hartford → Atlanta,0.0,route_Hartford → Atlanta,route
categorical__route_Hartford → Amarillo,0.0,route_Hartford → Amarillo,route
categorical__route_Hartford → Albuquerque,0.0,route_Hartford → Albuquerque,route
categorical__route_Hartford → Albany,0.0,route_Hartford → Albany,route
categorical__route_Harrisburg → Washington,0.0,route_Harrisburg → Washington,route
categorical__route_Harrisburg → Tucson,0.0,route_Harrisburg → Tucson,route
categorical__route_Harrisburg → Toledo,0.0,route_Harrisburg → Toledo,route
categorical__route_Harrisburg → Tampa,0.0,route_Harrisburg → Tampa,route
categorical__route_Harrisburg → Syracuse,0.0,route_Harrisburg → Syracuse,route
categorical__route_Harrisburg → St. Louis,0.0,route_Harrisburg → St. Louis,route
categorical__route_Harrisburg → Shreveport,0.0,route_Harrisburg → Shreveport,route
categorical__route_Harrisburg → San Francisco,0.0,route_Harrisburg → San Francisco,route
categorical__route_Harrisburg → San Antonio,0.0,route_Harrisburg → San Antonio,route
categorical__route_Hartford → Fort Wayne,0.0,route_Hartford → Fort Wayne,route
categorical__route_Hartford → El Paso,0.0,route_Hartford → El Paso,route
categorical__route_Hartford → Detroit,0.0,route_Hartford → Detroit,route
categorical__route_Hartford → Dayton,0.0,route_Hartford → Dayton,route
categorical__route_Hartford → Dallas,0.0,route_Hartford → Dallas,route
categorical__route_Hartford → Corpus Christi,0.0,route_Hartford → Corpus Christi,route
categorical__route_Hartford → Columbia,0.0,route_Hartford → Columbia,route
categorical__route_Hartford → Cincinnati,0.0,route_Hartford → Cincinnati,route
categorical__route_Hartford → Chattanooga,0.0,route_Hartford → Chattanooga,route
categorical__route_Hartford → Charleston,0.0,route_Hartford → Charleston,route
categorical__route_Hartford → Buffalo,0.0,route_Hartford → Buffalo,route
categorical__route_Hartford → Boston,0.0,route_Hartford → Boston,route
categorical__route_Hartford → Birmingham,0.0,route_Hartford → Birmingham,route
categorical__route_Hartford → Baton Rouge,0.0,route_Hartford → Baton Rouge,route
categorical__route_Hartford → Bakersfield,0.0,route_Hartford → Bakersfield,route
categorical__route_Hartford → Madison,0.0,route_Hartford → Madison,route
categorical__route_Hartford → Lubbock,0.0,route_Hartford → Lubbock,route
categorical__route_Hartford → Louisville,0.0,route_Hartford → Louisville,route
categorical__route_Hartford → Los Angeles,0.0,route_Hartford → Los Angeles,route
categorical__route_Hartford → Lexington,0.0,route_Hartford → Lexington,route
categorical__route_Hartford → Las Vegas,0.0,route_Hartford → Las Vegas,route
categorical__route_Hartford → Kansas City,0.0,route_Hartford → Kansas City,route
categorical__route_Hartford → Jacksonville,0.0,route_Hartford → Jacksonville,route
categorical__route_Hartford → Indianapolis,0.0,route_Hartford → Indianapolis,route
categorical__route_Hartford → Houston,0.0,route_Hartford → Houston,route
categorical__route_Hartford → Harrisburg,0.0,route_Hartford → Harrisburg,route
categorical__route_Hartford → Green Bay,0.0,route_Hartford → Green Bay,route
categorical__route_Hartford → Grand Rapids,0.0,route_Hartford → Grand Rapids,route
categorical__route_Hartford → Fresno,0.0,route_Hartford → Fresno,route
categorical__route_Hartford → San Antonio,0.0,route_Hartford → San Antonio,route
categorical__route_Hartford → Salt Lake City,0.0,route_Hartford → Salt Lake City,route
categorical__route_Hartford → Richmond,0.0,route_Hartford → Richmond,route
categorical__route_Hartford → Raleigh,0.0,route_Hartford → Raleigh,route
categorical__route_Hartford → Providence,0.0,route_Hartford → Providence,route
categorical__route_Hartford → Phoenix,0.0,route_Hartford → Phoenix,route
categorical__route_Hartford → Philadelphia,0.0,route_Hartford → Philadelphia,route
categorical__route_Hartford → New Orleans,0.0,route_Hartford → New Orleans,route
categorical__route_Hartford → Nashville,0.0,route_Hartford → Nashville,route
categorical__route_Hartford → Montgomery,0.0,route_Hartford → Montgomery,route
categorical__route_Hartford → Milwaukee,0.0,route_Hartford → Milwaukee,route
categorical__route_Amarillo → Madison,0.0,route_Amarillo → Madison,route
categorical__route_Atlanta → Bakersfield,0.0,route_Atlanta → Bakersfield,route
categorical__route_Atlanta → Austin,0.0,route_Atlanta → Austin,route
categorical__route_Atlanta → Amarillo,0.0,route_Atlanta → Amarillo,route
categorical__route_Atlanta → Albuquerque,0.0,route_Atlanta → Albuquerque,route
categorical__route_Atlanta → Albany,0.0,route_Atlanta → Albany,route
categorical__route_Amarillo → Washington,0.0,route_Amarillo → Washington,route
categorical__route_Amarillo → Tulsa,0.0,route_Amarillo → Tulsa,route
categorical__route_Amarillo → Tucson,0.0,route_Amarillo → Tucson,route
categorical__route_Amarillo → Toledo,0.0,route_Amarillo → Toledo,route
categorical__route_Amarillo → Tampa,0.0,route_Amarillo → Tampa,route
categorical__route_Amarillo → Syracuse,0.0,route_Amarillo → Syracuse,route
categorical__route_Amarillo → St. Louis,0.0,route_Amarillo → St. Louis,route
categorical__route_Amarillo → Shreveport,0.0,route_Amarillo → Shreveport,route
categorical__route_Amarillo → Savannah,0.0,route_Amarillo → Savannah,route
categorical__route_Amarillo → San Francisco,0.0,route_Amarillo → San Francisco,route
categorical__route_Houston → Austin,0.0,route_Houston → Austin,route
categorical__route_Houston → Atlanta,0.0,route_Houston → Atlanta,route
categorical__route_Houston → Amarillo,0.0,route_Houston → Amarillo,route
categorical__route_Houston → Albuquerque,0.0,route_Houston → Albuquerque,route
categorical__route_Houston → Albany,0.0,route_Houston → Albany,route
categorical__route_Hartford → Washington,0.0,route_Hartford → Washington,route
categorical__route_Hartford → Tulsa,0.0,route_Hartford → Tulsa,route
categorical__route_Hartford → Toledo,0.0,route_Hartford → Toledo,route
categorical__route_Hartford → Tampa,0.0,route_Hartford → Tampa,route
categorical__route_Hartford → Syracuse,0.0,route_Hartford → Syracuse,route
categorical__route_Hartford → St. Louis,0.0,route_Hartford → St. Louis,route
categorical__route_Hartford → Shreveport,0.0,route_Hartford → Shreveport,route
categorical__route_Hartford → San Francisco,0.0,route_Hartford → San Francisco,route
categorical__route_Houston → Fresno,0.0,route_Houston → Fresno,route
categorical__route_Houston → Fort Wayne,0.0,route_Houston → Fort Wayne,route
categorical__route_Houston → El Paso,0.0,route_Houston → El Paso,route
categorical__route_Houston → Detroit,0.0,route_Houston → Detroit,route
categorical__route_Houston → Dayton,0.0,route_Houston → Dayton,route
categorical__route_Houston → Dallas,0.0,route_Houston → Dallas,route
categorical__route_Houston → Corpus Christi,0.0,route_Houston → Corpus Christi,route
categorical__route_Houston → Columbia,0.0,route_Houston → Columbia,route
categorical__route_Houston → Cincinnati,0.0,route_Houston → Cincinnati,route
categorical__route_Houston → Chattanooga,0.0,route_Houston → Chattanooga,route
categorical__route_Houston → Charleston,0.0,route_Houston → Charleston,route
categorical__route_Houston → Buffalo,0.0,route_Houston → Buffalo,route
categorical__route_Houston → Boston,0.0,route_Houston → Boston,route
categorical__route_Houston → Birmingham,0.0,route_Houston → Birmingham,route
categorical__route_Houston → Baltimore,0.0,route_Houston → Baltimore,route
categorical__route_Houston → Memphis,0.0,route_Houston → Memphis,route
categorical__route_Houston → Madison,0.0,route_Houston → Madison,route
categorical__route_Houston → Lubbock,0.0,route_Houston → Lubbock,route
categorical__route_Houston → Louisville,0.0,route_Houston → Louisville,route
categorical__route_Houston → Los Angeles,0.0,route_Houston → Los Angeles,route
categorical__route_Houston → Little Rock,0.0,route_Houston → Little Rock,route
categorical__route_Houston → Lexington,0.0,route_Houston → Lexington,route
categorical__route_Houston → Las Vegas,0.0,route_Houston → Las Vegas,route
categorical__route_Houston → Kansas City,0.0,route_Houston → Kansas City,route
categorical__route_Houston → Jacksonville,0.0,route_Houston → Jacksonville,route
categorical__route_Houston → Indianapolis,0.0,route_Houston → Indianapolis,route
categorical__route_Houston → Hartford,0.0,route_Houston → Hartford,route
categorical__route_Houston → Harrisburg,0.0,route_Houston → Harrisburg,route
categorical__route_Houston → Greensboro,0.0,route_Houston → Greensboro,route
categorical__route_Houston → Green Bay,0.0,route_Houston → Green Bay,route
categorical__route_Houston → Grand Rapids,0.0,route_Houston → Grand Rapids,route
categorical__route_Houston → San Francisco,0.0,route_Houston → San Francisco,route
categorical__route_Houston → San Antonio,0.0,route_Houston → San Antonio,route
categorical__route_Houston → Salt Lake City,0.0,route_Houston → Salt Lake City,route
categorical__route_Houston → Richmond,0.0,route_Houston → Richmond,route
categorical__route_Houston → Reno,0.0,route_Houston → Reno,route
categorical__route_Houston → Raleigh,0.0,route_Houston → Raleigh,route
categorical__route_Houston → Providence,0.0,route_Houston → Providence,route
categorical__route_Houston → Phoenix,0.0,route_Houston → Phoenix,route
categorical__route_Houston → Philadelphia,0.0,route_Houston → Philadelphia,route
categorical__route_Houston → Oklahoma City,0.0,route_Houston → Oklahoma City,route
categorical__route_Houston → New York,0.0,route_Houston → New York,route
categorical__route_Houston → New Orleans,0.0,route_Houston → New Orleans,route
categorical__route_Houston → Nashville,0.0,route_Houston → Nashville,route
categorical__route_Houston → Montgomery,0.0,route_Houston → Montgomery,route
categorical__route_Houston → Mobile,0.0,route_Houston → Mobile,route
categorical__route_Houston → Milwaukee,0.0,route_Houston → Milwaukee,route
categorical__route_Indianapolis → Baltimore,0.0,route_Indianapolis → Baltimore,route
categorical__route_Indianapolis → Bakersfield,0.0,route_Indianapolis → Bakersfield,route
categorical__route_Indianapolis → Austin,0.0,route_Indianapolis → Austin,route
categorical__route_Indianapolis → Atlanta,0.0,route_Indianapolis → Atlanta,route
categorical__route_Indianapolis → Albuquerque,0.0,route_Indianapolis → Albuquerque,route
categorical__route_Indianapolis → Albany,0.0,route_Indianapolis → Albany,route
categorical__route_Houston → Washington,0.0,route_Houston → Washington,route
categorical__route_Houston → Tulsa,0.0,route_Houston → Tulsa,route
categorical__route_Houston → Toledo,0.0,route_Houston → Toledo,route
categorical__route_Houston → Tampa,0.0,route_Houston → Tampa,route
categorical__route_Houston → Syracuse,0.0,route_Houston → Syracuse,route
categorical__route_Houston → St. Louis,0.0,route_Houston → St. Louis,route
categorical__route_Houston → Shreveport,0.0,route_Houston → Shreveport,route
categorical__route_Houston → Savannah,0.0,route_Houston → Savannah,route
categorical__route_Indianapolis → Grand Rapids,0.0,route_Indianapolis → Grand Rapids,route
categorical__route_Indianapolis → Fresno,0.0,route_Indianapolis → Fresno,route
categorical__route_Indianapolis → Fort Wayne,0.0,route_Indianapolis → Fort Wayne,route
categorical__route_Indianapolis → El Paso,0.0,route_Indianapolis → El Paso,route
categorical__route_Indianapolis → Detroit,0.0,route_Indianapolis → Detroit,route
categorical__route_Indianapolis → Dayton,0.0,route_Indianapolis → Dayton,route
categorical__route_Indianapolis → Dallas,0.0,route_Indianapolis → Dallas,route
categorical__route_Indianapolis → Corpus Christi,0.0,route_Indianapolis → Corpus Christi,route
categorical__route_Indianapolis → Columbia,0.0,route_Indianapolis → Columbia,route
categorical__route_Indianapolis → Chattanooga,0.0,route_Indianapolis → Chattanooga,route
categorical__route_Indianapolis → Charleston,0.0,route_Indianapolis → Charleston,route
categorical__route_Indianapolis → Boston,0.0,route_Indianapolis → Boston,route
categorical__route_Indianapolis → Birmingham,0.0,route_Indianapolis → Birmingham,route
categorical__route_Indianapolis → Baton Rouge,0.0,route_Indianapolis → Baton Rouge,route
categorical__route_Indianapolis → Mobile,0.0,route_Indianapolis → Mobile,route
categorical__route_Indianapolis → Milwaukee,0.0,route_Indianapolis → Milwaukee,route
categorical__route_Indianapolis → Memphis,0.0,route_Indianapolis → Memphis,route
categorical__route_Indianapolis → Madison,0.0,route_Indianapolis → Madison,route
categorical__route_Indianapolis → Lubbock,0.0,route_Indianapolis → Lubbock,route
categorical__route_Indianapolis → Louisville,0.0,route_Indianapolis → Louisville,route
categorical__route_Indianapolis → Los Angeles,0.0,route_Indianapolis → Los Angeles,route
categorical__route_Indianapolis → Little Rock,0.0,route_Indianapolis → Little Rock,route
categorical__route_Indianapolis → Lexington,0.0,route_Indianapolis → Lexington,route
categorical__route_Indianapolis → Kansas City,0.0,route_Indianapolis → Kansas City,route
categorical__route_Indianapolis → Jacksonville,0.0,route_Indianapolis → Jacksonville,route
categorical__route_Indianapolis → Houston,0.0,route_Indianapolis → Houston,route
categorical__route_Indianapolis → Hartford,0.0,route_Indianapolis → Hartford,route
categorical__route_Indianapolis → Harrisburg,0.0,route_Indianapolis → Harrisburg,route
categorical__route_Indianapolis → Greensboro,0.0,route_Indianapolis → Greensboro,route
categorical__route_Indianapolis → Green Bay,0.0,route_Indianapolis → Green Bay,route
categorical__route_Indianapolis → Shreveport,0.0,route_Indianapolis → Shreveport,route
categorical__route_Indianapolis → Savannah,0.0,route_Indianapolis → Savannah,route
categorical__route_Indianapolis → San Francisco,0.0,route_Indianapolis → San Francisco,route
categorical__route_Indianapolis → San Antonio,0.0,route_Indianapolis → San Antonio,route
categorical__route_Indianapolis → Salt Lake City,0.0,route_Indianapolis → Salt Lake City,route
categorical__route_Indianapolis → Reno,0.0,route_Indianapolis → Reno,route
categorical__route_Indianapolis → Raleigh,0.0,route_Indianapolis → Raleigh,route
categorical__route_Indianapolis → Providence,0.0,route_Indianapolis → Providence,route
categorical__route_Indianapolis → Phoenix,0.0,route_Indianapolis → Phoenix,route
categorical__route_Indianapolis → Oklahoma City,0.0,route_Indianapolis → Oklahoma City,route
categorical__route_Indianapolis → New York,0.0,route_Indianapolis → New York,route
categorical__route_Indianapolis → Nashville,0.0,route_Indianapolis → Nashville,route
categorical__route_Indianapolis → Montgomery,0.0,route_Indianapolis → Montgomery,route
categorical__route_Jacksonville → Birmingham,0.0,route_Jacksonville → Birmingham,route
categorical__route_Jacksonville → Baton Rouge,0.0,route_Jacksonville → Baton Rouge,route
categorical__route_Jacksonville → Bakersfield,0.0,route_Jacksonville → Bakersfield,route
categorical__route_Jacksonville → Austin,0.0,route_Jacksonville → Austin,route
categorical__route_Jacksonville → Atlanta,0.0,route_Jacksonville → Atlanta,route
categorical__route_Jacksonville → Amarillo,0.0,route_Jacksonville → Amarillo,route
categorical__route_Jacksonville → Albuquerque,0.0,route_Jacksonville → Albuquerque,route
categorical__route_Jacksonville → Albany,0.0,route_Jacksonville → Albany,route
categorical__route_Indianapolis → Washington,0.0,route_Indianapolis → Washington,route
categorical__route_Indianapolis → Tulsa,0.0,route_Indianapolis → Tulsa,route
categorical__route_Indianapolis → Tucson,0.0,route_Indianapolis → Tucson,route
categorical__route_Indianapolis → Toledo,0.0,route_Indianapolis → Toledo,route
categorical__route_Indianapolis → Tampa,0.0,route_Indianapolis → Tampa,route
categorical__route_Indianapolis → Syracuse,0.0,route_Indianapolis → Syracuse,route
categorical__route_Indianapolis → St. Louis,0.0,route_Indianapolis → St. Louis,route
categorical__route_Jacksonville → Greensboro,0.0,route_Jacksonville → Greensboro,route
categorical__route_Jacksonville → Green Bay,0.0,route_Jacksonville → Green Bay,route
categorical__route_Jacksonville → Grand Rapids,0.0,route_Jacksonville → Grand Rapids,route
categorical__route_Jacksonville → Fresno,0.0,route_Jacksonville → Fresno,route
categorical__route_Jacksonville → Fort Wayne,0.0,route_Jacksonville → Fort Wayne,route
categorical__route_Jacksonville → El Paso,0.0,route_Jacksonville → El Paso,route
categorical__route_Jacksonville → Dayton,0.0,route_Jacksonville → Dayton,route
categorical__route_Jacksonville → Dallas,0.0,route_Jacksonville → Dallas,route
categorical__route_Jacksonville → Cincinnati,0.0,route_Jacksonville → Cincinnati,route
categorical__route_Jacksonville → Chattanooga,0.0,route_Jacksonville → Chattanooga,route
categorical__route_Jacksonville → Charleston,0.0,route_Jacksonville → Charleston,route
categorical__route_Jacksonville → Buffalo,0.0,route_Jacksonville → Buffalo,route
categorical__route_Jacksonville → Boston,0.0,route_Jacksonville → Boston,route
categorical__route_Jacksonville → Montgomery,0.0,route_Jacksonville → Montgomery,route
categorical__route_Jacksonville → Mobile,0.0,route_Jacksonville → Mobile,route
categorical__route_Jacksonville → Milwaukee,0.0,route_Jacksonville → Milwaukee,route
categorical__route_Jacksonville → Memphis,0.0,route_Jacksonville → Memphis,route
categorical__route_Jacksonville → Madison,0.0,route_Jacksonville → Madison,route
categorical__route_Jacksonville → Lubbock,0.0,route_Jacksonville → Lubbock,route
categorical__route_Jacksonville → Louisville,0.0,route_Jacksonville → Louisville,route
categorical__route_Jacksonville → Los Angeles,0.0,route_Jacksonville → Los Angeles,route
categorical__route_Jacksonville → Lexington,0.0,route_Jacksonville → Lexington,route
categorical__route_Jacksonville → Las Vegas,0.0,route_Jacksonville → Las Vegas,route
categorical__route_Jacksonville → Kansas City,0.0,route_Jacksonville → Kansas City,route
categorical__route_Jacksonville → Indianapolis,0.0,route_Jacksonville → Indianapolis,route
categorical__route_Jacksonville → Houston,0.0,route_Jacksonville → Houston,route
categorical__route_Jacksonville → Hartford,0.0,route_Jacksonville → Hartford,route
categorical__route_Jacksonville → Harrisburg,0.0,route_Jacksonville → Harrisburg,route
categorical__route_Jacksonville → St. Louis,0.0,route_Jacksonville → St. Louis,route
categorical__route_Jacksonville → Savannah,0.0,route_Jacksonville → Savannah,route
categorical__route_Jacksonville → San Francisco,0.0,route_Jacksonville → San Francisco,route
categorical__route_Jacksonville → San Antonio,0.0,route_Jacksonville → San Antonio,route
categorical__route_Jacksonville → Salt Lake City,0.0,route_Jacksonville → Salt Lake City,route
categorical__route_Jacksonville → Richmond,0.0,route_Jacksonville → Richmond,route
categorical__route_Jacksonville → Reno,0.0,route_Jacksonville → Reno,route
categorical__route_Jacksonville → Raleigh,0.0,route_Jacksonville → Raleigh,route
categorical__route_Jacksonville → Providence,0.0,route_Jacksonville → Providence,route
categorical__route_Jacksonville → Phoenix,0.0,route_Jacksonville → Phoenix,route
categorical__route_Jacksonville → Philadelphia,0.0,route_Jacksonville → Philadelphia,route
categorical__route_Jacksonville → New York,0.0,route_Jacksonville → New York,route
categorical__route_Jacksonville → New Orleans,0.0,route_Jacksonville → New Orleans,route
categorical__route_Jacksonville → Nashville,0.0,route_Jacksonville → Nashville,route
categorical__route_Kansas City → Birmingham,0.0,route_Kansas City → Birmingham,route
categorical__route_Kansas City → Baton Rouge,0.0,route_Kansas City → Baton Rouge,route
categorical__route_Kansas City → Baltimore,0.0,route_Kansas City → Baltimore,route
categorical__route_Kansas City → Bakersfield,0.0,route_Kansas City → Bakersfield,route
categorical__route_Kansas City → Austin,0.0,route_Kansas City → Austin,route
categorical__route_Kansas City → Amarillo,0.0,route_Kansas City → Amarillo,route
categorical__route_Kansas City → Albuquerque,0.0,route_Kansas City → Albuquerque,route
categorical__route_Kansas City → Albany,0.0,route_Kansas City → Albany,route
categorical__route_Jacksonville → Washington,0.0,route_Jacksonville → Washington,route
categorical__route_Jacksonville → Tulsa,0.0,route_Jacksonville → Tulsa,route
categorical__route_Jacksonville → Tucson,0.0,route_Jacksonville → Tucson,route
categorical__route_Jacksonville → Toledo,0.0,route_Jacksonville → Toledo,route
categorical__route_Jacksonville → Tampa,0.0,route_Jacksonville → Tampa,route
categorical__route_Amarillo → Salt Lake City,0.0,route_Amarillo → Salt Lake City,route
categorical__route_Amarillo → Richmond,0.0,route_Amarillo → Richmond,route
categorical__route_Amarillo → Reno,0.0,route_Amarillo → Reno,route
categorical__route_Amarillo → Providence,0.0,route_Amarillo → Providence,route
categorical__route_Amarillo → Philadelphia,0.0,route_Amarillo → Philadelphia,route
categorical__route_Amarillo → Oklahoma City,0.0,route_Amarillo → Oklahoma City,route
categorical__route_Amarillo → New York,0.0,route_Amarillo → New York,route
categorical__route_Amarillo → New Orleans,0.0,route_Amarillo → New Orleans,route
categorical__route_Amarillo → Nashville,0.0,route_Amarillo → Nashville,route
categorical__route_Amarillo → Montgomery,0.0,route_Amarillo → Montgomery,route
categorical__route_Amarillo → Milwaukee,0.0,route_Amarillo → Milwaukee,route
categorical__route_Amarillo → Memphis,0.0,route_Amarillo → Memphis,route
categorical__route_Jacksonville → Syracuse,0.0,route_Jacksonville → Syracuse,route
categorical__route_Kansas City → Harrisburg,0.0,route_Kansas City → Harrisburg,route
categorical__route_Kansas City → Greensboro,0.0,route_Kansas City → Greensboro,route
categorical__route_Kansas City → Green Bay,0.0,route_Kansas City → Green Bay,route
categorical__route_Kansas City → Grand Rapids,0.0,route_Kansas City → Grand Rapids,route
categorical__route_Kansas City → Fresno,0.0,route_Kansas City → Fresno,route
categorical__route_Kansas City → El Paso,0.0,route_Kansas City → El Paso,route
categorical__route_Kansas City → Detroit,0.0,route_Kansas City → Detroit,route
categorical__route_Kansas City → Dayton,0.0,route_Kansas City → Dayton,route
categorical__route_Kansas City → Dallas,0.0,route_Kansas City → Dallas,route
categorical__route_Kansas City → Corpus Christi,0.0,route_Kansas City → Corpus Christi,route
categorical__route_Kansas City → Columbia,0.0,route_Kansas City → Columbia,route
categorical__route_Kansas City → Cincinnati,0.0,route_Kansas City → Cincinnati,route
categorical__route_Kansas City → Chattanooga,0.0,route_Kansas City → Chattanooga,route
categorical__route_Kansas City → Buffalo,0.0,route_Kansas City → Buffalo,route
categorical__route_Kansas City → Nashville,0.0,route_Kansas City → Nashville,route
categorical__route_Kansas City → Montgomery,0.0,route_Kansas City → Montgomery,route
categorical__route_Kansas City → Memphis,0.0,route_Kansas City → Memphis,route
categorical__route_Kansas City → Madison,0.0,route_Kansas City → Madison,route
categorical__route_Kansas City → Lubbock,0.0,route_Kansas City → Lubbock,route
categorical__route_Kansas City → Louisville,0.0,route_Kansas City → Louisville,route
categorical__route_Kansas City → Little Rock,0.0,route_Kansas City → Little Rock,route
categorical__route_Kansas City → Lexington,0.0,route_Kansas City → Lexington,route
categorical__route_Kansas City → Las Vegas,0.0,route_Kansas City → Las Vegas,route
categorical__route_Kansas City → Jacksonville,0.0,route_Kansas City → Jacksonville,route
categorical__route_Kansas City → Indianapolis,0.0,route_Kansas City → Indianapolis,route
categorical__route_Kansas City → Houston,0.0,route_Kansas City → Houston,route
categorical__route_Kansas City → Hartford,0.0,route_Kansas City → Hartford,route
categorical__route_Kansas City → St. Louis,0.0,route_Kansas City → St. Louis,route
categorical__route_Kansas City → Shreveport,0.0,route_Kansas City → Shreveport,route
categorical__route_Kansas City → Savannah,0.0,route_Kansas City → Savannah,route
categorical__route_Kansas City → San Francisco,0.0,route_Kansas City → San Francisco,route
categorical__route_Kansas City → San Antonio,0.0,route_Kansas City → San Antonio,route
categorical__route_Kansas City → Salt Lake City,0.0,route_Kansas City → Salt Lake City,route
categorical__route_Kansas City → Richmond,0.0,route_Kansas City → Richmond,route
categorical__route_Kansas City → Raleigh,0.0,route_Kansas City → Raleigh,route
categorical__route_Kansas City → Providence,0.0,route_Kansas City → Providence,route
categorical__route_Kansas City → Philadelphia,0.0,route_Kansas City → Philadelphia,route
categorical__route_Kansas City → Oklahoma City,0.0,route_Kansas City → Oklahoma City,route
categorical__route_Kansas City → New York,0.0,route_Kansas City → New York,route
categorical__route_Kansas City → New Orleans,0.0,route_Kansas City → New Orleans,route
categorical__route_Las Vegas → Charleston,0.0,route_Las Vegas → Charleston,route
categorical__route_Las Vegas → Buffalo,0.0,route_Las Vegas → Buffalo,route
categorical__route_Las Vegas → Boston,0.0,route_Las Vegas → Boston,route
categorical__route_Las Vegas → Baltimore,0.0,route_Las Vegas → Baltimore,route
categorical__route_Las Vegas → Bakersfield,0.0,route_Las Vegas → Bakersfield,route
categorical__route_Las Vegas → Austin,0.0,route_Las Vegas → Austin,route
categorical__route_Las Vegas → Atlanta,0.0,route_Las Vegas → Atlanta,route
categorical__route_Las Vegas → Amarillo,0.0,route_Las Vegas → Amarillo,route
categorical__route_Las Vegas → Albuquerque,0.0,route_Las Vegas → Albuquerque,route
categorical__route_Las Vegas → Albany,0.0,route_Las Vegas → Albany,route
categorical__route_Kansas City → Washington,0.0,route_Kansas City → Washington,route
categorical__route_Kansas City → Tulsa,0.0,route_Kansas City → Tulsa,route
categorical__route_Kansas City → Tucson,0.0,route_Kansas City → Tucson,route
categorical__route_Kansas City → Toledo,0.0,route_Kansas City → Toledo,route
categorical__route_Kansas City → Tampa,0.0,route_Kansas City → Tampa,route
categorical__route_Las Vegas → Houston,0.0,route_Las Vegas → Houston,route
categorical__route_Las Vegas → Hartford,0.0,route_Las Vegas → Hartford,route
categorical__route_Las Vegas → Harrisburg,0.0,route_Las Vegas → Harrisburg,route
categorical__route_Las Vegas → Greensboro,0.0,route_Las Vegas → Greensboro,route
categorical__route_Las Vegas → Green Bay,0.0,route_Las Vegas → Green Bay,route
categorical__route_Las Vegas → Fresno,0.0,route_Las Vegas → Fresno,route
categorical__route_Las Vegas → Fort Wayne,0.0,route_Las Vegas → Fort Wayne,route
categorical__route_Las Vegas → El Paso,0.0,route_Las Vegas → El Paso,route
categorical__route_Las Vegas → Detroit,0.0,route_Las Vegas → Detroit,route
categorical__route_Las Vegas → Dayton,0.0,route_Las Vegas → Dayton,route
categorical__route_Las Vegas → Dallas,0.0,route_Las Vegas → Dallas,route
categorical__route_Las Vegas → Corpus Christi,0.0,route_Las Vegas → Corpus Christi,route
categorical__route_Las Vegas → Columbia,0.0,route_Las Vegas → Columbia,route
categorical__route_Las Vegas → Cincinnati,0.0,route_Las Vegas → Cincinnati,route
categorical__route_Las Vegas → Chattanooga,0.0,route_Las Vegas → Chattanooga,route
categorical__route_Las Vegas → Oklahoma City,0.0,route_Las Vegas → Oklahoma City,route
categorical__route_Las Vegas → New York,0.0,route_Las Vegas → New York,route
categorical__route_Las Vegas → Nashville,0.0,route_Las Vegas → Nashville,route
categorical__route_Las Vegas → Montgomery,0.0,route_Las Vegas → Montgomery,route
categorical__route_Las Vegas → Mobile,0.0,route_Las Vegas → Mobile,route
categorical__route_Las Vegas → Milwaukee,0.0,route_Las Vegas → Milwaukee,route
categorical__route_Las Vegas → Memphis,0.0,route_Las Vegas → Memphis,route
categorical__route_Las Vegas → Madison,0.0,route_Las Vegas → Madison,route
categorical__route_Las Vegas → Lubbock,0.0,route_Las Vegas → Lubbock,route
categorical__route_Las Vegas → Louisville,0.0,route_Las Vegas → Louisville,route
categorical__route_Las Vegas → Los Angeles,0.0,route_Las Vegas → Los Angeles,route
categorical__route_Las Vegas → Little Rock,0.0,route_Las Vegas → Little Rock,route
categorical__route_Las Vegas → Lexington,0.0,route_Las Vegas → Lexington,route
categorical__route_Las Vegas → Kansas City,0.0,route_Las Vegas → Kansas City,route
categorical__route_Las Vegas → Jacksonville,0.0,route_Las Vegas → Jacksonville,route
categorical__route_Las Vegas → Indianapolis,0.0,route_Las Vegas → Indianapolis,route
categorical__route_Lexington → Albuquerque,0.0,route_Lexington → Albuquerque,route
categorical__route_Lexington → Albany,0.0,route_Lexington → Albany,route
categorical__route_Las Vegas → Tulsa,0.0,route_Las Vegas → Tulsa,route
categorical__route_Las Vegas → Tucson,0.0,route_Las Vegas → Tucson,route
categorical__route_Las Vegas → Toledo,0.0,route_Las Vegas → Toledo,route
categorical__route_Las Vegas → Tampa,0.0,route_Las Vegas → Tampa,route
categorical__route_Las Vegas → Syracuse,0.0,route_Las Vegas → Syracuse,route
categorical__route_Las Vegas → St. Louis,0.0,route_Las Vegas → St. Louis,route
categorical__route_Las Vegas → Shreveport,0.0,route_Las Vegas → Shreveport,route
categorical__route_Las Vegas → San Francisco,0.0,route_Las Vegas → San Francisco,route
categorical__route_Las Vegas → San Antonio,0.0,route_Las Vegas → San Antonio,route
categorical__route_Las Vegas → Salt Lake City,0.0,route_Las Vegas → Salt Lake City,route
categorical__route_Las Vegas → Richmond,0.0,route_Las Vegas → Richmond,route
categorical__route_Las Vegas → Raleigh,0.0,route_Las Vegas → Raleigh,route
categorical__route_Las Vegas → Phoenix,0.0,route_Las Vegas → Phoenix,route
categorical__route_Las Vegas → Philadelphia,0.0,route_Las Vegas → Philadelphia,route
categorical__route_Lexington → Dayton,0.0,route_Lexington → Dayton,route
categorical__route_Lexington → Dallas,0.0,route_Lexington → Dallas,route
categorical__route_Lexington → Corpus Christi,0.0,route_Lexington → Corpus Christi,route
categorical__route_Lexington → Columbia,0.0,route_Lexington → Columbia,route
categorical__route_Lexington → Chattanooga,0.0,route_Lexington → Chattanooga,route
categorical__route_Lexington → Charleston,0.0,route_Lexington → Charleston,route
categorical__route_Lexington → Buffalo,0.0,route_Lexington → Buffalo,route
categorical__route_Lexington → Boston,0.0,route_Lexington → Boston,route
categorical__route_Lexington → Birmingham,0.0,route_Lexington → Birmingham,route
categorical__route_Lexington → Baltimore,0.0,route_Lexington → Baltimore,route
categorical__route_Lexington → Austin,0.0,route_Lexington → Austin,route
categorical__route_Lexington → Atlanta,0.0,route_Lexington → Atlanta,route
categorical__route_Lexington → Amarillo,0.0,route_Lexington → Amarillo,route
categorical__route_Lexington → Los Angeles,0.0,route_Lexington → Los Angeles,route
categorical__route_Lexington → Little Rock,0.0,route_Lexington → Little Rock,route
categorical__route_Lexington → Las Vegas,0.0,route_Lexington → Las Vegas,route
categorical__route_Lexington → Kansas City,0.0,route_Lexington → Kansas City,route
categorical__route_Lexington → Jacksonville,0.0,route_Lexington → Jacksonville,route
categorical__route_Lexington → Indianapolis,0.0,route_Lexington → Indianapolis,route
categorical__route_Lexington → Houston,0.0,route_Lexington → Houston,route
categorical__route_Lexington → Hartford,0.0,route_Lexington → Hartford,route
categorical__route_Lexington → Harrisburg,0.0,route_Lexington → Harrisburg,route
categorical__route_Lexington → Greensboro,0.0,route_Lexington → Greensboro,route
categorical__route_Lexington → Grand Rapids,0.0,route_Lexington → Grand Rapids,route
categorical__route_Lexington → Fort Wayne,0.0,route_Lexington → Fort Wayne,route
categorical__route_Lexington → El Paso,0.0,route_Lexington → El Paso,route
categorical__route_Amarillo → Bakersfield,0.0,route_Amarillo → Bakersfield,route
categorical__route_Amarillo → Louisville,0.0,route_Amarillo → Louisville,route
categorical__route_Amarillo → Los Angeles,0.0,route_Amarillo → Los Angeles,route
categorical__route_Amarillo → Lexington,0.0,route_Amarillo → Lexington,route
categorical__route_Amarillo → Las Vegas,0.0,route_Amarillo → Las Vegas,route
categorical__route_Amarillo → Kansas City,0.0,route_Amarillo → Kansas City,route
categorical__route_Amarillo → Jacksonville,0.0,route_Amarillo → Jacksonville,route
categorical__route_Amarillo → Indianapolis,0.0,route_Amarillo → Indianapolis,route
categorical__route_Amarillo → Houston,0.0,route_Amarillo → Houston,route
categorical__route_Amarillo → Hartford,0.0,route_Amarillo → Hartford,route
categorical__route_Amarillo → Harrisburg,0.0,route_Amarillo → Harrisburg,route
categorical__route_Amarillo → Green Bay,0.0,route_Amarillo → Green Bay,route
categorical__route_Amarillo → Grand Rapids,0.0,route_Amarillo → Grand Rapids,route
categorical__route_Lexington → Detroit,0.0,route_Lexington → Detroit,route
categorical__route_Lexington → Reno,0.0,route_Lexington → Reno,route
categorical__route_Lexington → Raleigh,0.0,route_Lexington → Raleigh,route
categorical__route_Lexington → Oklahoma City,0.0,route_Lexington → Oklahoma City,route
categorical__route_Lexington → New York,0.0,route_Lexington → New York,route
categorical__route_Lexington → New Orleans,0.0,route_Lexington → New Orleans,route
categorical__route_Lexington → Nashville,0.0,route_Lexington → Nashville,route
categorical__route_Lexington → Montgomery,0.0,route_Lexington → Montgomery,route
categorical__route_Lexington → Mobile,0.0,route_Lexington → Mobile,route
categorical__route_Lexington → Milwaukee,0.0,route_Lexington → Milwaukee,route
categorical__route_Lexington → Madison,0.0,route_Lexington → Madison,route
categorical__route_Lexington → Lubbock,0.0,route_Lexington → Lubbock,route
categorical__route_Lexington → Louisville,0.0,route_Lexington → Louisville,route
categorical__route_Little Rock → Amarillo,0.0,route_Little Rock → Amarillo,route
categorical__route_Little Rock → Albuquerque,0.0,route_Little Rock → Albuquerque,route
categorical__route_Little Rock → Albany,0.0,route_Little Rock → Albany,route
categorical__route_Lexington → Washington,0.0,route_Lexington → Washington,route
categorical__route_Lexington → Tulsa,0.0,route_Lexington → Tulsa,route
categorical__route_Lexington → Tucson,0.0,route_Lexington → Tucson,route
categorical__route_Lexington → Toledo,0.0,route_Lexington → Toledo,route
categorical__route_Lexington → Tampa,0.0,route_Lexington → Tampa,route
categorical__route_Lexington → St. Louis,0.0,route_Lexington → St. Louis,route
categorical__route_Lexington → Savannah,0.0,route_Lexington → Savannah,route
categorical__route_Lexington → San Francisco,0.0,route_Lexington → San Francisco,route
categorical__route_Lexington → San Antonio,0.0,route_Lexington → San Antonio,route
categorical__route_Lexington → Salt Lake City,0.0,route_Lexington → Salt Lake City,route
categorical__route_Little Rock → El Paso,0.0,route_Little Rock → El Paso,route
categorical__route_Little Rock → Dayton,0.0,route_Little Rock → Dayton,route
categorical__route_Little Rock → Dallas,0.0,route_Little Rock → Dallas,route
categorical__route_Little Rock → Corpus Christi,0.0,route_Little Rock → Corpus Christi,route
categorical__route_Little Rock → Columbia,0.0,route_Little Rock → Columbia,route
categorical__route_Little Rock → Cincinnati,0.0,route_Little Rock → Cincinnati,route
categorical__route_Little Rock → Chattanooga,0.0,route_Little Rock → Chattanooga,route
categorical__route_Little Rock → Charleston,0.0,route_Little Rock → Charleston,route
categorical__route_Little Rock → Boston,0.0,route_Little Rock → Boston,route
categorical__route_Little Rock → Birmingham,0.0,route_Little Rock → Birmingham,route
categorical__route_Little Rock → Baton Rouge,0.0,route_Little Rock → Baton Rouge,route
categorical__route_Little Rock → Baltimore,0.0,route_Little Rock → Baltimore,route
categorical__route_Little Rock → Bakersfield,0.0,route_Little Rock → Bakersfield,route
categorical__route_Little Rock → Austin,0.0,route_Little Rock → Austin,route
categorical__route_Little Rock → Atlanta,0.0,route_Little Rock → Atlanta,route
categorical__route_Little Rock → Lubbock,0.0,route_Little Rock → Lubbock,route
categorical__route_Little Rock → Louisville,0.0,route_Little Rock → Louisville,route
categorical__route_Little Rock → Los Angeles,0.0,route_Little Rock → Los Angeles,route
categorical__route_Little Rock → Lexington,0.0,route_Little Rock → Lexington,route
categorical__route_Little Rock → Las Vegas,0.0,route_Little Rock → Las Vegas,route
categorical__route_Little Rock → Kansas City,0.0,route_Little Rock → Kansas City,route
categorical__route_Little Rock → Jacksonville,0.0,route_Little Rock → Jacksonville,route
categorical__route_Little Rock → Indianapolis,0.0,route_Little Rock → Indianapolis,route
categorical__route_Little Rock → Houston,0.0,route_Little Rock → Houston,route
categorical__route_Little Rock → Hartford,0.0,route_Little Rock → Hartford,route
categorical__route_Little Rock → Harrisburg,0.0,route_Little Rock → Harrisburg,route
categorical__route_Little Rock → Greensboro,0.0,route_Little Rock → Greensboro,route
categorical__route_Little Rock → Green Bay,0.0,route_Little Rock → Green Bay,route
categorical__route_Little Rock → Grand Rapids,0.0,route_Little Rock → Grand Rapids,route
categorical__route_Little Rock → Fresno,0.0,route_Little Rock → Fresno,route
categorical__route_Little Rock → Fort Wayne,0.0,route_Little Rock → Fort Wayne,route
categorical__route_Little Rock → Salt Lake City,0.0,route_Little Rock → Salt Lake City,route
categorical__route_Little Rock → Reno,0.0,route_Little Rock → Reno,route
categorical__route_Little Rock → Raleigh,0.0,route_Little Rock → Raleigh,route
categorical__route_Little Rock → Providence,0.0,route_Little Rock → Providence,route
categorical__route_Little Rock → Phoenix,0.0,route_Little Rock → Phoenix,route
categorical__route_Little Rock → Philadelphia,0.0,route_Little Rock → Philadelphia,route
categorical__route_Little Rock → New York,0.0,route_Little Rock → New York,route
categorical__route_Little Rock → New Orleans,0.0,route_Little Rock → New Orleans,route
categorical__route_Little Rock → Montgomery,0.0,route_Little Rock → Montgomery,route
categorical__route_Little Rock → Mobile,0.0,route_Little Rock → Mobile,route
categorical__route_Little Rock → Milwaukee,0.0,route_Little Rock → Milwaukee,route
categorical__route_Little Rock → Memphis,0.0,route_Little Rock → Memphis,route
categorical__route_Little Rock → Madison,0.0,route_Little Rock → Madison,route
categorical__route_Los Angeles → Austin,0.0,route_Los Angeles → Austin,route
categorical__route_Los Angeles → Atlanta,0.0,route_Los Angeles → Atlanta,route
categorical__route_Los Angeles → Amarillo,0.0,route_Los Angeles → Amarillo,route
categorical__route_Los Angeles → Albuquerque,0.0,route_Los Angeles → Albuquerque,route
categorical__route_Los Angeles → Albany,0.0,route_Los Angeles → Albany,route
categorical__route_Little Rock → Washington,0.0,route_Little Rock → Washington,route
categorical__route_Little Rock → Tulsa,0.0,route_Little Rock → Tulsa,route
categorical__route_Little Rock → Tucson,0.0,route_Little Rock → Tucson,route
categorical__route_Little Rock → Toledo,0.0,route_Little Rock → Toledo,route
categorical__route_Little Rock → Tampa,0.0,route_Little Rock → Tampa,route
categorical__route_Little Rock → Syracuse,0.0,route_Little Rock → Syracuse,route
categorical__route_Little Rock → St. Louis,0.0,route_Little Rock → St. Louis,route
categorical__route_Little Rock → Shreveport,0.0,route_Little Rock → Shreveport,route
categorical__route_Little Rock → Savannah,0.0,route_Little Rock → Savannah,route
categorical__route_Little Rock → San Francisco,0.0,route_Little Rock → San Francisco,route
categorical__route_Little Rock → San Antonio,0.0,route_Little Rock → San Antonio,route
categorical__route_Los Angeles → Fort Wayne,0.0,route_Los Angeles → Fort Wayne,route
categorical__route_Los Angeles → El Paso,0.0,route_Los Angeles → El Paso,route
categorical__route_Los Angeles → Detroit,0.0,route_Los Angeles → Detroit,route
categorical__route_Los Angeles → Dayton,0.0,route_Los Angeles → Dayton,route
categorical__route_Los Angeles → Dallas,0.0,route_Los Angeles → Dallas,route
categorical__route_Los Angeles → Corpus Christi,0.0,route_Los Angeles → Corpus Christi,route
categorical__route_Los Angeles → Cincinnati,0.0,route_Los Angeles → Cincinnati,route
categorical__route_Los Angeles → Chattanooga,0.0,route_Los Angeles → Chattanooga,route
categorical__route_Los Angeles → Charleston,0.0,route_Los Angeles → Charleston,route
categorical__route_Los Angeles → Buffalo,0.0,route_Los Angeles → Buffalo,route
categorical__route_Los Angeles → Boston,0.0,route_Los Angeles → Boston,route
categorical__route_Los Angeles → Birmingham,0.0,route_Los Angeles → Birmingham,route
categorical__route_Los Angeles → Baton Rouge,0.0,route_Los Angeles → Baton Rouge,route
categorical__route_Los Angeles → Baltimore,0.0,route_Los Angeles → Baltimore,route
categorical__route_Washington → Tulsa,0.0,route_Washington → Tulsa,route
categorical__route_Los Angeles → Madison,0.0,route_Los Angeles → Madison,route
categorical__route_Los Angeles → Lubbock,0.0,route_Los Angeles → Lubbock,route
categorical__route_Los Angeles → Louisville,0.0,route_Los Angeles → Louisville,route
categorical__route_Los Angeles → Little Rock,0.0,route_Los Angeles → Little Rock,route
categorical__route_Los Angeles → Lexington,0.0,route_Los Angeles → Lexington,route
categorical__route_Los Angeles → Kansas City,0.0,route_Los Angeles → Kansas City,route
categorical__route_Los Angeles → Jacksonville,0.0,route_Los Angeles → Jacksonville,route
categorical__route_Los Angeles → Indianapolis,0.0,route_Los Angeles → Indianapolis,route
categorical__route_Los Angeles → Houston,0.0,route_Los Angeles → Houston,route
categorical__route_Los Angeles → Hartford,0.0,route_Los Angeles → Hartford,route
categorical__route_Los Angeles → Harrisburg,0.0,route_Los Angeles → Harrisburg,route
categorical__route_Los Angeles → Greensboro,0.0,route_Los Angeles → Greensboro,route
categorical__route_Los Angeles → Grand Rapids,0.0,route_Los Angeles → Grand Rapids,route
categorical__route_Los Angeles → Fresno,0.0,route_Los Angeles → Fresno,route
categorical__route_Los Angeles → San Antonio,0.0,route_Los Angeles → San Antonio,route
categorical__route_Los Angeles → Salt Lake City,0.0,route_Los Angeles → Salt Lake City,route
categorical__route_Los Angeles → Richmond,0.0,route_Los Angeles → Richmond,route
categorical__route_Los Angeles → Reno,0.0,route_Los Angeles → Reno,route
categorical__route_Los Angeles → Raleigh,0.0,route_Los Angeles → Raleigh,route
categorical__route_Los Angeles → Providence,0.0,route_Los Angeles → Providence,route
categorical__route_Washington → Hartford,0.0,route_Washington → Hartford,route
categorical__route_Los Angeles → Oklahoma City,0.0,route_Los Angeles → Oklahoma City,route
categorical__route_Los Angeles → New York,0.0,route_Los Angeles → New York,route
categorical__route_Los Angeles → New Orleans,0.0,route_Los Angeles → New Orleans,route
categorical__route_Los Angeles → Montgomery,0.0,route_Los Angeles → Montgomery,route
categorical__route_Los Angeles → Milwaukee,0.0,route_Los Angeles → Milwaukee,route
categorical__route_Los Angeles → Memphis,0.0,route_Los Angeles → Memphis,route
categorical__route_Louisville → Bakersfield,0.0,route_Louisville → Bakersfield,route
categorical__route_Louisville → Austin,0.0,route_Louisville → Austin,route
categorical__route_Louisville → Atlanta,0.0,route_Louisville → Atlanta,route
categorical__route_Louisville → Amarillo,0.0,route_Louisville → Amarillo,route
categorical__route_Louisville → Albuquerque,0.0,route_Louisville → Albuquerque,route
categorical__route_Louisville → Albany,0.0,route_Louisville → Albany,route
categorical__route_Los Angeles → Washington,0.0,route_Los Angeles → Washington,route
categorical__route_Los Angeles → Tulsa,0.0,route_Los Angeles → Tulsa,route
categorical__route_Los Angeles → Tucson,0.0,route_Los Angeles → Tucson,route
categorical__route_Los Angeles → Toledo,0.0,route_Los Angeles → Toledo,route
categorical__route_Los Angeles → Tampa,0.0,route_Los Angeles → Tampa,route
categorical__route_Los Angeles → St. Louis,0.0,route_Los Angeles → St. Louis,route
categorical__route_Los Angeles → Shreveport,0.0,route_Los Angeles → Shreveport,route
categorical__route_Los Angeles → Savannah,0.0,route_Los Angeles → Savannah,route
categorical__route_Los Angeles → San Francisco,0.0,route_Los Angeles → San Francisco,route
categorical__route_Louisville → Fresno,0.0,route_Louisville → Fresno,route
categorical__route_Louisville → Fort Wayne,0.0,route_Louisville → Fort Wayne,route
categorical__route_Louisville → El Paso,0.0,route_Louisville → El Paso,route
categorical__route_Louisville → Detroit,0.0,route_Louisville → Detroit,route
categorical__route_Louisville → Dayton,0.0,route_Louisville → Dayton,route
categorical__route_Louisville → Dallas,0.0,route_Louisville → Dallas,route
categorical__route_Louisville → Corpus Christi,0.0,route_Louisville → Corpus Christi,route
categorical__route_Louisville → Columbia,0.0,route_Louisville → Columbia,route
categorical__route_Louisville → Cincinnati,0.0,route_Louisville → Cincinnati,route
categorical__route_Louisville → Chattanooga,0.0,route_Louisville → Chattanooga,route
categorical__route_Louisville → Charleston,0.0,route_Louisville → Charleston,route
categorical__route_Louisville → Buffalo,0.0,route_Louisville → Buffalo,route
categorical__route_Louisville → Boston,0.0,route_Louisville → Boston,route
categorical__route_Louisville → Birmingham,0.0,route_Louisville → Birmingham,route
categorical__route_Louisville → Baton Rouge,0.0,route_Louisville → Baton Rouge,route
categorical__route_Louisville → Baltimore,0.0,route_Louisville → Baltimore,route
categorical__route_Louisville → Milwaukee,0.0,route_Louisville → Milwaukee,route
categorical__route_Louisville → Memphis,0.0,route_Louisville → Memphis,route
categorical__route_Louisville → Lubbock,0.0,route_Louisville → Lubbock,route
categorical__route_Louisville → Los Angeles,0.0,route_Louisville → Los Angeles,route
categorical__route_Louisville → Little Rock,0.0,route_Louisville → Little Rock,route
categorical__route_Louisville → Lexington,0.0,route_Louisville → Lexington,route
categorical__route_Louisville → Las Vegas,0.0,route_Louisville → Las Vegas,route
categorical__route_Louisville → Kansas City,0.0,route_Louisville → Kansas City,route
categorical__route_Louisville → Jacksonville,0.0,route_Louisville → Jacksonville,route
categorical__route_Louisville → Indianapolis,0.0,route_Louisville → Indianapolis,route
categorical__route_Louisville → Houston,0.0,route_Louisville → Houston,route
categorical__route_Louisville → Hartford,0.0,route_Louisville → Hartford,route
categorical__route_Louisville → Harrisburg,0.0,route_Louisville → Harrisburg,route
categorical__route_Louisville → Greensboro,0.0,route_Louisville → Greensboro,route
categorical__route_Louisville → Green Bay,0.0,route_Louisville → Green Bay,route
categorical__route_Louisville → Grand Rapids,0.0,route_Louisville → Grand Rapids,route
categorical__route_Louisville → Savannah,0.0,route_Louisville → Savannah,route
categorical__route_Louisville → San Francisco,0.0,route_Louisville → San Francisco,route
categorical__route_Louisville → Salt Lake City,0.0,route_Louisville → Salt Lake City,route
categorical__route_Louisville → Richmond,0.0,route_Louisville → Richmond,route
categorical__route_Louisville → Reno,0.0,route_Louisville → Reno,route
categorical__route_Louisville → Raleigh,0.0,route_Louisville → Raleigh,route
categorical__route_Louisville → Providence,0.0,route_Louisville → Providence,route
categorical__route_Louisville → Phoenix,0.0,route_Louisville → Phoenix,route
categorical__route_Louisville → Philadelphia,0.0,route_Louisville → Philadelphia,route
categorical__route_Louisville → Oklahoma City,0.0,route_Louisville → Oklahoma City,route
categorical__route_Louisville → New York,0.0,route_Louisville → New York,route
categorical__route_Louisville → New Orleans,0.0,route_Louisville → New Orleans,route
categorical__route_Louisville → Nashville,0.0,route_Louisville → Nashville,route
categorical__route_Louisville → Montgomery,0.0,route_Louisville → Montgomery,route
categorical__route_Louisville → Mobile,0.0,route_Louisville → Mobile,route
categorical__route_Lubbock → Birmingham,0.0,route_Lubbock → Birmingham,route
categorical__route_Lubbock → Baton Rouge,0.0,route_Lubbock → Baton Rouge,route
categorical__route_Lubbock → Baltimore,0.0,route_Lubbock → Baltimore,route
categorical__route_Lubbock → Bakersfield,0.0,route_Lubbock → Bakersfield,route
categorical__route_Lubbock → Austin,0.0,route_Lubbock → Austin,route
categorical__route_Lubbock → Atlanta,0.0,route_Lubbock → Atlanta,route
categorical__route_Lubbock → Amarillo,0.0,route_Lubbock → Amarillo,route
categorical__route_Lubbock → Albuquerque,0.0,route_Lubbock → Albuquerque,route
categorical__route_Lubbock → Albany,0.0,route_Lubbock → Albany,route
categorical__route_Louisville → Washington,0.0,route_Louisville → Washington,route
categorical__route_Louisville → Tulsa,0.0,route_Louisville → Tulsa,route
categorical__route_Louisville → Tucson,0.0,route_Louisville → Tucson,route
categorical__route_Louisville → Toledo,0.0,route_Louisville → Toledo,route
categorical__route_Louisville → Tampa,0.0,route_Louisville → Tampa,route
categorical__route_Washington → Harrisburg,0.0,route_Washington → Harrisburg,route
categorical__route_Lubbock → Greensboro,0.0,route_Lubbock → Greensboro,route
categorical__route_Lubbock → Green Bay,0.0,route_Lubbock → Green Bay,route
categorical__route_Lubbock → Grand Rapids,0.0,route_Lubbock → Grand Rapids,route
categorical__route_Lubbock → Fresno,0.0,route_Lubbock → Fresno,route
categorical__route_Lubbock → Fort Wayne,0.0,route_Lubbock → Fort Wayne,route
categorical__route_Lubbock → El Paso,0.0,route_Lubbock → El Paso,route
categorical__route_Lubbock → Detroit,0.0,route_Lubbock → Detroit,route
categorical__route_Lubbock → Dayton,0.0,route_Lubbock → Dayton,route
categorical__route_Lubbock → Dallas,0.0,route_Lubbock → Dallas,route
categorical__route_Lubbock → Corpus Christi,0.0,route_Lubbock → Corpus Christi,route
categorical__route_Lubbock → Columbia,0.0,route_Lubbock → Columbia,route
categorical__route_Lubbock → Cincinnati,0.0,route_Lubbock → Cincinnati,route
categorical__route_Lubbock → Chattanooga,0.0,route_Lubbock → Chattanooga,route
categorical__route_Lubbock → Charleston,0.0,route_Lubbock → Charleston,route
categorical__route_Lubbock → Buffalo,0.0,route_Lubbock → Buffalo,route
categorical__route_Albuquerque → Richmond,0.0,route_Albuquerque → Richmond,route
categorical__route_Amarillo → Fort Wayne,0.0,route_Amarillo → Fort Wayne,route
categorical__route_Amarillo → El Paso,0.0,route_Amarillo → El Paso,route
categorical__route_Amarillo → Detroit,0.0,route_Amarillo → Detroit,route
categorical__route_Amarillo → Dayton,0.0,route_Amarillo → Dayton,route
categorical__route_Amarillo → Dallas,0.0,route_Amarillo → Dallas,route
categorical__route_Amarillo → Corpus Christi,0.0,route_Amarillo → Corpus Christi,route
categorical__route_Amarillo → Columbia,0.0,route_Amarillo → Columbia,route
categorical__route_Amarillo → Cincinnati,0.0,route_Amarillo → Cincinnati,route
categorical__route_Amarillo → Chattanooga,0.0,route_Amarillo → Chattanooga,route
categorical__route_Amarillo → Charleston,0.0,route_Amarillo → Charleston,route
categorical__route_Amarillo → Buffalo,0.0,route_Amarillo → Buffalo,route
categorical__route_Amarillo → Boston,0.0,route_Amarillo → Boston,route
categorical__route_Amarillo → Birmingham,0.0,route_Amarillo → Birmingham,route
categorical__route_Amarillo → Baton Rouge,0.0,route_Amarillo → Baton Rouge,route
categorical__route_Amarillo → Baltimore,0.0,route_Amarillo → Baltimore,route
categorical__route_Lubbock → Boston,0.0,route_Lubbock → Boston,route
categorical__route_Lubbock → Montgomery,0.0,route_Lubbock → Montgomery,route
categorical__route_Lubbock → Mobile,0.0,route_Lubbock → Mobile,route
categorical__route_Lubbock → Milwaukee,0.0,route_Lubbock → Milwaukee,route
categorical__route_Lubbock → Madison,0.0,route_Lubbock → Madison,route
categorical__route_Lubbock → Louisville,0.0,route_Lubbock → Louisville,route
categorical__route_Lubbock → Little Rock,0.0,route_Lubbock → Little Rock,route
categorical__route_Lubbock → Lexington,0.0,route_Lubbock → Lexington,route
categorical__route_Lubbock → Las Vegas,0.0,route_Lubbock → Las Vegas,route
categorical__route_Lubbock → Kansas City,0.0,route_Lubbock → Kansas City,route
categorical__route_Lubbock → Jacksonville,0.0,route_Lubbock → Jacksonville,route
categorical__route_Lubbock → Indianapolis,0.0,route_Lubbock → Indianapolis,route
categorical__route_Lubbock → Houston,0.0,route_Lubbock → Houston,route
categorical__route_Lubbock → Hartford,0.0,route_Lubbock → Hartford,route
categorical__route_Lubbock → Harrisburg,0.0,route_Lubbock → Harrisburg,route
categorical__route_Lubbock → St. Louis,0.0,route_Lubbock → St. Louis,route
categorical__route_Lubbock → Shreveport,0.0,route_Lubbock → Shreveport,route
categorical__route_Lubbock → Savannah,0.0,route_Lubbock → Savannah,route
categorical__route_Lubbock → San Francisco,0.0,route_Lubbock → San Francisco,route
categorical__route_Washington → Greensboro,0.0,route_Washington → Greensboro,route
categorical__route_Lubbock → Salt Lake City,0.0,route_Lubbock → Salt Lake City,route
categorical__route_Lubbock → Richmond,0.0,route_Lubbock → Richmond,route
categorical__route_Lubbock → Reno,0.0,route_Lubbock → Reno,route
categorical__route_Lubbock → Raleigh,0.0,route_Lubbock → Raleigh,route
categorical__route_Lubbock → Providence,0.0,route_Lubbock → Providence,route
categorical__route_Lubbock → Phoenix,0.0,route_Lubbock → Phoenix,route
categorical__route_Lubbock → Philadelphia,0.0,route_Lubbock → Philadelphia,route
categorical__route_Lubbock → Oklahoma City,0.0,route_Lubbock → Oklahoma City,route
categorical__route_Lubbock → New York,0.0,route_Lubbock → New York,route
categorical__route_Lubbock → New Orleans,0.0,route_Lubbock → New Orleans,route
categorical__route_Lubbock → Nashville,0.0,route_Lubbock → Nashville,route
categorical__route_Madison → Boston,0.0,route_Madison → Boston,route
categorical__route_Madison → Birmingham,0.0,route_Madison → Birmingham,route
categorical__route_Madison → Baton Rouge,0.0,route_Madison → Baton Rouge,route
categorical__route_Madison → Baltimore,0.0,route_Madison → Baltimore,route
categorical__route_Madison → Bakersfield,0.0,route_Madison → Bakersfield,route
categorical__route_Madison → Austin,0.0,route_Madison → Austin,route
categorical__route_Madison → Atlanta,0.0,route_Madison → Atlanta,route
categorical__route_Madison → Amarillo,0.0,route_Madison → Amarillo,route
categorical__route_Madison → Albuquerque,0.0,route_Madison → Albuquerque,route
categorical__route_Madison → Albany,0.0,route_Madison → Albany,route
categorical__route_Lubbock → Washington,0.0,route_Lubbock → Washington,route
categorical__route_Lubbock → Tulsa,0.0,route_Lubbock → Tulsa,route
categorical__route_Lubbock → Tucson,0.0,route_Lubbock → Tucson,route
categorical__route_Washington → Green Bay,0.0,route_Washington → Green Bay,route
categorical__route_Lubbock → Tampa,0.0,route_Lubbock → Tampa,route
categorical__route_Lubbock → Syracuse,0.0,route_Lubbock → Syracuse,route
categorical__route_Madison → Hartford,0.0,route_Madison → Hartford,route
categorical__route_Madison → Harrisburg,0.0,route_Madison → Harrisburg,route
categorical__route_Madison → Greensboro,0.0,route_Madison → Greensboro,route
categorical__route_Madison → Green Bay,0.0,route_Madison → Green Bay,route
categorical__route_Madison → Fresno,0.0,route_Madison → Fresno,route
categorical__route_Madison → Fort Wayne,0.0,route_Madison → Fort Wayne,route
categorical__route_Madison → El Paso,0.0,route_Madison → El Paso,route
categorical__route_Madison → Dayton,0.0,route_Madison → Dayton,route
categorical__route_Madison → Dallas,0.0,route_Madison → Dallas,route
categorical__route_Madison → Corpus Christi,0.0,route_Madison → Corpus Christi,route
categorical__route_Madison → Columbia,0.0,route_Madison → Columbia,route
categorical__route_Madison → Cincinnati,0.0,route_Madison → Cincinnati,route
categorical__route_Madison → Charleston,0.0,route_Madison → Charleston,route
categorical__route_Madison → Buffalo,0.0,route_Madison → Buffalo,route
categorical__route_Madison → New Orleans,0.0,route_Madison → New Orleans,route
categorical__route_Madison → Nashville,0.0,route_Madison → Nashville,route
categorical__route_Madison → Montgomery,0.0,route_Madison → Montgomery,route
categorical__route_Madison → Mobile,0.0,route_Madison → Mobile,route
categorical__route_Madison → Milwaukee,0.0,route_Madison → Milwaukee,route
categorical__route_Washington → Grand Rapids,0.0,route_Washington → Grand Rapids,route
categorical__route_Madison → Lubbock,0.0,route_Madison → Lubbock,route
categorical__route_Madison → Louisville,0.0,route_Madison → Louisville,route
categorical__route_Madison → Los Angeles,0.0,route_Madison → Los Angeles,route
categorical__route_Madison → Little Rock,0.0,route_Madison → Little Rock,route
categorical__route_Madison → Lexington,0.0,route_Madison → Lexington,route
categorical__route_Madison → Las Vegas,0.0,route_Madison → Las Vegas,route
categorical__route_Madison → Kansas City,0.0,route_Madison → Kansas City,route
categorical__route_Washington → Fresno,0.0,route_Washington → Fresno,route
categorical__route_Madison → Indianapolis,0.0,route_Madison → Indianapolis,route
categorical__route_Madison → Houston,0.0,route_Madison → Houston,route
categorical__route_Madison → Toledo,0.0,route_Madison → Toledo,route
categorical__route_Madison → Tampa,0.0,route_Madison → Tampa,route
categorical__route_Madison → Syracuse,0.0,route_Madison → Syracuse,route
categorical__route_Madison → Shreveport,0.0,route_Madison → Shreveport,route
categorical__route_Madison → Savannah,0.0,route_Madison → Savannah,route
categorical__route_Washington → Fort Wayne,0.0,route_Washington → Fort Wayne,route
categorical__route_Madison → Salt Lake City,0.0,route_Madison → Salt Lake City,route
categorical__route_Madison → Richmond,0.0,route_Madison → Richmond,route
categorical__route_Madison → Reno,0.0,route_Madison → Reno,route
categorical__route_Madison → Raleigh,0.0,route_Madison → Raleigh,route
categorical__route_Madison → Providence,0.0,route_Madison → Providence,route
categorical__route_Madison → Phoenix,0.0,route_Madison → Phoenix,route
categorical__route_Madison → Philadelphia,0.0,route_Madison → Philadelphia,route
categorical__route_Madison → Oklahoma City,0.0,route_Madison → Oklahoma City,route
categorical__route_Madison → New York,0.0,route_Madison → New York,route
categorical__route_Memphis → Charleston,0.0,route_Memphis → Charleston,route
categorical__route_Memphis → Buffalo,0.0,route_Memphis → Buffalo,route
categorical__route_Memphis → Boston,0.0,route_Memphis → Boston,route
categorical__route_Memphis → Birmingham,0.0,route_Memphis → Birmingham,route
categorical__route_Memphis → Baton Rouge,0.0,route_Memphis → Baton Rouge,route
categorical__route_Memphis → Baltimore,0.0,route_Memphis → Baltimore,route
categorical__route_Memphis → Bakersfield,0.0,route_Memphis → Bakersfield,route
categorical__route_Memphis → Austin,0.0,route_Memphis → Austin,route
categorical__route_Memphis → Amarillo,0.0,route_Memphis → Amarillo,route
categorical__route_Memphis → Albuquerque,0.0,route_Memphis → Albuquerque,route
categorical__route_Madison → Washington,0.0,route_Madison → Washington,route
categorical__route_Madison → Tulsa,0.0,route_Madison → Tulsa,route
categorical__route_Madison → Tucson,0.0,route_Madison → Tucson,route
categorical__route_Memphis → Indianapolis,0.0,route_Memphis → Indianapolis,route
categorical__route_Memphis → Houston,0.0,route_Memphis → Houston,route
categorical__route_Memphis → Hartford,0.0,route_Memphis → Hartford,route
categorical__route_Memphis → Harrisburg,0.0,route_Memphis → Harrisburg,route
categorical__route_Memphis → Greensboro,0.0,route_Memphis → Greensboro,route
categorical__route_Memphis → Green Bay,0.0,route_Memphis → Green Bay,route
categorical__route_Memphis → Grand Rapids,0.0,route_Memphis → Grand Rapids,route
categorical__route_Memphis → Fresno,0.0,route_Memphis → Fresno,route
categorical__route_Memphis → Fort Wayne,0.0,route_Memphis → Fort Wayne,route
categorical__route_Memphis → El Paso,0.0,route_Memphis → El Paso,route
categorical__route_Memphis → Detroit,0.0,route_Memphis → Detroit,route
categorical__route_Memphis → Dayton,0.0,route_Memphis → Dayton,route
categorical__route_Memphis → Dallas,0.0,route_Memphis → Dallas,route
categorical__route_Memphis → Corpus Christi,0.0,route_Memphis → Corpus Christi,route
categorical__route_Memphis → Columbia,0.0,route_Memphis → Columbia,route
categorical__route_Memphis → Cincinnati,0.0,route_Memphis → Cincinnati,route
categorical__route_Memphis → Oklahoma City,0.0,route_Memphis → Oklahoma City,route
categorical__route_Memphis → New York,0.0,route_Memphis → New York,route
categorical__route_Memphis → New Orleans,0.0,route_Memphis → New Orleans,route
categorical__route_Memphis → Nashville,0.0,route_Memphis → Nashville,route
categorical__route_Memphis → Montgomery,0.0,route_Memphis → Montgomery,route
categorical__route_Washington → El Paso,0.0,route_Washington → El Paso,route
categorical__route_Memphis → Milwaukee,0.0,route_Memphis → Milwaukee,route
categorical__route_Memphis → Madison,0.0,route_Memphis → Madison,route
categorical__route_Memphis → Lubbock,0.0,route_Memphis → Lubbock,route
categorical__route_Memphis → Louisville,0.0,route_Memphis → Louisville,route
categorical__route_Memphis → Los Angeles,0.0,route_Memphis → Los Angeles,route
categorical__route_Memphis → Little Rock,0.0,route_Memphis → Little Rock,route
categorical__route_Memphis → Lexington,0.0,route_Memphis → Lexington,route
categorical__route_Memphis → Las Vegas,0.0,route_Memphis → Las Vegas,route
categorical__route_Memphis → Kansas City,0.0,route_Memphis → Kansas City,route
categorical__route_Memphis → Jacksonville,0.0,route_Memphis → Jacksonville,route
categorical__route_Memphis → Tucson,0.0,route_Memphis → Tucson,route
categorical__route_Memphis → Tampa,0.0,route_Memphis → Tampa,route
categorical__route_Memphis → Syracuse,0.0,route_Memphis → Syracuse,route
categorical__route_Memphis → St. Louis,0.0,route_Memphis → St. Louis,route
categorical__route_Memphis → Shreveport,0.0,route_Memphis → Shreveport,route
categorical__route_Washington → Detroit,0.0,route_Washington → Detroit,route
categorical__route_Memphis → San Francisco,0.0,route_Memphis → San Francisco,route
categorical__route_Memphis → San Antonio,0.0,route_Memphis → San Antonio,route
categorical__route_Memphis → Salt Lake City,0.0,route_Memphis → Salt Lake City,route
categorical__route_Memphis → Richmond,0.0,route_Memphis → Richmond,route
categorical__route_Memphis → Reno,0.0,route_Memphis → Reno,route
categorical__route_Memphis → Raleigh,0.0,route_Memphis → Raleigh,route
categorical__route_Memphis → Providence,0.0,route_Memphis → Providence,route
categorical__route_Memphis → Phoenix,0.0,route_Memphis → Phoenix,route
categorical__route_Memphis → Philadelphia,0.0,route_Memphis → Philadelphia,route
categorical__route_Milwaukee → Cincinnati,0.0,route_Milwaukee → Cincinnati,route
categorical__route_Milwaukee → Chattanooga,0.0,route_Milwaukee → Chattanooga,route
categorical__route_Milwaukee → Charleston,0.0,route_Milwaukee → Charleston,route
categorical__route_Milwaukee → Buffalo,0.0,route_Milwaukee → Buffalo,route
categorical__route_Milwaukee → Boston,0.0,route_Milwaukee → Boston,route
categorical__route_Milwaukee → Birmingham,0.0,route_Milwaukee → Birmingham,route
categorical__route_Milwaukee → Baton Rouge,0.0,route_Milwaukee → Baton Rouge,route
categorical__route_Milwaukee → Baltimore,0.0,route_Milwaukee → Baltimore,route
categorical__route_Milwaukee → Bakersfield,0.0,route_Milwaukee → Bakersfield,route
categorical__route_Milwaukee → Austin,0.0,route_Milwaukee → Austin,route
categorical__route_Milwaukee → Atlanta,0.0,route_Milwaukee → Atlanta,route
categorical__route_Milwaukee → Amarillo,0.0,route_Milwaukee → Amarillo,route
categorical__route_Milwaukee → Albuquerque,0.0,route_Milwaukee → Albuquerque,route
categorical__route_Memphis → Washington,0.0,route_Memphis → Washington,route
categorical__route_Memphis → Tulsa,0.0,route_Memphis → Tulsa,route
categorical__route_Milwaukee → Jacksonville,0.0,route_Milwaukee → Jacksonville,route
categorical__route_Milwaukee → Indianapolis,0.0,route_Milwaukee → Indianapolis,route
categorical__route_Milwaukee → Houston,0.0,route_Milwaukee → Houston,route
categorical__route_Washington → Dayton,0.0,route_Washington → Dayton,route
categorical__route_Milwaukee → Greensboro,0.0,route_Milwaukee → Greensboro,route
categorical__route_Milwaukee → Green Bay,0.0,route_Milwaukee → Green Bay,route
categorical__route_Washington → Dallas,0.0,route_Washington → Dallas,route
categorical__route_Milwaukee → El Paso,0.0,route_Milwaukee → El Paso,route
categorical__route_Milwaukee → Detroit,0.0,route_Milwaukee → Detroit,route
categorical__route_Milwaukee → Dayton,0.0,route_Milwaukee → Dayton,route
categorical__route_Washington → Corpus Christi,0.0,route_Washington → Corpus Christi,route
categorical__route_Milwaukee → Corpus Christi,0.0,route_Milwaukee → Corpus Christi,route
categorical__route_Milwaukee → Columbia,0.0,route_Milwaukee → Columbia,route
categorical__route_Milwaukee → Philadelphia,0.0,route_Milwaukee → Philadelphia,route
categorical__route_Milwaukee → Oklahoma City,0.0,route_Milwaukee → Oklahoma City,route
categorical__route_Milwaukee → New Orleans,0.0,route_Milwaukee → New Orleans,route
categorical__route_Milwaukee → Nashville,0.0,route_Milwaukee → Nashville,route
categorical__route_Milwaukee → Montgomery,0.0,route_Milwaukee → Montgomery,route
categorical__route_Milwaukee → Mobile,0.0,route_Milwaukee → Mobile,route
categorical__route_Milwaukee → Memphis,0.0,route_Milwaukee → Memphis,route
categorical__route_Milwaukee → Madison,0.0,route_Milwaukee → Madison,route
categorical__route_Milwaukee → Lubbock,0.0,route_Milwaukee → Lubbock,route
categorical__route_Milwaukee → Louisville,0.0,route_Milwaukee → Louisville,route
categorical__route_Milwaukee → Los Angeles,0.0,route_Milwaukee → Los Angeles,route
categorical__route_Milwaukee → Little Rock,0.0,route_Milwaukee → Little Rock,route
categorical__route_Milwaukee → Lexington,0.0,route_Milwaukee → Lexington,route
categorical__route_Milwaukee → Las Vegas,0.0,route_Milwaukee → Las Vegas,route
categorical__route_Milwaukee → Kansas City,0.0,route_Milwaukee → Kansas City,route
categorical__route_Milwaukee → Tulsa,0.0,route_Milwaukee → Tulsa,route
categorical__route_Milwaukee → Tucson,0.0,route_Milwaukee → Tucson,route
categorical__route_Milwaukee → Toledo,0.0,route_Milwaukee → Toledo,route
categorical__route_Milwaukee → Tampa,0.0,route_Milwaukee → Tampa,route
categorical__route_Milwaukee → Syracuse,0.0,route_Milwaukee → Syracuse,route
categorical__route_Milwaukee → St. Louis,0.0,route_Milwaukee → St. Louis,route
categorical__route_Milwaukee → Shreveport,0.0,route_Milwaukee → Shreveport,route
categorical__route_Milwaukee → Savannah,0.0,route_Milwaukee → Savannah,route
categorical__route_Milwaukee → San Francisco,0.0,route_Milwaukee → San Francisco,route
categorical__route_Milwaukee → San Antonio,0.0,route_Milwaukee → San Antonio,route
categorical__route_Milwaukee → Salt Lake City,0.0,route_Milwaukee → Salt Lake City,route
categorical__route_Milwaukee → Reno,0.0,route_Milwaukee → Reno,route
categorical__route_Milwaukee → Raleigh,0.0,route_Milwaukee → Raleigh,route
categorical__route_Milwaukee → Providence,0.0,route_Milwaukee → Providence,route
categorical__route_Albuquerque → Louisville,0.0,route_Albuquerque → Louisville,route
categorical__route_Amarillo → Austin,0.0,route_Amarillo → Austin,route
categorical__route_Washington → Columbia,0.0,route_Washington → Columbia,route
categorical__route_Amarillo → Albany,0.0,route_Amarillo → Albany,route
categorical__route_Albuquerque → Tulsa,0.0,route_Albuquerque → Tulsa,route
categorical__route_Albuquerque → Tucson,0.0,route_Albuquerque → Tucson,route
categorical__route_Albuquerque → Toledo,0.0,route_Albuquerque → Toledo,route
categorical__route_Albuquerque → Tampa,0.0,route_Albuquerque → Tampa,route
categorical__route_Albuquerque → Syracuse,0.0,route_Albuquerque → Syracuse,route
categorical__route_Albuquerque → St. Louis,0.0,route_Albuquerque → St. Louis,route
categorical__route_Albuquerque → Shreveport,0.0,route_Albuquerque → Shreveport,route
categorical__route_Albuquerque → Savannah,0.0,route_Albuquerque → Savannah,route
categorical__route_Albuquerque → San Francisco,0.0,route_Albuquerque → San Francisco,route
categorical__route_Albuquerque → San Antonio,0.0,route_Albuquerque → San Antonio,route
categorical__route_Albuquerque → Salt Lake City,0.0,route_Albuquerque → Salt Lake City,route
categorical__route_Milwaukee → Phoenix,0.0,route_Milwaukee → Phoenix,route
categorical__route_Mobile → Columbia,0.0,route_Mobile → Columbia,route
categorical__route_Mobile → Chattanooga,0.0,route_Mobile → Chattanooga,route
categorical__route_Mobile → Charleston,0.0,route_Mobile → Charleston,route
categorical__route_Mobile → Buffalo,0.0,route_Mobile → Buffalo,route
categorical__pickup_Birmingham,0.0,pickup_Birmingham,pickup
categorical__route_Mobile → Birmingham,0.0,route_Mobile → Birmingham,route
categorical__route_Mobile → Baton Rouge,0.0,route_Mobile → Baton Rouge,route
categorical__route_Mobile → Baltimore,0.0,route_Mobile → Baltimore,route
categorical__route_Mobile → Austin,0.0,route_Mobile → Austin,route
categorical__route_Mobile → Atlanta,0.0,route_Mobile → Atlanta,route
categorical__route_Mobile → Albuquerque,0.0,route_Mobile → Albuquerque,route
categorical__route_Mobile → Albany,0.0,route_Mobile → Albany,route
categorical__route_Milwaukee → Washington,0.0,route_Milwaukee → Washington,route
categorical__route_Mobile → Kansas City,0.0,route_Mobile → Kansas City,route
categorical__route_Mobile → Jacksonville,0.0,route_Mobile → Jacksonville,route
categorical__route_Mobile → Indianapolis,0.0,route_Mobile → Indianapolis,route
categorical__route_Mobile → Houston,0.0,route_Mobile → Houston,route
categorical__route_Mobile → Hartford,0.0,route_Mobile → Hartford,route
categorical__route_Mobile → Greensboro,0.0,route_Mobile → Greensboro,route
categorical__route_Mobile → Green Bay,0.0,route_Mobile → Green Bay,route
categorical__route_Mobile → Grand Rapids,0.0,route_Mobile → Grand Rapids,route
categorical__route_Mobile → Fresno,0.0,route_Mobile → Fresno,route
categorical__route_Mobile → Fort Wayne,0.0,route_Mobile → Fort Wayne,route
categorical__route_Mobile → El Paso,0.0,route_Mobile → El Paso,route
categorical__route_Mobile → Detroit,0.0,route_Mobile → Detroit,route
categorical__route_Washington → Houston,0.0,route_Washington → Houston,route
categorical__route_Mobile → Dallas,0.0,route_Mobile → Dallas,route
categorical__route_Mobile → Corpus Christi,0.0,route_Mobile → Corpus Christi,route
categorical__route_Mobile → Philadelphia,0.0,route_Mobile → Philadelphia,route
categorical__route_Mobile → Oklahoma City,0.0,route_Mobile → Oklahoma City,route
categorical__route_Mobile → New York,0.0,route_Mobile → New York,route
categorical__route_Mobile → New Orleans,0.0,route_Mobile → New Orleans,route
categorical__route_Mobile → Nashville,0.0,route_Mobile → Nashville,route
categorical__route_Mobile → Montgomery,0.0,route_Mobile → Montgomery,route
categorical__route_Mobile → Milwaukee,0.0,route_Mobile → Milwaukee,route
categorical__route_Mobile → Madison,0.0,route_Mobile → Madison,route
categorical__route_Mobile → Lubbock,0.0,route_Mobile → Lubbock,route
categorical__route_Mobile → Louisville,0.0,route_Mobile → Louisville,route
categorical__route_Mobile → Los Angeles,0.0,route_Mobile → Los Angeles,route
categorical__route_Mobile → Little Rock,0.0,route_Mobile → Little Rock,route
categorical__route_Mobile → Lexington,0.0,route_Mobile → Lexington,route
categorical__route_Mobile → Las Vegas,0.0,route_Mobile → Las Vegas,route
categorical__route_Mobile → Washington,0.0,route_Mobile → Washington,route
categorical__route_Mobile → Tulsa,0.0,route_Mobile → Tulsa,route
categorical__route_Mobile → Tucson,0.0,route_Mobile → Tucson,route
categorical__route_Mobile → Toledo,0.0,route_Mobile → Toledo,route
categorical__route_Mobile → Tampa,0.0,route_Mobile → Tampa,route
categorical__route_Mobile → St. Louis,0.0,route_Mobile → St. Louis,route
categorical__route_Mobile → Shreveport,0.0,route_Mobile → Shreveport,route
categorical__route_Mobile → San Francisco,0.0,route_Mobile → San Francisco,route
categorical__route_Mobile → San Antonio,0.0,route_Mobile → San Antonio,route
categorical__route_Mobile → Salt Lake City,0.0,route_Mobile → Salt Lake City,route
categorical__route_Mobile → Reno,0.0,route_Mobile → Reno,route
categorical__route_Mobile → Raleigh,0.0,route_Mobile → Raleigh,route
categorical__route_Mobile → Providence,0.0,route_Mobile → Providence,route
categorical__route_Austin → Milwaukee,0.0,route_Austin → Milwaukee,route
categorical__route_Montgomery → Columbia,0.0,route_Montgomery → Columbia,route
categorical__route_Montgomery → Cincinnati,0.0,route_Montgomery → Cincinnati,route
categorical__route_Montgomery → Chattanooga,0.0,route_Montgomery → Chattanooga,route
categorical__route_Montgomery → Charleston,0.0,route_Montgomery → Charleston,route
categorical__route_Montgomery → Buffalo,0.0,route_Montgomery → Buffalo,route
categorical__route_Montgomery → Boston,0.0,route_Montgomery → Boston,route
categorical__route_Montgomery → Birmingham,0.0,route_Montgomery → Birmingham,route
categorical__route_Montgomery → Baton Rouge,0.0,route_Montgomery → Baton Rouge,route
categorical__route_Montgomery → Baltimore,0.0,route_Montgomery → Baltimore,route
categorical__route_Montgomery → Bakersfield,0.0,route_Montgomery → Bakersfield,route
categorical__route_Montgomery → Austin,0.0,route_Montgomery → Austin,route
categorical__route_Montgomery → Atlanta,0.0,route_Montgomery → Atlanta,route
categorical__route_Montgomery → Amarillo,0.0,route_Montgomery → Amarillo,route
categorical__route_Montgomery → Albuquerque,0.0,route_Montgomery → Albuquerque,route
categorical__route_Montgomery → Las Vegas,0.0,route_Montgomery → Las Vegas,route
categorical__route_Bakersfield → Baltimore,0.0,route_Bakersfield → Baltimore,route
categorical__route_Montgomery → Jacksonville,0.0,route_Montgomery → Jacksonville,route
categorical__route_Montgomery → Indianapolis,0.0,route_Montgomery → Indianapolis,route
categorical__route_Montgomery → Hartford,0.0,route_Montgomery → Hartford,route
categorical__route_Montgomery → Harrisburg,0.0,route_Montgomery → Harrisburg,route
categorical__route_Montgomery → Greensboro,0.0,route_Montgomery → Greensboro,route
categorical__route_Montgomery → Green Bay,0.0,route_Montgomery → Green Bay,route
categorical__route_Montgomery → Grand Rapids,0.0,route_Montgomery → Grand Rapids,route
categorical__route_Montgomery → Fresno,0.0,route_Montgomery → Fresno,route
categorical__route_Montgomery → Fort Wayne,0.0,route_Montgomery → Fort Wayne,route
categorical__route_Montgomery → El Paso,0.0,route_Montgomery → El Paso,route
categorical__route_Montgomery → Detroit,0.0,route_Montgomery → Detroit,route
categorical__route_Montgomery → Dayton,0.0,route_Montgomery → Dayton,route
categorical__route_Montgomery → Dallas,0.0,route_Montgomery → Dallas,route
categorical__route_Montgomery → Phoenix,0.0,route_Montgomery → Phoenix,route
categorical__route_Montgomery → Philadelphia,0.0,route_Montgomery → Philadelphia,route
categorical__route_Montgomery → New York,0.0,route_Montgomery → New York,route
categorical__route_Montgomery → New Orleans,0.0,route_Montgomery → New Orleans,route
categorical__route_Montgomery → Nashville,0.0,route_Montgomery → Nashville,route
categorical__route_Montgomery → Mobile,0.0,route_Montgomery → Mobile,route
categorical__route_Montgomery → Milwaukee,0.0,route_Montgomery → Milwaukee,route
categorical__route_Montgomery → Madison,0.0,route_Montgomery → Madison,route
categorical__route_Montgomery → Lubbock,0.0,route_Montgomery → Lubbock,route
categorical__route_Montgomery → Louisville,0.0,route_Montgomery → Louisville,route
categorical__route_Montgomery → Los Angeles,0.0,route_Montgomery → Los Angeles,route
categorical__route_Montgomery → Little Rock,0.0,route_Montgomery → Little Rock,route
categorical__route_Montgomery → Lexington,0.0,route_Montgomery → Lexington,route
categorical__route_Montgomery → Washington,0.0,route_Montgomery → Washington,route
categorical__route_Montgomery → Tulsa,0.0,route_Montgomery → Tulsa,route
categorical__route_Montgomery → Tucson,0.0,route_Montgomery → Tucson,route
categorical__route_Montgomery → Toledo,0.0,route_Montgomery → Toledo,route
categorical__route_Montgomery → Tampa,0.0,route_Montgomery → Tampa,route
categorical__route_Montgomery → Syracuse,0.0,route_Montgomery → Syracuse,route
categorical__route_Montgomery → St. Louis,0.0,route_Montgomery → St. Louis,route
categorical__route_Montgomery → Shreveport,0.0,route_Montgomery → Shreveport,route
categorical__route_Montgomery → Savannah,0.0,route_Montgomery → Savannah,route
categorical__route_Montgomery → San Francisco,0.0,route_Montgomery → San Francisco,route
categorical__route_Montgomery → San Antonio,0.0,route_Montgomery → San Antonio,route
categorical__route_Montgomery → Salt Lake City,0.0,route_Montgomery → Salt Lake City,route
categorical__route_Montgomery → Richmond,0.0,route_Montgomery → Richmond,route
categorical__route_Montgomery → Reno,0.0,route_Montgomery → Reno,route
categorical__route_Albuquerque → El Paso,0.0,route_Albuquerque → El Paso,route
categorical__route_Albuquerque → Reno,0.0,route_Albuquerque → Reno,route
categorical__route_Albuquerque → Raleigh,0.0,route_Albuquerque → Raleigh,route
categorical__route_Albuquerque → Providence,0.0,route_Albuquerque → Providence,route
categorical__route_Albuquerque → Phoenix,0.0,route_Albuquerque → Phoenix,route
categorical__route_Albuquerque → Philadelphia,0.0,route_Albuquerque → Philadelphia,route
categorical__route_Albuquerque → Oklahoma City,0.0,route_Albuquerque → Oklahoma City,route
categorical__route_Albuquerque → New York,0.0,route_Albuquerque → New York,route
categorical__route_Albuquerque → New Orleans,0.0,route_Albuquerque → New Orleans,route
categorical__route_Albuquerque → Nashville,0.0,route_Albuquerque → Nashville,route
categorical__route_Albuquerque → Montgomery,0.0,route_Albuquerque → Montgomery,route
categorical__route_Albuquerque → Mobile,0.0,route_Albuquerque → Mobile,route
categorical__route_Albuquerque → Memphis,0.0,route_Albuquerque → Memphis,route
categorical__route_Albuquerque → Lubbock,0.0,route_Albuquerque → Lubbock,route
categorical__route_Bakersfield → Austin,0.0,route_Bakersfield → Austin,route
categorical__route_Nashville → Corpus Christi,0.0,route_Nashville → Corpus Christi,route
categorical__route_Nashville → Columbia,0.0,route_Nashville → Columbia,route
categorical__route_Nashville → Cincinnati,0.0,route_Nashville → Cincinnati,route
categorical__route_Bakersfield → Atlanta,0.0,route_Bakersfield → Atlanta,route
categorical__route_Nashville → Buffalo,0.0,route_Nashville → Buffalo,route
categorical__route_Nashville → Boston,0.0,route_Nashville → Boston,route
categorical__route_Nashville → Birmingham,0.0,route_Nashville → Birmingham,route
categorical__route_Nashville → Baton Rouge,0.0,route_Nashville → Baton Rouge,route
categorical__route_Nashville → Baltimore,0.0,route_Nashville → Baltimore,route
categorical__route_Nashville → Bakersfield,0.0,route_Nashville → Bakersfield,route
categorical__route_Nashville → Austin,0.0,route_Nashville → Austin,route
categorical__route_Nashville → Atlanta,0.0,route_Nashville → Atlanta,route
categorical__route_Nashville → Albuquerque,0.0,route_Nashville → Albuquerque,route
categorical__route_Nashville → Lexington,0.0,route_Nashville → Lexington,route
categorical__route_Nashville → Las Vegas,0.0,route_Nashville → Las Vegas,route
categorical__route_Nashville → Kansas City,0.0,route_Nashville → Kansas City,route
categorical__route_Nashville → Jacksonville,0.0,route_Nashville → Jacksonville,route
categorical__route_Nashville → Indianapolis,0.0,route_Nashville → Indianapolis,route
categorical__route_Nashville → Houston,0.0,route_Nashville → Houston,route
categorical__route_Nashville → Harrisburg,0.0,route_Nashville → Harrisburg,route
categorical__route_Nashville → Greensboro,0.0,route_Nashville → Greensboro,route
categorical__route_Nashville → Green Bay,0.0,route_Nashville → Green Bay,route
categorical__route_Nashville → Grand Rapids,0.0,route_Nashville → Grand Rapids,route
categorical__route_Nashville → Fresno,0.0,route_Nashville → Fresno,route
categorical__route_Nashville → Fort Wayne,0.0,route_Nashville → Fort Wayne,route
categorical__route_Nashville → El Paso,0.0,route_Nashville → El Paso,route
categorical__route_Nashville → Detroit,0.0,route_Nashville → Detroit,route
categorical__route_Bakersfield → Amarillo,0.0,route_Bakersfield → Amarillo,route
categorical__route_Nashville → Raleigh,0.0,route_Nashville → Raleigh,route
categorical__route_Nashville → Providence,0.0,route_Nashville → Providence,route
categorical__route_Nashville → Phoenix,0.0,route_Nashville → Phoenix,route
categorical__route_Nashville → Philadelphia,0.0,route_Nashville → Philadelphia,route
categorical__route_Nashville → New York,0.0,route_Nashville → New York,route
categorical__route_Nashville → New Orleans,0.0,route_Nashville → New Orleans,route
categorical__route_Nashville → Montgomery,0.0,route_Nashville → Montgomery,route
categorical__route_Nashville → Mobile,0.0,route_Nashville → Mobile,route
categorical__route_Nashville → Memphis,0.0,route_Nashville → Memphis,route
categorical__route_Nashville → Madison,0.0,route_Nashville → Madison,route
categorical__route_Nashville → Lubbock,0.0,route_Nashville → Lubbock,route
categorical__route_Nashville → Louisville,0.0,route_Nashville → Louisville,route
categorical__route_Nashville → Los Angeles,0.0,route_Nashville → Los Angeles,route
categorical__route_Nashville → Little Rock,0.0,route_Nashville → Little Rock,route
categorical__route_New Orleans → Albuquerque,0.0,route_New Orleans → Albuquerque,route
categorical__route_New Orleans → Albany,0.0,route_New Orleans → Albany,route
categorical__route_Nashville → Washington,0.0,route_Nashville → Washington,route
categorical__route_Nashville → Tulsa,0.0,route_Nashville → Tulsa,route
categorical__route_Nashville → Tucson,0.0,route_Nashville → Tucson,route
categorical__route_Nashville → Toledo,0.0,route_Nashville → Toledo,route
categorical__route_Nashville → St. Louis,0.0,route_Nashville → St. Louis,route
categorical__route_Nashville → Savannah,0.0,route_Nashville → Savannah,route
categorical__route_Nashville → San Francisco,0.0,route_Nashville → San Francisco,route
categorical__route_Nashville → San Antonio,0.0,route_Nashville → San Antonio,route
categorical__route_Nashville → Salt Lake City,0.0,route_Nashville → Salt Lake City,route
categorical__route_Nashville → Richmond,0.0,route_Nashville → Richmond,route
categorical__route_Nashville → Reno,0.0,route_Nashville → Reno,route
categorical__route_New Orleans → Dayton,0.0,route_New Orleans → Dayton,route
categorical__route_New Orleans → Dallas,0.0,route_New Orleans → Dallas,route
categorical__route_New Orleans → Corpus Christi,0.0,route_New Orleans → Corpus Christi,route
categorical__route_New Orleans → Columbia,0.0,route_New Orleans → Columbia,route
categorical__route_New Orleans → Chattanooga,0.0,route_New Orleans → Chattanooga,route
categorical__route_New Orleans → Charleston,0.0,route_New Orleans → Charleston,route
categorical__route_New Orleans → Boston,0.0,route_New Orleans → Boston,route
categorical__route_Bakersfield → Albuquerque,0.0,route_Bakersfield → Albuquerque,route
categorical__route_Bakersfield → Albany,0.0,route_Bakersfield → Albany,route
categorical__route_New Orleans → Baltimore,0.0,route_New Orleans → Baltimore,route
categorical__route_New Orleans → Austin,0.0,route_New Orleans → Austin,route
categorical__route_New Orleans → Atlanta,0.0,route_New Orleans → Atlanta,route
categorical__route_New Orleans → Amarillo,0.0,route_New Orleans → Amarillo,route
categorical__route_New Orleans → Little Rock,0.0,route_New Orleans → Little Rock,route
categorical__route_New Orleans → Lexington,0.0,route_New Orleans → Lexington,route
categorical__route_New Orleans → Las Vegas,0.0,route_New Orleans → Las Vegas,route
categorical__route_New Orleans → Kansas City,0.0,route_New Orleans → Kansas City,route
categorical__route_New Orleans → Jacksonville,0.0,route_New Orleans → Jacksonville,route
categorical__route_New Orleans → Indianapolis,0.0,route_New Orleans → Indianapolis,route
categorical__route_New Orleans → Houston,0.0,route_New Orleans → Houston,route
categorical__route_New Orleans → Hartford,0.0,route_New Orleans → Hartford,route
categorical__route_New Orleans → Harrisburg,0.0,route_New Orleans → Harrisburg,route
categorical__route_New Orleans → Greensboro,0.0,route_New Orleans → Greensboro,route
categorical__route_New Orleans → Green Bay,0.0,route_New Orleans → Green Bay,route
categorical__route_New Orleans → Grand Rapids,0.0,route_New Orleans → Grand Rapids,route
categorical__route_New Orleans → Fresno,0.0,route_New Orleans → Fresno,route
categorical__route_New Orleans → Fort Wayne,0.0,route_New Orleans → Fort Wayne,route
categorical__route_New Orleans → El Paso,0.0,route_New Orleans → El Paso,route
categorical__route_New Orleans → Detroit,0.0,route_New Orleans → Detroit,route
categorical__route_New Orleans → Reno,0.0,route_New Orleans → Reno,route
categorical__route_New Orleans → Raleigh,0.0,route_New Orleans → Raleigh,route
categorical__route_New Orleans → Providence,0.0,route_New Orleans → Providence,route
categorical__route_New Orleans → Phoenix,0.0,route_New Orleans → Phoenix,route
categorical__route_New Orleans → Philadelphia,0.0,route_New Orleans → Philadelphia,route
categorical__route_New Orleans → Oklahoma City,0.0,route_New Orleans → Oklahoma City,route
categorical__route_New Orleans → New York,0.0,route_New Orleans → New York,route
categorical__route_New Orleans → Nashville,0.0,route_New Orleans → Nashville,route
categorical__route_New Orleans → Montgomery,0.0,route_New Orleans → Montgomery,route
categorical__route_New Orleans → Mobile,0.0,route_New Orleans → Mobile,route
categorical__route_New Orleans → Milwaukee,0.0,route_New Orleans → Milwaukee,route
categorical__route_New Orleans → Memphis,0.0,route_New Orleans → Memphis,route
categorical__route_New Orleans → Madison,0.0,route_New Orleans → Madison,route
categorical__route_New Orleans → Lubbock,0.0,route_New Orleans → Lubbock,route
categorical__route_New Orleans → Louisville,0.0,route_New Orleans → Louisville,route
categorical__route_New Orleans → Los Angeles,0.0,route_New Orleans → Los Angeles,route
categorical__route_New York → Amarillo,0.0,route_New York → Amarillo,route
categorical__route_New York → Albuquerque,0.0,route_New York → Albuquerque,route
categorical__route_New York → Albany,0.0,route_New York → Albany,route
categorical__route_New Orleans → Washington,0.0,route_New Orleans → Washington,route
categorical__route_New Orleans → Tulsa,0.0,route_New Orleans → Tulsa,route
categorical__route_New Orleans → Tucson,0.0,route_New Orleans → Tucson,route
categorical__route_New Orleans → Toledo,0.0,route_New Orleans → Toledo,route
categorical__route_New Orleans → Tampa,0.0,route_New Orleans → Tampa,route
categorical__route_New Orleans → Syracuse,0.0,route_New Orleans → Syracuse,route
categorical__route_New Orleans → St. Louis,0.0,route_New Orleans → St. Louis,route
categorical__route_New Orleans → Shreveport,0.0,route_New Orleans → Shreveport,route
categorical__route_New Orleans → Savannah,0.0,route_New Orleans → Savannah,route
categorical__route_New Orleans → San Francisco,0.0,route_New Orleans → San Francisco,route
categorical__route_New Orleans → San Antonio,0.0,route_New Orleans → San Antonio,route
categorical__route_New Orleans → Salt Lake City,0.0,route_New Orleans → Salt Lake City,route
categorical__route_New Orleans → Richmond,0.0,route_New Orleans → Richmond,route
categorical__route_New York → Detroit,0.0,route_New York → Detroit,route
categorical__route_New York → Dayton,0.0,route_New York → Dayton,route
categorical__route_New York → Dallas,0.0,route_New York → Dallas,route
categorical__route_New York → Corpus Christi,0.0,route_New York → Corpus Christi,route
categorical__route_New York → Columbia,0.0,route_New York → Columbia,route
categorical__route_New York → Cincinnati,0.0,route_New York → Cincinnati,route
categorical__route_New York → Chattanooga,0.0,route_New York → Chattanooga,route
categorical__route_New York → Charleston,0.0,route_New York → Charleston,route
categorical__route_New York → Buffalo,0.0,route_New York → Buffalo,route
categorical__route_New York → Boston,0.0,route_New York → Boston,route
categorical__route_New York → Birmingham,0.0,route_New York → Birmingham,route
categorical__route_New York → Baton Rouge,0.0,route_New York → Baton Rouge,route
categorical__route_New York → Baltimore,0.0,route_New York → Baltimore,route
categorical__route_New York → Bakersfield,0.0,route_New York → Bakersfield,route
categorical__route_New York → Austin,0.0,route_New York → Austin,route
categorical__route_New York → Atlanta,0.0,route_New York → Atlanta,route
categorical__route_New York → Los Angeles,0.0,route_New York → Los Angeles,route
categorical__route_New York → Little Rock,0.0,route_New York → Little Rock,route
categorical__route_New York → Lexington,0.0,route_New York → Lexington,route
categorical__route_New York → Las Vegas,0.0,route_New York → Las Vegas,route
categorical__route_New York → Kansas City,0.0,route_New York → Kansas City,route
categorical__route_Austin → Washington,0.0,route_Austin → Washington,route
categorical__route_New York → Indianapolis,0.0,route_New York → Indianapolis,route
categorical__route_New York → Houston,0.0,route_New York → Houston,route
categorical__route_New York → Hartford,0.0,route_New York → Hartford,route
categorical__route_New York → Harrisburg,0.0,route_New York → Harrisburg,route
categorical__route_New York → Greensboro,0.0,route_New York → Greensboro,route
categorical__route_New York → Green Bay,0.0,route_New York → Green Bay,route
categorical__route_New York → Grand Rapids,0.0,route_New York → Grand Rapids,route
categorical__route_New York → Fresno,0.0,route_New York → Fresno,route
categorical__route_New York → Fort Wayne,0.0,route_New York → Fort Wayne,route
categorical__route_New York → El Paso,0.0,route_New York → El Paso,route
categorical__route_New York → Richmond,0.0,route_New York → Richmond,route
categorical__route_New York → Reno,0.0,route_New York → Reno,route
categorical__route_New York → Providence,0.0,route_New York → Providence,route
categorical__route_New York → Phoenix,0.0,route_New York → Phoenix,route
categorical__route_New York → Philadelphia,0.0,route_New York → Philadelphia,route
categorical__route_New York → Oklahoma City,0.0,route_New York → Oklahoma City,route
categorical__route_New York → New Orleans,0.0,route_New York → New Orleans,route
categorical__route_New York → Montgomery,0.0,route_New York → Montgomery,route
categorical__route_New York → Mobile,0.0,route_New York → Mobile,route
categorical__route_New York → Milwaukee,0.0,route_New York → Milwaukee,route
categorical__route_New York → Memphis,0.0,route_New York → Memphis,route
categorical__route_New York → Madison,0.0,route_New York → Madison,route
categorical__route_New York → Lubbock,0.0,route_New York → Lubbock,route
categorical__route_New York → Louisville,0.0,route_New York → Louisville,route
categorical__route_Oklahoma City → Amarillo,0.0,route_Oklahoma City → Amarillo,route
categorical__route_Oklahoma City → Albuquerque,0.0,route_Oklahoma City → Albuquerque,route
categorical__route_Oklahoma City → Albany,0.0,route_Oklahoma City → Albany,route
categorical__route_New York → Washington,0.0,route_New York → Washington,route
categorical__route_Austin → Tulsa,0.0,route_Austin → Tulsa,route
categorical__route_New York → Tucson,0.0,route_New York → Tucson,route
categorical__route_New York → Toledo,0.0,route_New York → Toledo,route
categorical__route_New York → Tampa,0.0,route_New York → Tampa,route
categorical__route_New York → Syracuse,0.0,route_New York → Syracuse,route
categorical__route_New York → St. Louis,0.0,route_New York → St. Louis,route
categorical__route_New York → Shreveport,0.0,route_New York → Shreveport,route
categorical__route_New York → Savannah,0.0,route_New York → Savannah,route
categorical__route_New York → San Francisco,0.0,route_New York → San Francisco,route
categorical__route_New York → San Antonio,0.0,route_New York → San Antonio,route
categorical__route_Albuquerque → Albany,0.0,route_Albuquerque → Albany,route
categorical__route_Albuquerque → Los Angeles,0.0,route_Albuquerque → Los Angeles,route
categorical__route_Albuquerque → Little Rock,0.0,route_Albuquerque → Little Rock,route
categorical__route_Albuquerque → Lexington,0.0,route_Albuquerque → Lexington,route
categorical__route_Albuquerque → Las Vegas,0.0,route_Albuquerque → Las Vegas,route
categorical__route_Austin → Tucson,0.0,route_Austin → Tucson,route
categorical__route_Albuquerque → Jacksonville,0.0,route_Albuquerque → Jacksonville,route
categorical__route_Albuquerque → Houston,0.0,route_Albuquerque → Houston,route
categorical__route_Albuquerque → Hartford,0.0,route_Albuquerque → Hartford,route
categorical__route_Albuquerque → Harrisburg,0.0,route_Albuquerque → Harrisburg,route
categorical__route_Albuquerque → Greensboro,0.0,route_Albuquerque → Greensboro,route
categorical__route_Albuquerque → Green Bay,0.0,route_Albuquerque → Green Bay,route
categorical__route_Albuquerque → Grand Rapids,0.0,route_Albuquerque → Grand Rapids,route
categorical__route_Albuquerque → Fresno,0.0,route_Albuquerque → Fresno,route
categorical__route_Albuquerque → Fort Wayne,0.0,route_Albuquerque → Fort Wayne,route
categorical__route_New York → Salt Lake City,0.0,route_New York → Salt Lake City,route
categorical__route_Oklahoma City → El Paso,0.0,route_Oklahoma City → El Paso,route
categorical__route_Oklahoma City → Detroit,0.0,route_Oklahoma City → Detroit,route
categorical__route_Oklahoma City → Dayton,0.0,route_Oklahoma City → Dayton,route
categorical__route_Oklahoma City → Dallas,0.0,route_Oklahoma City → Dallas,route
categorical__route_Oklahoma City → Corpus Christi,0.0,route_Oklahoma City → Corpus Christi,route
categorical__route_Oklahoma City → Columbia,0.0,route_Oklahoma City → Columbia,route
categorical__route_Oklahoma City → Cincinnati,0.0,route_Oklahoma City → Cincinnati,route
categorical__route_Oklahoma City → Chattanooga,0.0,route_Oklahoma City → Chattanooga,route
categorical__route_Oklahoma City → Charleston,0.0,route_Oklahoma City → Charleston,route
categorical__route_Oklahoma City → Buffalo,0.0,route_Oklahoma City → Buffalo,route
categorical__route_Oklahoma City → Boston,0.0,route_Oklahoma City → Boston,route
categorical__route_Austin → Toledo,0.0,route_Austin → Toledo,route
categorical__route_Oklahoma City → Bakersfield,0.0,route_Oklahoma City → Bakersfield,route
categorical__route_Oklahoma City → Austin,0.0,route_Oklahoma City → Austin,route
categorical__route_Oklahoma City → Louisville,0.0,route_Oklahoma City → Louisville,route
categorical__route_Oklahoma City → Los Angeles,0.0,route_Oklahoma City → Los Angeles,route
categorical__route_Oklahoma City → Little Rock,0.0,route_Oklahoma City → Little Rock,route
categorical__route_Oklahoma City → Lexington,0.0,route_Oklahoma City → Lexington,route
categorical__route_Oklahoma City → Las Vegas,0.0,route_Oklahoma City → Las Vegas,route
categorical__route_Oklahoma City → Kansas City,0.0,route_Oklahoma City → Kansas City,route
categorical__route_Oklahoma City → Jacksonville,0.0,route_Oklahoma City → Jacksonville,route
categorical__route_Oklahoma City → Indianapolis,0.0,route_Oklahoma City → Indianapolis,route
categorical__route_Austin → Tampa,0.0,route_Austin → Tampa,route
categorical__route_Oklahoma City → Harrisburg,0.0,route_Oklahoma City → Harrisburg,route
categorical__route_Austin → Syracuse,0.0,route_Austin → Syracuse,route
categorical__route_Oklahoma City → Grand Rapids,0.0,route_Oklahoma City → Grand Rapids,route
categorical__route_Oklahoma City → Fresno,0.0,route_Oklahoma City → Fresno,route
categorical__route_Oklahoma City → Fort Wayne,0.0,route_Oklahoma City → Fort Wayne,route
categorical__route_Oklahoma City → Salt Lake City,0.0,route_Oklahoma City → Salt Lake City,route
categorical__route_Oklahoma City → Richmond,0.0,route_Oklahoma City → Richmond,route
categorical__route_Oklahoma City → Reno,0.0,route_Oklahoma City → Reno,route
categorical__route_Oklahoma City → Raleigh,0.0,route_Oklahoma City → Raleigh,route
categorical__route_Oklahoma City → Providence,0.0,route_Oklahoma City → Providence,route
categorical__route_Oklahoma City → Phoenix,0.0,route_Oklahoma City → Phoenix,route
categorical__route_Oklahoma City → Philadelphia,0.0,route_Oklahoma City → Philadelphia,route
categorical__route_Oklahoma City → New Orleans,0.0,route_Oklahoma City → New Orleans,route
categorical__route_Oklahoma City → Nashville,0.0,route_Oklahoma City → Nashville,route
categorical__route_Oklahoma City → Milwaukee,0.0,route_Oklahoma City → Milwaukee,route
categorical__route_Oklahoma City → Madison,0.0,route_Oklahoma City → Madison,route
categorical__route_Oklahoma City → Lubbock,0.0,route_Oklahoma City → Lubbock,route
categorical__route_Philadelphia → Austin,0.0,route_Philadelphia → Austin,route
categorical__route_Philadelphia → Atlanta,0.0,route_Philadelphia → Atlanta,route
categorical__route_Philadelphia → Amarillo,0.0,route_Philadelphia → Amarillo,route
categorical__route_Philadelphia → Albuquerque,0.0,route_Philadelphia → Albuquerque,route
categorical__route_Philadelphia → Albany,0.0,route_Philadelphia → Albany,route
categorical__route_Oklahoma City → Washington,0.0,route_Oklahoma City → Washington,route
categorical__route_Oklahoma City → Tulsa,0.0,route_Oklahoma City → Tulsa,route
categorical__route_Oklahoma City → Tucson,0.0,route_Oklahoma City → Tucson,route
categorical__route_Oklahoma City → Toledo,0.0,route_Oklahoma City → Toledo,route
categorical__route_Oklahoma City → Tampa,0.0,route_Oklahoma City → Tampa,route
categorical__route_Oklahoma City → Syracuse,0.0,route_Oklahoma City → Syracuse,route
categorical__route_Oklahoma City → St. Louis,0.0,route_Oklahoma City → St. Louis,route
categorical__route_Oklahoma City → Shreveport,0.0,route_Oklahoma City → Shreveport,route
categorical__route_Oklahoma City → Savannah,0.0,route_Oklahoma City → Savannah,route
categorical__route_Oklahoma City → San Francisco,0.0,route_Oklahoma City → San Francisco,route
categorical__route_Oklahoma City → San Antonio,0.0,route_Oklahoma City → San Antonio,route
categorical__route_Philadelphia → Fort Wayne,0.0,route_Philadelphia → Fort Wayne,route
categorical__route_Philadelphia → El Paso,0.0,route_Philadelphia → El Paso,route
categorical__route_Philadelphia → Detroit,0.0,route_Philadelphia → Detroit,route
categorical__route_Philadelphia → Dayton,0.0,route_Philadelphia → Dayton,route
categorical__route_Philadelphia → Corpus Christi,0.0,route_Philadelphia → Corpus Christi,route
categorical__route_Philadelphia → Cincinnati,0.0,route_Philadelphia → Cincinnati,route
categorical__route_Philadelphia → Chattanooga,0.0,route_Philadelphia → Chattanooga,route
categorical__route_Philadelphia → Charleston,0.0,route_Philadelphia → Charleston,route
categorical__route_Philadelphia → Buffalo,0.0,route_Philadelphia → Buffalo,route
categorical__route_Philadelphia → Boston,0.0,route_Philadelphia → Boston,route
categorical__route_Philadelphia → Birmingham,0.0,route_Philadelphia → Birmingham,route
categorical__route_Philadelphia → Baton Rouge,0.0,route_Philadelphia → Baton Rouge,route
categorical__route_Philadelphia → Baltimore,0.0,route_Philadelphia → Baltimore,route
categorical__route_Philadelphia → Bakersfield,0.0,route_Philadelphia → Bakersfield,route
categorical__route_Philadelphia → Lubbock,0.0,route_Philadelphia → Lubbock,route
categorical__route_Austin → St. Louis,0.0,route_Austin → St. Louis,route
categorical__route_Philadelphia → Los Angeles,0.0,route_Philadelphia → Los Angeles,route
categorical__route_Philadelphia → Little Rock,0.0,route_Philadelphia → Little Rock,route
categorical__route_Philadelphia → Lexington,0.0,route_Philadelphia → Lexington,route
categorical__route_Philadelphia → Las Vegas,0.0,route_Philadelphia → Las Vegas,route
categorical__route_Philadelphia → Kansas City,0.0,route_Philadelphia → Kansas City,route
categorical__route_Philadelphia → Jacksonville,0.0,route_Philadelphia → Jacksonville,route
categorical__route_Philadelphia → Indianapolis,0.0,route_Philadelphia → Indianapolis,route
categorical__route_Philadelphia → Houston,0.0,route_Philadelphia → Houston,route
categorical__route_Philadelphia → Hartford,0.0,route_Philadelphia → Hartford,route
categorical__route_Austin → Shreveport,0.0,route_Austin → Shreveport,route
categorical__route_Philadelphia → Greensboro,0.0,route_Philadelphia → Greensboro,route
categorical__route_Philadelphia → Green Bay,0.0,route_Philadelphia → Green Bay,route
categorical__route_Philadelphia → Grand Rapids,0.0,route_Philadelphia → Grand Rapids,route
categorical__route_Philadelphia → Fresno,0.0,route_Philadelphia → Fresno,route
categorical__route_Philadelphia → San Antonio,0.0,route_Philadelphia → San Antonio,route
categorical__route_Philadelphia → Salt Lake City,0.0,route_Philadelphia → Salt Lake City,route
categorical__route_Philadelphia → Reno,0.0,route_Philadelphia → Reno,route
categorical__route_Philadelphia → Providence,0.0,route_Philadelphia → Providence,route
categorical__route_Philadelphia → Phoenix,0.0,route_Philadelphia → Phoenix,route
categorical__route_Philadelphia → Oklahoma City,0.0,route_Philadelphia → Oklahoma City,route
categorical__route_Philadelphia → New York,0.0,route_Philadelphia → New York,route
categorical__route_Philadelphia → New Orleans,0.0,route_Philadelphia → New Orleans,route
categorical__route_Philadelphia → Nashville,0.0,route_Philadelphia → Nashville,route
categorical__route_Philadelphia → Montgomery,0.0,route_Philadelphia → Montgomery,route
categorical__route_Philadelphia → Mobile,0.0,route_Philadelphia → Mobile,route
categorical__route_Philadelphia → Milwaukee,0.0,route_Philadelphia → Milwaukee,route
categorical__route_Philadelphia → Memphis,0.0,route_Philadelphia → Memphis,route
categorical__route_Philadelphia → Madison,0.0,route_Philadelphia → Madison,route
categorical__route_Phoenix → Bakersfield,0.0,route_Phoenix → Bakersfield,route
categorical__route_Phoenix → Austin,0.0,route_Phoenix → Austin,route
categorical__route_Phoenix → Atlanta,0.0,route_Phoenix → Atlanta,route
categorical__route_Phoenix → Amarillo,0.0,route_Phoenix → Amarillo,route
categorical__route_Phoenix → Albuquerque,0.0,route_Phoenix → Albuquerque,route
categorical__route_Phoenix → Albany,0.0,route_Phoenix → Albany,route
categorical__route_Philadelphia → Washington,0.0,route_Philadelphia → Washington,route
categorical__route_Philadelphia → Tulsa,0.0,route_Philadelphia → Tulsa,route
categorical__route_Philadelphia → Toledo,0.0,route_Philadelphia → Toledo,route
categorical__route_Philadelphia → Tampa,0.0,route_Philadelphia → Tampa,route
categorical__route_Austin → Savannah,0.0,route_Austin → Savannah,route
categorical__route_Philadelphia → St. Louis,0.0,route_Philadelphia → St. Louis,route
categorical__route_Philadelphia → Shreveport,0.0,route_Philadelphia → Shreveport,route
categorical__route_Bakersfield → Green Bay,0.0,route_Bakersfield → Green Bay,route
categorical__route_Philadelphia → San Francisco,0.0,route_Philadelphia → San Francisco,route
categorical__route_Phoenix → Fresno,0.0,route_Phoenix → Fresno,route
categorical__route_Phoenix → Fort Wayne,0.0,route_Phoenix → Fort Wayne,route
categorical__route_Phoenix → El Paso,0.0,route_Phoenix → El Paso,route
categorical__route_Phoenix → Detroit,0.0,route_Phoenix → Detroit,route
categorical__route_Phoenix → Dayton,0.0,route_Phoenix → Dayton,route
categorical__route_Phoenix → Dallas,0.0,route_Phoenix → Dallas,route
categorical__route_Phoenix → Corpus Christi,0.0,route_Phoenix → Corpus Christi,route
categorical__route_Phoenix → Columbia,0.0,route_Phoenix → Columbia,route
categorical__route_Phoenix → Cincinnati,0.0,route_Phoenix → Cincinnati,route
categorical__route_Phoenix → Chattanooga,0.0,route_Phoenix → Chattanooga,route
categorical__route_Phoenix → Buffalo,0.0,route_Phoenix → Buffalo,route
categorical__route_Phoenix → Boston,0.0,route_Phoenix → Boston,route
categorical__route_Phoenix → Birmingham,0.0,route_Phoenix → Birmingham,route
categorical__route_Phoenix → Baton Rouge,0.0,route_Phoenix → Baton Rouge,route
categorical__route_Albany → Providence,0.0,route_Albany → Providence,route
categorical__route_Albuquerque → Detroit,0.0,route_Albuquerque → Detroit,route
categorical__route_Albuquerque → Dayton,0.0,route_Albuquerque → Dayton,route
categorical__route_Albuquerque → Corpus Christi,0.0,route_Albuquerque → Corpus Christi,route
categorical__route_Albuquerque → Columbia,0.0,route_Albuquerque → Columbia,route
categorical__route_Albuquerque → Cincinnati,0.0,route_Albuquerque → Cincinnati,route
categorical__route_Albuquerque → Chattanooga,0.0,route_Albuquerque → Chattanooga,route
categorical__route_Albuquerque → Charleston,0.0,route_Albuquerque → Charleston,route
categorical__route_Albuquerque → Buffalo,0.0,route_Albuquerque → Buffalo,route
categorical__route_Albuquerque → Boston,0.0,route_Albuquerque → Boston,route
categorical__route_Albuquerque → Baton Rouge,0.0,route_Albuquerque → Baton Rouge,route
categorical__route_Albuquerque → Baltimore,0.0,route_Albuquerque → Baltimore,route
categorical__route_Albuquerque → Austin,0.0,route_Albuquerque → Austin,route
categorical__route_Albuquerque → Amarillo,0.0,route_Albuquerque → Amarillo,route
categorical__route_Phoenix → Lubbock,0.0,route_Phoenix → Lubbock,route
categorical__route_Phoenix → Louisville,0.0,route_Phoenix → Louisville,route
categorical__route_Phoenix → Los Angeles,0.0,route_Phoenix → Los Angeles,route
categorical__route_Phoenix → Little Rock,0.0,route_Phoenix → Little Rock,route
categorical__route_Phoenix → Lexington,0.0,route_Phoenix → Lexington,route
categorical__route_Phoenix → Las Vegas,0.0,route_Phoenix → Las Vegas,route
categorical__route_Phoenix → Kansas City,0.0,route_Phoenix → Kansas City,route
categorical__route_Phoenix → Indianapolis,0.0,route_Phoenix → Indianapolis,route
categorical__route_Phoenix → Houston,0.0,route_Phoenix → Houston,route
categorical__route_Phoenix → Hartford,0.0,route_Phoenix → Hartford,route
categorical__route_Phoenix → Harrisburg,0.0,route_Phoenix → Harrisburg,route
categorical__route_Phoenix → Greensboro,0.0,route_Phoenix → Greensboro,route
categorical__route_Phoenix → Green Bay,0.0,route_Phoenix → Green Bay,route
categorical__route_Phoenix → Grand Rapids,0.0,route_Phoenix → Grand Rapids,route
categorical__route_Phoenix → San Francisco,0.0,route_Phoenix → San Francisco,route
categorical__route_Phoenix → San Antonio,0.0,route_Phoenix → San Antonio,route
categorical__route_Phoenix → Salt Lake City,0.0,route_Phoenix → Salt Lake City,route
categorical__route_Phoenix → Richmond,0.0,route_Phoenix → Richmond,route
categorical__route_Phoenix → Reno,0.0,route_Phoenix → Reno,route
categorical__route_Phoenix → Raleigh,0.0,route_Phoenix → Raleigh,route
categorical__route_Phoenix → Providence,0.0,route_Phoenix → Providence,route
categorical__route_Phoenix → Oklahoma City,0.0,route_Phoenix → Oklahoma City,route
categorical__route_Phoenix → New York,0.0,route_Phoenix → New York,route
categorical__route_Phoenix → New Orleans,0.0,route_Phoenix → New Orleans,route
categorical__route_Phoenix → Montgomery,0.0,route_Phoenix → Montgomery,route
categorical__route_Phoenix → Mobile,0.0,route_Phoenix → Mobile,route
categorical__route_Phoenix → Milwaukee,0.0,route_Phoenix → Milwaukee,route
categorical__route_Phoenix → Memphis,0.0,route_Phoenix → Memphis,route
categorical__route_Providence → Baltimore,0.0,route_Providence → Baltimore,route
categorical__route_Providence → Bakersfield,0.0,route_Providence → Bakersfield,route
categorical__route_Providence → Austin,0.0,route_Providence → Austin,route
categorical__route_Providence → Atlanta,0.0,route_Providence → Atlanta,route
categorical__route_Providence → Amarillo,0.0,route_Providence → Amarillo,route
categorical__route_Providence → Albuquerque,0.0,route_Providence → Albuquerque,route
categorical__route_Providence → Albany,0.0,route_Providence → Albany,route
categorical__route_Phoenix → Washington,0.0,route_Phoenix → Washington,route
categorical__route_Phoenix → Tulsa,0.0,route_Phoenix → Tulsa,route
categorical__route_Bakersfield → Grand Rapids,0.0,route_Bakersfield → Grand Rapids,route
categorical__route_Phoenix → Toledo,0.0,route_Phoenix → Toledo,route
categorical__route_Bakersfield → Fort Wayne,0.0,route_Bakersfield → Fort Wayne,route
categorical__route_Phoenix → St. Louis,0.0,route_Phoenix → St. Louis,route
categorical__route_Phoenix → Shreveport,0.0,route_Phoenix → Shreveport,route
categorical__route_Phoenix → Savannah,0.0,route_Phoenix → Savannah,route
categorical__route_Providence → Grand Rapids,0.0,route_Providence → Grand Rapids,route
categorical__route_Providence → Fresno,0.0,route_Providence → Fresno,route
categorical__route_Providence → Fort Wayne,0.0,route_Providence → Fort Wayne,route
categorical__route_Providence → El Paso,0.0,route_Providence → El Paso,route
categorical__route_Providence → Detroit,0.0,route_Providence → Detroit,route
categorical__route_Providence → Dayton,0.0,route_Providence → Dayton,route
categorical__route_Providence → Dallas,0.0,route_Providence → Dallas,route
categorical__route_Providence → Corpus Christi,0.0,route_Providence → Corpus Christi,route
categorical__route_Providence → Cincinnati,0.0,route_Providence → Cincinnati,route
categorical__route_Providence → Chattanooga,0.0,route_Providence → Chattanooga,route
categorical__route_Providence → Charleston,0.0,route_Providence → Charleston,route
categorical__route_Providence → Buffalo,0.0,route_Providence → Buffalo,route
categorical__route_Providence → Boston,0.0,route_Providence → Boston,route
categorical__route_Providence → Birmingham,0.0,route_Providence → Birmingham,route
categorical__route_Providence → Baton Rouge,0.0,route_Providence → Baton Rouge,route
categorical__route_Bakersfield → El Paso,0.0,route_Bakersfield → El Paso,route
categorical__route_Providence → Madison,0.0,route_Providence → Madison,route
categorical__route_Providence → Lubbock,0.0,route_Providence → Lubbock,route
categorical__route_Providence → Louisville,0.0,route_Providence → Louisville,route
categorical__route_Providence → Los Angeles,0.0,route_Providence → Los Angeles,route
categorical__route_Providence → Little Rock,0.0,route_Providence → Little Rock,route
categorical__route_Providence → Lexington,0.0,route_Providence → Lexington,route
categorical__route_Providence → Las Vegas,0.0,route_Providence → Las Vegas,route
categorical__route_Providence → Kansas City,0.0,route_Providence → Kansas City,route
categorical__route_Providence → Jacksonville,0.0,route_Providence → Jacksonville,route
categorical__route_Providence → Indianapolis,0.0,route_Providence → Indianapolis,route
categorical__route_Providence → Houston,0.0,route_Providence → Houston,route
categorical__route_Providence → Hartford,0.0,route_Providence → Hartford,route
categorical__route_Providence → Harrisburg,0.0,route_Providence → Harrisburg,route
categorical__route_Providence → Greensboro,0.0,route_Providence → Greensboro,route
categorical__route_Providence → Green Bay,0.0,route_Providence → Green Bay,route
categorical__route_Providence → Shreveport,0.0,route_Providence → Shreveport,route
categorical__route_Providence → San Francisco,0.0,route_Providence → San Francisco,route
categorical__route_Providence → San Antonio,0.0,route_Providence → San Antonio,route
categorical__route_Providence → Salt Lake City,0.0,route_Providence → Salt Lake City,route
categorical__route_Providence → Richmond,0.0,route_Providence → Richmond,route
categorical__route_Providence → Reno,0.0,route_Providence → Reno,route
categorical__route_Providence → Raleigh,0.0,route_Providence → Raleigh,route
categorical__route_Bakersfield → Detroit,0.0,route_Bakersfield → Detroit,route
categorical__route_Providence → Philadelphia,0.0,route_Providence → Philadelphia,route
categorical__route_Providence → Oklahoma City,0.0,route_Providence → Oklahoma City,route
categorical__route_Providence → New York,0.0,route_Providence → New York,route
categorical__route_Providence → New Orleans,0.0,route_Providence → New Orleans,route
categorical__route_Providence → Nashville,0.0,route_Providence → Nashville,route
categorical__route_Providence → Montgomery,0.0,route_Providence → Montgomery,route
categorical__route_Providence → Mobile,0.0,route_Providence → Mobile,route
categorical__route_Providence → Milwaukee,0.0,route_Providence → Milwaukee,route
categorical__route_Raleigh → Birmingham,0.0,route_Raleigh → Birmingham,route
categorical__route_Raleigh → Baton Rouge,0.0,route_Raleigh → Baton Rouge,route
categorical__route_Raleigh → Baltimore,0.0,route_Raleigh → Baltimore,route
categorical__route_Raleigh → Bakersfield,0.0,route_Raleigh → Bakersfield,route
categorical__route_Raleigh → Austin,0.0,route_Raleigh → Austin,route
categorical__route_Raleigh → Atlanta,0.0,route_Raleigh → Atlanta,route
categorical__route_Raleigh → Amarillo,0.0,route_Raleigh → Amarillo,route
categorical__route_Raleigh → Albuquerque,0.0,route_Raleigh → Albuquerque,route
categorical__route_Raleigh → Albany,0.0,route_Raleigh → Albany,route
categorical__route_Providence → Washington,0.0,route_Providence → Washington,route
categorical__route_Providence → Tulsa,0.0,route_Providence → Tulsa,route
categorical__route_Providence → Tucson,0.0,route_Providence → Tucson,route
categorical__route_Providence → Toledo,0.0,route_Providence → Toledo,route
categorical__route_Providence → Tampa,0.0,route_Providence → Tampa,route
categorical__route_Providence → Syracuse,0.0,route_Providence → Syracuse,route
categorical__route_Providence → St. Louis,0.0,route_Providence → St. Louis,route
categorical__route_Raleigh → Green Bay,0.0,route_Raleigh → Green Bay,route
categorical__route_Raleigh → Grand Rapids,0.0,route_Raleigh → Grand Rapids,route
categorical__route_Raleigh → Fresno,0.0,route_Raleigh → Fresno,route
categorical__route_Raleigh → El Paso,0.0,route_Raleigh → El Paso,route
categorical__route_Raleigh → Detroit,0.0,route_Raleigh → Detroit,route
categorical__route_Raleigh → Dayton,0.0,route_Raleigh → Dayton,route
categorical__route_Raleigh → Dallas,0.0,route_Raleigh → Dallas,route
categorical__route_Raleigh → Corpus Christi,0.0,route_Raleigh → Corpus Christi,route
categorical__route_Raleigh → Columbia,0.0,route_Raleigh → Columbia,route
categorical__route_Raleigh → Cincinnati,0.0,route_Raleigh → Cincinnati,route
categorical__route_Raleigh → Chattanooga,0.0,route_Raleigh → Chattanooga,route
categorical__route_Raleigh → Charleston,0.0,route_Raleigh → Charleston,route
categorical__route_Raleigh → Buffalo,0.0,route_Raleigh → Buffalo,route
categorical__route_Raleigh → Boston,0.0,route_Raleigh → Boston,route
categorical__route_Raleigh → Mobile,0.0,route_Raleigh → Mobile,route
categorical__route_Raleigh → Milwaukee,0.0,route_Raleigh → Milwaukee,route
categorical__route_Raleigh → Memphis,0.0,route_Raleigh → Memphis,route
categorical__route_Raleigh → Madison,0.0,route_Raleigh → Madison,route
categorical__route_Raleigh → Lubbock,0.0,route_Raleigh → Lubbock,route
categorical__route_Raleigh → Louisville,0.0,route_Raleigh → Louisville,route
categorical__route_Raleigh → Los Angeles,0.0,route_Raleigh → Los Angeles,route
categorical__route_Raleigh → Little Rock,0.0,route_Raleigh → Little Rock,route
categorical__route_Raleigh → Lexington,0.0,route_Raleigh → Lexington,route
categorical__route_Raleigh → Las Vegas,0.0,route_Raleigh → Las Vegas,route
categorical__route_Raleigh → Kansas City,0.0,route_Raleigh → Kansas City,route
categorical__route_Raleigh → Jacksonville,0.0,route_Raleigh → Jacksonville,route
categorical__route_Raleigh → Indianapolis,0.0,route_Raleigh → Indianapolis,route
categorical__route_Raleigh → Houston,0.0,route_Raleigh → Houston,route
categorical__route_Raleigh → Hartford,0.0,route_Raleigh → Hartford,route
categorical__route_Raleigh → Harrisburg,0.0,route_Raleigh → Harrisburg,route
categorical__route_Raleigh → St. Louis,0.0,route_Raleigh → St. Louis,route
categorical__route_Raleigh → Shreveport,0.0,route_Raleigh → Shreveport,route
categorical__route_Raleigh → Savannah,0.0,route_Raleigh → Savannah,route
categorical__route_Raleigh → San Francisco,0.0,route_Raleigh → San Francisco,route
categorical__route_Raleigh → San Antonio,0.0,route_Raleigh → San Antonio,route
categorical__route_Raleigh → Salt Lake City,0.0,route_Raleigh → Salt Lake City,route
categorical__route_Raleigh → Richmond,0.0,route_Raleigh → Richmond,route
categorical__route_Raleigh → Reno,0.0,route_Raleigh → Reno,route
categorical__route_Raleigh → Providence,0.0,route_Raleigh → Providence,route
categorical__route_Raleigh → Phoenix,0.0,route_Raleigh → Phoenix,route
categorical__route_Raleigh → Philadelphia,0.0,route_Raleigh → Philadelphia,route
categorical__route_Raleigh → Oklahoma City,0.0,route_Raleigh → Oklahoma City,route
categorical__route_Raleigh → New York,0.0,route_Raleigh → New York,route
categorical__route_Raleigh → New Orleans,0.0,route_Raleigh → New Orleans,route
categorical__route_Raleigh → Nashville,0.0,route_Raleigh → Nashville,route
categorical__route_Raleigh → Montgomery,0.0,route_Raleigh → Montgomery,route
categorical__route_Reno → Boston,0.0,route_Reno → Boston,route
categorical__route_Reno → Birmingham,0.0,route_Reno → Birmingham,route
categorical__route_Reno → Baton Rouge,0.0,route_Reno → Baton Rouge,route
categorical__route_Reno → Baltimore,0.0,route_Reno → Baltimore,route
categorical__route_Reno → Bakersfield,0.0,route_Reno → Bakersfield,route
categorical__route_Reno → Austin,0.0,route_Reno → Austin,route
categorical__route_Reno → Atlanta,0.0,route_Reno → Atlanta,route
categorical__route_Reno → Amarillo,0.0,route_Reno → Amarillo,route
categorical__route_Reno → Albuquerque,0.0,route_Reno → Albuquerque,route
categorical__route_Reno → Albany,0.0,route_Reno → Albany,route
categorical__route_Raleigh → Washington,0.0,route_Raleigh → Washington,route
categorical__route_Raleigh → Tulsa,0.0,route_Raleigh → Tulsa,route
categorical__route_Raleigh → Tucson,0.0,route_Raleigh → Tucson,route
categorical__route_Raleigh → Toledo,0.0,route_Raleigh → Toledo,route
categorical__route_Raleigh → Tampa,0.0,route_Raleigh → Tampa,route
categorical__route_Raleigh → Syracuse,0.0,route_Raleigh → Syracuse,route
categorical__route_Reno → Harrisburg,0.0,route_Reno → Harrisburg,route
categorical__route_Reno → Greensboro,0.0,route_Reno → Greensboro,route
categorical__route_Reno → Green Bay,0.0,route_Reno → Green Bay,route
categorical__route_Reno → Grand Rapids,0.0,route_Reno → Grand Rapids,route
categorical__route_Reno → Fresno,0.0,route_Reno → Fresno,route
categorical__route_Reno → Fort Wayne,0.0,route_Reno → Fort Wayne,route
categorical__route_Reno → El Paso,0.0,route_Reno → El Paso,route
categorical__route_Reno → Detroit,0.0,route_Reno → Detroit,route
categorical__route_Reno → Dallas,0.0,route_Reno → Dallas,route
categorical__route_Reno → Corpus Christi,0.0,route_Reno → Corpus Christi,route
categorical__route_Reno → Columbia,0.0,route_Reno → Columbia,route
categorical__route_Reno → Cincinnati,0.0,route_Reno → Cincinnati,route
categorical__route_Reno → Chattanooga,0.0,route_Reno → Chattanooga,route
categorical__route_Reno → Charleston,0.0,route_Reno → Charleston,route
categorical__route_Reno → Buffalo,0.0,route_Reno → Buffalo,route
categorical__route_Reno → Montgomery,0.0,route_Reno → Montgomery,route
categorical__route_Reno → Mobile,0.0,route_Reno → Mobile,route
categorical__route_Reno → Milwaukee,0.0,route_Reno → Milwaukee,route
categorical__route_Reno → Memphis,0.0,route_Reno → Memphis,route
categorical__route_Reno → Madison,0.0,route_Reno → Madison,route
categorical__route_Reno → Lubbock,0.0,route_Reno → Lubbock,route
categorical__route_Reno → Louisville,0.0,route_Reno → Louisville,route
categorical__route_Reno → Los Angeles,0.0,route_Reno → Los Angeles,route
categorical__route_Reno → Little Rock,0.0,route_Reno → Little Rock,route
categorical__route_Reno → Lexington,0.0,route_Reno → Lexington,route
categorical__route_Reno → Las Vegas,0.0,route_Reno → Las Vegas,route
categorical__route_Reno → Kansas City,0.0,route_Reno → Kansas City,route
categorical__route_Reno → Indianapolis,0.0,route_Reno → Indianapolis,route
categorical__route_Reno → Houston,0.0,route_Reno → Houston,route
categorical__route_Reno → Hartford,0.0,route_Reno → Hartford,route
categorical__route_Reno → Syracuse,0.0,route_Reno → Syracuse,route
categorical__route_Reno → St. Louis,0.0,route_Reno → St. Louis,route
categorical__route_Reno → Shreveport,0.0,route_Reno → Shreveport,route
categorical__route_Bakersfield → Dayton,0.0,route_Bakersfield → Dayton,route
categorical__route_Reno → San Francisco,0.0,route_Reno → San Francisco,route
categorical__route_Reno → San Antonio,0.0,route_Reno → San Antonio,route
categorical__route_Reno → Salt Lake City,0.0,route_Reno → Salt Lake City,route
categorical__route_Reno → Richmond,0.0,route_Reno → Richmond,route
categorical__route_Reno → Raleigh,0.0,route_Reno → Raleigh,route
categorical__route_Reno → Providence,0.0,route_Reno → Providence,route
categorical__route_Bakersfield → Dallas,0.0,route_Bakersfield → Dallas,route
categorical__route_Bakersfield → Corpus Christi,0.0,route_Bakersfield → Corpus Christi,route
categorical__route_Reno → New York,0.0,route_Reno → New York,route
categorical__route_Reno → New Orleans,0.0,route_Reno → New Orleans,route
categorical__route_Albany → Washington,0.0,route_Albany → Washington,route
categorical__route_Albany → Tulsa,0.0,route_Albany → Tulsa,route
categorical__route_Albany → Tucson,0.0,route_Albany → Tucson,route
categorical__route_Albany → Toledo,0.0,route_Albany → Toledo,route
categorical__route_Albany → Tampa,0.0,route_Albany → Tampa,route
categorical__route_Albany → Syracuse,0.0,route_Albany → Syracuse,route
categorical__route_Albany → St. Louis,0.0,route_Albany → St. Louis,route
categorical__route_Albany → Savannah,0.0,route_Albany → Savannah,route
categorical__route_Albany → San Francisco,0.0,route_Albany → San Francisco,route
categorical__route_Albany → San Antonio,0.0,route_Albany → San Antonio,route
categorical__route_Albany → Salt Lake City,0.0,route_Albany → Salt Lake City,route
categorical__route_Albany → Raleigh,0.0,route_Albany → Raleigh,route
categorical__route_Reno → Nashville,0.0,route_Reno → Nashville,route
categorical__route_Richmond → Buffalo,0.0,route_Richmond → Buffalo,route
categorical__route_Richmond → Boston,0.0,route_Richmond → Boston,route
categorical__route_Richmond → Birmingham,0.0,route_Richmond → Birmingham,route
categorical__route_Richmond → Baton Rouge,0.0,route_Richmond → Baton Rouge,route
categorical__route_Richmond → Bakersfield,0.0,route_Richmond → Bakersfield,route
categorical__route_Richmond → Austin,0.0,route_Richmond → Austin,route
categorical__route_Richmond → Atlanta,0.0,route_Richmond → Atlanta,route
categorical__route_Richmond → Amarillo,0.0,route_Richmond → Amarillo,route
categorical__route_Richmond → Albuquerque,0.0,route_Richmond → Albuquerque,route
categorical__route_Reno → Washington,0.0,route_Reno → Washington,route
categorical__route_Reno → Tulsa,0.0,route_Reno → Tulsa,route
categorical__route_Reno → Tucson,0.0,route_Reno → Tucson,route
categorical__route_Reno → Toledo,0.0,route_Reno → Toledo,route
categorical__route_Reno → Tampa,0.0,route_Reno → Tampa,route
categorical__route_Richmond → Hartford,0.0,route_Richmond → Hartford,route
categorical__route_Richmond → Harrisburg,0.0,route_Richmond → Harrisburg,route
categorical__route_Richmond → Greensboro,0.0,route_Richmond → Greensboro,route
categorical__route_Bakersfield → Columbia,0.0,route_Bakersfield → Columbia,route
categorical__route_Richmond → Grand Rapids,0.0,route_Richmond → Grand Rapids,route
categorical__route_Bakersfield → Chattanooga,0.0,route_Bakersfield → Chattanooga,route
categorical__route_Richmond → Fort Wayne,0.0,route_Richmond → Fort Wayne,route
categorical__route_Richmond → El Paso,0.0,route_Richmond → El Paso,route
categorical__route_Richmond → Detroit,0.0,route_Richmond → Detroit,route
categorical__route_Richmond → Dayton,0.0,route_Richmond → Dayton,route
categorical__route_Richmond → Dallas,0.0,route_Richmond → Dallas,route
categorical__route_Richmond → Corpus Christi,0.0,route_Richmond → Corpus Christi,route
categorical__route_Richmond → Columbia,0.0,route_Richmond → Columbia,route
categorical__route_Richmond → Cincinnati,0.0,route_Richmond → Cincinnati,route
categorical__route_Richmond → Chattanooga,0.0,route_Richmond → Chattanooga,route
categorical__route_Bakersfield → Charleston,0.0,route_Bakersfield → Charleston,route
categorical__route_Richmond → Mobile,0.0,route_Richmond → Mobile,route
categorical__route_Richmond → Memphis,0.0,route_Richmond → Memphis,route
categorical__route_Richmond → Madison,0.0,route_Richmond → Madison,route
categorical__route_Richmond → Lubbock,0.0,route_Richmond → Lubbock,route
categorical__route_Richmond → Los Angeles,0.0,route_Richmond → Los Angeles,route
categorical__route_Richmond → Little Rock,0.0,route_Richmond → Little Rock,route
categorical__route_Richmond → Lexington,0.0,route_Richmond → Lexington,route
categorical__route_Richmond → Las Vegas,0.0,route_Richmond → Las Vegas,route
categorical__route_Richmond → Kansas City,0.0,route_Richmond → Kansas City,route
categorical__route_Richmond → Jacksonville,0.0,route_Richmond → Jacksonville,route
categorical__route_Richmond → Houston,0.0,route_Richmond → Houston,route
categorical__route_Richmond → Tampa,0.0,route_Richmond → Tampa,route
categorical__route_Richmond → Syracuse,0.0,route_Richmond → Syracuse,route
categorical__route_Richmond → St. Louis,0.0,route_Richmond → St. Louis,route
categorical__route_Richmond → San Francisco,0.0,route_Richmond → San Francisco,route
categorical__route_Richmond → San Antonio,0.0,route_Richmond → San Antonio,route
categorical__route_Richmond → Salt Lake City,0.0,route_Richmond → Salt Lake City,route
categorical__route_Richmond → Reno,0.0,route_Richmond → Reno,route
categorical__route_Richmond → Providence,0.0,route_Richmond → Providence,route
categorical__route_Bakersfield → Boston,0.0,route_Bakersfield → Boston,route
categorical__route_Richmond → Philadelphia,0.0,route_Richmond → Philadelphia,route
categorical__route_Richmond → New York,0.0,route_Richmond → New York,route
categorical__route_Richmond → New Orleans,0.0,route_Richmond → New Orleans,route
categorical__route_Salt Lake City → Charleston,0.0,route_Salt Lake City → Charleston,route
categorical__route_Salt Lake City → Buffalo,0.0,route_Salt Lake City → Buffalo,route
categorical__route_Salt Lake City → Boston,0.0,route_Salt Lake City → Boston,route
categorical__route_Salt Lake City → Birmingham,0.0,route_Salt Lake City → Birmingham,route
categorical__route_Salt Lake City → Baton Rouge,0.0,route_Salt Lake City → Baton Rouge,route
categorical__route_Salt Lake City → Baltimore,0.0,route_Salt Lake City → Baltimore,route
categorical__route_Salt Lake City → Bakersfield,0.0,route_Salt Lake City → Bakersfield,route
categorical__route_Salt Lake City → Austin,0.0,route_Salt Lake City → Austin,route
categorical__route_Salt Lake City → Atlanta,0.0,route_Salt Lake City → Atlanta,route
categorical__route_Salt Lake City → Amarillo,0.0,route_Salt Lake City → Amarillo,route
categorical__route_Salt Lake City → Albuquerque,0.0,route_Salt Lake City → Albuquerque,route
categorical__route_Salt Lake City → Albany,0.0,route_Salt Lake City → Albany,route
categorical__route_Richmond → Washington,0.0,route_Richmond → Washington,route
categorical__route_Richmond → Tulsa,0.0,route_Richmond → Tulsa,route
categorical__route_Richmond → Tucson,0.0,route_Richmond → Tucson,route
categorical__route_Richmond → Toledo,0.0,route_Richmond → Toledo,route
categorical__route_Salt Lake City → Houston,0.0,route_Salt Lake City → Houston,route
categorical__route_Salt Lake City → Harrisburg,0.0,route_Salt Lake City → Harrisburg,route
categorical__route_Salt Lake City → Greensboro,0.0,route_Salt Lake City → Greensboro,route
categorical__route_Bakersfield → Birmingham,0.0,route_Bakersfield → Birmingham,route
categorical__route_Salt Lake City → Grand Rapids,0.0,route_Salt Lake City → Grand Rapids,route
categorical__route_Salt Lake City → Fresno,0.0,route_Salt Lake City → Fresno,route
categorical__route_Salt Lake City → Fort Wayne,0.0,route_Salt Lake City → Fort Wayne,route
categorical__route_Salt Lake City → El Paso,0.0,route_Salt Lake City → El Paso,route
categorical__route_Salt Lake City → Detroit,0.0,route_Salt Lake City → Detroit,route
categorical__route_Salt Lake City → Dayton,0.0,route_Salt Lake City → Dayton,route
categorical__route_Salt Lake City → Dallas,0.0,route_Salt Lake City → Dallas,route
categorical__route_Salt Lake City → Corpus Christi,0.0,route_Salt Lake City → Corpus Christi,route
categorical__route_Salt Lake City → Columbia,0.0,route_Salt Lake City → Columbia,route
categorical__route_Salt Lake City → Cincinnati,0.0,route_Salt Lake City → Cincinnati,route
categorical__route_Salt Lake City → Chattanooga,0.0,route_Salt Lake City → Chattanooga,route
categorical__route_Salt Lake City → New Orleans,0.0,route_Salt Lake City → New Orleans,route
categorical__route_Salt Lake City → Nashville,0.0,route_Salt Lake City → Nashville,route
categorical__route_Salt Lake City → Montgomery,0.0,route_Salt Lake City → Montgomery,route
categorical__route_Salt Lake City → Milwaukee,0.0,route_Salt Lake City → Milwaukee,route
categorical__route_Salt Lake City → Memphis,0.0,route_Salt Lake City → Memphis,route
categorical__route_Salt Lake City → Madison,0.0,route_Salt Lake City → Madison,route
categorical__route_Salt Lake City → Lubbock,0.0,route_Salt Lake City → Lubbock,route
categorical__route_Salt Lake City → Louisville,0.0,route_Salt Lake City → Louisville,route
categorical__route_Salt Lake City → Los Angeles,0.0,route_Salt Lake City → Los Angeles,route
categorical__route_Salt Lake City → Little Rock,0.0,route_Salt Lake City → Little Rock,route
categorical__route_Salt Lake City → Lexington,0.0,route_Salt Lake City → Lexington,route
categorical__route_Salt Lake City → Las Vegas,0.0,route_Salt Lake City → Las Vegas,route
categorical__route_Salt Lake City → Kansas City,0.0,route_Salt Lake City → Kansas City,route
categorical__route_Salt Lake City → Jacksonville,0.0,route_Salt Lake City → Jacksonville,route
categorical__route_Salt Lake City → Indianapolis,0.0,route_Salt Lake City → Indianapolis,route
categorical__route_Salt Lake City → Toledo,0.0,route_Salt Lake City → Toledo,route
categorical__route_Salt Lake City → Tampa,0.0,route_Salt Lake City → Tampa,route
categorical__route_Salt Lake City → Syracuse,0.0,route_Salt Lake City → Syracuse,route
categorical__route_Salt Lake City → St. Louis,0.0,route_Salt Lake City → St. Louis,route
categorical__route_Salt Lake City → Shreveport,0.0,route_Salt Lake City → Shreveport,route
categorical__route_Salt Lake City → Savannah,0.0,route_Salt Lake City → Savannah,route
categorical__route_Salt Lake City → San Francisco,0.0,route_Salt Lake City → San Francisco,route
categorical__route_Salt Lake City → San Antonio,0.0,route_Salt Lake City → San Antonio,route
categorical__route_Salt Lake City → Richmond,0.0,route_Salt Lake City → Richmond,route
categorical__route_Salt Lake City → Reno,0.0,route_Salt Lake City → Reno,route
categorical__route_Salt Lake City → Raleigh,0.0,route_Salt Lake City → Raleigh,route
categorical__route_Salt Lake City → Providence,0.0,route_Salt Lake City → Providence,route
categorical__route_Salt Lake City → Phoenix,0.0,route_Salt Lake City → Phoenix,route
categorical__route_Salt Lake City → Philadelphia,0.0,route_Salt Lake City → Philadelphia,route
categorical__route_Salt Lake City → Oklahoma City,0.0,route_Salt Lake City → Oklahoma City,route
categorical__route_Salt Lake City → New York,0.0,route_Salt Lake City → New York,route
categorical__route_San Antonio → Chattanooga,0.0,route_San Antonio → Chattanooga,route
categorical__route_San Antonio → Charleston,0.0,route_San Antonio → Charleston,route
categorical__route_San Antonio → Buffalo,0.0,route_San Antonio → Buffalo,route
categorical__route_Bakersfield → Memphis,0.0,route_Bakersfield → Memphis,route
categorical__route_San Antonio → Birmingham,0.0,route_San Antonio → Birmingham,route
categorical__route_San Antonio → Baton Rouge,0.0,route_San Antonio → Baton Rouge,route
categorical__route_San Antonio → Baltimore,0.0,route_San Antonio → Baltimore,route
categorical__route_San Antonio → Bakersfield,0.0,route_San Antonio → Bakersfield,route
categorical__route_San Antonio → Austin,0.0,route_San Antonio → Austin,route
categorical__route_San Antonio → Atlanta,0.0,route_San Antonio → Atlanta,route
categorical__route_San Antonio → Amarillo,0.0,route_San Antonio → Amarillo,route
categorical__route_San Antonio → Albuquerque,0.0,route_San Antonio → Albuquerque,route
categorical__route_San Antonio → Albany,0.0,route_San Antonio → Albany,route
categorical__route_Salt Lake City → Washington,0.0,route_Salt Lake City → Washington,route
categorical__route_Salt Lake City → Tulsa,0.0,route_Salt Lake City → Tulsa,route
categorical__route_Salt Lake City → Tucson,0.0,route_Salt Lake City → Tucson,route
categorical__route_San Antonio → Indianapolis,0.0,route_San Antonio → Indianapolis,route
categorical__route_San Antonio → Houston,0.0,route_San Antonio → Houston,route
categorical__route_San Antonio → Hartford,0.0,route_San Antonio → Hartford,route
categorical__route_San Antonio → Harrisburg,0.0,route_San Antonio → Harrisburg,route
categorical__route_San Antonio → Greensboro,0.0,route_San Antonio → Greensboro,route
categorical__route_San Antonio → Green Bay,0.0,route_San Antonio → Green Bay,route
categorical__route_San Antonio → Grand Rapids,0.0,route_San Antonio → Grand Rapids,route
categorical__route_San Antonio → Fresno,0.0,route_San Antonio → Fresno,route
categorical__route_San Antonio → Fort Wayne,0.0,route_San Antonio → Fort Wayne,route
categorical__route_San Antonio → El Paso,0.0,route_San Antonio → El Paso,route
categorical__route_San Antonio → Detroit,0.0,route_San Antonio → Detroit,route
categorical__route_San Antonio → Dayton,0.0,route_San Antonio → Dayton,route
categorical__route_San Antonio → Dallas,0.0,route_San Antonio → Dallas,route
categorical__route_San Antonio → Corpus Christi,0.0,route_San Antonio → Corpus Christi,route
categorical__route_San Antonio → Cincinnati,0.0,route_San Antonio → Cincinnati,route
categorical__route_San Antonio → New York,0.0,route_San Antonio → New York,route
categorical__route_San Antonio → New Orleans,0.0,route_San Antonio → New Orleans,route
categorical__route_San Antonio → Nashville,0.0,route_San Antonio → Nashville,route
categorical__route_San Antonio → Montgomery,0.0,route_San Antonio → Montgomery,route
categorical__route_San Antonio → Mobile,0.0,route_San Antonio → Mobile,route
categorical__route_San Antonio → Milwaukee,0.0,route_San Antonio → Milwaukee,route
categorical__route_San Antonio → Madison,0.0,route_San Antonio → Madison,route
categorical__route_San Antonio → Lubbock,0.0,route_San Antonio → Lubbock,route
categorical__route_San Antonio → Louisville,0.0,route_San Antonio → Louisville,route
categorical__route_San Antonio → Los Angeles,0.0,route_San Antonio → Los Angeles,route
categorical__route_San Antonio → Little Rock,0.0,route_San Antonio → Little Rock,route
categorical__route_San Antonio → Lexington,0.0,route_San Antonio → Lexington,route
categorical__route_San Antonio → Las Vegas,0.0,route_San Antonio → Las Vegas,route
categorical__route_San Antonio → Kansas City,0.0,route_San Antonio → Kansas City,route
categorical__route_Albany → Phoenix,0.0,route_Albany → Phoenix,route
categorical__route_Albany → Philadelphia,0.0,route_Albany → Philadelphia,route
categorical__route_Albany → Oklahoma City,0.0,route_Albany → Oklahoma City,route
categorical__route_Albany → New York,0.0,route_Albany → New York,route
categorical__route_Albany → New Orleans,0.0,route_Albany → New Orleans,route
categorical__route_Albany → Nashville,0.0,route_Albany → Nashville,route
categorical__route_Albany → Montgomery,0.0,route_Albany → Montgomery,route
categorical__route_Albany → Mobile,0.0,route_Albany → Mobile,route
categorical__route_Bakersfield → Madison,0.0,route_Bakersfield → Madison,route
categorical__route_Albany → Memphis,0.0,route_Albany → Memphis,route
categorical__route_Albany → Madison,0.0,route_Albany → Madison,route
categorical__route_Albany → Lubbock,0.0,route_Albany → Lubbock,route
categorical__route_Albany → Louisville,0.0,route_Albany → Louisville,route
categorical__route_Albany → Los Angeles,0.0,route_Albany → Los Angeles,route
categorical__route_Albany → Little Rock,0.0,route_Albany → Little Rock,route
categorical__route_San Antonio → Jacksonville,0.0,route_San Antonio → Jacksonville,route
categorical__route_San Antonio → Tucson,0.0,route_San Antonio → Tucson,route
categorical__route_San Antonio → Toledo,0.0,route_San Antonio → Toledo,route
categorical__route_San Antonio → Tampa,0.0,route_San Antonio → Tampa,route
categorical__route_San Antonio → Syracuse,0.0,route_San Antonio → Syracuse,route
categorical__route_San Antonio → St. Louis,0.0,route_San Antonio → St. Louis,route
categorical__route_San Antonio → Shreveport,0.0,route_San Antonio → Shreveport,route
categorical__route_San Antonio → Savannah,0.0,route_San Antonio → Savannah,route
categorical__route_San Antonio → San Francisco,0.0,route_San Antonio → San Francisco,route
categorical__route_San Antonio → Salt Lake City,0.0,route_San Antonio → Salt Lake City,route
categorical__route_San Antonio → Richmond,0.0,route_San Antonio → Richmond,route
categorical__route_San Antonio → Reno,0.0,route_San Antonio → Reno,route
categorical__route_San Antonio → Raleigh,0.0,route_San Antonio → Raleigh,route
categorical__route_San Antonio → Providence,0.0,route_San Antonio → Providence,route
categorical__route_San Antonio → Philadelphia,0.0,route_San Antonio → Philadelphia,route
categorical__route_San Antonio → Oklahoma City,0.0,route_San Antonio → Oklahoma City,route
categorical__route_San Francisco → Cincinnati,0.0,route_San Francisco → Cincinnati,route
categorical__route_San Francisco → Chattanooga,0.0,route_San Francisco → Chattanooga,route
categorical__route_San Francisco → Charleston,0.0,route_San Francisco → Charleston,route
categorical__route_San Francisco → Buffalo,0.0,route_San Francisco → Buffalo,route
categorical__route_San Francisco → Boston,0.0,route_San Francisco → Boston,route
categorical__route_San Francisco → Birmingham,0.0,route_San Francisco → Birmingham,route
categorical__route_San Francisco → Baltimore,0.0,route_San Francisco → Baltimore,route
categorical__route_San Francisco → Bakersfield,0.0,route_San Francisco → Bakersfield,route
categorical__route_San Francisco → Austin,0.0,route_San Francisco → Austin,route
categorical__route_San Francisco → Amarillo,0.0,route_San Francisco → Amarillo,route
categorical__route_San Francisco → Albuquerque,0.0,route_San Francisco → Albuquerque,route
categorical__route_San Francisco → Albany,0.0,route_San Francisco → Albany,route
categorical__route_San Antonio → Washington,0.0,route_San Antonio → Washington,route
categorical__route_San Antonio → Tulsa,0.0,route_San Antonio → Tulsa,route
categorical__route_San Francisco → Kansas City,0.0,route_San Francisco → Kansas City,route
categorical__route_San Francisco → Jacksonville,0.0,route_San Francisco → Jacksonville,route
categorical__route_San Francisco → Indianapolis,0.0,route_San Francisco → Indianapolis,route
categorical__route_San Francisco → Houston,0.0,route_San Francisco → Houston,route
categorical__route_San Francisco → Hartford,0.0,route_San Francisco → Hartford,route
categorical__route_San Francisco → Harrisburg,0.0,route_San Francisco → Harrisburg,route
categorical__route_San Francisco → Green Bay,0.0,route_San Francisco → Green Bay,route
categorical__route_San Francisco → Fresno,0.0,route_San Francisco → Fresno,route
categorical__route_San Francisco → Fort Wayne,0.0,route_San Francisco → Fort Wayne,route
categorical__route_San Francisco → El Paso,0.0,route_San Francisco → El Paso,route
categorical__route_San Francisco → Detroit,0.0,route_San Francisco → Detroit,route
categorical__route_San Francisco → Dayton,0.0,route_San Francisco → Dayton,route
categorical__route_San Francisco → Corpus Christi,0.0,route_San Francisco → Corpus Christi,route
categorical__route_San Francisco → Columbia,0.0,route_San Francisco → Columbia,route
categorical__route_San Francisco → Philadelphia,0.0,route_San Francisco → Philadelphia,route
categorical__route_San Francisco → Oklahoma City,0.0,route_San Francisco → Oklahoma City,route
categorical__route_San Francisco → New York,0.0,route_San Francisco → New York,route
categorical__route_San Francisco → New Orleans,0.0,route_San Francisco → New Orleans,route
categorical__route_San Francisco → Nashville,0.0,route_San Francisco → Nashville,route
categorical__route_San Francisco → Montgomery,0.0,route_San Francisco → Montgomery,route
categorical__route_San Francisco → Mobile,0.0,route_San Francisco → Mobile,route
categorical__route_San Francisco → Milwaukee,0.0,route_San Francisco → Milwaukee,route
categorical__route_San Francisco → Memphis,0.0,route_San Francisco → Memphis,route
categorical__route_San Francisco → Madison,0.0,route_San Francisco → Madison,route
categorical__route_San Francisco → Lubbock,0.0,route_San Francisco → Lubbock,route
categorical__route_San Francisco → Louisville,0.0,route_San Francisco → Louisville,route
categorical__route_San Francisco → Los Angeles,0.0,route_San Francisco → Los Angeles,route
categorical__route_San Francisco → Little Rock,0.0,route_San Francisco → Little Rock,route
categorical__route_San Francisco → Lexington,0.0,route_San Francisco → Lexington,route
categorical__route_San Francisco → Las Vegas,0.0,route_San Francisco → Las Vegas,route
categorical__route_San Francisco → Washington,0.0,route_San Francisco → Washington,route
categorical__route_San Francisco → Tulsa,0.0,route_San Francisco → Tulsa,route
categorical__route_Bakersfield → Lubbock,0.0,route_Bakersfield → Lubbock,route
categorical__route_San Francisco → Toledo,0.0,route_San Francisco → Toledo,route
categorical__route_San Francisco → Tampa,0.0,route_San Francisco → Tampa,route
categorical__route_San Francisco → Syracuse,0.0,route_San Francisco → Syracuse,route
categorical__route_San Francisco → St. Louis,0.0,route_San Francisco → St. Louis,route
categorical__route_San Francisco → Shreveport,0.0,route_San Francisco → Shreveport,route
categorical__route_San Francisco → Savannah,0.0,route_San Francisco → Savannah,route
categorical__route_San Francisco → San Antonio,0.0,route_San Francisco → San Antonio,route
categorical__route_San Francisco → Salt Lake City,0.0,route_San Francisco → Salt Lake City,route
categorical__route_San Francisco → Richmond,0.0,route_San Francisco → Richmond,route
categorical__route_San Francisco → Reno,0.0,route_San Francisco → Reno,route
categorical__route_San Francisco → Raleigh,0.0,route_San Francisco → Raleigh,route
categorical__route_San Francisco → Providence,0.0,route_San Francisco → Providence,route
categorical__route_San Francisco → Phoenix,0.0,route_San Francisco → Phoenix,route
categorical__route_Savannah → Dallas,0.0,route_Savannah → Dallas,route
categorical__route_Savannah → Corpus Christi,0.0,route_Savannah → Corpus Christi,route
categorical__route_Savannah → Columbia,0.0,route_Savannah → Columbia,route
categorical__route_Savannah → Cincinnati,0.0,route_Savannah → Cincinnati,route
categorical__route_Savannah → Chattanooga,0.0,route_Savannah → Chattanooga,route
categorical__route_Bakersfield → Louisville,0.0,route_Bakersfield → Louisville,route
categorical__route_Savannah → Buffalo,0.0,route_Savannah → Buffalo,route
categorical__route_Savannah → Boston,0.0,route_Savannah → Boston,route
categorical__route_Savannah → Birmingham,0.0,route_Savannah → Birmingham,route
categorical__route_Savannah → Baton Rouge,0.0,route_Savannah → Baton Rouge,route
categorical__route_Savannah → Baltimore,0.0,route_Savannah → Baltimore,route
categorical__route_Savannah → Bakersfield,0.0,route_Savannah → Bakersfield,route
categorical__route_Savannah → Atlanta,0.0,route_Savannah → Atlanta,route
categorical__route_Savannah → Amarillo,0.0,route_Savannah → Amarillo,route
categorical__route_Savannah → Albuquerque,0.0,route_Savannah → Albuquerque,route
categorical__route_Savannah → Albany,0.0,route_Savannah → Albany,route
categorical__route_Savannah → Little Rock,0.0,route_Savannah → Little Rock,route
categorical__route_Savannah → Lexington,0.0,route_Savannah → Lexington,route
categorical__route_Savannah → Las Vegas,0.0,route_Savannah → Las Vegas,route
categorical__route_Savannah → Kansas City,0.0,route_Savannah → Kansas City,route
categorical__route_Savannah → Jacksonville,0.0,route_Savannah → Jacksonville,route
categorical__route_Savannah → Houston,0.0,route_Savannah → Houston,route
categorical__route_Savannah → Hartford,0.0,route_Savannah → Hartford,route
categorical__route_Savannah → Harrisburg,0.0,route_Savannah → Harrisburg,route
categorical__route_Bakersfield → Los Angeles,0.0,route_Bakersfield → Los Angeles,route
categorical__route_Savannah → Green Bay,0.0,route_Savannah → Green Bay,route
categorical__route_Savannah → Grand Rapids,0.0,route_Savannah → Grand Rapids,route
categorical__route_Savannah → Fresno,0.0,route_Savannah → Fresno,route
categorical__route_Savannah → Fort Wayne,0.0,route_Savannah → Fort Wayne,route
categorical__route_Savannah → El Paso,0.0,route_Savannah → El Paso,route
categorical__route_Savannah → Detroit,0.0,route_Savannah → Detroit,route
categorical__route_Savannah → Dayton,0.0,route_Savannah → Dayton,route
categorical__route_Savannah → Raleigh,0.0,route_Savannah → Raleigh,route
categorical__route_Savannah → Providence,0.0,route_Savannah → Providence,route
categorical__route_Savannah → Phoenix,0.0,route_Savannah → Phoenix,route
categorical__route_Savannah → Philadelphia,0.0,route_Savannah → Philadelphia,route
categorical__route_Savannah → Oklahoma City,0.0,route_Savannah → Oklahoma City,route
categorical__route_Savannah → New York,0.0,route_Savannah → New York,route
categorical__route_Savannah → New Orleans,0.0,route_Savannah → New Orleans,route
categorical__route_Savannah → Nashville,0.0,route_Savannah → Nashville,route
categorical__route_Savannah → Montgomery,0.0,route_Savannah → Montgomery,route
categorical__route_Savannah → Mobile,0.0,route_Savannah → Mobile,route
categorical__route_Savannah → Milwaukee,0.0,route_Savannah → Milwaukee,route
categorical__route_Savannah → Memphis,0.0,route_Savannah → Memphis,route
categorical__route_Savannah → Madison,0.0,route_Savannah → Madison,route
categorical__route_Savannah → Lubbock,0.0,route_Savannah → Lubbock,route
categorical__route_Savannah → Louisville,0.0,route_Savannah → Louisville,route
categorical__route_Savannah → Los Angeles,0.0,route_Savannah → Los Angeles,route
categorical__route_Shreveport → Amarillo,0.0,route_Shreveport → Amarillo,route
categorical__route_Shreveport → Albuquerque,0.0,route_Shreveport → Albuquerque,route
categorical__route_Shreveport → Albany,0.0,route_Shreveport → Albany,route
categorical__route_Savannah → Washington,0.0,route_Savannah → Washington,route
categorical__route_Savannah → Tulsa,0.0,route_Savannah → Tulsa,route
categorical__route_Savannah → Tucson,0.0,route_Savannah → Tucson,route
categorical__route_Savannah → Toledo,0.0,route_Savannah → Toledo,route
categorical__route_Savannah → Tampa,0.0,route_Savannah → Tampa,route
categorical__route_Savannah → Syracuse,0.0,route_Savannah → Syracuse,route
categorical__route_Savannah → St. Louis,0.0,route_Savannah → St. Louis,route
categorical__route_Savannah → Shreveport,0.0,route_Savannah → Shreveport,route
categorical__route_Savannah → San Francisco,0.0,route_Savannah → San Francisco,route
categorical__route_Savannah → San Antonio,0.0,route_Savannah → San Antonio,route
categorical__route_Savannah → Salt Lake City,0.0,route_Savannah → Salt Lake City,route
categorical__route_Savannah → Richmond,0.0,route_Savannah → Richmond,route
categorical__route_Shreveport → Detroit,0.0,route_Shreveport → Detroit,route
categorical__route_Shreveport → Dayton,0.0,route_Shreveport → Dayton,route
categorical__route_Shreveport → Dallas,0.0,route_Shreveport → Dallas,route
categorical__route_Shreveport → Corpus Christi,0.0,route_Shreveport → Corpus Christi,route
categorical__route_Shreveport → Columbia,0.0,route_Shreveport → Columbia,route
categorical__route_Shreveport → Cincinnati,0.0,route_Shreveport → Cincinnati,route
categorical__route_Shreveport → Chattanooga,0.0,route_Shreveport → Chattanooga,route
categorical__route_Shreveport → Charleston,0.0,route_Shreveport → Charleston,route
categorical__route_Shreveport → Buffalo,0.0,route_Shreveport → Buffalo,route
categorical__route_Shreveport → Boston,0.0,route_Shreveport → Boston,route
categorical__route_Shreveport → Birmingham,0.0,route_Shreveport → Birmingham,route
categorical__route_Shreveport → Baton Rouge,0.0,route_Shreveport → Baton Rouge,route
categorical__route_Shreveport → Baltimore,0.0,route_Shreveport → Baltimore,route
categorical__route_Shreveport → Bakersfield,0.0,route_Shreveport → Bakersfield,route
categorical__route_Shreveport → Austin,0.0,route_Shreveport → Austin,route
categorical__route_Shreveport → Atlanta,0.0,route_Shreveport → Atlanta,route
categorical__route_Shreveport → Los Angeles,0.0,route_Shreveport → Los Angeles,route
categorical__route_Shreveport → Little Rock,0.0,route_Shreveport → Little Rock,route
categorical__route_Shreveport → Lexington,0.0,route_Shreveport → Lexington,route
categorical__route_Shreveport → Las Vegas,0.0,route_Shreveport → Las Vegas,route
categorical__route_Shreveport → Kansas City,0.0,route_Shreveport → Kansas City,route
categorical__route_Shreveport → Jacksonville,0.0,route_Shreveport → Jacksonville,route
categorical__route_Shreveport → Indianapolis,0.0,route_Shreveport → Indianapolis,route
categorical__route_Shreveport → Hartford,0.0,route_Shreveport → Hartford,route
categorical__route_Shreveport → Harrisburg,0.0,route_Shreveport → Harrisburg,route
categorical__route_Shreveport → Greensboro,0.0,route_Shreveport → Greensboro,route
categorical__route_Shreveport → Green Bay,0.0,route_Shreveport → Green Bay,route
categorical__route_Shreveport → Grand Rapids,0.0,route_Shreveport → Grand Rapids,route
categorical__route_Shreveport → Fresno,0.0,route_Shreveport → Fresno,route
categorical__route_Shreveport → Fort Wayne,0.0,route_Shreveport → Fort Wayne,route
categorical__route_Shreveport → El Paso,0.0,route_Shreveport → El Paso,route
categorical__route_Shreveport → Reno,0.0,route_Shreveport → Reno,route
categorical__route_Shreveport → Raleigh,0.0,route_Shreveport → Raleigh,route
categorical__route_Shreveport → Providence,0.0,route_Shreveport → Providence,route
categorical__route_Shreveport → Phoenix,0.0,route_Shreveport → Phoenix,route
categorical__route_Shreveport → Oklahoma City,0.0,route_Shreveport → Oklahoma City,route
categorical__route_Shreveport → New York,0.0,route_Shreveport → New York,route
categorical__route_Shreveport → New Orleans,0.0,route_Shreveport → New Orleans,route
categorical__route_Shreveport → Nashville,0.0,route_Shreveport → Nashville,route
categorical__route_Shreveport → Montgomery,0.0,route_Shreveport → Montgomery,route
categorical__route_Shreveport → Milwaukee,0.0,route_Shreveport → Milwaukee,route
categorical__route_Shreveport → Memphis,0.0,route_Shreveport → Memphis,route
categorical__route_Shreveport → Madison,0.0,route_Shreveport → Madison,route
categorical__route_Shreveport → Lubbock,0.0,route_Shreveport → Lubbock,route
categorical__route_Shreveport → Louisville,0.0,route_Shreveport → Louisville,route
categorical__route_St. Louis → Atlanta,0.0,route_St. Louis → Atlanta,route
categorical__route_St. Louis → Amarillo,0.0,route_St. Louis → Amarillo,route
categorical__route_St. Louis → Albuquerque,0.0,route_St. Louis → Albuquerque,route
categorical__route_St. Louis → Albany,0.0,route_St. Louis → Albany,route
categorical__route_Shreveport → Washington,0.0,route_Shreveport → Washington,route
categorical__route_Shreveport → Tulsa,0.0,route_Shreveport → Tulsa,route
categorical__route_Shreveport → Tucson,0.0,route_Shreveport → Tucson,route
categorical__route_Shreveport → Toledo,0.0,route_Shreveport → Toledo,route
categorical__route_Shreveport → Syracuse,0.0,route_Shreveport → Syracuse,route
categorical__route_Shreveport → St. Louis,0.0,route_Shreveport → St. Louis,route
categorical__route_Shreveport → Savannah,0.0,route_Shreveport → Savannah,route
categorical__route_Shreveport → San Francisco,0.0,route_Shreveport → San Francisco,route
categorical__route_Shreveport → San Antonio,0.0,route_Shreveport → San Antonio,route
categorical__route_Shreveport → Salt Lake City,0.0,route_Shreveport → Salt Lake City,route
categorical__route_Shreveport → Richmond,0.0,route_Shreveport → Richmond,route
categorical__route_St. Louis → El Paso,0.0,route_St. Louis → El Paso,route
categorical__route_St. Louis → Detroit,0.0,route_St. Louis → Detroit,route
categorical__route_St. Louis → Dayton,0.0,route_St. Louis → Dayton,route
categorical__route_St. Louis → Dallas,0.0,route_St. Louis → Dallas,route
categorical__route_St. Louis → Columbia,0.0,route_St. Louis → Columbia,route
categorical__route_St. Louis → Cincinnati,0.0,route_St. Louis → Cincinnati,route
categorical__route_St. Louis → Chattanooga,0.0,route_St. Louis → Chattanooga,route
categorical__route_St. Louis → Charleston,0.0,route_St. Louis → Charleston,route
categorical__route_St. Louis → Buffalo,0.0,route_St. Louis → Buffalo,route
categorical__route_St. Louis → Boston,0.0,route_St. Louis → Boston,route
categorical__route_St. Louis → Birmingham,0.0,route_St. Louis → Birmingham,route
categorical__route_St. Louis → Baton Rouge,0.0,route_St. Louis → Baton Rouge,route
categorical__route_St. Louis → Baltimore,0.0,route_St. Louis → Baltimore,route
categorical__route_St. Louis → Bakersfield,0.0,route_St. Louis → Bakersfield,route
categorical__route_St. Louis → Austin,0.0,route_St. Louis → Austin,route
categorical__route_St. Louis → Louisville,0.0,route_St. Louis → Louisville,route
categorical__route_St. Louis → Los Angeles,0.0,route_St. Louis → Los Angeles,route
categorical__route_St. Louis → Little Rock,0.0,route_St. Louis → Little Rock,route
categorical__route_St. Louis → Lexington,0.0,route_St. Louis → Lexington,route
categorical__route_St. Louis → Las Vegas,0.0,route_St. Louis → Las Vegas,route
categorical__route_St. Louis → Kansas City,0.0,route_St. Louis → Kansas City,route
categorical__route_St. Louis → Jacksonville,0.0,route_St. Louis → Jacksonville,route
categorical__route_St. Louis → Indianapolis,0.0,route_St. Louis → Indianapolis,route
categorical__route_St. Louis → Houston,0.0,route_St. Louis → Houston,route
categorical__route_St. Louis → Hartford,0.0,route_St. Louis → Hartford,route
categorical__route_St. Louis → Harrisburg,0.0,route_St. Louis → Harrisburg,route
categorical__route_St. Louis → Greensboro,0.0,route_St. Louis → Greensboro,route
categorical__route_St. Louis → Green Bay,0.0,route_St. Louis → Green Bay,route
categorical__route_St. Louis → Grand Rapids,0.0,route_St. Louis → Grand Rapids,route
categorical__route_St. Louis → Fresno,0.0,route_St. Louis → Fresno,route
categorical__route_St. Louis → Fort Wayne,0.0,route_St. Louis → Fort Wayne,route
categorical__route_St. Louis → Salt Lake City,0.0,route_St. Louis → Salt Lake City,route
categorical__route_St. Louis → Richmond,0.0,route_St. Louis → Richmond,route
categorical__route_St. Louis → Raleigh,0.0,route_St. Louis → Raleigh,route
categorical__route_St. Louis → Phoenix,0.0,route_St. Louis → Phoenix,route
categorical__route_St. Louis → Philadelphia,0.0,route_St. Louis → Philadelphia,route
categorical__route_St. Louis → Oklahoma City,0.0,route_St. Louis → Oklahoma City,route
categorical__route_St. Louis → New York,0.0,route_St. Louis → New York,route
categorical__route_St. Louis → New Orleans,0.0,route_St. Louis → New Orleans,route
categorical__route_St. Louis → Nashville,0.0,route_St. Louis → Nashville,route
categorical__route_St. Louis → Montgomery,0.0,route_St. Louis → Montgomery,route
categorical__route_St. Louis → Mobile,0.0,route_St. Louis → Mobile,route
categorical__route_St. Louis → Milwaukee,0.0,route_St. Louis → Milwaukee,route
categorical__route_St. Louis → Memphis,0.0,route_St. Louis → Memphis,route
categorical__route_St. Louis → Madison,0.0,route_St. Louis → Madison,route
categorical__route_St. Louis → Lubbock,0.0,route_St. Louis → Lubbock,route
categorical__route_Syracuse → Bakersfield,0.0,route_Syracuse → Bakersfield,route
categorical__route_Syracuse → Austin,0.0,route_Syracuse → Austin,route
categorical__route_Syracuse → Atlanta,0.0,route_Syracuse → Atlanta,route
categorical__route_Syracuse → Amarillo,0.0,route_Syracuse → Amarillo,route
categorical__route_Syracuse → Albuquerque,0.0,route_Syracuse → Albuquerque,route
categorical__route_Syracuse → Albany,0.0,route_Syracuse → Albany,route
categorical__route_St. Louis → Washington,0.0,route_St. Louis → Washington,route
categorical__route_St. Louis → Tulsa,0.0,route_St. Louis → Tulsa,route
categorical__route_St. Louis → Tucson,0.0,route_St. Louis → Tucson,route
categorical__route_St. Louis → Toledo,0.0,route_St. Louis → Toledo,route
categorical__route_St. Louis → Tampa,0.0,route_St. Louis → Tampa,route
categorical__route_St. Louis → Syracuse,0.0,route_St. Louis → Syracuse,route
categorical__route_St. Louis → Shreveport,0.0,route_St. Louis → Shreveport,route
categorical__route_St. Louis → Savannah,0.0,route_St. Louis → Savannah,route
categorical__route_St. Louis → San Francisco,0.0,route_St. Louis → San Francisco,route
categorical__route_St. Louis → San Antonio,0.0,route_St. Louis → San Antonio,route
categorical__route_Syracuse → Fresno,0.0,route_Syracuse → Fresno,route
categorical__route_Syracuse → Fort Wayne,0.0,route_Syracuse → Fort Wayne,route
categorical__route_Syracuse → El Paso,0.0,route_Syracuse → El Paso,route
categorical__route_Syracuse → Detroit,0.0,route_Syracuse → Detroit,route
categorical__route_Syracuse → Dayton,0.0,route_Syracuse → Dayton,route
categorical__route_Syracuse → Dallas,0.0,route_Syracuse → Dallas,route
categorical__route_Syracuse → Corpus Christi,0.0,route_Syracuse → Corpus Christi,route
categorical__route_Syracuse → Columbia,0.0,route_Syracuse → Columbia,route
categorical__route_Syracuse → Cincinnati,0.0,route_Syracuse → Cincinnati,route
categorical__route_Syracuse → Chattanooga,0.0,route_Syracuse → Chattanooga,route
categorical__route_Syracuse → Charleston,0.0,route_Syracuse → Charleston,route
categorical__route_Syracuse → Buffalo,0.0,route_Syracuse → Buffalo,route
categorical__route_Syracuse → Boston,0.0,route_Syracuse → Boston,route
categorical__route_Syracuse → Birmingham,0.0,route_Syracuse → Birmingham,route
categorical__route_Syracuse → Baton Rouge,0.0,route_Syracuse → Baton Rouge,route
categorical__route_Syracuse → Baltimore,0.0,route_Syracuse → Baltimore,route
categorical__route_Syracuse → Madison,0.0,route_Syracuse → Madison,route
categorical__route_Syracuse → Lubbock,0.0,route_Syracuse → Lubbock,route
categorical__route_Syracuse → Louisville,0.0,route_Syracuse → Louisville,route
categorical__route_Syracuse → Little Rock,0.0,route_Syracuse → Little Rock,route
categorical__route_Syracuse → Lexington,0.0,route_Syracuse → Lexington,route
categorical__route_Syracuse → Las Vegas,0.0,route_Syracuse → Las Vegas,route
categorical__route_Syracuse → Kansas City,0.0,route_Syracuse → Kansas City,route
categorical__route_Syracuse → Indianapolis,0.0,route_Syracuse → Indianapolis,route
categorical__route_Syracuse → Houston,0.0,route_Syracuse → Houston,route
categorical__route_Syracuse → Hartford,0.0,route_Syracuse → Hartford,route
categorical__route_Syracuse → Harrisburg,0.0,route_Syracuse → Harrisburg,route
categorical__route_Syracuse → Greensboro,0.0,route_Syracuse → Greensboro,route
categorical__route_Syracuse → Green Bay,0.0,route_Syracuse → Green Bay,route
categorical__route_Albany → Las Vegas,0.0,route_Albany → Las Vegas,route
categorical__route_Albany → Kansas City,0.0,route_Albany → Kansas City,route
categorical__route_Albany → Jacksonville,0.0,route_Albany → Jacksonville,route
categorical__route_Albany → Indianapolis,0.0,route_Albany → Indianapolis,route
categorical__route_Albany → Houston,0.0,route_Albany → Houston,route
categorical__route_Albany → Hartford,0.0,route_Albany → Hartford,route
categorical__route_Albany → Harrisburg,0.0,route_Albany → Harrisburg,route
categorical__route_Albany → Greensboro,0.0,route_Albany → Greensboro,route
categorical__route_Bakersfield → Little Rock,0.0,route_Bakersfield → Little Rock,route
categorical__route_Albany → Grand Rapids,0.0,route_Albany → Grand Rapids,route
categorical__route_Albany → Fresno,0.0,route_Albany → Fresno,route
categorical__route_Albany → Fort Wayne,0.0,route_Albany → Fort Wayne,route
categorical__route_Albany → El Paso,0.0,route_Albany → El Paso,route
categorical__route_Albany → Detroit,0.0,route_Albany → Detroit,route
categorical__route_Albany → Dayton,0.0,route_Albany → Dayton,route
categorical__route_Syracuse → Grand Rapids,0.0,route_Syracuse → Grand Rapids,route
categorical__route_Syracuse → San Antonio,0.0,route_Syracuse → San Antonio,route
categorical__route_Syracuse → Salt Lake City,0.0,route_Syracuse → Salt Lake City,route
categorical__route_Syracuse → Reno,0.0,route_Syracuse → Reno,route
categorical__route_Syracuse → Raleigh,0.0,route_Syracuse → Raleigh,route
categorical__route_Syracuse → Providence,0.0,route_Syracuse → Providence,route
categorical__route_Syracuse → Philadelphia,0.0,route_Syracuse → Philadelphia,route
categorical__route_Syracuse → New York,0.0,route_Syracuse → New York,route
categorical__route_Syracuse → New Orleans,0.0,route_Syracuse → New Orleans,route
categorical__route_Syracuse → Nashville,0.0,route_Syracuse → Nashville,route
categorical__route_Syracuse → Montgomery,0.0,route_Syracuse → Montgomery,route
categorical__route_Syracuse → Mobile,0.0,route_Syracuse → Mobile,route
categorical__route_Syracuse → Milwaukee,0.0,route_Syracuse → Milwaukee,route
categorical__route_Syracuse → Memphis,0.0,route_Syracuse → Memphis,route
categorical__route_Tampa → Baltimore,0.0,route_Tampa → Baltimore,route
categorical__route_Tampa → Bakersfield,0.0,route_Tampa → Bakersfield,route
categorical__route_Tampa → Austin,0.0,route_Tampa → Austin,route
categorical__route_Tampa → Atlanta,0.0,route_Tampa → Atlanta,route
categorical__route_Tampa → Amarillo,0.0,route_Tampa → Amarillo,route
categorical__route_Tampa → Albuquerque,0.0,route_Tampa → Albuquerque,route
categorical__route_Tampa → Albany,0.0,route_Tampa → Albany,route
categorical__route_Syracuse → Washington,0.0,route_Syracuse → Washington,route
categorical__route_Syracuse → Tucson,0.0,route_Syracuse → Tucson,route
categorical__route_Syracuse → Toledo,0.0,route_Syracuse → Toledo,route
categorical__route_Syracuse → Tampa,0.0,route_Syracuse → Tampa,route
categorical__route_Syracuse → St. Louis,0.0,route_Syracuse → St. Louis,route
categorical__route_Syracuse → Shreveport,0.0,route_Syracuse → Shreveport,route
categorical__route_Syracuse → Savannah,0.0,route_Syracuse → Savannah,route
categorical__route_Syracuse → San Francisco,0.0,route_Syracuse → San Francisco,route
categorical__route_Tampa → Grand Rapids,0.0,route_Tampa → Grand Rapids,route
categorical__route_Tampa → Fort Wayne,0.0,route_Tampa → Fort Wayne,route
categorical__route_Tampa → El Paso,0.0,route_Tampa → El Paso,route
categorical__route_Tampa → Detroit,0.0,route_Tampa → Detroit,route
categorical__route_Tampa → Dayton,0.0,route_Tampa → Dayton,route
categorical__route_Tampa → Dallas,0.0,route_Tampa → Dallas,route
categorical__route_Tampa → Corpus Christi,0.0,route_Tampa → Corpus Christi,route
categorical__route_Tampa → Columbia,0.0,route_Tampa → Columbia,route
categorical__route_Tampa → Cincinnati,0.0,route_Tampa → Cincinnati,route
categorical__route_Bakersfield → Las Vegas,0.0,route_Bakersfield → Las Vegas,route
categorical__route_Tampa → Charleston,0.0,route_Tampa → Charleston,route
categorical__route_Tampa → Buffalo,0.0,route_Tampa → Buffalo,route
categorical__route_Tampa → Boston,0.0,route_Tampa → Boston,route
categorical__route_Tampa → Birmingham,0.0,route_Tampa → Birmingham,route
categorical__route_Tampa → Baton Rouge,0.0,route_Tampa → Baton Rouge,route
categorical__route_Tampa → Memphis,0.0,route_Tampa → Memphis,route
categorical__route_Tampa → Madison,0.0,route_Tampa → Madison,route
categorical__route_Tampa → Lubbock,0.0,route_Tampa → Lubbock,route
categorical__route_Tampa → Louisville,0.0,route_Tampa → Louisville,route
categorical__route_Tampa → Los Angeles,0.0,route_Tampa → Los Angeles,route
categorical__route_Tampa → Little Rock,0.0,route_Tampa → Little Rock,route
categorical__route_Tampa → Lexington,0.0,route_Tampa → Lexington,route
categorical__route_Tampa → Las Vegas,0.0,route_Tampa → Las Vegas,route
categorical__route_Tampa → Kansas City,0.0,route_Tampa → Kansas City,route
categorical__route_Tampa → Jacksonville,0.0,route_Tampa → Jacksonville,route
categorical__route_Tampa → Indianapolis,0.0,route_Tampa → Indianapolis,route
categorical__route_Tampa → Houston,0.0,route_Tampa → Houston,route
categorical__route_Tampa → Hartford,0.0,route_Tampa → Hartford,route
categorical__route_Tampa → Harrisburg,0.0,route_Tampa → Harrisburg,route
categorical__route_Tampa → Greensboro,0.0,route_Tampa → Greensboro,route
categorical__route_Tampa → Green Bay,0.0,route_Tampa → Green Bay,route
categorical__route_Tampa → San Francisco,0.0,route_Tampa → San Francisco,route
categorical__route_Tampa → San Antonio,0.0,route_Tampa → San Antonio,route
categorical__route_Tampa → Salt Lake City,0.0,route_Tampa → Salt Lake City,route
categorical__route_Tampa → Richmond,0.0,route_Tampa → Richmond,route
categorical__route_Tampa → Reno,0.0,route_Tampa → Reno,route
categorical__route_Tampa → Raleigh,0.0,route_Tampa → Raleigh,route
categorical__route_Tampa → Providence,0.0,route_Tampa → Providence,route
categorical__route_Tampa → Phoenix,0.0,route_Tampa → Phoenix,route
categorical__route_Tampa → Philadelphia,0.0,route_Tampa → Philadelphia,route
categorical__route_Tampa → Oklahoma City,0.0,route_Tampa → Oklahoma City,route
categorical__route_Tampa → New York,0.0,route_Tampa → New York,route
categorical__route_Tampa → New Orleans,0.0,route_Tampa → New Orleans,route
categorical__route_Tampa → Nashville,0.0,route_Tampa → Nashville,route
categorical__route_Tampa → Montgomery,0.0,route_Tampa → Montgomery,route
categorical__route_Tampa → Mobile,0.0,route_Tampa → Mobile,route
categorical__route_Bakersfield → Kansas City,0.0,route_Bakersfield → Kansas City,route
categorical__route_Toledo → Birmingham,0.0,route_Toledo → Birmingham,route
categorical__route_Toledo → Baton Rouge,0.0,route_Toledo → Baton Rouge,route
categorical__route_Toledo → Bakersfield,0.0,route_Toledo → Bakersfield,route
categorical__route_Toledo → Austin,0.0,route_Toledo → Austin,route
categorical__route_Toledo → Atlanta,0.0,route_Toledo → Atlanta,route
categorical__route_Toledo → Amarillo,0.0,route_Toledo → Amarillo,route
categorical__route_Toledo → Albuquerque,0.0,route_Toledo → Albuquerque,route
categorical__route_Toledo → Albany,0.0,route_Toledo → Albany,route
categorical__route_Tampa → Tulsa,0.0,route_Tampa → Tulsa,route
categorical__route_Tampa → Tucson,0.0,route_Tampa → Tucson,route
categorical__route_Tampa → Toledo,0.0,route_Tampa → Toledo,route
categorical__route_Tampa → Syracuse,0.0,route_Tampa → Syracuse,route
categorical__route_Tampa → St. Louis,0.0,route_Tampa → St. Louis,route
categorical__route_Tampa → Shreveport,0.0,route_Tampa → Shreveport,route
categorical__route_Tampa → Savannah,0.0,route_Tampa → Savannah,route
categorical__route_Toledo → Greensboro,0.0,route_Toledo → Greensboro,route
categorical__route_Toledo → Green Bay,0.0,route_Toledo → Green Bay,route
categorical__route_Toledo → Grand Rapids,0.0,route_Toledo → Grand Rapids,route
categorical__route_Toledo → Fresno,0.0,route_Toledo → Fresno,route
categorical__route_Toledo → Fort Wayne,0.0,route_Toledo → Fort Wayne,route
categorical__route_Toledo → El Paso,0.0,route_Toledo → El Paso,route
categorical__route_Toledo → Detroit,0.0,route_Toledo → Detroit,route
categorical__route_Toledo → Dallas,0.0,route_Toledo → Dallas,route
categorical__route_Toledo → Corpus Christi,0.0,route_Toledo → Corpus Christi,route
categorical__route_Toledo → Columbia,0.0,route_Toledo → Columbia,route
categorical__route_Toledo → Cincinnati,0.0,route_Toledo → Cincinnati,route
categorical__route_Toledo → Chattanooga,0.0,route_Toledo → Chattanooga,route
categorical__route_Toledo → Charleston,0.0,route_Toledo → Charleston,route
categorical__route_Toledo → Buffalo,0.0,route_Toledo → Buffalo,route
categorical__route_Toledo → Boston,0.0,route_Toledo → Boston,route
categorical__route_Bakersfield → Indianapolis,0.0,route_Bakersfield → Indianapolis,route
categorical__route_Toledo → Milwaukee,0.0,route_Toledo → Milwaukee,route
categorical__route_Toledo → Memphis,0.0,route_Toledo → Memphis,route
categorical__route_Toledo → Lubbock,0.0,route_Toledo → Lubbock,route
categorical__route_Toledo → Louisville,0.0,route_Toledo → Louisville,route
categorical__route_Toledo → Los Angeles,0.0,route_Toledo → Los Angeles,route
categorical__route_Toledo → Little Rock,0.0,route_Toledo → Little Rock,route
categorical__route_Toledo → Lexington,0.0,route_Toledo → Lexington,route
categorical__route_Toledo → Las Vegas,0.0,route_Toledo → Las Vegas,route
categorical__route_Toledo → Kansas City,0.0,route_Toledo → Kansas City,route
categorical__route_Bakersfield → Houston,0.0,route_Bakersfield → Houston,route
categorical__route_Toledo → Indianapolis,0.0,route_Toledo → Indianapolis,route
categorical__route_Toledo → Houston,0.0,route_Toledo → Houston,route
categorical__route_Toledo → Hartford,0.0,route_Toledo → Hartford,route
categorical__route_Toledo → Harrisburg,0.0,route_Toledo → Harrisburg,route
categorical__route_Toledo → Savannah,0.0,route_Toledo → Savannah,route
categorical__route_Toledo → San Francisco,0.0,route_Toledo → San Francisco,route
categorical__route_Toledo → San Antonio,0.0,route_Toledo → San Antonio,route
categorical__route_Toledo → Salt Lake City,0.0,route_Toledo → Salt Lake City,route
categorical__route_Toledo → Richmond,0.0,route_Toledo → Richmond,route
categorical__route_Toledo → Reno,0.0,route_Toledo → Reno,route
categorical__route_Toledo → Raleigh,0.0,route_Toledo → Raleigh,route
categorical__route_Toledo → Providence,0.0,route_Toledo → Providence,route
categorical__route_Toledo → Phoenix,0.0,route_Toledo → Phoenix,route
categorical__route_Toledo → Philadelphia,0.0,route_Toledo → Philadelphia,route
categorical__route_Toledo → Oklahoma City,0.0,route_Toledo → Oklahoma City,route
categorical__route_Bakersfield → Harrisburg,0.0,route_Bakersfield → Harrisburg,route
categorical__route_Toledo → New Orleans,0.0,route_Toledo → New Orleans,route
categorical__route_Toledo → Nashville,0.0,route_Toledo → Nashville,route
categorical__route_Toledo → Montgomery,0.0,route_Toledo → Montgomery,route
categorical__route_Tucson → Boston,0.0,route_Tucson → Boston,route
categorical__route_Tucson → Baltimore,0.0,route_Tucson → Baltimore,route
categorical__route_Tucson → Bakersfield,0.0,route_Tucson → Bakersfield,route
categorical__route_Tucson → Austin,0.0,route_Tucson → Austin,route
categorical__route_Tucson → Atlanta,0.0,route_Tucson → Atlanta,route
categorical__route_Tucson → Amarillo,0.0,route_Tucson → Amarillo,route
categorical__route_Bakersfield → Greensboro,0.0,route_Bakersfield → Greensboro,route
categorical__route_Tucson → Albany,0.0,route_Tucson → Albany,route
categorical__route_Toledo → Washington,0.0,route_Toledo → Washington,route
categorical__route_Toledo → Tulsa,0.0,route_Toledo → Tulsa,route
categorical__route_Toledo → Tucson,0.0,route_Toledo → Tucson,route
categorical__route_Toledo → Tampa,0.0,route_Toledo → Tampa,route
categorical__route_Toledo → Syracuse,0.0,route_Toledo → Syracuse,route
categorical__route_Toledo → St. Louis,0.0,route_Toledo → St. Louis,route
categorical__route_Tucson → Harrisburg,0.0,route_Tucson → Harrisburg,route
categorical__route_Tucson → Greensboro,0.0,route_Tucson → Greensboro,route
categorical__route_Tucson → Green Bay,0.0,route_Tucson → Green Bay,route
categorical__route_Tucson → Grand Rapids,0.0,route_Tucson → Grand Rapids,route
categorical__route_Tucson → Fresno,0.0,route_Tucson → Fresno,route
categorical__route_Tucson → Fort Wayne,0.0,route_Tucson → Fort Wayne,route
categorical__route_Tucson → Detroit,0.0,route_Tucson → Detroit,route
categorical__route_Tucson → Dayton,0.0,route_Tucson → Dayton,route
categorical__route_Tucson → Dallas,0.0,route_Tucson → Dallas,route
categorical__route_Tucson → Corpus Christi,0.0,route_Tucson → Corpus Christi,route
categorical__route_Tucson → Columbia,0.0,route_Tucson → Columbia,route
categorical__route_Tucson → Cincinnati,0.0,route_Tucson → Cincinnati,route
categorical__route_Tucson → Chattanooga,0.0,route_Tucson → Chattanooga,route
categorical__route_Tucson → Charleston,0.0,route_Tucson → Charleston,route
categorical__route_Tucson → Buffalo,0.0,route_Tucson → Buffalo,route
categorical__route_Tucson → Mobile,0.0,route_Tucson → Mobile,route
categorical__route_Tucson → Milwaukee,0.0,route_Tucson → Milwaukee,route
categorical__route_Tucson → Memphis,0.0,route_Tucson → Memphis,route
categorical__route_Tucson → Madison,0.0,route_Tucson → Madison,route
categorical__route_Tucson → Louisville,0.0,route_Tucson → Louisville,route
categorical__route_Tucson → Los Angeles,0.0,route_Tucson → Los Angeles,route
categorical__route_Tucson → Little Rock,0.0,route_Tucson → Little Rock,route
categorical__route_Tucson → Lexington,0.0,route_Tucson → Lexington,route
categorical__route_Tucson → Las Vegas,0.0,route_Tucson → Las Vegas,route
categorical__route_Tucson → Kansas City,0.0,route_Tucson → Kansas City,route
categorical__route_Tucson → Jacksonville,0.0,route_Tucson → Jacksonville,route
categorical__route_Tucson → Indianapolis,0.0,route_Tucson → Indianapolis,route
categorical__route_Albany → Corpus Christi,0.0,route_Albany → Corpus Christi,route
categorical__route_Albany → Columbia,0.0,route_Albany → Columbia,route
categorical__route_Albany → Cincinnati,0.0,route_Albany → Cincinnati,route
categorical__route_Albany → Chattanooga,0.0,route_Albany → Chattanooga,route
categorical__route_Albany → Charleston,0.0,route_Albany → Charleston,route
categorical__route_Albany → Buffalo,0.0,route_Albany → Buffalo,route
categorical__route_Albany → Boston,0.0,route_Albany → Boston,route
categorical__route_Albany → Birmingham,0.0,route_Albany → Birmingham,route
categorical__route_Albany → Baltimore,0.0,route_Albany → Baltimore,route
categorical__route_Albany → Bakersfield,0.0,route_Albany → Bakersfield,route
categorical__route_Albany → Austin,0.0,route_Albany → Austin,route
categorical__route_Albany → Atlanta,0.0,route_Albany → Atlanta,route
categorical__route_Albany → Amarillo,0.0,route_Albany → Amarillo,route
categorical__route_Albany → Albuquerque,0.0,route_Albany → Albuquerque,route
categorical__delivery_San Francisco,0.0,delivery_San Francisco,delivery
categorical__route_Tucson → Hartford,0.0,route_Tucson → Hartford,route
categorical__route_Tucson → St. Louis,0.0,route_Tucson → St. Louis,route
categorical__route_Tucson → Shreveport,0.0,route_Tucson → Shreveport,route
categorical__route_Tucson → Savannah,0.0,route_Tucson → Savannah,route
categorical__route_Tucson → San Francisco,0.0,route_Tucson → San Francisco,route
categorical__route_Tucson → San Antonio,0.0,route_Tucson → San Antonio,route
categorical__route_Tucson → Salt Lake City,0.0,route_Tucson → Salt Lake City,route
categorical__route_Tucson → Richmond,0.0,route_Tucson → Richmond,route
categorical__route_Tucson → Reno,0.0,route_Tucson → Reno,route
categorical__route_Bakersfield → Savannah,0.0,route_Bakersfield → Savannah,route
categorical__route_Tucson → Providence,0.0,route_Tucson → Providence,route
categorical__route_Tucson → Philadelphia,0.0,route_Tucson → Philadelphia,route
categorical__route_Tucson → New York,0.0,route_Tucson → New York,route
categorical__route_Tucson → New Orleans,0.0,route_Tucson → New Orleans,route
categorical__delivery_El Paso,0.0,delivery_El Paso,delivery
categorical__route_Tucson → Nashville,0.0,route_Tucson → Nashville,route
categorical__route_Tulsa → Charleston,0.0,route_Tulsa → Charleston,route
categorical__route_Tulsa → Buffalo,0.0,route_Tulsa → Buffalo,route
categorical__route_Tulsa → Boston,0.0,route_Tulsa → Boston,route
categorical__route_Tulsa → Baltimore,0.0,route_Tulsa → Baltimore,route
categorical__route_Tulsa → Bakersfield,0.0,route_Tulsa → Bakersfield,route
categorical__route_Tulsa → Austin,0.0,route_Tulsa → Austin,route
categorical__route_Tulsa → Atlanta,0.0,route_Tulsa → Atlanta,route
categorical__route_Tulsa → Amarillo,0.0,route_Tulsa → Amarillo,route
categorical__route_Tulsa → Albuquerque,0.0,route_Tulsa → Albuquerque,route
categorical__route_Tulsa → Albany,0.0,route_Tulsa → Albany,route
categorical__route_Tucson → Washington,0.0,route_Tucson → Washington,route
categorical__route_Tucson → Tulsa,0.0,route_Tucson → Tulsa,route
categorical__route_Tucson → Toledo,0.0,route_Tucson → Toledo,route
categorical__route_Tucson → Tampa,0.0,route_Tucson → Tampa,route
categorical__delivery_Austin,0.0,delivery_Austin,delivery
categorical__route_Tucson → Syracuse,0.0,route_Tucson → Syracuse,route
categorical__route_Tulsa → Hartford,0.0,route_Tulsa → Hartford,route
categorical__route_Tulsa → Harrisburg,0.0,route_Tulsa → Harrisburg,route
categorical__route_Tulsa → Greensboro,0.0,route_Tulsa → Greensboro,route
categorical__route_Tulsa → Green Bay,0.0,route_Tulsa → Green Bay,route
categorical__route_Tulsa → Grand Rapids,0.0,route_Tulsa → Grand Rapids,route
categorical__route_Tulsa → Fresno,0.0,route_Tulsa → Fresno,route
categorical__route_Tulsa → Fort Wayne,0.0,route_Tulsa → Fort Wayne,route
categorical__route_Tulsa → El Paso,0.0,route_Tulsa → El Paso,route
categorical__route_Tulsa → Detroit,0.0,route_Tulsa → Detroit,route
categorical__route_Tulsa → Dayton,0.0,route_Tulsa → Dayton,route
categorical__route_Tulsa → Dallas,0.0,route_Tulsa → Dallas,route
categorical__route_Tulsa → Corpus Christi,0.0,route_Tulsa → Corpus Christi,route
categorical__route_Tulsa → Columbia,0.0,route_Tulsa → Columbia,route
categorical__route_Tulsa → Cincinnati,0.0,route_Tulsa → Cincinnati,route
categorical__pickup_San Francisco,0.0,pickup_San Francisco,pickup
categorical__route_Tulsa → Chattanooga,0.0,route_Tulsa → Chattanooga,route
categorical__route_Tulsa → New Orleans,0.0,route_Tulsa → New Orleans,route
categorical__route_Tulsa → Nashville,0.0,route_Tulsa → Nashville,route
categorical__route_Tulsa → Montgomery,0.0,route_Tulsa → Montgomery,route
categorical__route_Tulsa → Mobile,0.0,route_Tulsa → Mobile,route
categorical__route_Tulsa → Milwaukee,0.0,route_Tulsa → Milwaukee,route
categorical__route_Tulsa → Memphis,0.0,route_Tulsa → Memphis,route
categorical__route_Tulsa → Madison,0.0,route_Tulsa → Madison,route
categorical__route_Bakersfield → San Francisco,0.0,route_Bakersfield → San Francisco,route
categorical__route_Tulsa → Louisville,0.0,route_Tulsa → Louisville,route
categorical__route_Tulsa → Los Angeles,0.0,route_Tulsa → Los Angeles,route
categorical__route_Tulsa → Little Rock,0.0,route_Tulsa → Little Rock,route
categorical__route_Tulsa → Las Vegas,0.0,route_Tulsa → Las Vegas,route
categorical__route_Tulsa → Kansas City,0.0,route_Tulsa → Kansas City,route
categorical__route_Tulsa → Jacksonville,0.0,route_Tulsa → Jacksonville,route
categorical__route_Tulsa → Indianapolis,0.0,route_Tulsa → Indianapolis,route
categorical__route_Tulsa → Tampa,0.0,route_Tulsa → Tampa,route
categorical__route_Tulsa → Syracuse,0.0,route_Tulsa → Syracuse,route
categorical__route_Tulsa → St. Louis,0.0,route_Tulsa → St. Louis,route
categorical__route_Tulsa → Shreveport,0.0,route_Tulsa → Shreveport,route
categorical__route_Tulsa → Savannah,0.0,route_Tulsa → Savannah,route
categorical__route_Tulsa → San Francisco,0.0,route_Tulsa → San Francisco,route
categorical__route_Tulsa → San Antonio,0.0,route_Tulsa → San Antonio,route
categorical__route_Tulsa → Salt Lake City,0.0,route_Tulsa → Salt Lake City,route
categorical__route_Tulsa → Richmond,0.0,route_Tulsa → Richmond,route
categorical__route_Tulsa → Reno,0.0,route_Tulsa → Reno,route
categorical__route_Tulsa → Raleigh,0.0,route_Tulsa → Raleigh,route
categorical__route_Tulsa → Providence,0.0,route_Tulsa → Providence,route
categorical__route_Tulsa → Phoenix,0.0,route_Tulsa → Phoenix,route
categorical__route_Tulsa → Philadelphia,0.0,route_Tulsa → Philadelphia,route
categorical__route_Tulsa → Oklahoma City,0.0,route_Tulsa → Oklahoma City,route
categorical__pickup_Green Bay,0.0,pickup_Green Bay,pickup
categorical__route_Tulsa → New York,0.0,route_Tulsa → New York,route
categorical__route_Washington → Charleston,0.0,route_Washington → Charleston,route
categorical__route_Washington → Buffalo,0.0,route_Washington → Buffalo,route
categorical__route_Washington → Boston,0.0,route_Washington → Boston,route
categorical__route_Washington → Birmingham,0.0,route_Washington → Birmingham,route
categorical__route_Washington → Baton Rouge,0.0,route_Washington → Baton Rouge,route
categorical__route_Washington → Baltimore,0.0,route_Washington → Baltimore,route
categorical__route_Washington → Austin,0.0,route_Washington → Austin,route
categorical__route_Washington → Atlanta,0.0,route_Washington → Atlanta,route
categorical__route_Washington → Amarillo,0.0,route_Washington → Amarillo,route
categorical__route_Washington → Albuquerque,0.0,route_Washington → Albuquerque,route
categorical__route_Washington → Albany,0.0,route_Washington → Albany,route
categorical__route_Tulsa → Washington,0.0,route_Tulsa → Washington,route
categorical__route_Tulsa → Tucson,0.0,route_Tulsa → Tucson,route
categorical__route_Tulsa → Toledo,0.0,route_Tulsa → Toledo,route
categorical__route_Washington → Indianapolis,0.0,route_Washington → Indianapolis,route
categorical__route_Washington → Oklahoma City,0.0,route_Washington → Oklahoma City,route
categorical__route_Washington → Tucson,0.0,route_Washington → Tucson,route
categorical__route_Washington → Toledo,0.0,route_Washington → Toledo,route
categorical__route_Washington → Tampa,0.0,route_Washington → Tampa,route
categorical__route_Washington → Syracuse,0.0,route_Washington → Syracuse,route
categorical__route_Washington → St. Louis,0.0,route_Washington → St. Louis,route
categorical__route_Washington → Shreveport,0.0,route_Washington → Shreveport,route
categorical__route_Washington → Savannah,0.0,route_Washington → Savannah,route
categorical__route_Washington → San Francisco,0.0,route_Washington → San Francisco,route
categorical__route_Washington → San Antonio,0.0,route_Washington → San Antonio,route
categorical__route_Washington → Salt Lake City,0.0,route_Washington → Salt Lake City,route
categorical__route_Bakersfield → San Antonio,0.0,route_Bakersfield → San Antonio,route
categorical__route_Washington → Reno,0.0,route_Washington → Reno,route
categorical__route_Washington → Raleigh,0.0,route_Washington → Raleigh,route
categorical__route_Washington → Providence,0.0,route_Washington → Providence,route
categorical__route_Washington → Jacksonville,0.0,route_Washington → Jacksonville,route
numeric__year,0.0,year,year
categorical__route_Washington → New Orleans,0.0,route_Washington → New Orleans,route
categorical__route_Washington → Nashville,0.0,route_Washington → Nashville,route
categorical__route_Washington → Montgomery,0.0,route_Washington → Montgomery,route
categorical__route_Washington → Mobile,0.0,route_Washington → Mobile,route
categorical__route_Washington → Milwaukee,0.0,route_Washington → Milwaukee,route
categorical__route_Washington → Memphis,0.0,route_Washington → Memphis,route
categorical__route_Washington → Madison,0.0,route_Washington → Madison,route
categorical__route_Bakersfield → Salt Lake City,0.0,route_Bakersfield → Salt Lake City,route
categorical__route_Washington → Louisville,0.0,route_Washington → Louisville,route
categorical__route_Washington → Los Angeles,0.0,route_Washington → Los Angeles,route
categorical__route_Washington → Little Rock,0.0,route_Washington → Little Rock,route
categorical__route_Washington → Lexington,0.0,route_Washington → Lexington,route
categorical__route_Washington → Kansas City,0.0,route_Washington → Kansas City,route
categorical__route_Washington → Phoenix,0.0,route_Washington → Phoenix,route
categorical__route_Washington → New York,0.0,route_Washington → New York,route
